property_id,price
d56159653f5d2abc5ed5acd7,597871642
45550aa81c0151f1fd9fd8fe,850402998
735deef3382aa15930482f3e,844403482
0dd49fa8bb7be52b851c6dc9,756398692
7d3220a91e78f8bc2924d1cd,872871560
d3054072b2175deec2c1f8dc,620272720
b7574b06d593fca4eac59815,638769577
79e822115c5c1a4531366001,601089770
d3ed5316a463d38c1bd321d0,871479694
2f1880c9b8f7ac2715e1236d,776488931
dcca1c7f109175760ff531c6,656569080
dfc4f3facf91bbd93ee0fa4d,450054774
30e134a6cbe61d7954d0f56b,431848770
385fee7bd9ad7722d45dd034,571004089
87199c236bf22903d1aafdd0,536791852
19e19ad0cd6b5e84d8aa970e,644308654
907f968e78d748fde69dd44f,590870365
be094e5db0f784e3aa013aae,585593957
7ab96f83915bc84f8c03c1bd,602560776
07f4aa9b9ff5b0b05d31e6c0,1011625872
e9be8cd37abed8ab510ba1f5,1119083931
5f6ad58df27b562db077b5ce,695798972
ee96d947484aaace40f9b77f,808358885
15c4aef8401208054697b81e,1402752691
22d6cb11333f2839b8112b89,1311576043
288c09c33907dadbae495c11,1102706985
f71d2bca0c5fe2720a1544c4,731132321
451744cf3ce55a98db8a3562,678521182
fba9ae05a6a8a9e0c6268a9f,548866907
1338e58f7dcebf5a1ea59388,727561430
a817e8da0ada143ac87277ee,470978335
46d8bb3e9a0ca584d3c7a317,932877078
b2506aa9463aebf01e1e00ca,595599506
7ec025b9b6e6f33bf65af41b,621546961
2ff531e27672ecd2362eed55,799267967
9b3cf0d1b91b9c6a2a887647,611112128
7db5291ce4602d9b2b266872,512312639
65d5918e826c33bb950fc008,640423255
395c34e4b8f52cbdb0522459,699600771
855f4b67d2bd6d18fd03d8e7,862865711
9ff06409b37e5b5dece4604a,581431060
0508cd7bd2c77ebb6fea1e56,565321861
b45fff2e718e54772d46a3fd,664126321
cf4d2297b73dbc357d21e31b,569140897
0ada7044c5b29925abc90879,660200302
6305f02255274ab5fb6bd39c,801302566
d9a94194ae1350512beff3e6,898992692
e3896296cb80d50d9ad3f903,943773494
6514f355887c64136edb5595,989893789
f03400cc18e12903b3ffbe5a,1022084215
4e134600155a64783b3f8c3e,803172441
d63ebc63c82fbf66d8b6ffd3,785732988
1bd64811bd59706844230198,1006167629
a83921284639eedd4a511cb6,694443080
a2f3f7a1cd573e2a33f52e2d,704254621
47344a66471fa51f61c64652,664298696
78fd849c9429091347d7e5c9,718111532
c3daf2abea55af99c9579319,639823258
52864916eb1984abca41ec66,802999702
c62494a9d7aede44f2f84023,983821080
a2b576643f7a032371587e5e,1385442376
e53bc68f0e97ccead24f3e56,632104526
fd82c710aad91bc90af490fe,692378760
d436abc2ee37ba3dd561e940,793359788
216a598114a403676011cb51,844576982
ea230d5eccd2b687888173bb,768798032
18bd0dd7580f2a7cb19a90b9,572606403
b143c8ca6d334f6a73c3f2a0,513144681
ab388cb4fa511968783bafee,612368553
6a4f08cd04d558a56af732d9,619336940
7216c895aa047c4f405c4941,515068219
a493488dcd906dc74cf8a604,815991472
7844b0b2bc65dced90a355c6,650743079
c1976383069b6b82ab29d092,831659167
e5cfd99e2308b7b73581dbdc,563685369
c18c2ea88f4ac53970b53d2c,607449660
842c9f0e4edf1e5a672ce15e,869205549
7dd1e46dcbddc6bf5ef694de,721023525
6cc4f32b39180bd1ec7e117b,693968922
79e643789a85dc4ffad49a25,1118765330
b3402a9173d289d6db78e09d,1138186546
a446507813234e358db8b573,889565404
c8ef57ddfb35061d1876f94e,804236098
360be0df2c003005e3db080e,1035730968
9ab245a4c91877cb7a8661ce,883733511
a57a34c7486e7a40e8deb316,1032408238
ceba7d0f56f6cb03538962fb,654998772
d5475993f9db58c3e4baf7a3,788502946
d37a1dda09e30da13ff5bfc3,847246134
68a8b8d077a8232723bf37e9,707124371
e1eea7716ca6490b7640717a,666862956
4ae6d75b10848d259ecba576,795744128
17afbce5c0b56732abbea936,991438125
84a2673eccd3cf3bd7fd3eb0,802836071
f2f4e6cbafe527b155707f01,1332378940
de2e3a592cda5b76c9573c5c,925194905
fac651cf404a58f24dc7d286,1562932472
e6f312a0877af26b69855a3d,1384675346
333a643c623a9bc75f3a40f2,1316956750
64593641e470908ef23b46cb,1031350927
ce9f2f0071be658ae75ca6f9,1388557763
9ab385e399a4673732b6a799,835967896
3429c774b736cefc051e2c55,563834184
a51ad0372758b2bbfe73f8fd,621279117
8c801a266256e3fbabe7e3d2,737015130
ca2f81b8fb6fda20aefb0ccb,632605488
3c1b1f86087f9b99380e387c,929291082
b0cad5d612954b8cab18101c,949283437
7eb991f4c69215377e4dac8f,848420315
0d130b8bea4321300396fa34,1245170253
8dfa059401e1dca80ae65ae1,827798504
3e3f264cd0ac7a65ed2349a2,1032639510
112dce80bf512f3f24391d23,607418712
ff25ded6333278149f8fb68f,684987856
d555b82c192794e87e9d536f,719726860
a787382d96ef9fce8f27bc70,969269506
8c3aa295f7bcfd9a43eb2037,867688637
13ac95652fb3cf6c43dafc66,583972080
42fc6a80b882c32f6264ac10,550955877
1e9c53e09220d689a0210ab9,453683602
3348706086aa3db5c92259c3,601955858
66d402a9b7d05f29282ddb00,654520951
cf88be51d6f31c10e5868ff7,441975455
30b3f38716be209a894b0942,513762955
0a5908a92d0ba3e36f54b1f3,674691244
dd206b6ea2d7f6555109ea39,779353352
c641febd8bc2ece3e4d2d8b6,718249911
c11fdc02a288af0572a2bca1,853595140
35dc60a65969b264ab283d6d,759233858
d9cb0f637cd4feaaaf8a21c0,847005961
7e8dfae9a5f1faf8afa706f7,590748499
a280fe7610c254b935c9dcfc,844954572
85524880fdc4e4daf90e96fd,744591590
f361109d06f6609c16724b39,640488516
3f6b2f0c0876c21755369cb6,801384221
de26819064a290ce78d8fcc1,647754459
91be1260a84ab7fa3521c495,1309571166
18c8dc4549d38c918af2972e,831421751
782b0fb8641849c2c34291e6,617523935
54933f8b33a4fd6f031ed5be,862323022
953176c9a901b4f61c030432,733792218
357e2add3d68167a4f3ce15e,847836632
90332d50e91925eb9b614bef,1083304803
11723d1d472bf1a3fdd8b72c,1164467171
01f8b6799e2910f7769db175,960184866
a0d5001f7dd42d7f0c91d2a9,588581270
d4439c35bcb88e1490916c67,682648200
4a73dad0ff8a5262e8b07c4b,1010761021
3dd8085a65f24b497ea59557,1111597530
39ef085809bc80e32e7b6af6,1312894878
b98ee16e8fd7d1c75a9da13c,1312987282
16deb26bf740fa61e258f545,1026269161
732a3bd457d7798e1fd892f6,682367706
1376058cb128a1c7729cd2e9,779894642
cac7e7c3e13af91bdc7107e8,984727737
9f3dfa6e1422f6aeac527c61,473424333
4dd3d1288ccb66ee4fb9c097,1175252595
15fb97d6a43731d61e95d004,857782349
dac29573163315edf99e0e7a,583839441
b93f2864087d41c3c92d43c3,766790206
cd4656aed92f5c0a0b6b7c0c,766790206
556210496090b42ac10cf1b8,1385442376
762979729fb21e56a32ed14e,1385442376
ea935b76abe664d5e2c4736f,640423255
40e9ef1e7c6749b7a8d04ea9,617719281
058265732a484ac8d5497f5c,584438457
6f52ea8340cdd283f9a79720,756243278
cafe7c1ee67458e05c84d5fb,801302566
3f45ed2f08a2b03b738fbb5e,607177527
f203b18854b75c4564d7a17d,830563590
d5333f639d11bc3ab073ed72,823118523
c14f644116669a160446a945,428942880
de585856ff546e00a5a4672e,521279241
7a80663cae7c191b5d025fa0,671445327
71f80198e68fbba902650b1a,537691648
f3523e0626df8cea803ead0f,582771387
619abd5f978b1573761be86d,571578881
17a2323b855e93533a9f09f2,549316556
38e8630f2c05ea38e2257c21,724115055
1e3798d739f85ee0e5a314ca,550918819
46d0544f411bbfb6b452858c,657018441
605e7a71eecb13b23ffca0c1,601110901
7515b37b7ae7c62f3dafbe7d,604593220
28be121ada9c9303be802474,623473798
331d54f8a1bd3dabce73d6d9,831829483
22d167639ccaace593dffa31,936539169
36cd68fc3ffab79fcaa340ab,618175788
db924733e88c361cdfab874a,1002138261
64eea2e9a13a8edfe8ac7027,812800868
97fe6eeed892111bfa20255b,1029557431
b54e6757829ac95e2076d954,789383513
dd59b8122458557041903207,734512413
b35c58fc1c05a77433025318,978087880
c41964afa164d8b75f8dbe92,699694686
96b3ea80cce599b68f96f86e,785433169
a4bc87ad4f1ad97c0a63d843,773330339
16e62269e6aa2ea052d05f71,559311603
518b37b51f824fa0fb5075d3,986737257
e083d83369cbc93fb94842a1,780835904
57deff02895d5286eda10d89,994161162
7ed35835fbe694bc237abe38,683208988
b48efa9ddf36e85164354f26,872691481
5910c9b29a1025bada93a5e1,753348151
10a650e8cb5425c97f08f68a,784170906
9e0feca2ec3043ae6f840631,887499996
35ce37bbecac6b164fa21e6c,877542457
c4955010d066e013812a85ea,816252808
d5a83c31bec18d1c3eb9af7d,526711433
70217bd08583854329722821,716620563
28e748e7aa0a447731e06706,722877365
27929c0a3e0fd2d6d2969e03,610050837
5c5ea0d8bae75e0a5c88414f,915224222
2233f50cf7b04791cf1ddeaa,669845220
bf430621f17dcaf17fb91ac7,771466363
d8dc9de06461e0220bc55906,685431335
d988975f8c4e6ee8fd8dc1e1,756304750
bab884e0f99df269805e83a4,974620438
8fa9b20af1508af7a01e2267,1123390217
b6f195d44ddbe10b78b97191,644353058
2ab0eeac4a228d5769fb4365,657636833
347a4deda03bfdde6d1c163d,684497859
17230f18b30b94606fea047d,557343282
eab4ae491bbbe7b8ab107229,957691431
07c753474a847bf2bccd55b7,1055820264
b7ce05400f0261743073e072,682578902
4a33d213841d2af537aa967a,811567046
04eb0b590ce7483c615b043b,836764387
a01a51af09a3dc387a18b58c,548070588
270b930a9e22d5016ffa4019,1178433792
5ed1320fe84a518e267ff537,1116994190
f04b574dc221473cfd616e22,638060560
6f7e390aa6135019dc5a828f,713589347
776d4a19fb3852fe6dcd3ddb,625245930
b7f164b79658952248866c34,708843620
aafeff5826516e363471e439,630733455
eba6a2b80a17a846ae560ece,481322137
90e62f8656ae504bf6175e0d,498716268
dc4331d09a1e36baaa6bde53,534142317
372d67ccb9d251e290891f0a,643276437
a7801c67a0ddd71c50ba38d3,612368553
e4d6b81f169cab8ea0244d75,630395103
cd5c6655243a4be0912bc92a,1032408238
f7a7281a19733251134364fc,982416570
a716ec25a219961fbe90f367,1332378940
8bd45966c16d4eafb49ee2a2,1203702430
baabbdaa5e8f69fc90d303c1,1322246737
8bed46960db1b2a7954ffbcb,1514240573
dbc123f9502159d660f375ca,1267488652
a4683facc81ccda10e9ae388,1388557763
3a576586fa1aac85c2ffb75b,1120655555
b1fb98d0ba25b21c6647d423,1373309826
97fa4be3ed93c37c048f507c,539646567
cf184cc576effe39c0f857b8,627884005
784f67fcb2d009d352740ed1,620656642
f4d6ce332121f814aa663fca,765480957
c87ae84ef029febca1e633e8,639570413
e876c6fd9c161861fb92ad5a,929973337
9047c4764f2c6b1a10b87e99,1523503111
234c94e9a248ae57bb5a0771,689980292
a49c2976ca4f24f3a6b622e3,492716765
ffc171cf73514bed077339a6,672578314
fba83f5feea2522888377066,606015950
1a593800d5785ecc36c25ead,1104548099
ab157c9601861dc387a91b82,768442142
f87f8003f15b0fbc12609514,601219570
f44d035ea2b15b2c69d4da50,849978090
fc815b59cce7934f816f0502,750846697
32915b77ca68000ba9eed6d8,662332570
cb083fa7ff634f424a351840,584594788
4f3c7b9bc78f882f858b3d3a,576827138
53d33316e237830ad463a26b,551192730
f5d852e25d51377686c43bc8,702416976
64731b6eaf4fd2bb6c155013,1067183177
dad7e45e4706ab2564ef9cf1,652097148
255914e9b13ad94efa6ed365,824748967
5a8950a64b4aea4ac13dad45,762441846
70f51b4abf26651111305b1b,1120327527
8919ca18fff7571002e440ec,1081561744
f776a4e0c8c82b3d29756b34,1385583557
7ea4af39a7e577ffbd600f0d,818739877
45fc0d46c7a4df7ff6976fce,761427186
7cdcecc706fc7c79cce45b20,944332058
3503f56e09e639be4762ff2d,675609413
f70ac0d227db6f5333aa821e,742479266
20db610da64f80afc1621b12,534934143
c80ef212c870e2f20ed2234a,708677802
7dc68d5cac1b7fcdab35586e,436779683
a478fb93a131fee4119bb9f9,1025860933
7749b2b534213ec7b536372b,576957746
43e59f5312e304fc21c1e052,979335338
82a7920524816f3db7f5a4ca,1087910471
1a7e331d9ff88ae5efafa8ea,1054617984
a57350d4c79a415137281cb7,531320016
f3a6132006d54d0e22a17e84,810009770
14caab87a129f51b2b70508e,626833229
ba2423d79744d763aa3744f8,939536479
1caac10c1121a795a172889b,1103131130
40768729f2697b87ed6519d1,690580644
843234d3c6c20bb60a17fbee,804720955
cd2e4dff930a1c7a1a569992,634515086
5a6eab133b7e95155f6a9012,791204496
5bba6c40aeb129c433d2c58e,861777653
ad3c644b506498127c7beef1,658451158
a379656c49f4cb1cfc5b3f03,917509874
998c1a6ace613d8a7468ba5c,803090604
dd610d7ece83bb02dcd7a22f,660211375
539467d04a2b3e78c592b11b,623550627
e40fe4ac43cabe82c03dda59,527570990
5561eab714583013b422e7d4,650809391
d9110b2b5b1c02766da9e24e,922680259
c72cf05b93b9c290c063b08b,748745947
d71cc157c0c43935989009f5,799761077
4199eaa19ddf8ac436bb2ba3,1138302531
d23d12bd86def2657038a481,982516681
ca438e13d8aa6285858da0aa,802917883
a173eb804f4bcf6bfe889417,1332514713
9b3677d498c2ccf69c756ec7,1385301210
f8c787390e4c6d2e99fc7c3d,810347774
a188aa896d1b4520ccd6b65f,784323437
9fa39c9eb4b10a20dda6c3c2,892078028
7bc9022fa1eadbd9ab39acd9,890796809
46f0731f62232b32eb733dc3,934733451
b6767d1e329ff5e28c42f632,721813259
abde4b06769fcb1d5577fa7f,621184164
1496d159d31717ce254f67a7,880574346
1470749d0d2551a93827e441,641382875
3ac517f74dbf8cdc8feadfe8,781532002
fc6616c62030a53d2aa46b12,1208901499
8497f34947cb4c0ff18a0eaa,742813057
3b2936127f5a4684a1d3de22,659498003
dab58562904cd13a93d913e1,733132856
69d1e47b6bdc57512f1838a5,799843745
23c7f9a0534a4ae6a24e38a6,866580448
640e9fe41fb79ecba89d8951,971270713
31f6a25d56f3bb36386d07ae,994055716
bfb30ae71cdca27f5a5494c6,902968686
baacf0dbd690644d74f3a929,991696290
cdcb874d2e62220d12230632,925641203
1421bdbd9cf7572b799b732c,1169845330
ee9e5adab1455d38edfcaa6e,1002026207
1fae43a9450fae02919962b9,1125065644
5f9ee280509afd55d24f39b7,912929103
82902f2082dd405ab538ff58,641212769
eae52c81f779a61f57cb5b58,788232843
4ec0aee1b202642d2739068b,770876132
f4c6c3210a3c2eb935c6d5bb,1040190264
14a14706d405569501327924,455304708
146a5a4f3d111dc7b955ce42,988998534
99bdce7cdea643b0442976f5,778191779
733c7cdfd50db77066a67140,521462777
de328410e22767c66d919423,914573789
d0116b53467b3081664fb268,869372220
dc722ea5c4d62773f9fb6bbc,644673833
e84605e3aadd50b064c8eac3,1050888932
31a3719e57ab1425e7267fad,866404869
34993717af3f861b9735df6e,940124658
543822711986a454cfd764e3,826950437
5bbc4ff9cc3ddacb39469e27,706708786
d7ced905983af0800c19b7fe,979747594
02d5bac2567ee9e19041ad42,983861673
f4897a8a0a911a2acfb8e8c7,1332718399
4ba19ab08d1fe7f72d0dd37a,734607078
b7c07f8afe037d55bddb8e41,558376416
40b20b5a3a986802d64f7675,635272176
01fb5931cb55f5308382818e,1299316026
7cd0c7174b957df1f004fc88,903106712
ca13bacbf6dc8d1b09fe4c67,897725358
0ed0dc77661be57aab63bc83,580864664
d03558acc19951a882bd568b,550696306
b8cca0d70fb46f3a31473e98,994745135
f665a58fa8eda69547c1a159,1097420473
8aa5ae4637ba83e672cd3ab9,686844801
a6da1996f66e545041d920d6,1291143878
b828609eff041a68fa243a12,834673567
3f39a260b81dd7de1dff2b31,682801989
40fd167916ff071afdc44792,1082558981
6ca31945172976c3a11732c6,994553189
1437d1f1601d26a3dca7594f,621264456
ebab054e5f256bf4e382002a,1385371792
0838d0df248d723da4e25ea9,940906233
7a134e45b9ebe710c6c6efe6,880936529
6e9c7f27d6b89c5f9696fae6,612462159
bd12c705950c46e679c34bf6,1514472037
fa2c1092f17ce021964f8953,878192396
e3202b635974f7a3367c0ff9,1138360527
49bdf0f970af03d83a57dcff,979647765
91af29fa680d8033188ffc39,952014569
cb626b981c0997d254388e76,623582397
155a8e4186d1626fdda4d0ee,833902972
d337476c2cfa780518523a6b,697846834
7c3ea8523ece273991a190da,578039529
674c02227165e1c7189c54e4,1135565482
17056748001fd65cb961b384,1083108050
f56bca5bebfc765162c8cae0,1379844704
5f4b0ec9c7452b888b33c3e8,783654062
13dbc077e552640736267a49,638507511
cb645955c851790e83e696a7,1155729174
649cca8c83352caf7442f20a,981298645
fc8836e71725949c5f3fa7f7,1333128087
4f431d80287051ca323f2c08,650842550
42defcc69fa22e4c858f3c24,1608228614
291a2f9022933c9d81311e81,1125997642
d48a061a2040d851937413aa,1087397557
55d2ad80322427ee3426dceb,916058815
8c41bfacbc1a6ab831b26fa8,1114350933
c7214222fefdd8d2ad7f8f8f,846897548
b3d9a095c9c73004643c9e78,1306824034
d49aeae19e13909e75dda2b6,1200426805
dd10dcc52d2549df85f2a8ec,869386988
6732b448d2e4f32679f235ad,802958792
f08a5c2992cfee4c0910f68c,1157918310
e3a62f080c25f404ca995e06,1373622510
7634d584c3042533942e2dc0,878955239
ae58dee872922a9c678dbfcc,993982097
5ec01e911785dbd5b49b166c,562092151
9bc12d9c9ad95064412c3413,552747480
7acdaa0cee1ee62e15f4490b,661129238
d76d5b14d0acc5295b8057e2,657755243
32f3364ac1fabdd13db1cfe5,496998262
8cab957b322f1aba06bae4ad,700174017
e3dc8b417819e9afe3fc7d0d,684349769
c71fbecd8f7310c201adbf40,890332952
54c9bffcdc46819f67e4b3d1,710460329
4d94a2295f612b96264a0db8,924737636
874f4a836cb74be301e068cd,958885162
a18925f908acda4171bfbe36,720613780
a587c7419568288d68c46feb,978721291
19994da77ce4f2db3efe6660,601974238
9c4dece6127f1f3f3bc1e0f7,524087394
09c28a830f8093802384071c,733972201
5766f7cfab59c920081e3046,524087394
964b7d9de17c1ce396fb83fd,602443390
44f77a86369d6607753adc09,824089040
7f25471be85adf0baeb8ebbc,539690383
6859481703fb0cb34c1e564d,792312157
7ba0c14dce0cb09ef5735d9f,509660365
62cd6a29e98a5b7a5ad38050,510141221
9c6d7e6260e4fe83d43706d4,728826340
5dbcb55dbba823dc31b041f6,1032744739
85abc5c0353c5b678f087824,686774817
56dd1bc39664f8e9f316851b,904472483
b23341faa7307d9d6009c6d8,571949605
2af941adae2e8dfd66542055,695303433
268f887f25d416dcd3c0c9c2,804916155
9ddc7272fe43f07035d3da63,1516715966
4002635ca8b087877ad22d5b,1038606673
b515b1caa608ff42574e5a06,669442430
710542343cece039a279dbee,768459746
187a143dbd6d4bd81d6d9c32,661817064
26db92c003c8e67d92d88aaf,1131281758
641ac8f4f60ae2b9cf6add93,740145979
784714647351cb6745c867b1,768459746
5fcf1e2ab4edf13ec844decf,818698164
2575d932e98c421bbb38b267,927094195
af9d2f5f62bf74a7fa9c74f4,649203156
4db8d529af9f718e6d81a85d,623550627
9a3368605e5f563e29182f3b,765668660
5ff696d8369101b6dc60e2ed,492576552
95ade3ab8dc04237acd6441a,530363226
607ed21e896eb5ffb50d5ead,527570990
40d9a852bbed67a6036c6d8b,646335088
97badba651a94721af5df3f0,799761077
b2f089146c30929c4836f0fb,607158839
936307e2f478c3ff7b9652e3,828902461
b6d5cb459999de084965e993,979190865
aeb66f808982c6308d891f55,680218869
cf8418c60f4e54dfa09b1e6e,968595598
1dcf71e8fbfef2c6534576df,707196429
c78b16f05ef58855da0d4f2f,574233428
19ecf1fc86396ada203c2a19,558063382
985fc7ab5aabf1831ce3d298,565772749
8aaeae6bcfcee5ad928ce28d,919328103
1a93cae134c79a43b13ce656,1138302531
ffad647e8ee35eaea6378fb6,774670165
c21a3eaa136ef8a912ce7b74,1169144186
fabe0f299a4e4bc6f51d54b9,737718955
5af99278b1091dca9b0b0332,981248650
3f0c845deec1c24472a35efd,1072481030
c10f25fd39dd36287a6cde73,1333060167
f37d31c512866b575780c4b7,1388699261
5d34f871e5a5cb3a655a0b13,650809391
95bb852a958d7b16fd676e3c,802917883
24857a7a80d5f13a52eeb054,605912848
f9796e9d13fe1becef435e54,806828878
1c2739878e452a340a4e8972,1090365547
698f3f1929a2dbbc69865b65,784811021
bc230105784ca8640e499ca2,682836778
622fdba953206a65224f2c82,555421573
6765fc17d98c08142d3d7757,615450087
6f35fcba4ffd6a58bce85892,762495058
d8654c08e95b39e3b4891cd9,689121222
33305df46dc2186c7e3f727e,1379915007
0cec193a20d720af010383b1,940954172
734efe04fa6b326ae1d072e8,625704056
69190139558b2ef3eface18d,558387508
bb084299ad23f245d7cc5b69,627849629
d4c7b3372d70b898b167b92a,774749106
4a119b1bbf04b4bd6051c5b1,1032618659
f844345b6224bc76bc3c6f91,579685663
052505ca8210e5e651fc0b63,1092166786
5731cdf8cac0b8371d786c90,1097476386
594d8d78af90086bf8cdf09c,864674744
fcaddcc78938f3a234dd2d3f,443528934
1574958978c9b5d23d9521b5,900007159
55902baa0ece72e2e8c869d6,866898212
46161effff173111bb6c3a32,1074791759
b3fcd9cbfd485e4e1da6c89c,619844608
213ddc1761cd6b018349786a,1011124045
be3b1df5f008636e14bec3fe,849833603
dd27922be5b6f730f8b4e058,569253297
cd2aeb1b2649ef421102def7,586808042
a226b4af016a772dc7e39ac8,737221074
dcef5b332fd31d0ed8d754f3,630232358
481492907baba4574d4a6f35,1138418527
10e5e54ab66b58b3f41ec381,936665217
d48866a153ea0fd23a858cd6,548262653
d273a2075d28e343a657d9de,1014206620
90a711f776d53cf654614649,874197492
f87c76eb5071c5b309e3ac3a,556990991
74df03749e60c216a3e1292f,597833799
03a84af05df0f577e09d60c1,696052937
78682041182f01ee4db04e8e,1514549200
25c76b5a1da0c2d8158b3732,773286711
af8f09175265e1546200ff86,616238977
c8d4ffb290aa9cea002e8d67,524817193
cb89ad8156c3428ac80a4db3,597893794
7602cb1e6fef087d8ee81aac,852915699
00c75d59ed4777481a50cbd3,685554336
fd36cffb856c2a14982a5fa9,738170127
06ccfa37fa6b011ac38422de,483149507
257b533b6a66b40d0f097c55,552788213
736eef4bb36681acbcc3c41b,630660666
e1a4437b17f7bec650d8cd97,791261375
ecabfcb8ce9bb47ec3089c7e,791261375
a5a46af0c9fb5c0a03855660,875925532
920b50f4355cd2674ceee068,815651909
410e5af026805ec8088f2e71,770226963
efa0c01632d13ab59f629ab1,561486046
5965d19a68a8414b0419bc68,821950126
64955a117f2d9264eb59fa82,981182030
8cd46b5c9cbd056d3712f155,784811021
65f736c3fee3d14c31a57d1f,652612357
66e9c614882d58c022de7a2c,1097476386
8c787c1e6161b18601e6d7de,539743146
29a115ba5b198689fce5f93b,473410058
de8ee990e70c8e5ad167dc89,749843658
0b65098a19c2fc1caa6577ed,1138418527
70ea0403b722a1dae1ff9b18,774749106
5c77e242474e477513b60ad8,552809374
1655a92b20740a11a5889519,584261860
1709b1446b20b21482dd2d36,802999702
e5dba7fa0cfb81488b0c331e,677757376
d09dc3a3270073e5f1cb353c,1032618659
368e740cb71b9175fe5b7b6a,1379915007
b8a8ad4c0215077d3e5aa472,901424323
1f4a78e094987ce29f054fb8,733116157
aae3a99ac764b8e9bfc562cf,984650528
a63ecc5539e8725af4128cb5,740910130
a29e18f37ded2e901181d7d2,853017178
14ead7469d05e5eacce6a575,760236827
1cbf39c44f6b0fdbf9554845,791284126
9012294b64280c565a88a1d8,808764698
dc0e9ce44b9932c6e48a9390,720427937
a4f272acb4b3b4f5fc72e99d,807227764
b0a7295da89516be1c44512e,779666461
b638b937d4f62949b9eb9fce,1021290262
cadd4a6e1075b57f7b74c63e,814016587
a88f4eeeeac5ccd1ba9b8a4e,844804336
29616bf14b5f1cd42786a91d,666004193
f03f97ca55e9a43928c18237,727015269
5fb9bd3aee2e1320dcbea448,576205347
34bcfc2f0cefad790922879e,831337035
8c9849cf3d20991e5126420b,688698633
ca7b9296080c9fc9fb232782,943758605
63a5989d0dad994a6af7734c,537691648
7d25023ecf668945c87e0666,823118523
fde3d4a4a819b1fa40530238,663176646
e3338ac993873aca45755dc8,671445327
bfeab1b12dd82efa96efac31,428942880
2d564574f0191164ff1d068b,582771387
5529d858e9c9e3e92ce8a95a,574731246
2755af908b841e9024718b3d,604906487
623df36ea9610ed5c58dbd8b,599693218
77924a3c7880310a4822e5a7,521279241
24fd0b7f75feda5db89a4127,604701687
c2b9a3b2747f32d26c8219fe,571578881
3c3c7861a9727bedf5e3cb29,833250413
822ba8fd3c7392bda84461a4,724115055
4625168852b335b223a05bb3,589012074
b732ff1637ec53286e890865,657018441
706bddaf0b87e4f076247450,684666973
917218fe1425d2c222da1ed3,549316556
7ac0428c4b7197ca14f3b86a,936539169
e828e83be8651bc2e07641e2,514004019
4d069f925100b6cad0b657b8,618175788
a50640d13126880a423521e8,831829483
45e92799de1a5334c3d2d72f,550918819
93ca9e75cbeaceee69b4f0e4,1002138261
8fc4070ce12262679c381515,812800868
63182bbbd5f94cea67de2d8b,771466363
6e163c3a0e30e7bf1e909661,1029557431
3cd016f68705e73b819cf74b,785433169
3da41d55a2b9f78c2b10c75d,784170906
0eb8f10c9d5ded1b09f60baf,716620563
330c37fb5065311564fd35a2,559311603
b849cef46f19e13d3fc9d5c5,753348151
7bc034984b19479f29886cc9,856155866
5cae4522fa829a1614739b64,887499996
bf6bd06201e60a4c98c8623d,769875895
549ebb2f616d50ca778e92cb,846043607
448ad6cf4b43298a39c7b5e6,685431335
e9a37a1a4150461126dbb6e9,561516017
1d4c50978603ef41377af057,734512413
bb71a24bc5ea4051d84ecacd,986737257
286ab2411118455780314355,526711433
045108344bf09b01b597e7ce,780835904
d714e15ab5c2d5a2503bffcb,829593208
60823c81f0b98e8a57192a9b,683208988
dfa988a524343181a0d3ead5,773330339
fe8bcbd17b16ad023a202843,872691481
69fe76202cd89637a15de1d4,722877365
e7cf67cbc08fa04be9f0a3d4,877542457
670583e7a2ec6e337429fbf9,816252808
796935018bf2b241646a2dae,699694686
5f5856dd16c0e5131835e650,610050837
ea2e380226005bb55c724ce1,994161162
f40defb11ff73ba4e3db7611,966028607
a4b2dd2771f49951c027eef2,978087880
a949ede7227c8f8587715029,756304750
83f402857435d4fadb27fa36,974620438
36ab522893b5f01caea4cd0d,1123390217
8e4875b7ecd0898571f0b1ae,673402381
7ef3f8bfd0368696369ac957,536614424
73ec13a5687c542137eb9a41,588514124
6334eb4a37d102ee00c6e2a1,650072751
fab91f0b03598c943fa425dd,717966249
c57c3c7edd591e16c0b7c1f6,727905684
03aea1b6ff072f117ec733af,639385151
91b57e8d6c41b7afe949bcba,658602059
ebbc5fdad817b304af3585c4,637989671
0232a50c9afca03cbf4277c8,788062622
05b12b1916e51a804419c654,643717706
95c9cee9b36fd1d68f647aa5,819556437
3d31144a77cb51647f3deb02,788270891
ea87e3259c2b0d6263d39a2f,740557487
61f634438de4a10a861f42c0,745627586
c3ca43d0474dea2f2dfb9791,691509156
a13a3638569b89ddf1260470,534208794
124959d1429de095473bf5a0,1001370307
4d85bbc09ae56cd85a8f87c6,766285237
2c13f29a8b9ac9b464e3a582,765287370
70215712bdd8ae7585520550,641298036
3352469ca509e8ca652fad1a,570343344
893caa7433c200e0d43e9f27,1121493837
767cb14f03c909c595c2a731,557563551
11433baf7716402e8c58bd33,959653688
e07ca567b0678126a1aec803,864370219
b2286067a73bc0049328b55b,556869456
c85d56080167254c7bc19303,856187367
5b9ef8d6defdaf13dccc5ae9,875976864
f7972b1936c6d9e95d3f632b,1144670650
defd03ae7d0c0a44baf80abd,754805447
6fffb7958a58a73b0e16f2b2,1046156971
5d86a1db39e324770ae58efa,575773456
c56163e390d9e5a7a76e77be,586728387
fd5ba2795eb7b5fe338d6b4e,725519914
24d6d85cd0e2dc3deb2db896,859146093
feea3a2bd9f643219de51c46,882624650
055d7c66464d7e327711b497,1043620158
046aaa4162cd410e92b216d0,605422075
b6bf2760cfa26cb28fc989fa,807892108
3a6262eed8967d695182e435,963618013
cf3665f24927de548639ee4d,725340947
4c243fc50d5511a1288bdc0f,684223959
d753227b5c685e93b378baea,581743563
149e49c22fa0eb163a36c932,801186994
8baa01b8c6d29c82a6108cb8,947455339
2d437a09b860d9d46644ea23,771393163
66bd80fd26836fd426be5733,834838484
a30e69524af9c1bddbc5de34,549656738
fcc96840d952d32a7300366c,797048225
659bccaa707b94f303610225,552650758
df1c66d8dfb9520c6818a32b,721463474
dd1dacc0c90022e5b40849bf,544390789
1a06bfdfaa9d9ac754ad07bb,714755461
a0ecc8ce0592a40959bd755f,707595536
739c2b9be0941e4c126d2f3a,1218415725
d723eb2516802250027312b4,813393248
04cc75f46642efb1192f1875,524670540
9f37bcaa95fb0044aeef6075,484249336
7be8abb5d23794ac47ceda32,749840185
c06c737cc0cef7fafa3fc4c5,486788451
48e71c45f41778f8dca24cf5,582496062
b41f7c1cb9cfbd188f8e0233,959159264
32ce96d8adc8e549b90b4a8b,787643320
c6bb4ca5a0c839d38dd8ce19,926905277
1d91edf33a141fa2181abc4b,744509939
aba4e24dcc6998e5020731c8,787643320
00af33cff3ff7c6927306df4,665309841
6d2328def08bae481705e20c,770903473
7815163b8e4a54843d121dc1,769565038
c9f92088dbdc0d81412968dd,822156861
8e1bd01ce4b7910d42f59be4,649544269
5fd89a857727753eae6632f3,1017373198
332e395d4ce62523a2e3208e,668774232
4fc89ee51cb0e1b9d6459819,1042341833
2571fe181b6ab939eac19d2d,1038973832
af98a0e223a825cbab78ae49,924381447
ae187fea3c46c3fbee7e6e8f,1111326250
c681519ec1ee1a28f6a3607b,1160652611
bebcca3e75e747b5a01f5485,994234172
0842a0730545c623043b1d8e,946928213
973afa2d67c20297aa108bda,924951475
64a9f0bf04f1c890cc6e31eb,1282392948
9e92b27f554068b7dfb640cd,805591190
57b7aff18c444fa3c577b079,829946027
6b23f191d2ccbebf9166926c,828803789
b80c961aeb98d24d968c71d3,1685019360
064c1cd5e94efdf8c7262fec,684965283
723078b6cbdf02c88286c596,1139790195
e239ff5eaaebb287beaf76fa,1117985493
b3b30d8b869eaad2382c5447,1867839382
3f295e6c14e23cff1468bf82,670196177
be78bb0e06d5768ac1908247,604479700
4daf52564456895ca7f4429c,527200580
c832701653f1e7f01913660f,935575122
82433a009defc21498037127,724081722
b53d3d578b1d7d9e00c8a00d,606865672
36fab4c38cdd91de650e6abd,894753563
bed932e11a599f7cd4bfa31a,986664022
1d9addd835c9fe8665e01500,609666121
d8216aa4e029c0d3d646efbc,923737781
c1b0ddd3c104ec4482d5025b,557275501
bd0f754b0fd9b7af284419b2,768325894
01e907d7672006fa2bba8b0f,574208707
7ad046b20064565644ebfaca,538396546
1ac2b23683ba89e9175d1b99,869678693
ab4c55e78eb83d80c153f50e,535460507
2ad54bda875fcf8c6b675bf5,627669405
07e76c765d1137cdd7c2ff53,481390904
5531b9663c5a37a2bdd97e9a,849734118
c740655aea4eab7066446c42,662637541
3b6c37e7e6ff1c03ee4fe995,723040873
1b5d3ddc71634099fa1f04a8,623333524
1ad916edbe6fd38f40289a04,985939752
a1368aa4d3ae850bbfd90bca,1030999950
0f728f676325ece6a001b4d5,610888175
0f98c4e431100aa87e6fa6af,613492319
91a08474a18644c43224c62b,606190497
185dd9366a6dd1e820880917,804229005
e364018f4d994cd15d4af374,1057720749
77348acef84ef77f6a076268,649180695
7f8f506137780f4cf12e73b6,747321289
809082a38e6fc3faa66845b9,977193015
2072a783a44474cd0dd10d7d,726706610
b71905255273cbb0af1290a9,739649104
c7d5f021595b58c507f47d3b,660930228
65ba1feafecd7efdcf214ed2,866303000
72eb64cd02ad2a54b65083eb,1109981044
35d79b2ac92083bc439124ac,794860474
2f7d36523df4a5eee3edbe05,753343733
b0d20a04106ebb87e2cdea37,1162528585
43650eb8b70dfa256ca64979,818739877
311fa1bf3c405f9bed13b38a,844954572
d12dc721a59af021e8ac68e5,844954572
36f9a0ea831710344f468bba,844954572
1eacbf36422a54f1327fa291,844954572
9567966987eb1d3117677cc5,606068516
e5bc85e227ed7dabfccbd005,844954572
d1f39f86c82916524273bada,649726374
deeb837c2c6bcbd01930431d,625423260
57aa22792684debb8d4079dc,601219570
5b0530f544da162b9a8ff772,606036343
b7d66c5f1ad06dfcae5b33ff,539798147
bc353a421fc579770e432176,662332570
45ae1e929b0fc88718151191,724793862
b04449c499843cf46ccb695e,798441217
e4d89c9d33a0f2659df21185,543560739
b2a7a8ccbbec39b63e4cd028,527334899
3be69554b1cb31ed5732a836,639010748
de7f584df6103e8bf95f4a37,601259781
0f4de499e5bd2c57fcc75013,640488516
b4fd0aa09f993bbfb1fa8abf,524220919
88a83e58eaf136a82ab1fe37,541833313
379429ee3675d1adbf816cc5,677348374
c6084b85c8d95e0ededc25d1,803254287
8eae4346936f8c6c67be81ba,582239872
a13fc9e9b4e47340a5d53bcb,650427092
7b8a4d701066372dfbdffbec,576707248
a62a6094ffed3ea7a54fee73,561674828
bf0ad098fbccd3548d834ff1,524220919
0a231779f131c36d8e6910f4,714521550
51ba7338f5900d8ef12206fe,621310772
81b14dbf863114fdddb38579,623395268
adaa406ec9ac311e9f9c0bbe,704787650
4cb11f32806c0e07b4251984,510465646
3fee486268a1451a7b9fff7c,724511486
5666f3c36f0ce4eab2c39299,726148035
8a8dff62516671aee2250cb0,881160600
ee4fc6a146e888e993a4412a,837113920
5a16b30f4d580352710e92f1,897037784
424bb491c71e913e900db76f,771548874
100bdfc998bbde3d00548bdb,1018894219
d793efed9a723e77ca8272f8,934646811
725c029b7c5807a4b0ba2bc9,831421751
b6d3345346f43dba053ceccc,826992570
888bc3c4ceaa108e048ad28d,895518191
267e000c89d3416e551462c2,902783642
0ab4a4b8adda35f634812221,959403635
823ed628bddea9b56792d108,801384221
a189bd7e4eecdd18ebc7d353,1036047632
da16828139a19aa11bd94ffe,807310023
874102a58234cc7888902d42,683322028
789e5d19fa507823cc4c5296,768247850
174bcb77be3b7e408e61d7e1,781542244
31a1492e589f317a58a79df7,912975617
0825f2ca4baf5b34231ecfd2,937192146
ebc96ea800887a647422b8fe,957649871
969b956eb7769b6f509d3ee6,903152726
6ef9135481d8fc882a1a735f,841992112
5f501c4532ade3f412359a1c,1086364540
c6d075772255b1efa52317ac,934486654
535bdffc5b79d62aa6179c48,983911801
e95653d504208e8da19fdd03,807310023
e4e529e778dbc89f854252f1,767532869
ec5866fcdb9afffad2d7f5c6,942854461
814694a725a50c306d774342,869650593
1cd6531d8539468cd5f4b315,1041366730
0c3e734afaa6b7c370754082,897037784
f80eace37237614562f942aa,834102103
3aee70815bcf6effcf0e5fdf,831421751
ea21ddfa37d60737492509cf,604179973
67c78ce1b8a64f36ddf90cf6,941050058
fd2efcb61008dc9d11756381,1170083763
f51658b9fea670bd943d6db7,1010761021
b83b0a53ead29faf9dffc0fe,1072452752
c1329245f57c5d9019105382,965452532
98665b825fb3a06b914d39cf,1121440935
24e90a7d9a2bd0c30a4f661e,982716934
6e64677f8d730e1f9ca240d2,706030740
a742819d8e4cf8fdfda6e094,1066742582
ed75d1c40109eeb51fd636f1,744967748
cfc2ab56604b4e3734d7cbbe,803081531
ed5622c308bfd10602e939ca,886293573
5f537d233678443192d22642,1268046642
aaa79ce67339dc53b4f41dd2,1050942475
5f467c6c80023b0174823d85,878689397
46fcc0d53b263beae95b8eb9,1164467171
2bd47c19e5d29a3157fb8465,1385583557
9c9c2f05352c92c02d080e96,1496937799
cf8fb8db6f74c236cad0cfcd,1301229043
f42a53a05dc90e617e0e4c38,597476462
bd612d494e2f21051556ebe7,847188918
ed1c8ac25a3db5120c92525f,552869323
2c30c2736472590fe45277c3,660918498
bbe2c06e6f90c4234a7781ab,816914879
b527813993b7bf4a10c05683,971060835
2f610d2242d583654337d468,1492348004
dc25c9240c67effcf655b02d,616226945
c35f5ef73168d03cba1b1f4f,786846581
e88009be52bf5803ba3665d3,595460830
12a63d4fcb56c1d690e1bbb1,856702086
1d58ad85a82f7731e0f198dc,1272612374
a2fdc7da13d098cfeba13b76,640505855
1969ba34b72e61337246cb5b,563587186
8be43cd8653accbb8fe8a270,726414026
10092cf2f8afb3658ae475ac,693392402
0fd313e5a0f02df07eb6b104,612368553
9b5f013e795f5fa610d03238,607449660
b1ec4b8badc955f9f4fe2131,650743079
e491adef93281c097ab08dea,793568346
9a65fe451b30c59beb3d62ef,800450627
0d3245463127143a8a52014b,1137299066
a0e3198470f97f6a169044b3,1032692124
33e4901b6e72593513a02207,710455943
f45234a3f0aceb12341be024,830715660
a71d53ec4fd0d64f8c06da2c,802836071
f1b30c4ea99f19a81d12f73b,1332924338
a52e2c893f85b49e2499cbab,726402327
b2fd7ee866066f3ae0dfb3c0,928998494
5acc9d767e3117bed0fd8464,774591232
0449a82dd1667c8c564904f8,883884929
a0a8d63b5f43b87c0c7e1fb1,785736289
03de77e22e987fc3fed4eb78,827686761
3fed1dd17fcfbd2b86e73143,604602903
04fe204d03bd1c9876242ccd,975191402
32bdf33933c29b1cbf89539c,912929103
3f6c05c97778fbdc86304bf4,927031771
478e13e8c1cb5bc80f1080e0,784851008
3128a4896665d38feb72b456,774788580
fba6203abad5f4b3b721f29e,767228885
b25f461b3d48d833a73316a9,1050888932
1282e129e1a355b161621dd8,753275107
293320b55fad21ea3f4a5899,459677946
de2f5db1cd1024a9734871c3,597883464
200897b1f8bcd7c116a85306,551619101
7023f5a68e1ce9cfd23fd021,647652292
13faa4142e9d60412abb4184,687491766
d74d0241fe5222f5c5b67222,738498919
0e51111c47813a0b0dd51b64,665116700
25e3793214088669aaaa4ca5,917808822
43d7b77a99e86e8bd21a19ff,935517304
38b87cf007043b76670207d8,1117207526
8fedbf13ebb7cd3475fa3074,935035798
4be510fa977b93e34a789f26,677313864
8f165174bc07c28f9fddeee3,1125959977
7ff6f389e364e67c4238df8a,603940698
2c91099736f3158f7f09778f,577378835
7bb1bc81e6eb3b4390440165,825947680
74e43ea3081841278c76cda6,610252822
9b948f070b94c18e00a857a7,781189572
99340b6cf8f818392d501e9e,1358053650
b27088c3ccd93e7d8d5571c2,770137355
4b45cba0d601f29c2b7db97a,785773021
362212de783981c9ddb767bb,820114839
5aa78a2bc8ec5e2be315fbcc,898677585
92fecc04105a999a622ba3cd,584612635
5098115b26f2473c812b70ed,676186413
e9860f6b4c3e6699e62f6c31,612038882
71273ae563da6bbc66aa87af,616165542
6c6e7af42a6ddf62b04c35fe,563375367
484922bbe02cb218ced0e779,459343362
76745c2648b66151008f6399,616279124
2100201e0851e80488371b67,502255331
5885faa4aac834118c5e4351,707804683
f340405bd7f2c4bf524c50d9,669759670
1951c1c8855fed5db8031e5c,726882108
7dd96ddad0fa88f5c5978e39,789974531
db7535339826028d0fb3355a,709501486
4317746d5b88142780e6897c,821484804
5796e37eb1a995db5cc06eea,596960842
817915cc3582112fb5541a49,840205457
ba524c4e2f13109ce814ea38,764252397
c2439ab65fe194d1d60eaa07,935058133
92e4dcc5911b42e7f70311d7,638562541
6bf86a580c8b510b7447071a,933769814
975482a692bb98df98b2f243,584040466
336888717766096b24215b26,999566926
ad79f4fa23a28cc84487517a,884155864
d925c1d4dcb68990c7204b33,815549111
f4658aee77fa0e35a71da7f1,662911656
210d58091ea74bb902915250,563062082
186d4731b3af01bbe4d08b23,577181626
b760fde2d4df27a168ce0e80,792769981
2e653d2567a47067df169d97,1149358007
8b63358f3cdf8df0eb1f43e2,901163824
c09d691e4c7d7b8c8f6a8370,1053542825
4502e2809bb5bd47b2781212,705277539
d03101c7f823dd7d17e49a83,825055372
f5dbd7dcf63b08f711561e58,861654107
9855712ed7be7e865656de13,1176678248
5a6397b85f45fba27dd9311f,988478055
4d1b0315b5aaf21bac150d96,778749467
32c7a2d032ee21f8bbc6eccf,705188923
beae197df95b84881128790d,894185391
0cf7a6d43221664a060ef681,727539331
c431fd6dbad57351a497fae8,615776484
b1f8fdc8e3e25517ab80c065,512054972
7b346d5a5f5ec7165d1f8644,511997658
947ba86487536d611f548142,1038606673
8398ba3b03595704b5897704,607705095
3f895518a7fccca44e534578,793568346
232e859fc353dbff75c97cf8,830715660
b234ef225690d57e7c2af4c0,1032692124
393e2e7ea1f20eb6b4148d60,686739827
668db5244c4d5b5c76b0b395,804875147
646de9441934226c2ffeff77,774591232
de53880a3299626eb6c2cdf9,1332924338
07f10df13b244dc33b464582,981148668
e4aa393309860fd5e30f49d9,1516638693
8c714badfcdef8ccc73df9cb,1120655555
0f8ded86be8d3543a5069b6f,825281360
3e9d73530ff24d3f4a543091,743971961
076ceb408227ab2563a663d0,540588392
e0ae474a5307ef4057da4994,647929362
d41fc79d800458b1691bbb87,896200504
dc8262e1493ed593103acfa6,556462747
bd6c24498bf413b6c5adf81a,578365056
885c77c839d705ca7d04d383,824058195
b8896656cf6f5dd7c33ae46c,640387872
34a9e3ca94ac06347d879942,979597854
ca3b5cd3505049f1471c47e8,828548807
8c05c66be6008af7f6dcc10b,1021195664
565fb93190cd34ac8b01f01b,1021195664
6c8119e00b901efd2dd40f0b,690558781
34c92caf68dd0cec9fc383ef,1040315229
68939c438c34e79a317a4f3b,972363145
dfaba547699e319462abfd6d,661698709
dd1d2e305d37d9dde55393b0,908639826
c32df77def9978a84f8ba7f1,726476349
62103a85a8ddcfbf5e40e284,1137414960
93bcdd2a8ee1d5b61d00d58a,804957166
9700892d7133ff2c0d1763e7,1379774404
fca6d7455056792cd61e2ddf,640892044
4e84c5953b493be7ca96103a,794828998
42fc4101da60fdb41f41f0a4,1037843156
12d40725335f83e2fb9b937a,655506979
2b9681901b216f2174af0089,899406104
9ab74e81283becc00a779172,648669785
8f378dc1215f9213f187c02c,665930797
4a3a6698b5490216e8f8e6f5,1269631120
0dd795526c080e8efdf8eb0e,653347719
3e7217f628a1d0fc9bc47071,1041260623
157195fb2358bf2d5051c439,641671892
37063e689732880621e4e733,1127586272
3bc68bc2d6a2b81f9e3b9a50,851634115
ce21f368495d385fbd98de73,548138726
1a6af7fd6a5b0602052c4c27,640294319
e38259adbfd953bf085a69b6,1090501851
0cb6801c9b57e874102ca349,419024911
79f1a5bc0be914956d632658,828155306
f571f85be35a72b2ac358d27,673019310
163bec92a997aa8263f5a909,629875333
9ce3000cd80aeec2c5188e8e,514118641
6a6178c4cae2e92a08b0dd0d,595521509
d52cd6eee468311666218625,717611595
8eccd2a6352c33d8c7abcea7,843083556
53d3e32b1dc782308e352a33,906919668
be26f0523e5cb13846539384,561587857
ad7739088e8febc68abb42e5,986617604
add4f9dd26fa34829aa25eaf,962668859
17005d6ec889a947397ab980,627919981
3fb3a581a9a74146dcf9b71f,525271780
51c4a8b438bb0d97f712af31,885997425
0aa1332c56bf357f492da2c0,597741240
6cc06c89c226a062fc46795a,615811920
682b38de3539b2a584446922,580848093
1cfe9cba4c2015e7b58f05a0,806271526
17d34f9cb105ca5010191142,728612257
1fc0faf46f3b533f2cae2c06,1095901043
12f9e1f78c630defe302f781,773344746
87bd6ee6f17d2bd5b61b0ddf,1203603355
fd4ce3ddaf79d1b97043ce0b,1514703537
97aacb0847561f45a5540f21,686949791
a6dac56445613d70e49647e5,973127965
8b1acd29eb268fd684036180,688438290
656c13ca7a1974df58e1b826,1301229043
56f72c2d672b7bc3c264f7fd,878698492
3771c66b9ecd6db0b201d4c4,650055715
45e2395bee937c187e3486e2,825292675
7c6880b05c212c66b8961b71,543366917
e0ae8d2a51c771aef5f245e9,850644253
3573093e56e95a982a41879c,1030985869
0920b2df9df4f0e509a7efb5,650281449
43600371d44fbbc81f6b6fa3,619031804
2684f67bcc89c8a5b95e5592,597875932
ca463fbe3e5cacc152aa70a6,650055715
0935e87627068206f6d9c0c4,723751347
10afe23f1f58f96422c97934,543412849
f3c8cf1fbbd6cced1fba0930,553684945
abfda926d174a8da1d946e27,765273171
fc9fb2f209a4b5e66f89712b,686704840
15d10635d71919d0c9663fde,778440622
79733fdf8881b0d25412abcd,927709595
7254c91fc9b51e76c6fd2a99,1072477999
b732021729ecf88d6297b48c,858922287
edf4e11d1f1aa6f8080c3156,704147033
0706ce398b2bd64913e68d39,924372693
ea4a797b3d73d1b2cba9d651,1374909940
6c598362e322971968739673,547727426
130a119701171ed3c439c527,474267154
849c918d78991c57f32f2031,669003918
036fc9e01b2b1e3ef4574372,1187769273
e4ee1a81aa121aa5f55e20f3,652805064
de926223fe4296d96466c685,1267454464
340ae520163a220061bd7f28,677711878
11e36a3effeb0119b8bded5b,912882591
2492a7a74edb57f784f6361c,668535649
1900e7808046a5fe89d8e440,869327928
fba35c04cfb7b6db50cbb57b,921486040
daff79365fd94d1d3a2bbbd3,596582680
51230c899cea0054bb74cc44,520100735
5e04875f99a5e4476c0b4186,480756611
542db19bc6b9a1366715dd7e,835947568
a117f625c794b7d52ec67cd4,951835170
4c59acda820b7b75823fa277,674412546
f040a167241599987e7b0967,638136138
4a016eba4744dd01954f137f,460747083
0d995f0ad226dd21bc96ff6b,614653295
3d44c742b1aa4c022a968ea2,544781169
e47aa2541fb576b9915fd625,628174020
61fe9ea90c8a777971db8384,789037339
4a611bd82c9216a3771ca7b6,852649255
0cc5caa9b48a835c92da7653,736220018
9a7f24ba55c92696d377bcb8,1041693130
32366fe92222b329e3d03b29,606272736
aa26461420614755c2a52db2,769201785
53a447ad5e011909080c0ecb,1492271972
9d790c8c474c9de2afeb00a2,588369027
dbf200ef5f1e15211e2fc6d3,785466999
b96c9e2591a4cdf9c4e0c09d,589574629
78eb6f51d94a61a967da24f4,770536683
fb338e93dda9159476b8382c,583460767
72536bfda19f78d370d95f26,895836660
7c581e2b9daf20131803eed3,616952668
50cb0ad562ab5ef4e06f84ed,838855431
a24901956dac4ee0e4b0c91f,1091758702
c1b386f478152f9be1f546ea,672982069
1f34129d15f992a3b62d4b21,638773429
299117d35bcdd48afa4c2eb0,672409677
4ff6c53c0bcfd1d24bac7ad5,769240976
2e52008bd11000eb776bd80a,1369303636
56b78bb57b2d1f064c47891f,684035673
ef64a8989a6444cc529dd1cb,817672653
078f7c6532204fe046b13d14,726705578
28c0649dd8b294574a876e95,1206195831
6b9b9d28723c7ad176a9306e,959176623
a640228932682c0c04538ac3,859925330
b19efe9cbc26d61daff5ae90,528739743
dc69d70e4d2713fcdfd93dd9,726705578
358e85ba765ddde3ac31be33,612462159
5e6b2661bb7ba0ce4776d483,647962374
0b6dcb5c1952dcea931e2c20,641320230
cde84d2435eb1d0d4ffe2a43,686844801
bac550d41b2cbdc6a110ec7c,616716973
78fbb49efe7dc0d8e144ad83,979328448
606affed5c707249158c4b49,977994186
d44778d36fc789f8b8c745b4,1125520288
27ee3504d1df34ee8ae5dbb2,881361870
60bae7a45a084f117eda823d,912206356
98aee6a36f208227a992f9b6,1082558981
388a6dbda422f886e503e685,1516870524
2869a2d2689af65497775b1a,1125846102
19993833220392781bc15279,994553189
f0efda3f7fb18af1b44d6aa5,1137472912
cb915d1ef92dff803c5cceae,1388770016
4bf02d040efe5358d4a5940a,1141638984
1382140d8fb634851d4d210e,1380193227
b8ea07763f2e1a3d635eb23c,597057993
8ec00d454698c119085cbee7,719995403
30d5185ca2ac2fcda2bcb79c,728864333
d0ea7bcd8cef8588ca50c778,664620874
fe6c19c6f54606a611d412c8,470089442
f22ae3d17c92427f5227cbf7,462134720
92b3b7d8dac6b2f6d5fcfd9a,647895370
8c44d216517f5c59e2611aac,602378219
b85fa4bc59149a7a25447537,548674780
99f10097f39b32a478877340,782198548
44f8d5ab70828e06198579f3,1021143636
1f674965c913f9fe282d07cd,572855416
60e768892afb284b0e5042bb,743281560
8a6d013451e46411d35c2b6a,635024467
6f953b9964d60f6a74c81226,595788634
05076b448cfbf9dede72904a,894431631
47051c25acf866250b5d3ec4,833756813
0952c73b02dd5432aebdf2c1,546059119
cc3ef2f4fd5568aea96c257e,704301696
834fe4a1e9e4efeefb5aba08,630689120
104cd052884247b14d697673,655215016
8bf61f106e60d6be03799de7,914723170
c13e387f56342f88c993f0a2,790247961
ae664789baac0c47d13c3c19,825644411
ecd1e3003c5d74a3c7cbdb11,835057418
561cf254aba002fdef8258ff,991918137
98799228c26c9e4899bed65e,911593820
03025756be203027ab75aaae,970631564
8997555e7bea06f7b90ce821,852207539
e91a3f962129068a3a76d209,664950203
4bd0a354d75759510ab6bb46,696328229
f6c1705a83c039f7a7d46255,491593459
0c4afcff5f5a90cb79807682,817970102
d3222a7545e302bf10894658,774547295
03463535ae93b8b123eaba8b,661428771
360e5cc9ee1282e5a6ea17dc,707770204
07f24808e42c9e11a7c20232,680954729
b80d0456fba49a40fd774e5d,1057504674
f865411c20924c43a080794a,951373369
c578eb2dffe903475aecbffa,606070947
d639498fabe1db1236656593,887947945
e6e3bcae6ba114caf108049f,665899889
7dd9760286606c45e6a15926,515506096
2c5f07a9402cc93f4c683759,958856660
e3295e732bcf306a2d338387,495130297
240ccc45a242f80f817b04d9,783387969
a7ff59863f8719590146e71c,717261949
e6477c2014ad081d22f12b9d,511487186
807687fdb46614d9aa139b20,610368191
317d8f9d18599b346639a4d1,687606830
b85acd44e18ab485d3ac543e,609021606
e61476e47d7e7be706d23fee,691062728
270a97e07eec2be02cd89a86,690967789
4c9dc4494a3428435457f575,593021915
26e58d0b13e7f7f5a54585d2,825603555
166e1e60acca831bfad07736,832637866
aa25d9f8737f142b8cfa970b,943131852
44cdcca08e1e66a1496fac6a,576385657
d75b7730e8c291ed41d7caf1,1014898753
6d1534800bf0ce97197efb6f,994274893
8b13054b3318289aac1f13db,442078733
c6cb6ccd3f5876c9b9e29685,619970833
0356797c1683d002bcd94899,875273058
558cb38bcb8de04588bdfa30,758358288
0685f2225b939147c8482e6f,638834669
cf1ba56710023ede80a8381e,869800196
2d4bd56e71f90e6fb387a2b4,1552318152
b96b8e1d636f0c10c63e5c6e,786232289
534be635a841fe21c7a702f2,689787866
dd5b4eb5d20b8b9c813ba52b,450450616
46941e09b153ec19f86c0c2a,1288344735
9f06ad3793ede2ba7f39de43,723677836
b3df8c66475021fc04f107a6,775089845
468df200fa490e667bfaa31d,711207353
8130ab67c5e0d96a9a67fb12,788687846
f7ea437311c0d217b0d572b2,523204705
ca0b59b35225b44447967ef8,399273063
90961073d9887bc1023315a0,531269319
a1421c30fb33a249bcd54394,510441387
c87d9677bed80b0fe06308b7,503526229
d331a4d58875a393080fdc48,500870553
2f3281ef06475d2114fbf9a7,583646263
487ede1f7f155194b69c531a,572198971
04308f869d7c992ed3ea646a,692099753
912471caea3c71e3f9f70877,650809391
1baabd705f72393167dba5c8,680912318
aa4c66791884ea2a8357924a,527570990
1ce08c19161bd0545eef8a16,605912848
01eb0a2c1033c30830161321,709571586
b2759de47d28e8cc05c94e36,656267624
bcdea05b890394a10d24601c,536502247
db9f66f68aa772fe29e37edc,656252791
bd094081331ab259b1076261,574233428
81e7c8c1894e0c3a9315ff27,606198574
7cc9cdd32c209a62908a18ad,742747473
1e18024ab7d931bc7ab5873f,676454780
baa146a6537e8630180fdd35,573598427
8b788f742021f2438ffbf528,496060759
66d41314804d77ea0f440695,621184164
72dec1e6e65f6117e10a2473,667708092
4066da904062a0041a809b02,656413207
b7570bfc5ddc7caaf610908d,656564306
f6c6eb3fac9658c4951c4222,656564306
5fe25ab9cf4ea071cd6287dd,677843157
0ef36d33e6c378c946b8a65e,742730845
991a94dd1e99de493672da14,656549608
798d87a368f073efafead25b,742730845
9e8cbeb53820394a460f0879,656413207
7b5582907bf47bb9e873a513,512477679
0f21ea53a480e4363b8d7aa9,834631042
ee667413d1cc49427ad448f9,733132856
12bb70a95996dc6e286086ed,732437200
9e9e3655ffa5921889cd8ae1,680057869
f2bfe55b6188070fc5c3f59e,865651106
1f00fb18ad48b32c666fd319,732265066
86f15ce6ea8e97837e6b9383,1188768363
7002d00c9acf8b8a4a5865b6,1356914181
3e85deb0237521f1a7a8fa84,982516681
1bf77cd1c4037f4d2ed28036,1063443611
ce8e1e2e4a79fa55a8547457,1332514713
73a8efbc036911954c07b91c,802917883
9a2051367d6dcbd90a4d60e0,806828878
3804d5b313b742228ef0f1d8,1072234213
fd7b741b96080ca5b964cac4,1111360835
c4cf9ab3776289a412684892,698165876
1c51566c7dedd4a46503131d,992047893
62259b400be228a30a655a59,1169845330
e5092b4a94f1c231a0c47680,1385301210
6f435cb10e5728ef45be9f29,1085295609
04a071d777e60627223e28d4,501272402
1117078fa37ed101e9120923,677779374
d56fda10944b088d9cbe1162,562621320
e01c49250329331a442615d6,508314358
30ab0bbf876dfa515b266c9f,586546097
6aaefcb58913bb3f49954b2d,1186456483
629a6122db92e378f0eab96e,822489879
a8549fa4bb56a2bcc0e15b11,500044913
34291b30d129222905ffdaba,638978191
cd5658fc146ae4b5d78fb565,591710570
ce14bec246191176c16c4e27,680045313
46529f0455fd35b2f4a489d0,567078418
52b3823c59546a6ff3de4d09,476602208
959b7ea50d93bf1c36e35005,884619242
5c6edbdf110bca5a66a51585,500044913
d4f6cc3cc6e923cd37d0fbb7,588548133
2865962bdff8929888a51341,881115707
105bcd15e02d39f70ec2ecb7,778699029
b2357bf117ecb5b9082871ca,476602208
273cb73a7bdec0d291e845f1,562557587
1f4cd62152d4940990ac6a9d,491544094
a13ff325f90eb49363f59052,881801058
40871d7ade3e592560d0b3e3,677313864
ad2081cd75928b8f5e506944,1167318848
1508ebe40f90f90a68f6dd69,562511562
d3cda82d1fa53a7ca1b46a33,801283770
dc20d46be2470d85ad9e7e45,670861827
0a7fb26822c2ca556f62a257,591710570
40a1cefb3cbb7e2972e30d97,458609249
4c3a2b3e3d5999f747ae0d53,731422807
a8870552db951bc4e76e7f9a,519417805
cc48e66185c23195cf958612,640422584
09d4b5b5c2f97ff88215708d,925249322
a59320023948e2d915c07306,579238824
a74214a0d4d40b898ee2be88,480459834
dd9f28d722d43112651786e6,728863864
275360e29bf3309e09ec41d9,609494144
1e21ee2ab4ef88194cc85166,536723795
268c1e17bc17dd646d1885cb,572894414
33e22ea4154e8f71062dba8b,658634483
5b5db88fa09ecd8f4b9cef6a,1010541862
c41dfc0b917edb6e6ef7b1c8,722762692
3ba6b07e752fa580f630eb8f,1025015371
fa6db64bd7cd8b0f1c0e2453,1002711366
2422ffac7337b402339dc550,1032269939
dd6d47e2626e2bf24f842f21,726111040
bb433dc1bd769d684d8b3352,1111540897
812ad0d57e4291da184bfae5,606105925
51a0a1a680770b625579e25b,1516561424
a91fd5b9b1a791a6af59b70d,672881519
094da6ca19427f1a943105f6,900564969
7af0a604d1901925aa179436,790301626
890df90091e14d1c3a1b30e8,576862191
aac17b54a68bd216e2bd1d45,464247347
fce26c7fbf0bc93937ea5198,590269723
b4245f075bc41aa29b55d324,926337364
bb70d80b0c6ad3022160c8af,636687790
ac85c8f7605ceff58dcb55cb,603594505
520415ebcdd1a4059d18e2fc,664568198
81547b223494084af3e15bf3,582284481
a0f1496a0b4a7cd8b850f010,823024991
436fd4dce2ff0f71232f4b6c,427340968
3923f0e655615aa6b52721b8,731560223
afe03b938be9cf14e98d4a0b,613369938
0f1c472b94feffc41f1caa44,574722567
5b76ae185e6b41243777cb4a,584388638
d70b133f81d6f1c9d93e2ed5,456111252
865459f5342a0102d255fa07,571898433
fea5eb95dfad452d6786b042,594413878
415622d0f7adb1a9f7009a63,694670174
543edc342ad39b149501aaeb,473832832
89e1d01cb5bfdf567faca443,689766646
e86b99e5dac8ed0d8296e950,530154015
2c85b19f02bb3768c10d14fc,621828492
c17a3139c360750a6de5950a,686686951
cf76e6077d47a14abaf0cfb3,554313402
82ad4b3d5a215f17e745d77e,832289481
dbb4260c89524c78de7433be,603635973
5b312ebdf71ab7971f9fd2d6,702359867
b3413352f0280412f53562e0,577791502
28fc5f188c5e11717cdb4a98,606458209
c4d7a906b747428aabd368cf,1135219952
a4dec2ce375ab5e4bffa5966,847330108
546d570784c7ab8746bba80e,624657899
cca9a08bc4a91f317b851f11,867688637
bf43226ba66a3e2033d32fe0,987530492
c2717194de73e1a1d8dce40f,510110543
acfc06021a7a81313d85f62b,640774827
2d531a26f8b1a8afa511e3dd,693008282
4a8acae29064919c68fc8600,566571762
691b030abfe1190802349715,587600933
a302ef23e1d0d6a273274cd0,551318165
a742f415d6c57e8493762c57,900955687
4672d1c9c3b04fcc87a0ae9b,862497846
371a0ee537001f7a9d58465a,918824699
ca5eecb01282d4a84017bd50,791955211
40eefaf8c26b8b4736308bf7,689673740
a7ff08f7e09b19c1546453fa,836316352
07a6da2c9c4833ee4cbe8625,649254556
b2d32589626abfc81e44cf70,873449949
aeb68eb7eecc4aecd5529717,1148329502
3c0b438c7a4fcbfaff9f678e,883047138
c37b357d57918c3a651a5760,677066962
b65c0544e9deed76615a3138,1154618906
3a8b7b9048c82797fb01a8a1,785743931
7549cbd5c8003204c85ce1a5,1030016105
21b4c1ad11bb1feac4d02308,940978049
b972611aaf1b68340de16545,687120721
eb3356f3856526dc140be7f4,1131741814
93ba409ab36d3e10eaae18c1,668716891
5717732a654405ba208c0f5f,764347676
aebb556fa6c9275a9b5c543c,1186930027
fc72e535900c592d6053b806,1365097342
04d77c8ade9a55fddd28b00c,803927219
028adaf559a05c8882893767,1055753685
95781f187bd3fffa3d1b19f5,1095796805
cc2c78d41e3fe29de0b4ec4c,1597085391
f78886545677e19e472fd0c4,783362271
3dcdbb92628e6a200adf48e8,1045665285
4993d1487d78cd9ae2c23619,987628459
a8a2c61f2b994411af5d9bde,1245170253
57fd11f829e31e198326ac98,969269506
59b9a5730cc8a41bb7a1d16a,831073433
85b8a65f1b00f78e67622bfb,820949329
971c610e55f133a1d1e6c2b2,911618403
0f9867abe3ea0b9c5363982c,605575756
086521dbe18727963538aa7b,710548656
bda3c74ea6f73407a3c0a17e,661205114
257c765ac81bcf773473039b,856448400
80d2415c0460088d69574285,1146892055
1554f8aa4c8fbe17e9e82d0e,761263402
00f6a62599f25ac506113149,1025317362
ae26e4726c16cb2f6a6d3f2e,1070231042
8018df1613094a9e4606c875,1075184933
eae4a1cce7c039c644f01c6a,689716456
b07cd6c30350efc5de211a8e,1595634223
5a2624a08494481388f6daff,1124058088
b8eb177e22c63e84738e7788,787589408
ca02c904cf5eb96ad20705ca,809894897
8e6dfdcc28f830f2696de9cf,800942145
99fdac6a2ddb1136f7117f0a,432226246
22e9f1b4b5e887cb5f0dbfd1,625024101
d89f812c7edfeb3121bf639a,916032934
19957244dabc3f727733527d,498513641
ad1322132f3b533b4aced580,624109639
40c2ea5f89f5b77cc09d1455,689945139
140c4de69883df9f3fb3a538,506834174
5529091bcc05ba5cb2156b15,605164630
55c5e58ec636586755df3dee,607647341
6049fb02c166ec9b4471a7c6,655120371
758b4df32244a51b2271a891,637123078
2ed1ae5e6fa77e447af230fb,766116675
527a1c27e038e45d2d1fcd9f,611109890
1d0c3ba50087cf01637de6c0,478669940
d0804da971548399183ecb85,1021351762
46a7d0f520dd1e78c0cbce0f,1021351762
57e5120d0b71ec6a67746a59,822053090
b5292c1e1683d40be46bc2de,824623983
01e9c7531cf3c63c04b9189f,541808556
06e91b526821a6ad1372fc44,601504098
34bca71dc9c74a2072f11e9f,895148071
22385ae2b3e7640e8c40411b,703385772
6e4adafdd872a2837921276f,636617051
8cd3031963c612efd0049f8d,690345326
43b2fb09efd1593a94b61b4c,652821110
74448f56811e9562536eff6d,936553615
44f0e088fee626993778e7fb,790996245
6e6f7fa167c0f617f50c86cb,928405908
83da5fb4c15e3daf727a3cc6,781436745
b45c8a6224ae2656b4189526,635854017
0d926a0b5ef567c627a7eb0a,1114449129
c73a1177d787a5ed72b8a9a7,717510758
75c1083db5c940e626c02f53,582630792
b925c9218f5132c6c81f3a18,431804768
9a091c59b3cb4c730372b34b,584539197
bcc704b2e178dd20497e073e,602499380
6f65de020f663622146b89aa,584024335
9f3680d00c86707fba024dac,748659272
18d5cc463455fdb4d443a6f2,611975826
f1d76d78f9266d9552bb86f2,726971097
74dbd25d407e51337f883659,846022686
88ff73eb829a6ec5bfcc0222,888325563
ed5559fbfaba86299e87ed89,826099250
5d97aad3e83e26b551c3399a,773451935
2258ec00dec6a2b85f439135,773451935
6c94fd185169e708a08d3535,602015272
ddaa88a11432ca21d3eca774,485687740
2749b5cfd2728ebdf124a0a3,642143603
a7546a6c6194506dffd65360,762220391
6de7bfc5e8149ebc40ec0e4b,610690672
6f83f14861e13af92a2b8cf9,702564752
d71d0c8357f09fe2f77bedde,700442946
90b28f5125a0b8a0e3b10580,830169364
940e08f8fc66ac29f6d76687,725752444
41d2864e1f73e29f222c61e0,674127011
f7399e57df358ae7adc9e08f,559250838
1679719f26e7c650f24eee6d,986816345
0803ef3270948a30b3fee2f0,752701737
4a3defc2b7d2cd751c9c970e,945026932
8bd2490f83568ba653cb74f6,1060756732
b4ffd0a2cdcadfb962578199,1293575526
7e5064603267b61520d8f83b,670111702
88964e1202647db0519a8a00,491380498
f3d94d0616744b87ff139533,703276475
60704a08df293592e4cb5719,506828662
347d5081f7bd36c8edc1f352,1039404371
41d3afc1118758b5314db48e,706291318
80a1dc97797c41b61f46ec6a,851240442
c0ff8812c1e8eeab07c698a1,693357561
a9a4a765b1daec2f3ed59a80,754669192
33258f995a375ca192ca4d3c,540677720
80b6c823bad5b4c0fff46657,1065148725
719055eed27f361071cb9eca,797661878
9a354d8c526efc5bcce59dca,745139601
9850d970fe9fd9bae89f09ad,944948135
f2c87b07466aad7328b7e0b0,655972324
27ca0c2320c520342717355d,479500871
e958bd2b19db118c31f893cd,479500871
46dcddfc78444011abd29870,679914022
061d3fd39da1b4b1397054c1,702885648
3d1a8884a9687e53e5fb0bb7,898310472
1c0236d4bc291372483a9151,585160781
c1420f278d45b85c56f415fa,758173948
ce6fc507df0105c68c29214c,496448738
e4f26a73bad4e41c375dd897,914814104
719190aff81379902beb6497,761119342
da627dae6941b59d1eb98e35,597964215
2189d3297ea703e50ec34d96,742335160
c7205874bee601a7b01a0cd3,805282257
a22bc19d0d83b13a53630b7b,671430931
8acebaa9fd7e917d7e3b391b,662192989
4e104916ab915cf3c0bef846,708157696
b0df95e9fc94d9aeebc960df,848387701
ab419cd48b81038c5a30c721,579154390
5b9bae6f556700e099fedf08,1024875732
989360149d9cc6088391db4d,776033159
bad7560aac04600e1ec1a9ce,734474991
08d9f04bc4ebdc74e9d80b16,670466692
f4311c45516bafcfe8864c70,895811210
c84e1db639ee43ad83f930c3,684035673
f778fa43c92344cfbd700432,717492863
2019bd32dbd09fa285a388f7,737130391
4db834146c4e73b515d510ce,674602714
9f9f2548425519863e2cd6b6,828848492
6c3bb7e1696df587990161b1,631157070
82f08aadf1eeaf2058b50592,675175996
753e74e4dbefeccf3e6b27fb,587488972
a26149f589edb9a903782a3f,665145870
bd264728a0464376e22b6bee,640390627
2d5564a502635dce2d46ef8e,853440961
05bcc7d7db8d352216a4af59,715756117
4794d9994512f01a4bbb6c48,770749565
64a4528640fe492865ebc0dd,738313614
f655ec98cd42b0bf2d7cfbfe,1048883808
b09de5f1e028d4fafeb8a22b,801261741
4c79f17573007a39bb2b4b7b,831734685
824894236c20b081af2c9868,721520451
107e76f0c913e19217662faf,792479840
d5e2bbb69ba3876b93af2d3c,1063684074
a2905faba4c1177603e6cd5b,1107171051
d13e3d432783206eecb0e192,1286908672
6fecee4b1e5f50c0b27dbba4,1228396470
57891292fbd530872cbe68b2,1084890248
d0d6a1b5c60ad420ebf2ab8f,984684306
711736da4f0e8282fc8c9e69,891421071
f32a3b542efba398907ec912,481707640
299a94a02e887c6ab1de59c7,565738095
ad844bdb1150508a4c6d57b8,978372254
78c17e6ceb87f7587364c873,495945325
22e8713e2051c88cdafe2364,706456659
79c5085c14068e492e402a26,831358921
205e9d987013859f391b27b5,1236851969
36aa7d0cbfe40adf3c86a134,1104982443
d54d787189cc8f014ae58aaa,912524604
fe2f1459eb0a380dc31e3a4e,828881873
ad663952ff2ba1953efdc460,1038537254
b7320c35e90f33fbb1c28813,944518650
8f90134b8e68948cb18fced1,542964395
2dfeb06300828182d4109c43,767782482
3f5a0cbba1433e9b6588dd73,818291655
f952c40e24c9df4ab2d62017,689751056
462c7546b358b00e617ce012,618126786
e0df3391aeb8d3f4b00f418b,914576985
1e48878318d35476c3e87520,768760152
e3903705d5a48c6d9f828ab9,630607866
9e590ad7d22105456bebc767,857542380
d0fe3d393eee5c0cea5bb6e2,900117106
57b3791f2c5acffb0097f7c4,704688035
e11f9a5cf9d6ab0ffddd6096,846954747
9a3920f803b087c29b487cec,501781264
6cc0fe8ddc318f1bbad360c5,823750274
3e0c656b64d39ab38201a112,650306499
cd55abdb54bd56d54b11fad2,823750274
7cd39eb8de56700519d8f287,861796711
d762007a4ea5de370738e875,806271526
f4fc67d9b9c6078003f9af35,738286492
dc0a4632d7378c25be351760,965336089
530a3bae5a13291c69bb8474,517679131
32b678be83da2a07b37f3012,635278648
349768047d470d2fa6ff1930,804875147
e017c3311e2fdeb50a686547,726785595
bd0329ddd50f2dc4dafebd26,930020719
f6252e878aef5f8a641c3d6e,696292362
45ae8ffacfd00fb4a4f53d0f,1066886886
d186e369ed884150e71906da,1132241605
7b9e6b7eb3a5db0443193fbd,769913300
1ddeeae13139b7c9ada353a3,511728144
a1ae6f9f5d02548c89b23904,726074046
dc298d37c5235e15b4cd68a3,982478307
f640753edfd8fb1a995f1de1,649491095
69a1f439de0f06e1143a0006,677723122
98f253233bfcd16533e2a448,715181736
ece6f8c652d4227370ef0fcf,845933034
599506739a6544839bd97b81,686948957
a12f49f4ac3c5bb0dc7d8d20,480898467
9da00f8ff8e19d26c1342274,779537957
cf5213877dfb4df98f0dc10f,557554276
84c7006b5a63add890a224e8,756830580
88aed38ca59c09e1a6202672,605241654
e6bda9370c80a5f7e5cb6b07,1337650905
3b54ab53b6e3453e333a0939,540235595
e72ff7414cceec6b162df345,815265207
f2d4c1faeb7694370bc65ec2,622831253
e1ffd027cce28c44c0d2f80c,777972239
5c5039602efa36222e64108a,866569229
b50f2c871166ee1009416be6,576211888
5e7e36116dbc08932f5fcbf0,979799145
325ce336d3df17a078db5166,687274911
a26e967b288a1eb6d8e71d46,512817459
139331d23d9e3c40cf083a7d,754224119
1704b2d5f4a33401fb153608,601600987
ee70354146295365bf241d9c,628174020
fbb0a76f05908c118f7a3df6,571567041
2aeb794adc9892354aff7240,574131262
b0a32581cbb586f9710dc3e2,879049456
ad7f3aae29fa1e7ec900b563,847145756
1695225258263bd2f463b21e,768018448
f72fb486fae49fc1de1fdcfd,860923402
6b8f7074aed7ae7e6cfbb090,944825181
619dab52b321ab297a604185,1100531450
b5bb9af24f9de68e91a1df76,1492271972
ac3d21f51637207d3e031c2d,801343392
2aac28d03c2110d871b5f274,481169378
9ef498b11563827597c82947,883717866
4f2ca698ff03df0c6386e48f,650908873
606df4826416ea0f146ddf99,551113758
9ff08a6ca1c63480c563442c,902957211
ec27554aa1c62314f4d46fc8,427429420
762374e94f17a8783a66d598,640455884
83ca3a41ca4b5337107c197e,821596642
c166a9293fa27e910e1fa9c1,736577356
57f8a1e37c4ffb1b8cbd342a,575734601
393d99ca47315ae98fe9e7c8,1361209132
9bef4aacc63605f2b2b62292,542959283
a266efa4e41df357ac4edda4,1154876967
adfdb0eda9aa97f0d3005c4d,1075859637
f05aee3e433cb036653b4375,634221598
2dfd1808bb95170a088deac6,997821794
dadf0a00434e8ceefb3e26af,957845878
4336ff9b2dc1d97ac8f9694a,603907794
eb14a5813f860bb74740da2b,473397222
3d580d0df1bf9dd124c282c9,677642824
49bb5311607e4c7600caa03b,601097056
78a39ae05ac53535ba0fad2c,801495734
936e18fcf06ca3c46eda7c8c,566553325
23f12add67accdc9ed40f59f,640086500
eb1b9e15dcb88964f79e6a4a,662197603
e2b7f984616fff25e3dd6a3f,979597854
b8e2b98548a234a245d7935c,708385878
79382c56606e701e44d55033,1379774404
983874e637a1a5782f31089f,649903252
3da9de8f610e5c40401a5b78,850792162
cd69a049dd8a3822e228ebaf,740826135
604f1b5149f770a8f370fc75,440327973
0d24fc1c5deb78eb1a0caa51,787434942
583af1118e60e46c347ec593,1260876331
13b181b46359620191e6e4c1,636687868
50d8333064f0560cbe549f89,465824997
d9000c1afed253d05de7819b,538462935
792ac070d1a314f585f09987,739387820
3e874c25176a3abb336b31ac,641297126
419ce7158ed62eb6897cf09e,491553078
b6b87c05c4238be76d94da2b,501034820
980d809e549333b475477bf9,524003749
a7df3d344010d5bb7dc70bf0,453993634
3d474c6a88ceb86e00f68b3a,556183005
be4bdb73add69f12f7aa6d06,486433457
fa5234ddf23dd0d9cbd3cac2,559761250
91a08f81b621333ac58c3845,632884934
702aaf395bc78986a008d70a,750756253
86b0c9c1277e9143ee765b43,506867320
9c2c22e70cffe6836f554f24,643897417
31f56b841b122b35615bae2c,482896250
41227dc9c9948a5f0688e426,639700768
781989d4b732f961f91bc3e4,766802848
cfed0221146f4d83d641e1aa,604654061
8ec491780efb2c27df8dc08b,779210365
8a5866428508658b4a2a4cb4,593101568
156dc81d6e14a71716aebcab,611570744
c24be8293c8f4080562ec0fa,580898217
7fa11c05ed1c123c1a457b1f,859989593
a63c36f6e7e7ce7c7e7fe457,621707085
f9bca38d3e08176649504e74,738087183
3d389130627ca7bade643f47,618012388
70314b0bd995a4b03c771ae7,478153634
a3c3c9fc04cf2e2a051a12e6,574889722
4cbe75a162b076c4c454dfe9,598175038
0c62d4d501a426cc8fde0c36,747823516
533363375cf2cbc50d86773c,636440360
21d0f28d5f30a64352e60ac4,599856466
471b5135fced50f7cb4197e2,660023214
1c7586fd8a1a38bbda9c92cb,551665560
a0f28aaedd12f3d0eee8c6ea,627018941
8923182b6dcc9f2d8be1ab53,486838056
67f694b29bfa494bd9d9cf44,670407116
b721a5846527d5338322c9d6,843331552
ed09fe201c9ab02a91779dcd,824336984
f49045b312d12268eefedcba,602736971
22ae194316f34d482bdf404b,580898217
4f450ba5de4766e5ecb8a4a5,584739959
235a2209cde8f8b0276c845a,621850894
f563f0899884de7f9bdab405,848071724
5b462279f602c5b67ada82ee,678018460
fa4af69aa064a4306cb110d0,671778824
a70d32ccaa78ae9417aa7e4f,620783142
77c9e5e3a6d965ede708cda6,683373665
5637f3d3278ea049333afff4,575413041
1b1c220eb91c9448b520b76a,723898859
f4a6ec71ad7790df9578324f,716202822
217e1715fdd5db76ce93cfe2,662921008
2cfa1397c901b4e940d9f673,622472607
44672de0d6d9d0cb3b4ae938,623398743
1c50477e5b3a67f3d8fec62c,820278490
0a2a67e8b310471b115c60bf,512904138
06220a42e68510eccb4d790d,711982274
611a3e1d63c6ce5ff8779243,637872135
1284d7ed08122731aa7c0461,560609905
d44eebc871d1fa6981c32ccb,703235479
43272151f217feab78190393,688773894
6bff92260afd556a98d3e3a5,805048049
00586a92b53f4a8f9f6b3022,817922326
745e7f6a83b55196f231466f,678803662
9c558e10e5bbf230f16968f6,805524756
1b425a31cbb73b713f291e19,919358414
076ccba20dac8bfcf184b8a8,749001405
c8fd8b729f4ac6270aff9c9d,1000820809
52f026e670e9851b08c70542,787723583
00304df33a3c9a7e396ddd3a,674307797
ee27eba49457286b5ab76172,677338858
97b57932e5e20416bad6919e,888232590
e570c5f58a20fda42bfb535b,674939603
79acb227b5ea365414982957,795913097
d24258de8d2ca10186660a1c,700644040
8a8c202c069c20696c2de85a,688093560
40f301afabee5be092ba20ad,687298158
afa842858299a6ebee166e31,715843366
7641dcf512a05ca754930bed,982504915
8c9b472c55d4b99e44041de5,770715717
88b98c026b7650192034535f,646555745
9bdb1bc52a9ddfe92e6a948b,687244625
4abef5720fd889512ecff70a,684096971
58b139bc16fa2731e4b76f28,688824490
9ad9ac8728cfc2387285c24f,689671033
75fd5603c4de9678627f81d9,847917505
9f4a25a5550f016ef2370229,733138290
d4f4d0ed36ac9affd71f302f,736522194
51bf7bc1c19fcd42e71f2463,1233174226
49ce19caa1325233d0de331e,788733320
5aa1667bc8db26bac1c72f5f,705909923
b43b36ea4f81bbfd4dc4d781,796924698
2a623b33f3cc1f54620b5233,870793735
8745eefb9e2761ff7eef558f,665836646
0e49eaa5cde9375b1f026820,853843934
f5acbf43add5776430d8d4a9,729146137
ca50f7143937a99accef865f,1165245754
0e1bc8ba1953ec8c28e53b9e,600617408
980bafcd065c8e3d6cece127,897979485
c81133d5a58d7e8eebb10c8c,854951645
09656004f0a7f544580958fb,844702860
edd342f84fc90478e344ea1f,585216852
76974826c758eec5c255c5da,665881053
63b09e45c1b7dca181491030,666964891
89952b237fda041b09f0efa1,903014693
219164e1d9b14cabb9bbb8ab,615155747
ac8aa244c21a9b86de4ed599,829053086
92ba222e2dd63a4453a30637,958355613
bfaf8b7796c8c57bb5997be7,684937974
dd5a565f854eaef90976c5fc,663038047
f8ccd21343b112d8f9e7123c,731283593
a90991f865ac81cdb3de201f,660333192
fc57fa9bbc16d1b8106c2c70,830222975
9ee3218bc61636cf0d7f8107,803634233
c00592c7c0c3a863a1bab9c3,593720379
f0aa18bf86a36daeb59946e8,937231665
e186499af986f1959f729b9b,866141600
18420ed4661539a2d72ff400,805481829
957731b9940c9131d92a22fa,888435965
9172caeeaf6498737fa0c6dd,700468188
c798ea36d2e4a8119723eae7,741809841
eb963f082209fc077aa72bc9,847722369
07b7ba964a8e30dc16d66443,879558483
7fe364ae771a7689d2fa5584,933441226
c59e06a2ed37fd750cf39976,1050181892
ce03d8ae43a426e074ed35f5,1037003635
b76c45ccae25a06dd5fc432e,773991965
f855725acc115bbbf03bacec,1254032436
b0b0db3bbe07839bc2b600fe,1214842905
cfc8dcf337e020b875ef1572,896646148
390107256faa08574d7231d2,778959970
fb10f3b45e865b4626f65ddf,777084802
75f167e2273fbecb2c81ac0e,1041726352
a7b15424d7c025d885636a72,884020038
f9c11e980254045d7478f273,904680260
e0b13f6dc213d05133252d15,1286908672
c12f362b9060344ad044cfb7,712338854
f872f224d2af413cd104f24d,1010144377
092045750c36a8945c526a12,630925444
5ef33cf17d4b45277edf35a1,937663568
fc64387d7c3c91a6e6e876ab,571650173
c1168159d4e2fffdd5662757,649111489
cb604e3a56cc847189462004,862163628
9e95710c61a4706e21cf70b3,770067242
ab37f67a3afa274e719ecbd8,652267245
970cb360eb64128037be7e23,669455061
e42fc32db529e088f15cec8b,1008238943
8925028d6e7a6cfce9967779,588162066
759e76e38d84a4188dff5446,790739010
83a376df2024c4c9fbf2a0ca,577228660
a8bb80d99280e332084b3950,709366018
c16ab4a11cf67a39fec6f049,737389429
9cd1127b1bc10db6b8ce5d4b,1366179218
ddfa979b1d7cdea1d7dd0a86,578735633
d78f7a1592c0779093150ddc,1050431822
97ce3e0ef38ad12f7fa8c4d0,431870773
5c789f2834a1a69aede6316c,601152967
c29ec380fc7295a9a770a74b,602591477
5987f6171a2bcb37062ccc94,817452453
1e91de6194769980800b4de8,786168823
0a0f206f04bfb10c137388d3,1282258769
34dd15023216e187daaf5a07,965483648
33d2d1db291a13affdc209bf,789050997
6fa5e5160d7c2bed824bc0d0,618181302
8c04aa7506b8c80c1bac23f5,834105758
e5d445e39104d9ee6b244822,785355337
2ca6b3016a89139ec7590f9a,892560408
e567e9e5862b13f0085505d4,583147706
edd1c4fdbef4e6beafbd39b8,667539372
039a9029c4341b1528ca6b46,502219559
fa1533051ea4145f7f710ed9,630454111
9c99a85c5dd878568582dd9f,535069896
9ec426691c80918203394ee1,654925638
66f58d9d1e1eb7e81cab24a2,954208748
0d0f8ce05ebe99dd3bb7b23b,999326267
6a65986cecddc5c47fbddb9e,1018840776
a82fc744f537ddc6fbd16883,988453226
d4c40178c19d6cb2fcc88e48,601865365
4034cb3cb77e9cb39cc98fc5,1039054994
41ae9d3d280d4eebe510606a,621215814
4aaf6763c105ddf2a6eddbfe,664068417
633a7038a23ffaf4b3f7896d,831294680
2a531aa9576c5f91891cc8a9,778448579
85d58cf85a179e167428ffa5,919677884
42f05e5d4862d653efda75c0,842790414
256a46a6d45d168169f63aab,931674649
4b0fba692104472b36c38c3d,865045413
253c85b226a15d0ec2fbbff4,886228522
b0bb2299d5f456f800993a11,766803121
47fe78f6299f757b231be10e,649978219
4d09ece928ffac7e7d270bd8,611121111
fc762d2d172737cabbdfcc75,823343398
2809252a96f47776d12021af,801856434
29eb473852b36dcfbda0c702,802041013
231c050bebe12f568ef92afc,555763317
acaf9e18bbc7295633d92e01,712823527
860435300909449c0443c10e,776515966
f967ad5e086f485c27f09990,903014693
678927546243e932b48d6058,953922924
c537ea2620b8c3a3f013c0b9,986032991
10037227b2a24d9a72ced322,541949205
1b4b3662ca18e731acc18928,1085961883
e6717956eeaadb3e95840256,1523270267
ccc4457f68fcc1a416e3acf3,739411681
94d91969cc4b9aa1e856d801,664422880
2cc821cd7b5fa82b27308f87,518134132
f05b3779581ac0015f29571f,499384146
dfe09a5f848e8e819c361ac9,780898234
ba87ed2a657b0b042a05460e,766652303
f967aa89a4440cc1c44bdc54,585313190
81fc8d666c8735e1095d0d4a,765723713
fd8b9540f1e9da778d566d25,637429574
70baafa9789d2fcf1bc212bb,779533865
4911f8879e5bc9c27ac13bb1,535557804
ce53f3477814fdea2889cd2c,506342714
62f022e19ce6608919eab5f9,613134201
55657bb933aa2ea3083e0b90,508304960
808dd470aed6064f02aa5103,692255669
39bc028f3b42d9ea48808ad0,652806844
c0c01ecbb9189d77098659b8,700375702
57c68d470f6248d00b6719e4,971060835
26c66cf2f43bea00e6387326,902408886
b5f0dfbd34392f6855bb4b52,745016556
25202264e18928158b89278b,641441101
e93abbb49b24717d3a0767e8,810578469
906e1f2e1bc5cd51a55b0266,816914879
eef1d35ffd08dd161a36a2d1,1401809543
35e0cac576415a4e61acec80,1236788955
53ebe061b85f046ed12ee9c5,1317634573
059d77736dc72013de7767f1,503307212
17d7986a62e0b066e4e5530e,612683786
8236c798dbffb3db51d5d744,515455785
587e67078115103d184970be,530390248
7569fb4aaa9a52d6a525e3b0,530488586
db122cadb7a9c33f420fe246,530512338
e852246b7661d30dd2e1f0ab,530476710
f04eb16931448e87aec205fd,792821106
90e858d3740d4aec0fa21c12,659638869
65647ca6e47eb2b9ba20058d,1022711265
d0792d22549d1b3f63baf3ad,523408558
76c4045b5dad9a8226e9244a,577226232
fac4f0bee67523194fd4312f,640271916
ba89ed56d156579ce288dbcc,677752740
adce397b6d1473b9b6d02865,1140851870
f1a924badef699637ea8fcc2,842080230
3bdce823d3b96e8f0170d96d,626357352
439004dc23f97a878ebf371a,800798302
192e05cd731950f91fef1d83,1107171051
5110c49047db23ac3aa4ace4,651471320
f4f7bd9d03eecf35e9f37619,980142314
141dfd80a005f7b32bf70375,738202679
08513fe1cddb2cad74874a59,582740125
6b23aa3ca5edd20134811cea,534852386
0fcab263453a9f196468e552,831734685
127e08fa99afcaa339eff684,718416836
d2c46ef63db73ba3cb7e32a1,664758521
7c50c93bc9e8846345892c12,903014693
63698398738ebc7ccebac817,615151456
417e974a3f0d97e502e49800,771805487
6483f2fcdfbd26c621a527fb,901267031
3b739666f401ca6b2135652c,808737615
1b750e6e2e92e8222482cb46,873337134
dd34882ac55c57480663f7ec,986816345
026c6384ceba017c5f2cd66e,579278680
3f4272a3a4b14ce152fc3abb,590421403
5cccf025fcc0a7d9ea01b170,545359954
c8d179013c5bb6379693ef03,485665789
8c258d10ce32150f5fe5b712,1086056530
eeb6fa8f820ec63aa0aaa303,830169364
ec8b305ddc2bc211a8a05d0c,716041868
5a84e6d2ab8db0fc60775d03,643526162
015d17895f32e2a8b616ca1b,892068153
6fa35f1af6d51d341a3165ae,841649996
17821a9cb766b0f3ecf24e83,628711043
23141c17df584746755dc508,505936909
00076c8f390d5dcccc133309,887773792
25488b1c8fedde6250b413ba,599884445
5ba6b4953759b45cb83512c7,778801237
8ea02baab0c59eac6584f62d,900894663
b5c34f90096fc88b8ca758f2,1256855916
35bc25d0f9de2ed4f714fc8c,945426622
8b0e1911b8ab8028409dc9fe,1102918766
2ba1672e49c023258d262d1d,825917105
2d778563921376962d126cbb,916667514
bfe7c873b2fbad871327994a,1102851693
72d0f19409c85dbe32cf6ec4,933500203
d406baf5cc9b4473ae9b8426,528101940
070912b7e5fb205918c1f4a3,533764114
659abd72d12756ba0670f466,656947045
7a464b948b65544159cd0db0,647069270
e89774d061d50c83b409a071,539971223
fd6b2efe5da2c35058333bbf,631054331
4577c1623c8407e95e893e63,639790240
21adc839dec9e8efb128abf1,628206026
aa843a050ebe8e4b3a04e9ef,851212676
0252fcaf7bcde09274d34be5,791984158
46d77c92811f0c87d2d4907d,907771962
a8c662f906075eedb098ae5d,906583580
b8b46931b93b7750e0d1ada3,649375168
efde559422ec1dcc55abc686,853725619
339bc881458ca34bdcb771da,842416262
d7ad6527cae719481f849927,828340731
df3abaff81c430b4ba85d4a3,985351056
bfd2f20a7bfb0d865d7f7193,1492348004
fa3ee96e6b6ffdfd00aa335e,935191858
163228979751798ded8c3fcb,516225172
3578144f12e13e98e8cb2480,622479409
7136cad475a0480044707984,765591247
93f5694b4854068f42ffe55b,829350705
51608bf64739db05c47a3bc8,714771813
6a01b6d09d516d67f4a2fb43,661119389
5f26f33bd89fa7563ac6873f,533656154
aba54b001154ad881dfeea6c,452136492
b2eb63e5da917ce649a72142,539770646
1427aec89ee9564b95e93cd4,625023734
a0087db5e9e2cdd6073021a7,649916226
4396f94f7f3c403c43d3ede9,662755196
aa703cc78a1ce659901e711b,781668964
0dd1bb83f0f18af30da139f4,726646150
37efd3e2a5b6567957c62081,657939827
ea47ad6335e74dea06228b16,649601365
8a975117ab302b77ac057823,672587552
ca5949c4bcf0b63e5d1be784,639129001
e9f3f41366d5d784c2928937,758512380
7a9c505db21b777203d34bf6,712016892
238cf9f99c4b01777a97f82d,732585409
385fcde12021f4bbae6ac2fa,753901386
d9eaec557a7a6674565db1ac,968280976
30b0c440c0bc8c6005855ff8,703190770
09feba43c0b8f3560fe09be8,826950437
2547bcc87b618d3d7e22dc21,677194747
1240a616080d6ba5459335a5,840549387
7cbc8fca4f84908ed4e7192a,807268892
151a16e94d538a7a6d658ee0,743557949
a8ecaa9120c6da21229cf145,873436971
3ca34fa833e6ba10cb4b1944,991451288
dca2e851b82c512f01611ade,1029254970
3747996611a842c452865a9c,721593976
3528df61a44a9895248336c9,967826332
398a67970cee5dc873d71bbc,994916664
1ba2c2eedb352ef9bb59c638,910489863
f6f4a467f40bace72ecff598,1082669297
b2af9047dbf58867ed0c42af,874070591
012b8d616667a6dcece0dfaf,883096445
0b117f10e699f10f97a7e7c6,803040615
8d5192b6208902ddf4804839,1102103132
b86cad78da7bf06b5ac39f99,1238023158
4cc8c95dee29e43463a8dfd9,780189383
76846ed8b7ab36821b848f2f,733146093
5428bf7f37a94ce9fb2dd435,974028820
b22c39c3df7d8e32cec2ba43,531648101
44f5380847c175a42becfcdb,1471285856
fae53fba5d405b2e6a3abf01,468825544
3b52bd5eee5ef8e3871dcb3d,1141997227
21eef7da02b0f2a2fd987135,546262740
1dd6b0ade195edae38a4a20a,715385047
f359afc7bb50cf6a61ac63d6,578503350
b0de107a8cfad95f09876eb2,936171785
2e8c76f4ed59cd3924f7136d,730075709
06a2efde5244f7d653ddfb8e,780015735
f72e2f6cfbd32d97bbff3ac5,727743625
9705748d2bb061678a80826c,987819635
9620068cef0622c404e15960,778717870
cf2e8824527989d3cd29c058,698974013
6e606a7c8bc632ba0ba37184,596944367
63fa384ea296390350f23d7f,685335526
4d3f5e7ecf4d361d7eb55f5e,628626769
e31a209077a3e47712588730,775155486
5f18524e839c2987594a11a9,853308099
def06f49a0b8230ab613db94,701616715
faa72370e4c7718964930805,701616715
983503bb75d84c410d1c5d3e,915265462
30f381306494ebaa760b990c,614049650
5e72dbafa642e4f416e6f01a,674849820
3d5ece38670c1c96df4cfff8,614049650
1bd6861d451d128c8bdb72e4,712787211
072a6f084d31a5a4be4060dc,1076769883
4d8deb43d663fb079262708f,937571880
f00b8eac1812a500d7a732ff,671790748
77a62d5e2c89da24f66a2118,720404394
961886897eda4b0ce54d1d82,1019933411
6f6c83ff891e43b7c84728e0,971540126
ca8c85e8100f64416146368e,892433501
24297f4a3e14c24c941e7720,1019872765
98d7f0935f021acf313630a5,905622316
a362533eea6c235049bf3359,677036717
2ddda0ae748b38a6258f660c,1338093415
b18107a422b9eb6da9fb692f,902925077
11cd643195dbe5dd4567b62a,1014302066
c9ee7f0666429c0c15c37499,517657957
c386d1ac4fa8dcec4cbf9788,815820330
21e0bc9789139640ea33ed09,1123179711
cacb91ac1b835d62422b8a8e,959496645
bc41e69def6bc7490800c4a4,625019288
7a13669d2d7ed2e50b80b4d8,599825375
08dbbd8d672fd09463c061a5,593942036
cb93b0d5e9a26628b0462b14,613933406
d6a43f209f810455fa41dfd6,1102249312
ed5dfe95f82f4c087af07045,576628267
02060d2f56e979a61427f806,1374712353
88ffa9f0bc3f6c9f2e589a75,1026316542
b48093abeaa178d1f7fbd83b,755138573
b42734770dacb7e580a6d742,1013519228
d3aa845e96d22f31a3656aa1,451570981
becc3ae7a71d597bcb16d261,678627833
8dcfc24742ba669335a2d65f,904108680
45e2411d38589a2d85774c5f,666222966
9761b0f43949eb5307472ba2,1343233760
e07035cb49625760c7da85d1,608016643
f88bb9c5a471504c13d3616c,565517733
4bb5265c6e63449e5fbaa270,1057964627
ac73b8700744cb7835f328cd,676115703
a632ececd6a023aae8a7b730,631701568
858288683063dea9d5c57420,698262997
d04f549fdf8f34bab19a171c,603546123
6ed5fa8f114431d158d35f43,545435444
f849dfccaa8163d24ed935e2,1008895742
bfde6e7200fc27e6e6f1497e,1571506257
59c11d3de7153d2605cc2273,1136126374
33ddf4e1ed8c864e9db16887,770815835
00f5ba660a4fcf6ddb96220a,833759155
a13004b87c6d7e7bf6b75730,1078246377
eebc02ff14b6d270746ca055,779271150
65ba6e178f3565a84c6ff973,1129937703
a57f40f00f80abc7450aaf9b,773159351
df37b916acdce817865197ae,868904136
b5c074ee2e2538aeca099fc4,1053090078
004c9da9ef1b3b5e309e475a,600657533
c5b47ac5c4b7476d50bd56ec,638856007
778ec765417db9ee48d697de,1117038116
b287339babba162e290d0fb0,675688880
4d35e00e86a9d508d82ea90a,562738831
0dc2a023fb6c5e0b92d86ae2,576674519
5787d7c671378e596edfb58c,859460657
8595b5517cb3f1ff8094d67c,818959421
f4d53276bdb5899c6f059c67,1038844592
9562ef63320854bc6f94b5a4,684314903
c04e72fb6244d9a9b28322b8,859532245
3d141576443a97b0202c9672,868340022
7caa4bad394586a46dfad854,803078719
8420bb74fadc0c8853cda025,488914761
b274adb68a37458cc5181fe2,900250584
8561bc940a91f029147430f1,817452453
258a968e403e747af5693a3a,827946667
0de34892fee879f449facb19,693430288
9634cfebe7e6b095f0065ee7,691760866
1f3544c9f47bc00fcdf59d74,554244520
e3077f6e47d130106e7165c9,856689894
f0ce47907c3c30b6b5e990b1,817335116
1432cf7de2beb14fc7603ae7,1037294630
60f0df18cb4324ce5f4bf650,1169430946
7c1dc421f5a689aea5babe4c,861765353
020dfae44183c65b708727c7,550176265
92a9c07259efc617e7d58f9c,558670844
18531c57f6dca78763d360bf,735316345
dacd62440872b6e94ea56fab,646320716
b607bd072e8293d6594f3829,667154987
eb86c1da60250e5559fc3cfe,890975658
fae649fc7256b9a3ec036583,742581485
b7fa81aa571906a93e9b6cba,655321958
0823be832fff81b3f1291859,641298036
fca3a0fe5db369235960d285,611357494
496fd5c93b2a578d970ed55f,611460246
9c63c6c27c74c03f071385e2,833253099
6ebe90f7140b738b3696f086,527200580
7110d6374f3fc282e4f4bdb0,630389873
d33994c75d98941acffeeb90,959309584
b8e8d84450f5e0bc8a721c94,823447133
cba57e3b393b3e392c7431fb,1012708821
fc2ceba651bc629e7f690849,606978188
857761b5fc5c7d101cb765b6,772967325
55f67dd7302b68477e803399,1064876981
19f538269846412f3e150a4a,899565841
75e0fa8e5c83c49d3a0dea48,1267730619
fcdbfb9e15352cf210cce7cd,814938025
c2b91ce4b1bc8c576a0ce1c8,713959808
73eaff92528288fdbcd61e2a,1206765476
f6544a1c169aafe6c8142907,993432141
cba9aead5bad82b31da51e6e,1009193075
b239bdcbfae846bf74791728,994337457
3b823e81c5378ee3c977e863,641279567
1b4db5fcd1f92d3aadd5c28f,678918265
b50a6b85399ea2c6b5c33405,709680050
1e6176a558f301d81bb050f8,925430623
8bcc1b035ea93a5192256b37,798586813
71a3f0980cdfea0ebb869935,656565851
8cd0345dfac13ab380240b0d,641279567
e66b2c71519ef8756db69b97,647957731
c843044c1fb30819300448d9,687164289
4ae10e7fec364242c88e511b,702381190
c9e92b994e48df83dcf9976b,1590462906
27f41f09ccf8d182c79cd48a,953468877
d8a7c0b01bb545c414e12a23,1228521647
f3e2fddf1dbb400788a5517d,803275350
89a066b7d6a31dd066fa0d32,1048990693
c245bfa6587eeb55227c8a4d,628440033
500d7c5346ca11ba934e7ca5,700196268
536fa59adc007df763949045,792453222
223813dc0188fc229b63e8f3,1135681199
7c972ecb7b90537b1da0deba,624407154
98d8411005ac05d77cb12516,738388850
d12c08cf48be75014a149873,1160388683
955544a0bc2eff312e965c2e,1029390396
20488db7a62f765ac8da0a2c,854099274
3f370094239ab6fc817e9ec0,1085000802
ff54bb34225682d25c551178,1160388683
d0c7294b2184d0b4d0e2fa07,1085000802
104e960974eee31e7e0eac6b,928063953
0d477acd9c95e9ec63839a53,688936624
6d255e0026d70dd44229a2f7,1061672130
926cdc0242544bbc850520ff,621507260
e75a05dc0018f29517948ea1,634057259
dc40c56571cbee9c2b7770f0,837748053
2f76a2b53e091df35a125b13,709501486
a4a49182c79c72854732594a,512829473
50287f73d47b4cc4c2e1840f,742866241
5efca36c25884a2822bb7a81,675241702
4347bf26ecd61ebc7a16b4a3,754394410
7c979648ab3729b2c0cd2106,955706419
f40acdcf5cb9925c09c9df7a,754089032
6ff3eaf8b5a2f16efddde1cc,593336830
d35596846155e74d1a637d7c,790563901
a389a1ca097a820fd9af9d15,726000064
ef450748c440c4958e5db54d,1020494430
02779b92b2f9bafde0c75c11,654836659
77e5e0b64140fa00b0227a3b,624650430
eb55b0778607da932c3b311f,1020494430
9fa391febd5d0a8e4c6ecb8f,471367903
6270356f1cc3dff186d0ff4e,601239477
ea7d5c601c3f8c86ca8f15e1,690302522
072efeafd082025bbc5a25e5,840249598
d8bb6151d30573c7595ee7c0,527227441
f26c43f2304c8c694c818a9b,680912318
14ea4a7c57d830eba13638b1,606896592
c1ac42dad98d2f23dcbf140d,760338824
aa6af44635b5d51da4b02059,754279112
291a4ea1a695347e1901bd4b,973764050
024d2e34a561efaf4811c17a,959208133
e5a40a555d11d4429b9675c3,616663873
3a10398b72905bd710ffe9e1,830296262
340d1313fc2dc8e5b6918262,986967188
699bf5460c63a4d0e4542ade,943448995
e98bb3a89bcec8650e33e730,828980596
5de86bddd492f76596b17a0d,897036257
95dae083200a9e43a5aaf210,992028345
23fe512fcb21a0b84781a318,586169276
a9dd62f527cb0dbfa51aeb7f,890111176
8964dbb5b0cbfe509613a63f,687244426
f75009356c700f7da7106cc7,658506252
6f502f363fb55811478e3b88,636968971
a48f29071cf207b27ddb03da,658040207
b46bbf66cc82a4345c5da177,829473430
a460aea3370926825b0dbc13,821474547
7a21a8d99a85171334695004,768722675
279f6f594d3f8ca8e8a5e2d5,1332856429
bc3c509022e3f6104cba5203,971478630
654d2a3a0e02065560ba2484,685641245
02a2ebb6eca5772e3526d78b,787145195
d4646b7f4dbebf9785963cfc,541188076
68fabddb27fc928b57efcfea,1043521535
53688de79b052b3185fa9435,653482701
bb962a9e3861b06ae1daf833,631161093
d80c5f0b8ba55e7cf105d282,775927251
ed88c773fa9ae8bb29645fbf,796155417
0c3af9e0e9c80a68acebd041,1146449751
0faec12daf0493a512b2fa0c,1234314408
1807debb0a0b590b9ba4ebcc,580886864
20a2a0dfc963fb8a355e704b,1085677364
a2c033f497e62ea10ff8ba3d,1116305821
985e40843a30150e6892e4f9,913741028
2ba0807f8cbdac389424ae04,1008062717
9a565e7220cbc3d5d340e8d7,984771876
33598222854631e92fb72baa,1167891815
03fb5bfbc1895115a04e8116,770781090
5045ba9a65b4bce4fd305f82,711633536
277f6440854cb0c98728e685,549140375
12c7037cfa63de49e984a789,548231053
ed9976e922a774cafb601f5e,596575242
ccc70d1d8e4411331730bd7d,571604820
30d38a7bab2eaaef1ff6be0d,689720509
31a6c440ca9eb29acc0f1086,948247963
7a82ce4b2dcd2b43485f5047,831109997
a74be48ad396ae4aa33ffed6,975900727
4ea46b833575642ecb2ed1cf,431804768
b780a0ec18c61b0760df9433,760737145
b83a5c303a2b079585b9b94f,698130799
a3c45875c0834b144f834798,588444664
c3ae3f44bbae215f7f2fad9b,547738620
5d54a0a596d49d9f85f1b5e8,772032015
355d1fb69bcb4e8e8ed9ba1a,816831642
cd791a46ed616911ae7d4fbd,970961891
d2d2f335839ed35571b19bb1,833625652
0823b0dc92805ab05d3f8650,1265924806
f92f4d135119fa88994929ec,1213287251
401f0de98764e9fdd4055406,626395501
68a7d01e50462f7506f8c8d7,646591385
e4434407771070783b97c014,954718071
7e1153d411af129357ae5c10,657785132
f409c701e200046f574f4e06,502967317
30a8b9c197bc42f088d0b873,682274498
d5abd56b5a8ab8c2f61a07f3,743875534
805a27aeafb3ca91cac56d14,713759834
1ee04111d277e8758f740139,603153468
b9de7d7b9a8ef7c64e5f6bdf,697082015
5a12a15af3c0585d81ba8f5a,558469061
abb63383766a9853c1091c5a,738371430
1f95c205d5094c674f6e45a5,915705844
4911a6285f548dd30c8061e3,1370296400
0b9730cff49bcaeb4d703c06,974259914
f033750cb9db15e886b156ce,983457446
fc7e93bffb7fbbdebebfaa2c,1073797560
4f500afb7f7bb42189820a18,871443965
3921d7b508fa1591d40802d4,727434491
caddb9dce27a7e8012478da5,697590279
4eeafa126ac5f301cf60f9ff,766032114
59afb00a84b4f2a9ffbf71c6,786464345
7baa3608aad1fbf357d789a6,675101783
a5b8869e9cd3d0cc32a0b298,804302513
d084dce4ab9c4008ffa3bbc4,888416086
e3ff13537ffb7172336ab5c0,950152078
1bc2ae31ed1970ba52b1ff60,1286614231
eac7136b26bccb3c5d2b6202,708808464
073fccba71b28afd815be434,647649545
9b1c23d616e9407fff6553d6,799287897
4122eca7b73c1347a7814a70,685370444
cece8267e60c2461d6c409a2,1096002379
ba4e89128058d5564987dfc5,799287897
69843aedb25a928097a22a89,677740281
a45863121bdec787e119b14c,509438939
02e8811bff38125bcf8e1a6d,661052026
d709a76487a49bf257489c0b,449344372
46c42803286c800351fe633b,724647927
2ae3ae7f794d558ec119287d,621215814
76991a35e9c1b69e1616659d,653147430
3de5d35f742cb4eb68d5f314,628804984
a53c748935206f61751dec1f,657590115
ddaf8a1e5e6922cc3dee5caa,507409372
841fed959f036a03697868e8,576006481
ebe1b5c9471f3441a388f7ac,707833755
f0f9bedbcb57383511805d17,701582653
f9402b785deedebd3ddbce6e,690558580
d1f92e6b18faf07ab70ca1ae,724851788
6e794276348acc39751eaf47,851503899
4b04e0296820d04421db5219,687531020
ea0ca17e989ec57a480aa464,1138360527
cc6fcb8ea6556f676c13a76e,807288190
2778de5e56ad7ece898249e9,918990114
9f0bdae4f8609ec93588de3c,853512485
90dcc3f9428a4e7cc396a15b,752326774
2d7bf0032580e6b6dd1ce36b,830338566
c45d86d17d1d0519b455b7d4,812137757
4c7e7cfb286d82aa96356fb5,1169904934
edc204c3e18368e0a9eab593,1019153135
e789e801fb5d4501b5d64e2d,802958792
3997c10ceccd2f8c8e43cda0,1332582605
580d8eee8dc4b7d43cb193c7,982566741
c823e3fcfbf0c43bf2d82586,1006532623
30677852542c78698083d4f3,1523270267
8fc78c514a2f1cdbc5ae6e1b,1385371792
73c618d704a2e1ac2bc41954,939122083
4ba85374c1d1f1d3f4632ca1,485520862
9a471715e4c4865b822a6b77,627431982
4e9f1e21c855f1166428fbdd,633211473
f11137d27a5d7fa57f94e97f,601279086
5fe5f3c5919c0ebd57ec8e36,641766567
e40742774df7d2b614f32de6,629871190
24b28522c72f7fc359f2a718,755865048
26ff1e1f4a6f6bda702fdabe,789518616
9e617d1fd8a4f33d7b66098a,1228097276
3b4e889562e4078f8f369172,691750958
3a50d40f15b1cf5bfb338092,632271563
cb2188cb8e534973ea3411a5,677677350
fa57f96bc6affd285d10c4f9,449362290
c0ea6c76eb977d83c163fd7a,661066825
367cd12d7f4aa93124047eb9,662231342
54952b5f463c64c605576601,592305277
57eaaaf24cf82d885f0f1dff,601127682
f2ba4a7a0765c3ce737b5c81,694227732
5282c3c48495dc31359e70c6,510403779
552b01d72edb192663998c4b,880936529
5f3a1ab21669ad9234d4dc63,1032566050
68f431548c330f84c46174f6,807186638
048051ce9bf8f6a48e9451fd,848551947
fa4028ad48fb2082d167989d,826060719
5b1902dd7768f5144ae7704c,979647765
be0a8f4be774eeaa42fe460d,774709635
16263617308958055850aef9,1137472912
729f5fab1578f8cae4fca8f9,853138781
bddb9388922dd56737d8847b,826238074
9847a4ab995b7b1c30196704,960463055
d19937a773269962c7f9e8a3,1379844704
b3c8714dcaf5322475ce2c60,1007118495
875126e5776dabde40e29b09,951453228
3a36f59d7c0e6c4eb85ca0cd,1005211094
630f00e15cbd7826475d1509,802958792
434782c3d1dc2b9ce7bcbbd9,981298645
a470bd174fc7587dc1449c89,1333128087
99c6f87ac92cc323c8caa005,1169904934
ac9ae945fe25a46184057606,1262946992
15d910dd93e0aec22ccc2083,1388770016
6e1a9c8457d3ac6a57598052,1041689773
14e179618d1a44c5c55e23e6,680177496
2b8b979cf1952fcedc63ca9e,647116983
7cfc3061c0b2f3bd48375ab9,952647095
7200e3ba2013876cdbbde972,558006520
9ddc1924043ee8361201b39d,860069674
f22d6cc8c9611a7c23fa8969,971777649
b7c0a0a4f5c5b986a70ff249,632284367
adf176b63ea23e08d252b5ea,742209625
77069fb9fac6b61aa6a89ae3,805708572
7f0f27f6d30c743acb3e867f,750434485
7e299fd8c2d53ff1cf95aee3,1114415683
f309733881a4f89d9c8a8958,872947291
0f937643c067371018c8deee,853417597
8e35609c1265ddf59e1c015c,819274352
c1ba606f32ce0337cbccc2b1,754197949
15f02dd18da12f4d7b0ac2ab,874268934
bcbe8ed608f233d5ed7362c1,1020440087
14611fccccfa2a6499b2acef,551609349
b10b428245022d55db248b72,595810944
13e6c5cde1004803fed93cfc,694366178
ba31c38eada33f680d44627a,698144598
3786daeec4a4fb40ef07d8e5,934248629
7736ac030d8b587f44f7898b,731354792
98f89d21e5dbe53f8704e745,801969737
981fcb79db3881259eb303bb,422017447
08bb88dabf0070f72a801a4b,867981413
32d56542ab5486bdaf4466fc,747103412
c0f911fe7ee2113ec59cb5f8,773611319
3adadd50e603746e5e4fc082,704787059
d117e9672b3ea0435e7a894d,422017447
020473766363019ee40d6685,1048864195
b04d16faf40ee02eda59a9af,422017447
bd6f3819a1c0e551598fb9c7,653511494
5520cf373444931ed8630635,619004499
40355fef059659469e16e3ec,505061486
deb844a2812586991b3022f4,885520566
ac0b895f523b53b4abd013dd,761113934
ac208e250f5ae3e5e1008351,734425396
0064cd1c55914cc8370a096f,807277941
165fab7a9f8dd404cf4e9d9a,598970771
df3eca0f59974a812b4ea9b4,1102241615
1b7c062b606d0560e850a2e6,589683284
87ddb3a17b601cf7c61e8c07,593214705
837cb6389640f3919bc73e9b,993149504
77bab76414ecb20888cef7a1,980470634
a9268ef5b7133cf6ed1a376a,823487535
cf7cbedea50333cd2dfb0e30,606865672
b0cfed2d25a5d78c96d39d20,819525390
ec0c283eeb8db461c20af1d6,690681636
27c3b7ba2991e7bc0c9fc322,801454900
0332c7ec0d3e547ec6d61664,1149592430
e58b92216ee6438a921ee0d4,899581059
f7959842378c94c9f620f561,773752449
cd0236af88ded6bc15b49eb2,731354792
d40e0c2222c0debe89735e88,773752449
2bc9bbe0f0216ed9d865a85a,668585310
e9bbc31499ca187c6a492175,600647183
f2409d037bc8b3e63ca69fd7,1153306254
5ad71b7cfd356a75021174ab,447151901
67dec8c47ad4de9605d56db7,586285297
c6d679cc07ce4373197748a8,1244276456
a36ff3637b7d2b1c52999ea8,979024698
3a384d68b7ddab45e01b6e99,950858132
42d34ca2252acaf6e777d23b,1673531626
c4b2a42a8908cc35e649fb16,1235600428
18c38418824075acaad8f960,635599098
85bb6775065df76bda33f738,767337369
14cee0bdd9dd5537b96d0786,895594769
ab332133aca64315672a7192,887797439
d53b60b0f2c65918153ca2e5,523547183
ed1f81648083d4d2726710ac,696913503
b6692a933facd74b4b11569e,475259619
90e00fc58569167c00fae7d0,548592357
8a514fffdec277cd46c7cc71,685165047
7f0b4b5851c77d78805320c5,531133009
fed1a608e3c0f2b79cd02ebb,630494430
075a5474294e25da55373a09,523605475
8826b9e008064cea38855d35,551898525
660eb3b40b2bcd07df8f5c3f,597057993
d55cdfba22aae78b6fab5491,427275656
ea6e83dbade169818975e5b3,542436708
dcac44d3f8024c6ea1632432,543185677
2772adb268cffadfb2917c2f,601175460
3192bb7190b9130c4e67be4e,767637305
9d892f73b02f001c2f715607,620571559
c27d72aa1fc5d37f4cc105eb,781293464
6c0ac32bc8a66844197c5fb4,815793019
52338f4f7c8af6c649106a96,709356908
356815b8ffc300fe03073b7a,765190673
22c780d56cb97fc34f29e9cb,515275030
806907598158861a6958388c,704614401
449cddc4dc3ef1e93b7f7c26,630564279
b225270821758e45cdead76d,611559498
e07bc486c6f5541e4788f83b,717501919
970c0d4928a9292748c0fd00,803272975
f73f720abdfe4b5adfa2bcda,640466712
48d3b0ef6e5f999bb90fbfc1,614559410
b3ec2f8af6e9adce047536b8,848655945
0e1c66f843e06f14d7264864,1087280548
91c4f018fc7939d150593935,740620463
102434eee07ed18268857a9d,990023587
a4c70eae507d630c2f285eb5,1034313255
45abee1de734dc32936d0b1d,561430198
82bdf442e186baa829e06da1,652688082
019cd320e02a64ba3ba9a37d,812169809
ba1b3c8ac8afafef56233c84,806121309
3c3a0f57e030472879f454d8,753359256
d520e90e7d0c44a6b8852e5b,771671855
38328747d2e1e0e568c05523,577668422
659e9ad0f593b644071cd850,580031085
3e6645f2cd377ba17ae2e46e,570962231
307eb683db84db535106c445,675407323
26c8961848e3a77d98049638,686726923
52373e15e9dc1ad371a0c090,568852787
e5b2a446c12222efc187e02e,785119958
156f706d1d30de19f7e369ea,1120924752
aa94d2ad36bc0e91bf561be5,738601952
8ab41842b8e41b89d8670ecb,454912135
b19ab02a8e22f3e88a26031b,754240683
a6b1ca7a4e91c4c0f4366984,717489825
a277d5e8216fdc3d7c93eb2b,677346881
f939b7271c4d399a5e647f8f,784681100
941392f9a135909273422dec,866916728
e07d8e9e38e309958288a516,1229309909
258f10f742fcc835d53063cf,842069617
fb672b4cb1b66f2022f36a40,686725070
ce9dbb6d009cbdbe654edcfc,917679242
22e524f1fab17d5b8616d741,979913597
7f0d874df9235245f47b04c3,814219007
27a8a052b815998c771a1f55,979913597
b80593fba07e21f8bdbc352e,1197355084
d18d990404e7fd07424f5a77,593914842
033599f7e7ecd8d9c8cfba46,1120802618
51cf2fa527c3db62914169b7,703097342
2b2fa2ed0055a19859e78446,889587235
a8e1adbf076dd737c079129c,904716116
adf948af7b24f9b6f29610cd,538361808
23473bcde48f634641769e22,521872788
c90486bba327ede32dec60a6,742479516
d254d88ea0989a609b71fb72,793568346
2373c595d24a7b862b518ec5,784221093
ec401de1c0ab2dbc149da048,660232270
17c0a8fd3a2c8b5b18d61e4b,718016201
1a1016e7a96da2237b391be5,585430459
c5b40b510bf7f121c93a2332,689154821
aca37e216a27b4dd5337df99,945694333
96f59167d17d1c99f31be997,821369952
062b36cb4a87cec372f9f91d,687193114
0466a7e06b152c1860d44334,768013037
f44726680d0c594a2d430bbb,825692995
8aac8946e7ae5725971c5557,934076648
e1aa6c46135f4d1aa1b7a1f4,698223019
fdbe5801070756d1744211cc,863008991
6ec4c88b8d3a16148e2e7348,1060627191
57c87ce038e4e523b4ec189b,847085477
9bd500fb24eebd53d8262b62,1060627191
85a86e01443aba593f95dae4,665061743
13e2ec0a12c8a48a753b85ef,525255963
b93dc01af5f49e6dcfb7a547,513503749
71a42155184509caba01a1dc,486793671
25fb1c0c4aace859265de172,561430198
6f63e4f866bda86d5c993c8d,626955052
72bc42a5c73e7b1f9d54c835,833756813
c06f36b42021a1512cb6e3bb,505061486
f1a7fa5dc1996591ff97a34e,621787532
6128a8deb1f0bfbbf0d67769,748488007
b5254c6c29b4f6984d328216,518123715
6cb19c3e491a60bb2c166669,527200580
dda4ee9f3811c29e2b261a5c,771671855
7a564ce9a4ed3d2b8fbb1103,561430198
63b982fab95cd17211a4a58d,646653626
5272c50f1d8fded01f7fb0e0,658611962
02b47e60ab77588aff6cb433,643831808
ddcc7f7a087aa5f4797a8a5d,527200580
77a887ca508d924ad5203194,808430348
b57ab7afef2b8aee016ce6a0,769457834
640a801d503d85835eb65a42,959159264
767ff947b16b2271f516c28d,696593925
1dbb46a250f504e9c8673bed,705819587
fd6e9c9ed7679485dfd0b022,767337369
7dc4f9de14c2924b229ca0a3,897887987
3064379f468404110d594c87,770637187
6005ebd6442c62f8becdd2f5,872262810
b62e960eebdf95c2eaaaf9f3,804880618
7b0258f1aaee97661c34de64,1038533375
91e2f9f7d4ed776d38a3274f,828860231
d505277049a254f960e114ef,970774611
32040dd7b8edfbe331773288,690758951
70e427235490d7d9c9239676,826326137
1a2aa38b8e18fd7ed5be77ff,819525390
4883f7ce7086ba9c8ddd4315,931571372
4116cde03803e63a3e87e847,828968612
d6de5d741702387dc3f4481f,910471847
2346533f4712f3bbd036d85b,959309584
f6a12c0f02fcff1be042ed0e,606978188
eba3cb8156e0115bd7dfb525,963554813
ff27ae490bf03513b6bb386f,1286777546
e87779bf2f8af86fc4ae9583,495411201
4a809b3987cff0290c1df8fc,533618072
8f4241a17d1211687bf232c4,641858216
bd8c1ff6f9919ec6f1dccda9,911521513
081e008e772c6a79b809a87b,849624995
0eff08cf4bc42dd442a70231,934006597
b4e084d14962cc58d4089955,847188918
d02c3b5ac6fa0ed6db06e490,1016152388
e8abf103cbe9fecbdd758516,847188918
05308c4f3d0e0887e4a68a92,804529121
256a6ba3ff423a899229f154,622507953
097314d920292b46eab5dbc1,773519271
4ce0fcf14266d144c82f8d4b,570758329
548791b5faf236b1c03b7523,713517848
40ef1682158d0c3cd07f484b,813480415
7b473504c85e9cb576f951e2,738527275
730c7382d76a07904f559b28,592312956
e05598d3c49f409b937ff2a1,702081100
844dc89fe6588acccf0c7536,453665140
ad1492590bf61d2cc83b493c,856231187
88fce3ad9b8a965dc11336cf,627474447
b76d853ea415967415ace0d7,698620657
c12c81b3eb12bb329466e88a,991288541
4e27458d179a469435d02ff4,716764264
8d15b4bb1447eba7a680ef47,575656890
482c7150c7555cb35558398c,831642020
e5d6be06fd53d317c8e5c7c0,489011932
f798e7105aa8aa66750a2c85,860523862
eb24e0a0ebfbe16eba466280,1027863192
618dede0dbd48df4fe610af1,835334760
6fd936b82bcfd3cd2451bdfa,636266457
adbb5c4ba7be2903799a51b2,1111091331
3a99197868ce338c738a3b20,677125746
d4c45f35f214fc226ec85b36,839262386
c3140ab2134de662162af508,501041127
0fe23ccd8e42605f4d9f78a7,491182025
8816e8101ddc4e704053e23c,621215814
64ecb100d7882ddec6bafbcb,663086330
9151a8c65e1f01ce591c595d,677163644
c8a40314be3014c2a218f5bd,626471591
29bd4cbe11f44759e07487fd,906939657
72ddab9ba5f24941e4dbed6b,1033431317
1f18df9ee1b19359816ed13c,582612340
fb82175fad61a81e9b665fd3,1171042566
dee2e190c4e2539124ac3ee1,526684598
0cc2f3a49dd703e7554ba638,642830548
ece0394e38b152e6c1571324,1169904934
e14328c988a27176e9fc63af,1041594159
a91664b9f15f9d6f262e7b2e,1145032201
d54270fd6b09b38a978cd7b9,1090660414
40c74dec061500aaa78f78b7,721007957
cbf6faf7b47b43b2a77b3654,1162778263
52fa1eb3cc7cc2f77ff98764,591968336
bae512bdd3b04405c519bf4a,800864169
e7fbff0a25cde72a38e7c7bb,1073436011
d3f297fadece964afe5f1cc4,917377632
2679ba671751ff16e76f1807,602331605
8059e45ca26bfefbb18d8e40,946560819
9e7ee8e17b1e76965e96ef95,1043817427
9039bc918a76e486041842d0,678019663
1d7912750a5e345f7edcdcbf,431759286
4fe0482ad622080f55a0460f,683096883
953fd7541735fa8d9a342642,937106580
0b3021c156324d1e7974ce3b,1040928868
b0a8e4b4ef6678e6b43865e2,1002736586
bb47fda808b52f30364a4d6f,662788964
d846dbe691d0ee3ac5c3bec6,1343995805
21932b5a5fa65d237ddb6293,662788964
07481a101afc1d5db45245df,1123504694
d99c00c516cf57b6fd9e877b,540509835
6dbb494acdc64c03742fa730,1325160675
35f69c7a9870ac62735d7639,656266464
2721f5495ef5dde16fd29cf4,1077760569
0c068dbfdafa3429c71189af,732847991
f3293c4064d71f9322ca97b2,794901105
5eb268b95d7b6006b064f9af,784851008
e13a1c06ccbf814945dbc768,952269165
935a1e8c7e62ca9d3bff398e,831379392
f0c7ecd3b2261873d3664748,1097532303
d2f20425e236285124eaebad,741436027
05926b977b5df59857194ec1,542206007
f548ef815603ec44f4629a60,1383976308
6cd147720319f60ed2599361,687314657
6302477fe8172d08f3b4815f,624037263
b0af9b1e84a1886489d46b91,621279117
5f3a2a31f6d1838e0a9531fd,917033142
96786aff35713dc21f6bfe5f,903106712
68de232e27aa83405b4a19b9,1475204192
8d252e9b0912f09703110b81,548290587
f4e646df504728ee1e6ad0d8,439398563
e89cf4cc82c5283f3db6f5f6,389289349
1bc2c099466f9a989266be0d,423984119
bef2008b362c4af1fc3be566,599723772
7988f76ba063d25a4f467730,751842494
391a98a344e894c6397d62f3,713014437
5ab0b8b0d6d93c4654b5cc14,997188954
305d6abea2f3e496e3b6fcf4,860169591
f512fde4fa3f1f7fe885de83,786748519
c7b6e7a287602275f7854ef0,966077826
3d11a16b008c26fe43deca03,1024836213
ac7f21d22d013874c362d440,614280676
c933750eeb53302db0245782,734549836
766a8ff17723a5c34324576b,740901628
802fe3175a2059f12d7edb99,817423454
508bfd077c80b6cdfc5a10e1,953340495
ddf8733adb641e15837bd728,797007617
17914fbe0c3634dae8ce9d71,864151984
09e4397bf9794fe24d87d07c,687763345
302918a3460b98acb64fafdd,570001035
a7e57a8be8fc8d8a844cf9f0,653154335
7b50b071f4d795c9b5ad7531,874250347
91a7bcd95c0c960e4cc22d91,668551247
5d4a23137173c0e2288ec418,640328686
751ba0c00d4fae1078c02fb9,874224392
e6bc998ad1d87c5be3559ab1,713015957
53aa9cd32e2a6aa346d3d789,713015957
06f22f7a8e4e78f45ae81638,804395907
2105c17a4e2f97183e24aa4b,691702346
ec13a869c212c39b6ba21b57,787890386
0b49dedfb53ec812962e31e7,766776433
69e6fbd4d3816c4cc37b265a,902876680
ad46f8bd482500f3bb935737,949735169
368f7a70a62962bf31ec9583,1035730968
07412230b931192771072334,998570676
e63d334d9ae8b672dc7b7d5c,1035730968
3e1c2c5b0831edf78f7b7082,998570676
226277c02e8532922a1c769d,870218133
7902ada9116a1cf7458933cc,1203702430
b21f6e217d6733230a8eb7b7,908302712
09ac622c303bce9ad5514442,724094526
ea63bca8e3a77fe88d88fafc,478545138
a3c7c54fa12d5b57dd997210,698103853
cdadb2607807935a0a5597e1,677604292
8d041784b65d33c76e5245a4,814615769
e6807209b634455bad257998,641803593
b1e3f1efb232cb0976506cc2,1242650692
dea95d98e8bff87b905f9172,1009079831
44b6382d9195ceb3f12d4939,796857575
41f33deb9990562def18c917,1662537827
0a61250b2c208d42a3077bde,939122083
c714b30713eb7877ed3cd92a,562948504
bf120b883bfaf7641eda65a9,726263603
90b34ed38e0f18988f11d77c,928044462
feade1f4b3b06fdc12ec213f,597195888
00bff9be2d524083e3b3149d,804488132
f1e38e53ddb8a9d5b641d934,839505462
49dbaf0bcca86f32f86e641e,806664422
18539b6cb6884f753e0ac18f,971011715
7586a79a0151387a1c0cd85a,623930004
d533a334c2ad9d510865fe54,810985551
95f7bbdcfb59b4cdb41b0394,785433169
4a2ae08359e1ecd39b43afbc,617006248
e8cf39cada5b7755f60306d1,1286181654
0489a476b376f7f6efbc193b,475643181
7b31b5e53015f8116fedb0c6,911654221
4c0892a39011cc6a37fc1145,668760599
92d7d4fa9fd09075bec14a3c,972731388
5e5ea93675900efebecaa19a,609805508
084de1226de9a6f4a6075c2d,755398678
54f16cb9563346e15b019102,512973912
512a6de80962ab797ed2bf72,779047946
871befe27fa79fc1e1813b19,1149345010
4e0b1df5e05ac505c701f519,586171505
37227e66adec69299f853e51,1038751323
0a0e3ee960f60d04ffd6bc0a,839393212
82b15a5da307865c7045dd56,689537767
44d596fa36e3992208292ade,645670434
3569024b3ae4865240973e6d,543882985
31d3215c8345d48ce9734c65,629513144
147e7f5381d3c951fc446376,760751019
77deea164a3a622df41249f5,594546343
3cdee5304896e4cb9604ebe3,736705703
f5418917530b72c9fea14f66,734512413
ffcbce226963f10da8c53fd7,797811163
2fffe55a1584619bd7c489f6,740863880
3920eb3f72b96fcb58ef778a,399313751
d10bdbfbd411ae625dc80611,602717948
d61ac80c0d4737c3529f4a2e,871402123
f8948886cb4cb018eca25d19,616086655
da5bf7f1c7b2f4ad670e2382,738089568
f406c9c3c92e9b31310a50ec,889594712
171b560236ce760573a990fb,1206501110
4d852bd93332172bfb081aff,1206501110
2e1f7569d134a931098a2ede,726549822
6d8d2ba62c52445d78f687ed,803131522
65ae1a893abdc2eaa63d9271,1062647481
c9c51c39725d7df94822fb20,593120059
56ddb54e50deaf650a25e82c,577982476
aeb330dede55fb66654901fa,982566741
4f4e3350c429c6afc0bb0094,683217592
39377d0d271da03ad85c7bd1,601127682
bda2fcbba2b412981e708054,802958792
eb89d0b7914010148e6bb597,797607144
513d0ddf1ce44ca671675fe1,1138360527
14cd5f188cf6d2433240b5cd,662231342
dbbe0b6f5eb07a5f9ec873a2,650842550
f9acdd3fa50068bc0180d008,724981430
4a85c36fb854e922936b57fa,539452216
937876bdc44c3b8fe063a9aa,593120059
001399d3861c5792ccb8b515,1332582605
f28514aa4d6ffa36104411c7,572007888
3b185e3e31f7f5e6a1b3193c,670317373
f4c7cc4a249ae7037aa0b35e,790082090
b74a02ef5cc838952bb9afd4,761380801
75f5aff9fa70208ddd843779,590918586
b7273cac93fb7a0034039600,865151484
b73bcc0cbfa173c9fa404369,860012306
3c4c18326318a7207b589dbd,575656890
29a230f7dde5753e65b661dd,905617117
c083a5c64c4d6952accd7bdc,879355253
1cf29f882ee8b458b8f27091,746878232
94c15574aacdc5c3cf5a406b,645904790
661f7eaf134a5b142843368c,705848463
14a5bf235097782f468fbf23,492702654
d2d46c70dc048c92c8e4f09e,714165080
f6faf74c3f4e02a6b333b7af,799323375
6dfa362ff7a0d55693793db3,474097981
b070e3747bcf22ed67509efc,750915453
7333f19416625d6f4244fe02,695798972
3c86651d9bbfbb335f15b544,757062358
9d8affa93ce4dc7c1a21b3a3,808358885
eb8cc67810d95d1b102410b7,1119083931
047f94605add5f6f84fc3f90,926431761
56ba332c82c36f07ba6bd271,1211735040
5814a1dd61362ded4f1d8d8d,1102706985
141ac7bbe9637f9e5142135c,1366318435
08db0ce5cd15db2404ff3d28,700863456
c38677ed0876b7996f596336,504492691
daa4d7da8d7df8efc1adc9d1,557466452
f15c6403c6d4e3676a607780,589770334
4d0cf77f8cfcada2265ac585,672218538
4caab3951bd6cb6dc71ac8a0,579631891
7cb64b94877a9361f20027cd,661036871
3f438d6202cfd4527bd8f983,677787271
b7763beef728bc2021ebb841,598909750
4cea8ea969dcc433fcb59d96,930338649
24fadbd1dec637edb728baa3,1057771788
63cf422266e7c39a6c895b3e,500022513
dbaa5d47ff63125584bf7ac0,1031165108
da12ac932dd8a2fabade4bdd,766300144
f35538e95b4a567f9b834034,878485252
6ee1e976768b68cbc8008950,792347459
a910019b3d18da92b4c6862f,615182798
a09413ca0b723170c26652a3,778736365
2b451da55be3683c33e4de31,1019820339
561840990333852ace562b82,703513478
b6695af1ce28eb50d7a2c25d,1067942391
9327563b40f2a0f888c68f28,1173567697
3438e5d77044f21743e56edc,748361750
63cde4fad1be942dc5ee695d,508224764
8e712705b7de6e791c8735de,607418712
85de01c0aa787152c77c6180,578126998
c9b0673becdedeede0209697,555012587
15ee6357e02b76367682d6bd,1032639510
5f284a75ec8e9c72abc76695,1075271394
37e696957da15625da71146e,785270249
96a478c359fea0014fde607d,750688725
1a61721fb7306d55dd77b6ba,750688725
a7577260fa10bf408f1997d8,1016573947
b3f8ffa761119a5441a44ad4,1062432908
a5c85b445f503a56e0e2a924,1160531765
5aac1a1d5da10b76ba4b690c,1137760628
1420543e2eb5f38e4d38ba81,1516561424
a530e3ff6d7bc1abe333245d,636331295
aa9988248c7dedb016d8b6ae,975153895
fe8ab5495cae81b5478026a4,1038745045
b463c62e3c21e339e7acb52f,797688423
00a5133e7373eae3f0be8f2e,584799545
38b424cb0e54f0f7f2745781,912929103
c43530f324a3ac90f53a8849,839347909
abf93b2418fcdac14293c9a7,621914262
9b1be976725ddd512cd222a8,979747594
9b7f17ddae12105d47fad7eb,1021342297
3caab5e89722761d5ab2498a,551721776
a2f40c8227b466249d6cb659,869372220
e6a5007ffb7c1321d4fc21a8,533445001
0d50b435188b7830a6949026,507735203
d4bee60a74c2e2235f507ec0,716657075
b474103c4b637ca25b5d89e8,681608083
ce6ddb82d2ece3b8d58fcc63,603368101
28403f16831effcb75471738,478962170
03f518e2e5861002772345fd,538408069
011a6d0f12ba108ef15076b4,479160004
93ac0b004ca60ea56cc2bb9f,631727700
1b70fbd3e46da8c47c3eed61,683722674
cb40d6ea6a1eab77a60c1ba3,890275721
87c73db5d50e8ec3a22e6ccc,718839896
9aea45bade274e4ed91ec301,574204172
43c22bfa9a14df7b0126c12e,687624798
6d848e54ee68e6d8f23b3b1a,582091569
e5cd7a2aed48057b0dc8d970,536474914
bc4b94c892fea57ebae3eeb6,630307378
e7bb12e99318573a6e6ce1cf,688754303
4b52ebb0f0a8878def4170c9,986466814
3e85b447edd3b23b5a0d3b79,846425884
15005fe7eb24aa25b9e3cee7,828506594
22e00f8057294350ddf4d42a,963112657
ddf2583bd65f02abf7ce3280,833209816
704e5657734af93d19a0e5fa,753737079
cc1a11362066152d21d4cc60,1067646530
12062de068acd322b610fcf1,803049689
e9804af0513b2f68daf182b3,701557209
f13d8f4b2e3114d71e5ed941,862764338
11bccaef3431fc17953eb81c,1076715024
ef2b9c11f884cc5f31c26f60,793674597
25986c851e13c92ede6c6d6b,1322469494
37e28ed39a51956880d211af,1206765476
9530217ea0b5d2395adfcc9d,1256983994
d8607e3261ef1546eb0c30f0,801289037
22a025ad47ba22ea9fd1a094,1244644011
1c88ddc21f3e8e4ca633621d,544051826
e45ba581daff88707ad842a9,726165434
d7e97cc158c6c54b02fe635c,699824810
04bb7cdebb8b66e783058248,672018311
d60cf6dcb7b4b40077536604,959358461
85ceb648cee9f6f3d221254c,601523910
f58528d3ddce3bc6c71bfce9,779241996
c269765ece36cd93058efab9,559024676
919bdfeb16dd0bf67787d53e,527227441
ed8eacb8746dbcc3c2ef3aa9,650294551
15ec532ec6fb73074b9b12c9,623268236
58a724e8a0e05140b07539b6,607009114
2b7a5be93795a65d29970b02,705886868
6dde9af12b6597425160a47a,1299169133
f0ec99c13c61e89310ca9b8a,586420574
65c83da72c07b8e74bf581f5,843218878
3ecdb7a7d178b48361340ea9,783322045
af22669e3ed10470623fd8eb,823638772
748c981380925e1247b9e64e,704111159
78ab6cb1f62a7e781d4c4d0a,658533482
e80ba06329760362c7685ca5,620091634
3cecc0cc43ef46670a8e69bd,762251172
527e4b1b06637b5362c8f17d,881744428
cf9eb2cd0f20b13cc8816bbc,848095103
4b3a6baf8196a59bac8c08c0,524331860
9bb9864a6bcff25b17477717,639743316
4f7d630c921cff500705ee5a,617611992
7b7c0544ece4aa383fd5b4ce,780010918
191094739043620c72aad2a0,828739671
a20435d582c7646db231e7d2,755826539
1555743ec7e2f38904852860,706444369
1c7452cfc46652a60b7a4f05,807454564
97439d5a82f970e7f50d51b9,852152613
7667cd57d0bec809417c9b11,565605674
103f6eaf04b44c4013acf097,959900078
e6ef433629e193042bd30f4d,836036788
2ee7f959d069c9ca223115cc,989931082
b46625b69fba1afc154471e0,974332686
5cc0700421954934cd8dc445,1196926325
066f1b68f7c053a196662fe0,780461794
645e1c7b799a489887086a1d,1097532303
f426c41d6d8bc99f359f480c,710617603
d1be4eae680cb16d0c842606,1383976308
57a5f4f83a474ae156f207ee,784851008
53eab0ecc3ff098d55666699,1072765007
54022fa49ecd9cf290aefc89,1097370759
545db4962e6294cc5ed07727,979747594
8e17bc9f09099ba3138c232a,1106203819
3b4b303bbeece313f92cb85e,766111655
d0119d7bb15452c473ed28ba,662653019
1a36f98c62f5126c8064314c,881026299
96a77e8e42d676b0da3fa572,686914793
d7d6f668e3e40d957163276f,648684336
5b908b8abd8dd0862440c172,669793990
81716dd4aedf72a6a14392e4,431631178
47d252717c4bcae3e1ff19e4,1021351762
4f0b2f7e4d787a108a4d2537,809478909
90a43053efa1d292af692a87,631456313
c3df4b9fdaa4dcb13723b5f1,684284206
4b905620f76873355d317dc1,738805166
ea16314310144a10c81da9c7,629592254
0e5db1a36a521a5d2912b238,897051300
c53c58dd7b26902f67c3becd,889482643
6c17875f20f58b1fb211c18f,954815761
200020552855ed39d1af999a,711612398
b44b862cbd855d46954eca5c,896744940
ce47299ee877638c4729f60a,849836149
3a28bf9841e6a9d3f1bc293a,926630959
3a488b9e24d9b8fc7c222e20,552158286
5469c33200ffa87952b356d0,671434207
b57174dd86ed451448dc501b,612547792
ebe09efa32acf6d680341840,813718392
33f7d5aa494288cc90d60456,1076675667
de9a32ec454c2696cf75eb0d,854850578
df4400c44a166c851ff46eab,507582566
5dcc8f6a6854a864dcd27a87,713015957
bc08ce9f24533cd644ef08b8,537510906
2935cc0e053bf558a8b73054,713015957
f08001f2590d7b734467c58b,613071349
5a9892659590355b91442979,798197176
ea34dfefac91681864c2bfe1,726461065
ee3b5d47d05a80c07751f7a1,1035730968
448ad01af4c5cfba3feeab26,1035730968
bcf43ae0b4b15ae168abca97,902876680
8ccd326e4f515bf7e817a14a,678556949
94535dcf38c9c6461a73db02,691484217
9b3557302e940d4da341cdab,690203159
edf8c961862a4ff8e1e44f1a,771625771
6e508fb72f189a4fa91bde58,843036331
7d0a4771afb00cf9a38ccb81,1492195945
8c32b6b31d1a1d5736c4df61,1263401316
da782fc0c8a79e3e250f0f67,670735447
c86e643b7f7b57b4482020ef,508091140
4632f1e8fc93e268ddeba07b,630219876
2cd372392fda500e6526695b,900072743
a05ef49ad8b2d6c466ac7412,900161807
9f50ed2b7e40847ffd877f4b,682103896
c00083aa30ba7d953361674f,615718581
50857161c59b991304f5c55c,757000416
3676f63aa0ab23ca7cd344b7,677780235
3710ec95af4702c45f165279,828591021
16db516a238934a730ced1e8,641204630
d450dd622183c7cc43a20d70,596169802
ba84fbef80c8a82895ec599d,1500356870
ee85a12b8f764bc15164dc7a,598138408
0038a3b703f4ec779bbcfe6b,690118818
aa643acab634ee591a2a43ce,686739827
d6438814f4ff3853bf6cdb13,986866623
a37522af63bbed2f4d10900e,1516638693
0b715ccd3b3e01444b855857,533757897
fbdb9caee4455e99259cf921,625011877
b3c02569b8fb721934f51c52,616903029
c07e2ef0bed4be12e41c783e,706247749
1b4e4016cb766bfadea42f73,612399754
ecf4e968c925cf8322f8a0bd,623518859
6cc0e6bfd30ed93fca2bb217,565933354
3e7f514983daa92e49a7c87a,613857457
97a22807207cdfb341d5c50c,579855275
3f9e95762d2f2056e9716039,545208635
255c5b92d71a00c3a73b9aa8,611130858
58d24ab99d74ae4c449c90ba,748925088
51d1df6e1f28c40dc9074b74,1327331716
16261339c3a99635717fcda8,1205456756
1475cdbbac4aa486266e439f,854533778
2a9974fe07b1e4427e386e06,605881978
cf76689ebaa20c70d9db4d51,1138244537
f9379319f992cbadc43b9189,733583073
62313cfe4272d263173e1ea9,617495762
b2c62bb0cf8d210dc4635653,1072179586
5d2fd288d33283826210cb90,1256983994
3454ab4ad567d2d22d990fec,701547770
58be66aeab226c35330d57d5,702189106
315ea6fbd6b3261cae7fb900,985509989
6930d8e260fafaa5c317dc82,545732625
0fa99fd0e8cebb71a3bb0871,473495507
fba946e4ceea37176170835b,580377449
b53d4d8d0bd4a0ae84fbc22e,530505817
8bb1a2ecc997779d1addf12c,607712209
6dd97377cbc262b07ea2eb99,561740033
5c50853824c890a5a7f0cd70,679250139
4c3865a97f5877090e7a9649,932740733
a3cb2a035f98276076f2d848,634295696
40d04ff9c405cccfc82ed5a5,643204796
22caf82aae904c79057fcb3b,584269280
eaf87358d89af17c3e004c21,813642847
9ab5ef2c5650c4bd05248990,612524571
d96e3063ce77ab1235e2ba26,631165960
665d62a8019b27bf5ce6e6b4,510546432
56234f11aae98489ae00a8d3,683471628
76a5158e1a5c1f9fae8ee882,513093115
d974970034de145d469d09c5,690841608
7b5db1e4f4f47b4bf7c827ee,656319063
73ff6ce99ba5dd8cfab0faed,640455884
e1cecc8f17883ba6e2723826,569169894
857870b1412b84f0f19ed751,539770646
d89dff35fa1944191aa9ed98,1073700537
86b89233e0176e034ae3cb7b,867472379
dd3d529f3745159d9e7746b2,948476628
af10ec1529a63d0bc10b056d,841505391
a2645174e4e15c49331f576a,968494065
311dcf366691c44243b7b89c,881479254
4cbc74a93e33f7b4812e1a7c,762584083
6e0140e1d667cecd155c6e23,886229855
dba6308e2358f30b7ec33f59,698432234
761ba98d35074faee3594dbc,751448782
b961220d34be930fada80887,830605907
c9c3973bb37b5c688a7c0157,737511688
79a0bffec81b17d606a606f5,968494065
135f6f92c4ec95847e8840eb,718010035
05858b1e4445f56f22e1f4bb,906288734
623b7d96c0fa09e50148aa7b,862940183
e61e5d3288f02b904d3b1e38,1160388683
0d173e7afc8f8babbef6ae97,907947310
7635a792e5002ab99ceef583,840039512
4da93e7126354a474d435a4a,983093522
a4c71322f79dbbbedab3191a,1141810502
57ef53ecf8b709ddc05aceec,801343392
65c3e09ee6f1ef0500ca4316,1049133279
74d0b6e87c2045f95fd493c4,939941023
4a3d0390e005fa5b4c9403f4,1159585163
a3aac701ae444b6d91b7bb0f,979057734
4afa3a1b63c076123e7a5279,1121850782
c97adfa6f5ad3e3db6b80edd,1111355470
58cdc29143b85386c76bedbd,1240006730
1f81176d8a0c61a7177c6c2b,1022703904
1c2e69465c75fb3af2d57351,1477031345
7a10ffd970cc822108ce7cf0,1335147426
3bfccc757ef82ff2774f2db9,1329677573
3c753ecb3a4f8ce43077a6c1,1174395315
100e9e2623cb0fc52fb08813,1140128751
90a269d52e47c1705f9b6cf0,1385512965
34f4df9fce2ec05633d0cbd1,669982392
1e4fd826fc8693b17f6efc3b,1008312765
efd9d848677015f13688453b,619894059
07cd866c871333283ecb2d23,806471455
76a307d6b36b8a51115e91b2,770049085
080969c751cb94822aeeb755,530057890
1e37fb708b70b6b5e8fb5cd2,640906705
4e47d2c8ccf9929ad9c84544,450081392
3c877a0fbe08cda958ff8f46,738409050
ae59a0d6441697841d86cfcb,619139179
2fdb80ee4f9a35663e92b3b2,518878543
3a513410a390c75fc14b0b3b,550739917
0616401503f2ebc05af7ce4f,614743072
98b973c8597d5805f87dd074,626519300
7063abb555d919d5300af3aa,986089415
88c4b21ecffe12cb6c408a6c,828944694
75a4421cced1111492d00298,677677350
0482cd89d767b3b7de976c3a,461053520
bda9e5d8048acbbe5a9d49ea,573553265
2152ed6b2b2eaf16ec272cb6,608205153
9bf2e0c1bc82010e92da2540,977994186
110af3c21ecdf156898c7c0d,1032849979
2790ead3eba9370f00024472,686844801
9b06c7cebd33cd26cd6cc089,1516870524
fbb89795386c14f5088fccdc,804998179
e8a3d9d6134ae8d631791e52,1380193227
5c535b7d92e34c0fe4b66891,975531456
d88544e4e85add30aa795ce6,809842694
01b78983d268b52137e5ac1b,489872683
25414034e50ca33fcdcda4cf,1007189388
2212e0125cb7f75390020951,704999237
a4d5ea1b907e98be72b5c49b,652498607
2df90c0a3e2b9138fe276a75,994664960
c520b7e8de3796450ce49a30,630473716
35114fa32397272437e67a54,597751119
bb5726ac16b4ade709151159,795097580
b4dc6733589bb35444b74c55,810249648
3b0b0bb06d95c5ea1aed2d95,621101305
fb7bd85c05cd74d945d22de0,653706233
6396667677a878ff61e1b536,603466543
47b5804ba1a998c3e7544092,983043742
ad4d91ed26c1fd5702b94064,606334517
2b802261b8bd839aa0b04b16,792024510
0bf9fe130da23aea7142bb7a,570495403
90511f2411d4a37a7224b995,941002114
1355fdce5b97bb36da15734e,1136244603
775a6affce535c5a19ea5f30,834059607
e36d70d72c2758d7fef242df,688690077
2fde05df6a3aa9f57385e6a7,595275528
5e0100ae728e347eedce5b14,1383976308
a636ffa140f80412f003734d,766143938
74746d24b9bd86e23338bcd9,784851008
99c539fecb3bc233288ff905,1140968127
44760087930212643641eeb4,1514626367
2c5d940b5ef2276f1fac1ca5,1097532303
b26f22f1fd5a991ecd1e07f8,803869572
1ffafa78622c45ea4127ce82,934599193
32a555016892e7a74d231545,686914793
8d06037db08d0754bb67da4f,780461794
80255211d99c72e343b32798,1086072546
070062cd1c769f3be9255af1,1514626367
0451f65828e628c2220df77f,766111655
d96f6225db81dbf3d1a0e9bd,527716648
b1527eec2e6709dc51e03f9e,807268892
5464fe43eded098294d634ba,941002114
ea37ad89fbe4159940586718,605327815
4057a676e7012fd37af9c3b1,621507260
51273a81121232e7f30cfd1e,568534095
3cfd9ba5c6993718c0c532ff,580864664
8567e677b30c410df80004c9,905478045
7a34bcd9f86f5036b526c3f4,724474574
3dda25226646e1e91f4c948d,724474574
a2529027db6b525e365e7be0,513828093
c6115d5e908e04e67915a581,770933185
8d0ae601094562744c8dba4f,483131189
55209683056fe2f9faef7fc8,625321294
e840095310907e82a159d683,724474574
278fcdbf16e3064ba42c6785,932432643
74af10afa02e7724eeeef108,878722522
b763f71e8a5bdeecf0f3f0e5,554961294
5472d536d1b6b731537bb67e,860636404
995ba6d1fd63d5160fb18e71,831712631
f424ca724e7df1c37ed78aa9,712555254
c2aa451b62293042b7244fff,676271882
d4ca9506161d3f4bb3ca57fa,607753461
799862427c1f335eadedf4e8,393964575
1f3b3bd08063993c23586c93,555432978
817422f4c278ff27a22b05d7,531995607
db9798a3f9ac287754f3ae01,704504861
7ead45d1f505649429904307,717247104
ac7ab254166442188c6c5c25,882131538
67250a8950aebdbc67f7fbfa,906993667
641f4319c315cbb74872b8ac,456393952
710b0541a025b1b6a5a80c41,691496069
a10f459124248ef30f290cad,622501207
1aac53220223d0d823e70d0f,454901201
9d0ae0c4dc11d8c6d94e545e,600464320
be685d2954b8c7337ec94942,709648399
e43151473292e4e98f121f63,523605328
e04fab3d74d14be3b8dd2c8c,685061112
c77509a6eb6665bb8eb07d95,642405525
9753470e033b35407a2eca2d,1096062697
825f57ad0527d4abf41cffc9,790067168
0d8074979d302868c2534262,868615747
15a3e60c7a5d55243057d7df,615726505
6de06f867a28393a9e95c7d4,497140381
4d418d0079828e244dbaff5a,591592640
2de93fc191360ae22b0402dd,585540826
86792949f2e6a347208cbffd,602033975
6d8a0768adedcc1070d28390,944689023
459963742bbaadbd9db97723,941511129
235b10cad7233d579a966948,558362627
4443407341bec8b7b0af40b4,804875147
d7047492f4c53a0cdbde60e5,726785595
5541cbe23acd6ffd4aa0d939,949735169
1d0853f825cc0aec6f5544cb,726402327
f016623361c6ccc5163e79d5,930020719
d280fed64d1c23ac9d79ce20,928998494
7e86f11cd63ff6c8a3c12fe2,905432485
9d7f161ee660b1bcb54574b1,1388557763
a0722c5527c6d3cd5cac9477,1514240573
278a2cd98528eb1341a6b685,584154354
b755f88ff3907bbe2a417e07,760560490
2bb55b0a92d62454867bb158,869173805
960c9349b6ef9b747ebe5829,1093665300
2c8352c418097f82a50d9bbf,919233284
47d7ba800f164f397fcafa9d,707649661
610061a0e67aea7d222f08cf,948443931
a33de2559b5f56d1b3cfce08,817626431
f020fef57e9069e4dea2d71f,1051780128
883f095dd3f7e972d7dd3c2b,911229774
b0b784bfe2d3c1b3b1320613,621250219
1ea66dd4a72d93f5967be730,715798249
90b04117887941ac898a67a8,516708612
022357a3d48ea87d58ffb46e,586342326
292224fa68b0303a90063801,800070169
6cf924390dd3ed4454403887,641330710
555a293dbc104e00f182fe34,675528167
e13ef02a57d35f71a4fe6121,680246808
c82929467d22589ec62c0475,822113694
18a74c9a49ad381aee5e02de,509686332
da40d46cb91d9e59fe12e6ba,754881966
6320f26d77fcd56675db6b97,746529987
3307731f3bc518012912f1b3,952419918
ba94572d1e050bb92522f112,621126886
6e0d6bcb01e99fc4959d3f7f,668170957
dc3cbbb2fa00043d02958219,722014971
495aa774f4db66db6df30e93,524352091
6ba298925ffad32daae55385,527227441
8df5099d856c7f9de43990ab,700657013
93c5c5d9d1e99824178be9ff,750953526
ffbce3ccf241890ec95104e4,602623305
2c03c38782e365e68b32d6bf,901991762
7734421098413f27fae86fef,673240535
2b50969f1faab80655bb9104,704641193
025a98586386211b1519f9be,661896578
6013b8c04f7b9fbc74ef1ec4,617232300
11075db1cf9899c8640e1b90,780131207
61ba09084039a467410aeadb,645972451
eb2880c2433c4b2500fd40ef,529144886
f7f8607535159c82dbfc6c14,540116429
35c7a7c0ace36f4b95423c4c,637554613
c71123c31d02408cdaa74daa,623268236
dd8aa138623604829d56ac2c,668170957
cb94eee5ecfc75d0fd5ba6e5,679146326
ae6bfb4eb4770f2266e3b961,756774449
573ea1962372999346590c0f,883280828
9f7204b4bb3ffb8591e3164d,899611674
a4410bebf9843297fe32d63c,665343738
2afd9dd680803e3c12d5242b,913489890
a7618c242fd918ed894304b5,730574862
5ebc5cc2c1488f681cd119f2,845010393
cd53a991573ecb5c53f47986,827333115
75ecbc0c0e8e76bb8d734f60,794932513
47c2934aaa5934c68dcb9e51,853447347
386ad1ba1cada9649f3415c0,602195392
9ca0839c9c294674e86eb691,1097203043
bdbaafd11259af6300321a89,665626595
2e41ceccc918145dbe7de0be,563748920
11df35a3fbcef34e47747e38,1229291349
b0bcb64f2f2ba69cc712e0ae,819567145
bce0a4447db2d54d36661011,877426840
ef7ba10407cd74590ea3fff3,793165942
a743dc3903eaf3576046ef3d,748595952
b3d072ebd7908688d908d350,1295684067
a48abdedbe3d132276dbe403,959208133
c6b7e739125907c86a8997d3,785433818
813d9415d9abca46ad4d92f0,939373214
c631f8920a2fd1160f6b15cc,731870860
16194707d4e85fe332411bd4,606896592
31e241881acaceb02ef915d2,833313271
a3f1214ea44063ad10956fca,665038584
ab086fddcb949e3dc0ed9b5d,785518315
ec4df02b32d90c019125d108,929163082
09eb808ca3859318d6328db8,1125460546
f520fd12dd3ed32ba78d357b,876258581
0a2f7379cd1bed7d2d2d5a01,1044918984
30652905d3eacda34ff61a9e,914648202
0509650d34981639b9c64a22,938271273
77cd6b199ee485314bc74626,828596838
10c836c2e566dfe9edcf3d8e,1055605896
e109ccb29c02c9b35b789c90,1066702568
2d60a221b478264cab9816f7,993482757
d34c48ffe935cec3358b2247,1087052967
9cbed1ed72b444c22d8c1614,755883217
735c3aff4c151dbc32f9a76b,1056618193
a4b6ceedaf89cff74a292ab5,889544744
052957f95b6e7b41bc625009,931006724
33a61cda27fadacce0d1aa7b,1182628387
6c3bc8c58ce67b8bb9f5894f,836770606
1988513503246248b80c7f17,1227133652
57c29184563b31f5f752c5c1,1050875727
bc6a7d4ceee8bbff9ac5eda8,894369467
f1b7ae24195b4414e6d6a001,1065176166
e7b3ec90b47c9e6009ca8a75,1014330186
39b62c6fca161b80bc6726c4,1190656544
55163359d7cd910861059389,1440682541
df35908d6ae2847dfc73cf9f,1038659590
ac822dd448e04e9f8dd1721d,1452139237
7e86148f53beefced6e0f3e4,580836498
6eff15cd6372aeaab2e665d8,578896790
0a1af9bb571b90233856289a,787778930
b3cc5930a3cb26e35a45e09a,692143310
0c12f73305bc7d72bdbd9789,864488701
ac048209de77cae737d60545,521509483
9239fafbffc066dff0811302,517631584
8e0ba427ea909cb7943929b0,621341948
b3c99f30b16fa80cdb4f213c,759107752
d1dc16c82942902c668a5c9b,806540175
5cfc9e48ab90da0f4e98a7ae,716210171
9abad9f79352ed42d1a9f099,543148987
dedeafb60b4a39950e7a984d,543148987
74cca5cd08c4bbf5d0404d74,750491242
b6aa1cb0187c4a1715517fca,543148987
e22bad460ec1bc991f14bfbc,877299173
594d46a91315527995cbd807,788305521
2c0b4c8269cbe25a4e85e049,770791424
1014d3a98e886e1a7358e29f,623462630
73d6bb3d6ae08921a6117f5d,602481534
de3b619a7c80549db6ab16af,514430097
da34d6cd832009e428d2b467,520155970
104722434c2deed04a901aa0,557248841
cee66eef685e4764b9553a02,640455884
58b40969f1b73182cb6d30db,640455884
964e9c3f87176e761484543e,633570098
19487167081a9b0dd09d7975,1094724733
7d8e345c9b16d0fd69f848ea,938419823
7d4ba999100c8e694fd820cf,1012011999
c6b157e7a6ca08d04ec4de4f,568273349
84ec2d5245cfa146dab05065,748011431
c844a386941b86a3d4c0312a,691496069
0648aae13097ac649fe714b9,869002961
34f220a8ee1f24bcc5790364,505967871
d12eda0ba04f846d73cd7acf,1584168235
c12904320223ddd043f39c63,677780235
8bce0097d22b34a804b502bb,688122363
ec1171cac1eee089be6f427d,600574508
5d85d77a06d0f0324d15d162,1032849979
0349908483ce628a0a5fc164,979328448
d74da3bb780515b1273d741c,804998179
64cb8fc8412c9247a5c243ce,1380193227
3a53919313bd750f2b1af906,807186638
91d265ffaa6b407e9747b15b,881361870
1db1d1b76e09197dd915a8f1,1691600028
6645a3080e5d10779672d139,970509908
3ff6e77706eae698f86eec29,694841228
4670d21fa84e40184f03d5de,533356100
ee8bad3fdc93f7fb79c9cbd8,1029376865
b624f0438025478c9f66fec2,900768223
37dba4927e327d3a4a0c1d36,655045454
8d16b1bdea35630a3b09b192,711976047
d54a4c353cebf18d452be515,842483348
c402811ade75f5e3dee73ac3,866360728
dd926903e87d691a0f15dba3,1061468500
cb01687abe09df6838e1b224,635018041
6ad3e1a47d1055b55d14e091,710076044
b8d50a94e8166e471fd8282b,690849066
a77d82703468f2f9e8f2ea0e,670459280
5d2be469f69f31090769efe3,654782190
c4e8559ee733a551649a5dcf,944733886
5996fc90f923d6e8527097ae,1567365963
32d5772adbcc785ecbc2c55f,728683254
5f088237d263c37e78264bba,751055682
799afa0396b9f268f239db51,609592466
bd23b1463f0936d2ced5fc67,680898122
8f35a5d800d98481d7a8b6a4,489411374
371b5ecf08973fc6e6849d14,534664280
fa70a55dd0e2053a1b566de1,573330447
584364cece0bc4d17f0e7fac,608741758
cd968f8973a267790a38f2f2,537790703
c46b122728ef4c9ae8be444f,685616296
4056182cbd8c12cd87ad9e84,917650016
6ac747618b6ca674e86cd275,614825293
afb02897c700dbac941ba8b1,726043122
198cd3f4e9be65b83f01ceea,621849322
c92bdf97d7f0a9a12c024406,551187775
e00e5934d1941490834c3145,748210094
5b139fdb19ff722a846d71f0,791943809
8b554961129384797391d1ae,765716886
854e27be18fb8f24fd433eb7,606272736
241d9f8599ce6cadac1d6609,719125731
b85b37ae83ef95baa03752f9,962184708
5b3ba9e56e24e08e1f81e220,556073106
58c6518f9d2d0526d31e7566,614733229
38a1e2050dcab9b4c70c5e83,724343183
da94e4a5fdebe3ae7bb1adcc,691713309
49fb2771ea6c1e8950cc9a57,749793827
f2b67c40a560af8729bc6072,502559866
13fc2dd1cd32d9cfa457a5b1,623953052
b6ebc3b8408793f5058cbb90,914480616
75ce506dcb994b10497e6816,860269276
6dbfb281abaa9a6956c080d7,552471969
af67a68803a18663e4b03eb1,521571942
a9c212f77a048ddc33ecebba,596949457
df89fa06e32e90b0b6c2014e,672558801
f20a7f264a8285a75dacdc1d,729444315
61a363a73f3c93aa1775c4ff,932206651
d8c1f7303b205fbaba2890b9,592524917
70962daad7cd15ee8af564fa,908259113
087caf4bce7b0a3fe3c47dc6,825875027
5d2200b04fde91f830478aa4,565795745
821eabfeef3dcc622fbcbfc4,512434415
3d722d960b860b4bee79ae2f,737855143
4d3d887d2236c2f897f3bbd4,559161514
7fcbcd9e274b75a157cf5d5e,741834458
88ea2d2d7cb6d641df3ad76d,1121668544
c06088db17767866b7f4ba7d,1016100617
e4a9626b1107b9397d0067aa,697228925
82abb1fb693f34877bf1327e,1138721818
3279efb86571efde18eeebef,517280125
afca7b219d52b22522abd00c,890247237
7712f963ee37e91abb7342e7,736634350
2a2f455525c8e0bd709db91a,688372738
833ded72a8cc9c0d606a7a74,784179660
f3bf0be37be6292ba0a8736b,1067069326
c06c8b6425e3a7c2d7481e42,509546814
27d4f17375f76219b446c092,411189527
9b7de95ec90da0dc8cff7011,736047852
8fdc9f203c3de5d486de7ba0,612430956
ebf2d540aff82f1aadf95f9b,623281942
51c48d17e774d6cd84f4c355,574233428
5c1d1ee26cbde5b766cb4ca1,803090604
2d26b8360f1da9a677670fcd,605912848
ce1b06502cb0c5d9846cff9a,583883130
3186cd0a3125adf3b25587aa,830478962
f839de5370a225ff993f5b2e,671933844
2900dcf3f944a7fcb33aff36,764008248
3f54091296f773f5a1bb240b,1121156637
499f6f4997474415f0bd596f,1019933411
110539d2ac34e5180e3fd95b,901971294
dccbc668caff517f649cadbb,949885462
823c9c7abf2d00140766a2bb,1318266330
94af5eccfe170cbe7d428184,832458001
dd21457e18f07d7a927c0104,582022683
5219cb469fff40cd9606bad9,844954572
5a83bd697db5076016c0671e,588445823
2a1edfd6cf74573521ed74a1,497128527
40aad45bb7a980c9c5e1884e,801384221
a315b497dd8e80464bf0480b,897992958
7095d576a0b963eb340d8fdf,640488516
9d6288cfead77d622f5f5b95,913180534
4caf356c110a50c6c94f3eab,883629531
23101b0002252f3d4b3e1d5e,958806664
8d1f7b0cfde7e496e7bfe972,728748626
28e572584fea1555e2a517ed,627583363
6666ab486afcbc162fb560c6,1125992330
b0978c973ec3291e950185c1,1301876679
d6cfd3ddca2a59f0b6999d77,683563301
a77f5c03a98636d90f50e11a,1112135861
e6387696767d20cfa4918ca9,749501618
1dc0fe5bcea9d08874871326,566077541
ccdf0abddccb1a670f31c2f2,690878033
3ba769d65f02217656e0f5b5,768442142
628b3b56449724e7d945351b,753894480
b47713520859d58efa95bb06,968543410
e6c6625db90e519f9dcf1b23,658189384
3e1a1b2a518d3ca2fe3950b4,527334899
24849579dc9ba7fef1b24396,601219570
6103571d9525ded3c09668c6,665971281
a678e89692df9b14da9f19b2,595384099
47bed52dee0d311ae0016b08,750130199
36c0d26b83e575a500a6c30c,564043577
34447730b60ad12f4775894d,1332786301
aec1778ae3b5e60cac280b79,959403635
d95f38f5d1293c74ac52e823,1332786301
5dedb7b64b6ad0b514de2bfb,771548874
60c71a98253b5550d773a529,749501618
099ee1a7c91105ef46b5e7e8,738064492
b56533bb19eefcb244e69470,1351622339
62f46b8989bee43db86ff589,570381955
4d485ae48974213b1594c905,803081531
c627c6287efaeb6fd9049312,539798147
976945e68af6a66f6fb0850d,662332570
93e443a5b3864d52765e6484,706030740
6ef9ce7a53ba3bd892e21f1b,743295024
6f3041147f930cd6cd4fae05,492716765
3917b95a3d05a5e58c117f68,718988566
d61ccfd4239026feb484cc93,361630612
b443781523fa0b5be4ad7739,782793726
6f0fcd78c473e4e04fd411c8,827128851
7f134c92e20aa9c6f084edc1,593457762
75075631f0fd84fb0ff49417,600560668
eae4243c274735d616c6b9bb,1134939306
25d233d2779009affadf5e91,968993811
1990717d8c7aa8e732bb1165,1168038996
71b99de83d83dd970b00f07f,1327813724
243ab5db6e47f3536d04d312,959947939
61cb98125f43429f7f93c898,791984158
6ed772640e5a311cbfd17c31,749454830
d9f0b4c92bdc9476f50638ed,597720665
796eb5ae3ca5b63c9fbb240a,853725619
e6f3eee9f5048005f24f0943,606303626
291ff191bb029742387a72a3,864874824
829bde7f8716daf76f65ffab,725863381
110a2f124bad0f9381edce7d,1127029779
76b719681617ff7f28d33df3,798719729
eaa6d58e226904e9993b3493,617375199
af3e3a83257eb507b96b2a1f,1260812092
43969367322e86c68b51c2fa,440305539
50fe589dea73e764b7735938,495885272
13c9960a03a1c446aa5515cd,680912318
e7834f52ebad3d3cd00d069b,642293249
fae37ecd6046e53ea121b1c6,584107374
8a0d2f8860a90322d6c3b61f,474788742
008c7a02d158f3b17ee8e015,591683046
3ea6e8da2cb0bf83872dfd8c,762516803
9b184e58842bcb14dd42103b,481614078
43eeb2567c61bfbb059fcd4e,631129226
ac7f6087e19c2d3502368fac,703055846
73494d52196ef9838b1be34a,1029271979
112d996c4c0662bd13af3ea0,831252328
8c3a02c9ca043cf0f322ba84,742759422
a757ba01a02acbdee50462b6,888187336
64e3401f22d18b573ff0504a,608110883
acd7394afcee30e084844c63,666809727
35255f80583ffbd504250554,864398642
370a0d0da794efd58cab251d,879945570
cdb5f8327360c750469cee74,833313271
dbffe8f46b3d9da2e57c97fc,970411020
25b1ada57fd1e5c88d939c71,819511967
05f79195e285c126125d258c,865584332
62c017eac96743cfbb61e86b,993222941
3ca7f183cc0b303e5d455309,1166228549
a3dbd504524f980ac5325150,1162098815
5703df84eef7ca9bec5bde45,900676441
513aa9c91c245ee4be31507c,1126479066
d41d07d1aa700278cb81ff30,1050517619
207e39d9cc4402edd48864d5,692314288
7134b03f54b10f282ac34fcd,883884929
6d860c215908949c4ba1c536,571929394
f35f884365b1bf6fb303d7b5,496288908
4f480aae78aa068901ee9468,540442774
39a12600317b58457f68b5b8,582682319
5f0c7a6b4f46203648a0bacc,428877322
d01f6c0b2b338289e9fe3768,462933329
613ad83abcebf6598f0079ab,841777646
effc32659ff9bf30faffb3db,731960690
73fbb3e6b22b957ba6b7557c,541782770
6c8c5e22025ca4f450a428c3,623378510
d6e333e793f75c2ab34fb127,618081309
b82e52830b51e823ac7187fe,552605801
35ed4187f732a1ea68dce712,855018241
0c5067ff99e15fcf99792cbf,855018241
0ad01fb039a198262ec59b72,831702351
906014f0ee3f3f4f0576d4da,550834619
13477d8ef90576ca84258984,582401635
3083a7ab1deb092f7aca6a54,656918026
a92ae34df90cbf8af7695ed0,1054707398
82d22ca21e31222068e1ecba,812676644
11727589f7c66554e9114407,699587748
9982169d6f3e9ca61dacfed5,559226121
2de0ad9bf15232d6056285fe,785313127
eb6e6060b78676d13d6bda48,609957600
6f37300b1fefaaf746f53907,896617837
7698775967b96e3e7bf66e6c,773212147
863e5cf88a808b8ca96907ff,753233013
77b5c9a5f534a5b80cc16d09,780716565
ade0c9cf1f9106e342c69bd1,526630933
6fb45859693c703fd9c812c8,877408337
45badd183bb1a4c630174f3a,685326577
f66bad2cd4b09ac29f540f63,784051057
fa3017d74586eb4c3b5b7db9,1001985100
f09bb33b65b5ebb8fffc3a21,887364355
600dc823c42aa64f60fc3ab9,722766884
c1d9119fa7ae7d44362f18ce,1170007281
a1305fd943ae63715529209e,977938394
8d81b4681ad0055c274e7da4,771348456
cbb10e7618b1385cf922e815,872558104
b09111ea69c4be8ae120ddc3,856025016
099f07f9ec4ff6d835337f86,1029400079
c70f6bd5ca138bacfdf8b5cf,986586449
a6c86ab7381f6c43fdd61a01,734400154
58c2b87098ad454b1fadb13a,801897519
6afff7782d129021eebee968,1024143574
ad92f3ea52673dee0a56902a,1214572090
3e040e87b89a043564f0d0a2,974471482
49d020d2056717c2108b0927,745625465
a4ca465294c114b1065bfead,816892464
ca9520c7b8432b0521b2e8dc,506849929
4d20f253940a4492b4f6a9f0,753548033
09b61cf8ff3ff09ac892d073,655073775
86e81141e429bd81d7f0e73d,608737073
b9826d7a6132b16df1bf58e1,615645347
a90c60e05e29b77963a11246,514040066
6e9984a3c3daf63fce5cd3d6,829440048
a9eafeeab4ba51d3644f4052,650390988
f74eed3a7dad1bd8d92854d0,868073229
5b377636fe30946fff973f3d,860424538
5bf6c1862c0bc967da2cc484,979228661
cd5111edd2fe80f56db29531,804993342
c76c4695ed005277a59451f4,759362362
7dab6cd1002a8521e5825bcc,743406431
5b57258272dfd1babb29e7fb,665575445
f68b7dfd0579838324895097,1034558702
812646c7de863919cae5edff,1001358718
0da10eb6093728074b34fb75,1138221024
c64346c8b0ba32a55292e66a,726822625
ad6317cbcbb8bc27b0774fca,930068104
9f43c80d2fa31a09592b030b,1086997584
5b84f5de073000ad4d4b1a04,1380052596
d94d18cbc812d560c1e38ffb,1373579233
ab3110b5dc8ce81471f69c16,1031829449
138a1990291ba31024455eb3,1198269219
646bb3de5a1cfe4bfb7a7ea7,1391662455
d8fde541f142e6a7f0b28099,680489692
ef61986cca74fe8585b1b287,613457802
e1d8eacecd35515eb19f9135,1073392480
8346d64ed6211083fd420ede,700263033
4340fcb9c80733260565c24b,804807247
ff5a27ffe7de039e65170f9e,788607485
ce407c1e25333d7c7eba1b0a,690118818
f927027bc766ae6c111fb685,521831899
3f9a3edf25152433969f98e9,739974943
987476ca395533347581b2df,767049979
17d0e3208fdf10c77e95bdf4,701421600
b485036419de03f5bad01f35,767357826
d3f7847147c88352bd3b9707,706281922
aabaec5accad3f545f864a3d,655200868
400a103762ad652e81c8d3c6,1074640329
acf15357c1a919b6ee78f676,1256919953
8d983b9ca65f19ff3d69985f,1120655555
b9a80a4d84eb918792324dcd,600704061
223b3c04803ae7b855f9fd10,656808980
e5c8f2d536c3f931eff2d70c,978153772
f976ec33e004b2d4d32c2eb2,689794932
cb00e44cea76a92e9c44e793,591145586
0e6dcbf136294f2a99410052,752965921
102de0a5ee4f19454b922b96,727613384
cb1c8ab11838d9f0a1197e25,1096461177
2e2f1072d8db7372b2c2419d,611436117
8c4cc779f5034e9c10b2e698,542580573
85734fd69714897264ce2214,881837177
5694c1f689779fb5ca95686f,795466901
f3bb60434cb36fcdfe218478,770729955
cf8bbd3528d3e7e2b8f50c29,752690053
7db1c8214f229d865da455cc,844045235
f3478cf008a7ad268a434ba3,561324873
5440ee15bccc4eaf827fefa8,688127094
78e85ca7c532a77700bfae6d,1025382083
eb5e382e1372c4e94f467673,687873356
5a11cc89d3b01eb87535ff1b,1060681230
d0f5cebc2059ca89aae30c76,527570990
883371e374936fdd74d09fe8,677230599
9ab4e5f8cf2b807603329cdd,666087846
c37c7859956931d77cd5c9a8,638248936
730804efcdd755786bf734ff,602474084
9d021f3fcbe5f82fa1c1fd94,756914334
975ea2f56001edae07f28fca,641330710
8fea95d0a70b1ea918803f58,645972451
4718488d664194a3c0c5b446,688456526
1b87ffa033dcbf4e2805dbb8,704641193
1a77ac51e03c77ad280be447,574233428
228d165257ef052ad50433c7,901991762
513a83ac5bfe27c5b813ce4d,501144353
73bde441e18a9548c034372d,510167212
26301269301b6f96862af599,650809391
7b30dbf2f6d835ea0c14b392,577953030
254de3f3fc52b8cb62141baa,673240535
f566603aacc78da47a283804,952419918
990c8d65ca11a97a1d34c5e5,631129226
a9878134c12696d8199a1ff3,650294551
58185ef7646efa724e904f5b,750607922
37d5b8f329ed1ec29d4bc035,622953503
e6f948282e81570fd03e4df2,768285553
8b801b4cc1d254d0277fba5f,730574862
33a334a16c4547b9d7842c3d,665626595
1ad9e105d9da875001111075,904504148
08ad96681afa49c74721daad,843434656
beb73d27906bea7a7d880791,883280828
bda5b2e5a87a4905a30f3b8a,731870860
5cf70a67ec25288657d6fff4,748595952
baeb4e9d612bffb63ae3564a,939373214
1902f509aa05287ba42f546c,647009033
c0cf9517f20ae81c79ceb0ed,937001170
2ca8b22013c529b412ad764b,853447347
b38816ece917027a179663d4,819567145
c89167e42af0d42c88e8573a,923628398
09254c66d93cbbf2675b775e,793165942
89f8ccb0c1e2136adf87a10e,695466613
cff851746578050bdfd46090,894369467
d53ddfac67129aebbe054024,889544744
53b5ffa0cf0dd12e4eeb6a2a,1056618193
62db5fd2a4eb831d281ba8ba,1055605896
59b5fe8d4f5ae272dbaa5ba0,1332514713
3c1b7a0a306e16e8c22d78c9,836770606
5219c3cae1c92b52551a8571,920963552
de6aef9a5e47a614b75ee576,705871066
d168181ef0dcb853171cdbb4,1092719594
6c8e27967ec63e6dec4bd6ac,1440682541
8544bc14286a51e60ffee7b0,1038659590
ed48916725be6970cd2f273a,483965981
9ff3268cd15cf039ab958413,437501183
16cc5c280124618cd5d00027,403679491
ac028c1580f6e4da4ccedf0c,752455177
673f2b913006ee8b33e75b5e,875753158
191f96722301456877893b22,715498663
a7d8e636db44cf5d3ceb67cd,518711814
1310e9cafc0b9fc21c212f73,832787396
1bbbe4e1eb264f5c69467e50,538361808
283c1142d027be336a7bfacd,612368553
4d09c2354c67243c968dbbcb,752503204
db3edc43e89840a65749cd94,640077950
0274166db611aabe4e946a83,627808685
8153b36347669087e363801f,558569694
e04473aa943812de1d662058,713999919
7742e8923a4b832e3d94f3c7,650743079
536b5a8aea016aaa90fe744a,963780353
d2c02052de9c97c531a4453f,664272253
48378a6148532f71abcc2f98,774591232
fb0dbfeedbab00cdc7eb93ee,678556949
699412bfdab1157487c81725,962589711
a63c26369cfbabfc9c2603b6,1137299066
34e5602cb58501859e32dc9f,906732360
da83b03a6c9d405f55714b0c,1229575081
d938d682332fa9e5c4986024,981148668
e9e39766e2c96bc783d580a9,1332924338
fce89a9ffaba32f9f7c5895d,1385160058
2d6aaefe0f50db8acde6fd1b,1120655555
1710873f951e7f695fca3568,676889549
0ce068461fb3bf34eee000bc,735836840
b5606ddf3a4e60e2a0e0d6a8,837200967
2c2e56e3e5210c111c7de708,790040362
94118bd8c3da3f14f9c7836f,627776699
d20a5b3eb857e1f4b548066e,719548321
ad37e23456bd4d90010f7784,862241708
c5602c608080e2546dea5463,561272165
e3bd8bd5884a55fc1a151687,617164173
aa31e5995379bc38dd40b8f3,775239735
fe8a10fb4031669a9b21c919,802795169
08eaca41f26eb387b67bf30d,1160531765
23ef4d57d130e4130205f30d,578992243
d6f1594affb8db7a865e3452,421839696
abd9cf3c36309d590e58c2a7,487526248
1c177af5bb41e26ac0135b4a,1238528389
a05da8df13eb4b121d536912,582272771
5a5a581ad5540fc82cd3c2ed,610831831
b50ff8bfc0b4c4b165c5ccf7,755749526
2abbf26e80643dfc1b75edcb,789986666
ec903c33a379d8d2cc04ab36,894489391
c062d873af3b7cb98ccbeec9,962122655
927de0269795dbe0566a0326,897370354
ee703dca75c4dfd5d035c9a1,679115366
b8a42b02c50438c2ad7598a1,622656462
f7216fd19f41ca5ea66a9169,622656462
f487761a658a4247563faa38,707269071
caf878b42daeee3c7de336e9,704519064
29d0dd2d4b120dd54c34b13c,751892343
1cfc7d60ce613536d23b093d,842401421
c6c7409bbf52c86461aa1dd7,663302850
312ef52e0250429a5ecb3b27,833854760
48299e52748ecff3b69f7a90,649199540
a02f6ef1f148659297d46b33,835916753
67f664c8f9250a22c10b4f67,650776234
4977af03eebca1aa266289e2,733935343
39af71aaea23b5c1e987de32,527544111
d69b019e6d54faa1cb044d39,804916155
024e94e72ae88464621539eb,981198658
b980c778ecb2709696265c10,1332992251
8780134f8b40f0fec4d1b661,802876976
107f29b67164ad6861cb7059,1388628510
c8958d280d0cf2d8a0b481f3,697871596
1f8f74ce8831d5532f330925,1032566050
7be46b6dd9891ab771fc4be4,806893034
4f4f7d2b14079ddf8754d6ad,940906233
5921ce922675f6517f8f0007,1514472037
49f0323d28ef0610248c87c0,793094536
3ef167ca6c4ac77f6968d17d,686844801
8d2f9968ec8aece8d1a20137,829026672
4bad47078442f3416b2c1ff4,561644244
5e1cc2905f7a701f895123d8,698294170
a8633d3336d097920bc8a9b3,979697678
72fe83366bf13a53937b7034,1097476386
ce78e1dbbf0f7aee98e244df,880981413
11be39d287e5a8bdbecb5994,774749106
40a561bf79fa7a08155e1183,859196191
3dbafa8cd5225e261ec9b6ef,538490369
68cd88b657b59f5671f59e04,506620166
6a2ce95a8be0654f193592e5,602555700
4e613cde51f9760d3c051562,766072623
1b69d2c7fa8f802c4af1369b,686879796
f126c4b36c00d0ca11c21a2d,742087682
e6a7e6b41e6c6bbdc16e1e14,940954172
5a69ebde2e113923ddbcd18d,1065763014
72f0540aab38ebaaf9a389f6,780422031
75b5bb7b5ff8ebcc863fbdcc,1032618659
096912698fd9a59d94935478,784811021
f0ad965090221d2349e90d5c,807227764
1c224347a1445ae01184e0a2,1514549200
0ee7273686a0a92fbf48a383,1383905798
e2094d28cacad3e2a711c5ca,470161299
f50e0ea2c3831235704b8c72,644972313
1e64759f297a66524eb07b7e,722599282
7636a187e29abcbd8fad6244,601267355
9b858a70a031475e422e375f,840109970
56c2e8e14f9c6c9a9f046a08,662721431
1bd7b990be19afa5acc78bc0,465431855
8b36b7364e4a4c80a6e50bed,867049243
d348d38769937c8f350297bb,917819517
f4350916cbddd5a544c6ae46,526499263
237bce11f35d32ff029498a3,672177901
faf92fbca9baf8cce4a00063,656557828
812c9b5407424f956d308b06,996814193
9fd4adb5c63fba5a11661b23,534852386
168f81689afa1f055d8bf7c8,665568677
2a9bbffb1b98c49d79bae509,766975887
b95ecad591e5c69fdad8763d,474247377
dc51caa89a74da37ae644ff8,474247377
d97895a836e6ea22ff3265d8,611227086
de754bceba2d206a9cb4f116,725461463
036177aff84b1901e0f18759,527597870
8a6cb559a488d6ce1b641585,764960911
74c4f233c7f385be73168e0f,662231342
27a6f3e8f9649ccce7680f0a,753782590
711045fc099712aae3fe4d14,574262685
01e033f5bd502c4ad398ece7,601127682
a99261116e0158109b3e3bc3,521117847
2d8d64261ba659302da4a481,577982476
9adaadeeaf6a403e1c8754bf,768324697
2ab24b9c5349427998338d21,748222021
09ce36a03c52d6721bc5276b,648474440
80b37d5ebdb325edef39258f,687244625
78a080fc98669c0cd9153904,819574264
2d14ad8ab9573c406e203ed4,665435386
145f33a8350a080231306bd1,683217592
b0aaae3a435fde30c4c02fac,982566741
b3f5af523b5d6d938693ebfe,802958792
25d62e6b1a1a52cd8080354f,921364126
5a06a8b33611251b62d77e72,833194777
e93a9b257ecd815c860d0b82,713119589
610f192d22864016cc2df1c9,1060095445
4e665d479b3bf2e25cd463a2,675142175
343be18b0f77260f32ec05d2,468034015
33dbec39ef8c0667e4c3f039,649960650
b24fb90a2aa5d9d0c7e1541b,835751350
b56a3a017449fc4ce417009e,532969711
e0dd5e6879d824a95c3c1773,689467278
156a20e2bf9e48b9a360f9c4,560544389
d5583fa23ed97a3b9413e910,574477404
4e6f695bcd4d3c0d8497c1fd,1023567669
da7a511a5f470d99ab2bc4a6,656713084
22a6058ffe790c98a8922258,930097568
0c19c54de06d1c139df99ab0,906045549
48e687093fb26d29cda9ad6e,674782231
3ad3c519ced4b63ddbfdb0a1,680253582
0b221ebf810f632568c1e2c9,684806471
7930f32456e796e40fbf78ed,816873259
f084bfc530f4039f6631537b,971011362
f9793063f561dc76c0b49a9d,749962959
4d2ec23fff8eb502a9d93353,1142420244
a6f570e11883e74654898d75,928221355
cdf11b53a23fcf9b6032cc8d,1414332270
6f968f62a6fa4dc255397bf7,853376517
d692ba46b098c6658799ea8f,608959414
774a4b48d34052a978b1180f,634515086
acea4c7aa1185baaf6d3b60f,647434971
07ce6f95a7719abc9a204b6d,790307280
b371665aece480b8c1602773,1113942448
5edc37d9746cbef8352f0fa4,774132821
26617e1fb3b4f0e4a70e1b0e,630389462
b1a13541b37964b8b85f4669,753367124
94213637892f5fe643cbe8ca,753422464
742acc26686d04596ba60a34,666256010
acb1d16ce30aee0a39f01f09,748621129
e0d837e6d5d74fe91d39d23c,918631337
29028322a6d692edc5ca713f,591557552
03d54a6e80d48c96a7f6a1fa,635877137
8616b310e335f539ab1109dc,606210961
6c21f6a3513869f93b32e9ec,969407542
10084cfff54a17bcda6f19d3,910354135
169c742419c0d4335d09fb45,706485511
0f06896d7502890175cbc4a0,734948067
7d2e3464d5f2f79ac29e6c0c,842217779
de9053a55630670ee8e59c9d,614082822
8d54b9bd24cd9da341cc942a,729783560
95570bee1792641c7c12e4ef,1615353050
6d0c5546a498fafba15f2e17,462886418
ed43b0ac46067bf886457c01,1053837436
8890eca19a9e1cdc9e0f0541,1161279911
760a5dbccf4eb4ccc2622b77,728191332
20fe2d7fb3910ef786cff965,721525887
602abdc140c40112afc1dc98,637862238
b7f906741cae6861bd5fb922,612368553
4d45fbe5a5d39188b5eccbfe,801961542
08f74ad7f06f2c409903ddf9,874250347
7be186f4eeff5c0efd58e424,779337069
3d1a767dc286fe1cb86ed9f6,803008775
2ec9f5265334241fc594976f,986866623
d737b8b7b39e99f7d877b7ed,799679587
8fc50169e6ec98a3f4229ffd,850620521
942133ad6b84f9d08e1d4e7d,881254731
c965b03014d21473b27072f8,860392343
f1c8da86597a427e24dcd557,768207271
8ed5e7770d03c43ed19abf42,751257379
68ea36e3f441cb6da8d36198,873189575
c97715bec6032974060480d6,1138186546
e6eb47d050702ed49ef5c49f,1072908019
5a82fa348f3b97e74cdd3a61,1042903991
cd05166ab9bf3128c23fb8c7,960258904
cbe4318f63d73fea6238079b,1204885875
efcc8d268982e95fe2fdb311,1379982286
c45d7f326a2f279760d1a4ae,906732360
7c5ce0e65cb26773edc9ddef,1322402117
357fda0abf79ec95f73e3584,502812416
a1e8f0c7cfbfecfd1549b0b5,630580584
3f208f32cc24d8ce1506ed90,734287749
87ca8a2b3251a38d45730f5c,653170877
728961e03bfa6e3242f06d8a,645259072
b9f9dd0d368df912e6e0ce70,735947095
429b049255a7edf227a980a1,616009619
a6259664a05091ef92129c7c,796967011
674c915c52b27df2c06b8bd3,763373357
f8be64dc83c5923983fbb770,1065791859
445fa7f5e8e9d7f12e8991d4,1303288632
0842816a5ef4f24435c8df22,774035179
40558b62d83e4362efe1fe26,530316866
bc474096496b98177e40f590,836126465
2b55989b2253416428ece917,836126465
7158e3a6d456211d4533e246,591592616
d4fac54e137f5d27ce5f457a,898217301
faee80ca0efce20e731823bb,765877496
8ec09555f5a47f96a8683699,892074212
2d7a48a6b9fff20ded24f86d,630404482
514b09016ef85b9ddc4fafb2,512768737
a1c975ab16effc6f97935e16,793125927
e803e3806630c6579f004610,890540974
26526235b34fa5b7349df00a,460271712
ba762cf12cc038e5c43bc6f5,691873456
45aa335dae223bccb31ff7cc,601795709
1dd3d7e197075859c1ff5b23,888178509
2db9b3463f85dfa87347d6e3,979506819
f72cc14d79ce15491a96ddfe,986911802
4e25bad08182b79f5ba9639b,1153569155
e724a1db86d8d0c6334041b6,672618895
8fa53bd51f5d54be50b3fa29,602120523
fb7048ba61e9e6b1de829bdf,624879699
4bf70f19da0bddec9241d310,502895533
13c7f3592bd432c7cd0a42ab,681408210
cb64b363295d36b9b0fde3cc,1222221077
bdc17ea3f30318b11df30508,897192949
cb7f62ac4c1afbb4256601f0,963516403
5d6c275d9d3326e738c875c8,698441053
9865836c04a9582688f50496,592721859
55a615b65a28b64d46ec63e4,977892851
dcc9e2c9c1151bd9f93f44b8,721369311
1a2c0e46bc18bf3224450064,663772339
3de8187003cbf6c4813bee45,549635397
d62663a447beaec69808f85a,397421931
1ae17f134221d5d9ee69ebd9,535219164
35e55d060b1c4239a85c0ebb,543430589
45917f1bac415feac7e41124,607225174
ed44705c17c414af8442b6ae,579949105
6f01f2c67343ebb8ec717a5b,587489893
8f2218126da9580268661c70,832090312
5b36bc6e78872d2ca6d3d1f9,747879074
c5c7631ddb5b485d0e992f7b,517202596
43c88f1874dc7f91c899df36,839691240
dc544c90e6ee38346a6002bd,927734167
02990998f3621fc5a3d0ee63,578428814
dbab5ea45ae910567c97fbb0,919354098
bbf80c409ab3a6784028eb6f,624042511
40e56beaf4a7f28f8108b132,624042511
e857db57a89e165eade00770,634038462
41fc4ca2b3f48508d840bbb1,558447082
08c1db1e620e975c4d476b2c,558699427
8a1d93bbc83f4728657317d1,611335161
6be0ddd4180b5eb92908da05,609055438
ff1498465e4db86f4f652e87,654299025
6410d336f6e61c4a81403c61,667039655
169cdb07bd175b4325fd28fb,543395654
546b56fbf616a6dfd1ad9d88,859903493
666af58bb684c2d8e7574e86,1181099764
9fe75dbfd537f9ebc6653f18,801258091
ef961c130fa3b9015b103154,984389360
035ea0f13f2ca01c902d5388,583654095
7800f742ee14c4b4142f8b58,865263509
0c621256c4d7ca81045fcde2,697357056
50db9d168354ea3d75a03a6f,750049078
7bcd1fe7a140b6eeb4df2aae,863073046
49a4cebdb22fc2d72bd1aa78,707647582
69ae1f2868fe714ad8e2f114,554781663
ca4f4a66d83f2043a7dca261,662731059
c0ef32a7a294e5891505bf35,662731059
5ad6f4091b77715b7f74587c,1296534076
331e915e2a66fb70380282d6,880048051
3a00543fb00cbc044a5b3527,485089800
81df59c6d8be19568d16ea3e,582132976
88a4da0d72977b0c56b31061,894338132
3ff9e75c6de41de517d1c4a4,633323571
147f80fbae69dd577ff19950,769166324
78beee9b7fab8600d420fd27,708589443
c3733b88ebafc0a05f5bdc99,752654484
568509a7aba60f8fe2d0cd5a,798198070
f6d3f7e963c9aa1783b3adab,1226773457
ffcf6794a400aba909383b41,795047371
fa0aa00078cc178de0cc7d96,701621090
eec51f949083f39691e37e15,806656262
26f3d5bc3adcd1396747a414,1256855916
cb9e058f82b10cf80990beea,725094564
22a0f3315f7600e5120db131,522085851
bf6845aac15fde9b89a7208b,603700216
6e3cbbbd3f4d0578144cf021,843660776
98a0289e513d5ba036b24252,524388781
597d3f78e2f413acabf825c0,666934164
43a91a731e86b9a0784f717d,525623828
f34ff57e272cd08056e6a243,569832748
6f68b289516faa0b7ef36a34,458558059
8bd8a7e19b6d3b8bcabb84d9,603571074
74b64bd536ebbcd7c30ef8fd,898017742
f968e756cbe6504fa0f32458,916972260
e99d9dcb9880cbfd219b4297,911911472
4c9e6812520f4aea4ce435ae,821142198
78419be95416d2991ade8be1,652001333
d417ff438d2a418b1f9e50b6,505567543
3ac77ed776aa4630c7293240,755788031
95173735a8f6e554f083c065,1024728623
83da39bc1a2eeb75e2825c22,603334083
4bf89c9e50c5417ed669c481,1219764845
f90fd39477c8da38e33ba0fb,881946751
b45bb2d0d137de6984d4e1ec,620339265
bb812343bd6cd66e9cf9a9ba,535535754
e299f614cd8ae525fc8fd0e6,823271922
521e9326a2003c7b56fc4365,769151951
dd59ac4f6706a1399360bd14,791943809
d6c6e7f923ce2cffba8ff9df,606272736
df07a34d0ee2f78f115c45cb,887792110
db6061f876f890071f7ed957,950103670
b31601cf48b268f3b4107564,726000064
3a9b2ef74c59e96a6b107357,575778733
d600310e19c926cda14ac923,726859656
183f2cf1a1c7eb9700b6e72a,1380122910
42556b1bae874a5c09777873,930115491
57c1ed738536d177d66fc52c,1516793243
26cdd114566b7cc63cd96fb8,979278553
0f679cc583a47b30ea132bbb,686809808
32ea7e13e8d9391aa9b7ab9e,612430956
0a482968c7cdf212401d72b7,931618836
85e4ee2583c51592d68ef5d9,647929362
f4ce15aaa352d707b68cf773,558063382
7d383abbb6ac49c6599ffb0c,803090604
6c67b1b0991a1d79251855c3,1373449771
9e52ce2cb6f6b7e2a152dd54,605912848
bdeed3a7395cdb9b175273a6,1137414960
423ddbfe2f575e6bcb22e7b8,744447293
3247399a31df838ec5fe58c5,1083929219
bd57e5cd29d935cb26006835,949831950
bf00f36c4dbb273d7ba4b7dd,566767052
48b9efef82faf72bcbdf66b2,831252328
d2526a3e39ea01f87c99d073,1032513443
651d5cd65f80c4938deb7da4,571762576
0be7803a34b11d89133beaf4,881247021
a54b0b282edbd217e9509287,1090787181
550c5061428d09afa0c409f3,856213589
7538c609fdd115c9dac551f4,592209150
d7e3cdd3ac239a5c318f2e9b,1215198144
9bb193ea939c5308a738fcef,595067992
33425419e1a8e854418c5180,495843357
fedf2e30e390f5cf74b27e97,711026689
024c5c787d005adbe770b9bf,515327694
13f681a090b36edf38a4abd0,639223361
442c6bda79f63bae28674b1e,844790188
47e0c773f65485ab7c78d49f,746584332
9e30b310c820d0426f504d90,591652901
8cdfda9067e0934a8ebe0894,765085855
0a8aaa78f68d43e3b1bf6c51,772877189
1101f533fd18cae5d32c1cbe,830137009
9f6af9ac2404a8d55f24286b,674569586
75060f295e0aba8e1224f766,659627855
f0e68102ff84f49d90fe38f4,500131786
3c45bf3e3e31e7804ac91704,474764553
f908e1de4c4be0d77411a998,749788389
ca643c04044fabc6fc566d12,824699276
8aa76df8fea21a42fb6229ff,768654153
c214d2383936dafbe0652c51,831209978
993898470c6676ce46ede92d,859833611
18f6240cad6e92f9151099c5,939044484
1e63fac2629793fdcb793f1e,898308832
e0137390f0186c98f4e91263,913460536
e35f95823a486c52b0f4c2b6,771287223
ede10672118071a215ae09fc,902922682
fcf46edf6d612ff1f5ed6134,855296274
df4be33c0931aa86231b7a2e,1047387213
53fdb16ec08e794dba9a10ea,687228127
74c24c5e142e5267456b24a7,949783559
f1bc08407f40396c094e0499,966483753
496ce19c015093e97144d375,632335707
a183a1c009abf7251fd725a1,815857570
6bdd97526b1a9cf10853df1b,671622480
f083a8f187e2227696695ee1,784718179
2621e068043a5019aeed6c8c,743356505
3b43e7acfab46651b099b1ed,1161133530
6565b3281cc2d632febbb6dc,1119659761
09e47ad8508e7cfee83c6d68,1066832531
88b02e7b20ce6db956afcdd2,1125926223
bfc41facefe9428865e4c29f,1262658682
569bb17b961fbdadf7106d56,1012044783
2314e3ffc7242a429e00207c,819150974
4bc1e2cf5e5ffcbe1020df08,1241304340
949c4a5382aff4750b4dff83,1092663922
a63b4a22614d334b4a61ea16,795082472
734fbae84cebd50aaf71c48d,1190655416
f92935374a7ef86314223c5b,1859617643
6cc8e22f11d382206273af23,945690688
701768887155444b77c4f446,528048131
13c86cdff4dd32a9f8b9adcf,818487897
8002e2cd1b70ddcae88ebc4b,1067329080
d0d77497c8a7d567f01d3afe,759219137
95a7b01cd60cd10e7364a600,541723884
d1e38d7cbd32567c874e194b,621916217
e674ba41f9657ac8f30d4f7c,1044581268
6bb760d54e5b0f54d9612a8a,780461794
9e3bbcdba89c647e4ce53182,817916220
72927abf4bcd53d6907aeeda,766111655
aebaae467e5f01db3afe69ff,730033183
3ad457c8855ab8921a7974c7,1097532303
1f3d3fbcb686ada1a96e01e4,625023734
0775d831f68b88ca59eb871d,994916664
5fa3b0993cb43d3c72c30093,831379392
bef19d0084cfc9f6fa37ddd0,674154559
85a856b4d0dfb1fae861f513,686914793
07fa1ad76017843232107517,1514626367
4049086139009c35dfebb3ab,639129001
655120f80a39c19221623311,763582824
71dca93007d6ba45fa40eaad,941002114
9f41ce015f02d67e193c41f5,479500871
9017bd24d173b2fcf564b32b,1383976308
e5ef29d41082025c42f7c921,726646150
5c60d7880850970facc54bb8,1003400996
f51fce25d8376d48fbe73a43,599264538
9dc7b0a394309d8b76d0bb7c,682200811
a12ac99bf63b547fd9180a79,564636426
378d846a7af35e0c3efe53a9,1120538438
0872198056be7edd5eff220c,1075810975
efddad1eec775ce61d3b7b64,1072901043
70c19d59c6b9e194b6bc09fe,1011072531
b0d3d98076883f346cee8d04,1014681748
c7694e92a97bb66794e62fbc,757241698
7b4fcc72822460a428c19282,886024011
a6baf4631223d9b24de8b590,602687241
a6f616d63d134f14ced205d1,933000683
50c123baa5783185ddbe29c6,824413827
24756921525595f1684929ba,758765671
caf9c761d21329c993a0bdf3,886082159
193d70ead1ff1043845e7671,904006691
62ea31859e01c2f4d4e97baa,882449238
272b5b5c28e46c6f5ad95c22,552797175
552ab0964056c1d1d1b7398c,1246379072
23799891583435710f66303a,596872511
34896afec0b639648c527483,1033785629
eaf53eeb911ecbae638409e5,490500767
b1fdade0fbf0470060fc2708,537527608
8a20478528e97700dcc84abb,634295696
702525f05b47353c95b0905e,694775998
b84c837c5a1fd0f1ebc5f8a6,552870065
ee2d16316e6f4f2388494c7f,842883789
ea4af07bef4ed93e81ded95c,1301100939
1a71d0d3503f9eff28acef6f,992424782
1fe392004a09aeeaa6e8bce7,752067355
46d4b0cdc81137aa56f516df,1181902021
4d666967b74ccdf5b04e9787,493049594
fcf79745f8cd716d3ff9d27b,563470735
aa8a19a2fd3e2cfeb3b7dbd9,645120528
f055602beb49dd6040641c9a,723233297
7b1377c8d81755bb9b501064,641626364
17d0418e4a439e9de8006f5f,899650793
48f1c6e343a4724ed865533b,676106926
353207faab3dcf10feaac8ee,720658559
ff188e88378c8e2abed8119e,580137718
424b41f5e01ea2e2ccd3ca48,531501561
608cf4f46a188cf84f853c72,534325614
f9e7582dd99d36bfada56249,937136168
d52f04fb69bed41ffb10fce8,1443989776
ea84b58f733c8e491db98a52,929045827
68699eb9653684fdd3fc79b0,979547946
31f52502e89beb1b2e0dc3d3,726439337
fd41747287a480d5c4dcb56d,1379704108
b7afdbc1b57b52e6fb03accf,1432012019
48b270a493af4fa28dab9211,676787621
2a787b39e84958ca6b7001d0,720566795
e439c77c0d871996bf06bf88,801343392
91b8b9db5372a2c3a5c30c58,637691749
038272b33c075765464761e8,700675660
fe8e45caf7605fb91d6bc5f7,821101145
d354a2581dcb183c0cd70540,637979982
9421ce9f204f373a50357fce,676851134
56bd3b61805077405af098a9,887531417
0a606d19ae362a58922b172e,714604985
ededebb1a544fb3246d3e131,649124776
6b6c365359d20be719ce815a,795109817
b8b22c1afac62b05ad389dc5,482225895
3e3717eda8ec9a68c9d83027,557452966
03be8ec62dae56680beb2cf3,578012574
fe6c8cd2e792d62a4c324da5,729580976
f9c133f7a12f2b8c1b2beedc,938431358
4ec47b8100d224499ec608e8,972196994
143ca16847cc47d4a4c01ac0,662755196
22127243f7ba3a68c3fc33bf,649527396
835eff7679889fcff6795d8a,762608857
4ed3eb724d4e57a7b35ddf5c,947589853
4d743a1250f7d91e2782708e,583591434
9f5cf735a842860e7ac753cf,794544684
e54a8b735724b2af56c7a36e,620067895
3b39471f854357b7e5d2853f,887111374
91bd11b5a8e0c0124be78f46,499476412
6121943254877ee48716c4e1,539931039
3f4c2c98a5a6cb78d7d26327,676016535
2b6d63d6b072901effbc8e1e,971110311
7e4b240c601e37977faffeb0,971110311
ac29d71a80307cab65f29ff4,593202633
70c77552b1bb67a2a71c2ee1,1236851969
54a09a85767156b072c808c8,802255020
244210fb4bcc0a04f2cdff95,982301536
9a2b53c1c7151a8b26a71edc,589743374
918c48a512fd6ff22fdce5d3,775014498
effe4219e6cb56e5ab70ff6b,802051460
936e6d2192f28a2b40939a4d,983097051
ad9a1b23979f0edd2ee19f38,967209910
8a8e4996e24142eb413c0d12,1119773857
31c69cf4d197f97ac594a896,964311557
143f07eb2a8f0a9e26fc4c56,892544669
e5fd3cdc6a19653275c7f4a8,1019675782
5c7efb015b8ff7f108c99723,770492087
394718d9d069a126e13be804,899672729
56f30ea777f5493139f22384,1673702164
37d5a902f1036cf3d80c275b,573434985
3f418a8bcc7adfa87e0f67dd,878741313
051416c05445860d5b4095e6,591437948
887761f34ce0996bb05ac48a,1239551943
e02fa06a8de8a603e417d5ad,723339066
6f5929e67fb8da068b91096c,826992570
291479f573955e063f2d8bda,983911801
e60850405ccec092b8fb5d02,621127264
464864b367e16547fe319229,912975617
4c14547b7e02e75204ca9f4a,750710552
6183257f16bce94113879745,533503865
46c34a4e5987c20eb1f5ff99,677780939
3f39b25dedb96409dc9d1947,1050942475
e7a85e64ee07971696f555f2,869416515
33043b254b9085fc82ee1f7f,482336476
bd2759d469829bb8926dbe09,728748626
affae17b6cc59bdaa30e29c2,949187128
e611d41aaf38a58acaa0bf23,910439336
0de426088a306321990cf60e,640745098
685982808b30597cc013e2c7,668325400
4cfd1be6a93641b110fcaf67,608239137
68fb3b3cc3e5b13440eb014b,865619765
532bf5813d7e70958f71a480,1288492309
06ee1d8f3ea326a0e3a9791d,766069001
1862e0c4d8e89fd2302ab376,1465198310
f3dea3d678d959aaf6b2849f,1085080864
2478e48a3c6bedd57c13c72c,815197618
efa36c7738fc14a11cc352eb,702977526
2f6dfe9443645d6629eeccb9,788832557
bc7e867cad6f221dc44754b2,801517503
e4f2fecf58a038d7b18f7160,741014300
a7620d5599ec354541c8af13,1055250265
484cde8e47fbf62a339c8219,843488015
5fcd9836a3ea537fe86d457d,676186095
1b288024824312c8b1681bd9,594355510
44e4574527acc86977f5bc41,818270486
8b716bc4d6d833f9bff3e729,561415628
0ab85344c5fe6ccb0edb6313,994217260
03ad99f1799f2a20c8cc0a50,1160022661
6db318f828d464be421eb572,1050084183
c3e648317c360c76b94bf541,616409705
19cb65620d2330624252d01c,432789905
dba9fa9642ebc97ccd765db6,607309824
1d2467e5f991b935d676e906,648275766
4091a115125eb4a67f494620,730235661
d197410ebc0e3b9937464923,502755219
722699e593085cdd72102baf,537746202
c059affd0c19f6d4d76f37c2,532541756
855dcebac302ec5760f67121,658843690
f433278518a80c3301f26cfa,606834753
66a45b0aaf5f696d35f5cebb,838692862
0152ffa8757aaaf417e9f997,1954664762
55b72f6c7163a9b0b3b0b262,771471770
c8346a875be8391145a2f9aa,474388102
11c86230e62bd2c9ba44131f,1149240895
c4b97a459e2c6d13710fa273,563424346
8bcebf3cdc54d4ec99ba0d88,728580192
ad159116d166e45b70329bd5,725511208
6f060a8ee8d6d15f46289759,831816139
ab5f089f9d2ac1bf52222ec5,623025132
f4fc2da675d6a2583054fc56,604780948
89eed91bf5148b5645408222,663123770
0761d0b7c6e319a75b06d420,591364751
ce84187750fa7aadd141b5fb,680358846
ad77298955813089bce818a2,918182185
3abe8f334f0f20f8006ca5d6,831240280
36445c32822146606f75dfdb,959287240
f9798cc6285c9fb3ed7cb668,688847560
59dd396f70b8458772307895,860945145
83e91710343450cb0812a6e4,953423860
1e7a931100be734988955242,1350567416
bedc5ab20edc896f814c3f06,801701057
f884247fa6414f384480bf38,470489835
f34a38cdec7eb598e55fa41e,982154462
106ad411e13ea21ad68e5f59,953745556
a87c585acf2a147e381005f5,490352691
ad755859e7b6afbc021fcf6d,755032057
8015080cf97316a08453a9fb,907311240
f56d8f5cfaca0691c6ffbe00,748602678
8ad016d414e2d2be053d7612,786123189
8b91a957eca1985938860c28,1008824613
20bce83e2b75fc535a148dc8,626085397
5724ecee1b12e888d538c1fe,657753110
1e90d068f3c86c6f691649ff,826930339
0fd954262ee740999c31d407,569342443
a6d7b144058ebc326b9803bb,749489350
a81abab882910584371c7b66,700863921
9e41c4b41cbdc2553d80e362,765436642
b6fcc49ad3656cbd3f4c2ea6,733145733
9a296eb9b63ffbdf2a07cd0d,1091703080
3fbc0746bd620a0baabbd859,743375491
3043d0b025fac4ed90b448e6,755993202
219555efc5b4291791143252,523840889
a00863c7c53b2c059ce22dfb,652395876
28b838c94d10823ceed62e0e,689458334
7e64ab35f5e336d5bd2e1b51,857916642
52f24ab479fad35c8bb5a8f6,784782985
0d1ef14606c58310cae371f2,580852396
a465a567a4f60ac534505bdd,1036780048
8694b149f7c0deadf820f0e4,1020184354
16d6b756f5ebcacf221918b8,833020430
7d132190218425df1857b8b8,880824762
7c7a3f51a58dfd1588d7c088,621658455
64d1c45a2968b0fbf0eeacaa,894003010
4fdc382b65441412fef509ad,1016230333
04ece9352b3810031f3f9a90,968888459
8b5b351e07a26c25cf51e176,562523605
f923bfcb8cdb543c23bafd52,640208408
a15a12446d2e5993a0a6c423,644981039
ab3e1642655f7e705cb047a9,640208408
b62fc917b3e8ddd64bb81018,580807124
835842cdc8ea0a2206c2b46e,848244837
02ce5bc5d5d286a4cc0928f6,634646878
d8e51f7b40bf1887ac007163,816157785
90f320e94aa429856e37bb35,657623619
967a7676754d6f9aa3e14473,569178484
9251f3dafa0e747b6e78f295,869382707
17b5e8357e17b516d947ebe3,655132271
f943cfd29effc9c048b8e106,765879177
41719542347401b04dfbaa59,604177701
bd6ad9a9ab28aaef9b4955c8,849866143
bbff88040e5b20e874cfad9a,795906314
3d6a9a4f2336a46eb62e6a47,1036024009
493367258be5d63dc8db97d1,1036024009
67cf2149b4c214da77694088,785896435
8d2e85825e95f6941445cace,959225494
01afa737bcfa6b1ab530eb09,927878475
25813f7204a2e796170c4836,677156692
3cb1773d90dc240c4ffed5c4,897370354
6c81a0b90366db9f514362b4,945308123
44c8131b88accb3b46b79ba5,630404482
ff185be4fdbe3790c72d00cb,704963079
851f50292e30b0a464c0804d,462901880
6fc2a4f29e3b896bce631ee0,607418712
cabc4fd04b60a66bdbe2cf9a,1032639510
61e9c2375626a18bc9920c5d,522006745
396c8060d9767b4debf2a54c,851805554
92ba019bd942fa33ab742924,714176223
ff71037ec8e5a91aad6f0686,793965550
d162a90b37622c1dc6550690,620214447
e1490f0730f8fdc36993027c,720783814
5a066d6bb65d28c2094051f6,857454181
9c7bcf000cb37f48d9f15422,687491026
528a6345df87dd0db33bf822,703186232
579ee47bc31f5408314bca28,757023787
eb61a13df1c8d8d0efc4db3a,491057538
b649d315ff3c97c4e8e9db73,603299073
d8dd26eb78ff22272358e302,834838652
6ae2221c504027acfb7368e8,493555804
3ce908c9b70f349158f7d04a,847188918
7cf74cbec871e465ec2f6a61,847188918
02e9b077d6cece81387fda35,1029900999
865ed399cc344e0638e45128,905904826
d9ed55fb72efda67f5144330,697003416
9fdbab0b428f19e7e8dc35b0,700838502
c061b886b7136a1b00c8ea2d,737905985
fd0f6c0b5234ec1f6c7d1fd8,1116317617
9df90c0644948ea5539939eb,1097364829
547661e79bf0c62cb8de63d1,754068059
68963f5f3657cb64276e3beb,660640646
cab0a460167bb64c037cf25d,630797729
31977cd5d4c09eff149e74ea,733047291
23264fdd1059460e079e5810,816440069
4769743185eaeb0e4158e0e0,676162228
780c809c52509bb4855a4efc,687147036
f64d4e029592761bee698958,586342326
be364e85b988ef8627ece74e,517124567
c73c38b652e9418f06f89b67,399273063
213032fd36fa1a6342570158,651808504
d519a8de5fdd1a84ca1baac3,700657013
df91a494d5d244f20dab0eb0,623550627
9be92b361ffd3ea2c69be23b,754881966
cad16b2ea432d926d961109a,575778733
56b22bd973f94a4bfaaf6b33,822113694
84114798ccd01ae3dc97cb27,501144353
fe2bf1f402addaf17a213030,746529987
e01c1b69abb6a4c1c69c77d7,803090604
24671f63cd061228ec0b5b9b,574233428
f54c16df774e70d49355cf4c,637554613
5537b994e85c2688fe555d5c,503984352
1e5919cbe4373aa261d672d7,612430956
cc125d0f70d6d0819d6d90ee,675528167
51f94ebbd6d2533862a1fdbf,600549051
fe409f9ea8d18c9d9ba4d02e,668170957
753b47e2a3b9fcdf9d7fd9fa,617232300
6bdb3153f267395eefbf588c,680246808
9bde9f216ecb90814670e87f,746529987
7f5280804c59f56fba3d6201,527570990
ceaf16e097500022498950ff,621126886
aef06b27b0a080b5ee539b6b,661896578
abc668bf93ec7d1951c65cf6,668170957
56822f406646f93fb39d9e60,540116429
2690ba8b22a95cb837cb87b6,591508901
180172e4eee8ba756207b3a8,536502247
c11cd2e00942ffe56db5ae88,605912848
75a287d87aaf6ffe7b6db546,567210898
08f35bfbfe1bd663c40d9e54,780131207
c2bbdb2e5d0191071e6db37b,650809391
b129a508d1d98a1b6dd2f61f,722014971
335626f385c28e8370c207cb,529144886
898ed7299f0c7b8a99e4877b,800070169
a98022fc80dd6ff27de693f9,524352091
a59f1631e721d231eab4d146,1138302531
98c9c866109bedd605ab7dbd,913489890
cc9743189c3671adbb1be49b,833313271
e22b8126863c9ca8fb04df9f,827333115
247715511199c5b680088b56,686809808
6e51ca1a9c2bba9fa0cbe5db,1067548063
ba8d6800443dcf95bf9c1037,877426840
5ec6e033b9dcb454c57050c3,845010393
156ecfd8ca6004281b191db7,938275035
edc3879a1102740f2f96227a,1044918984
c02ce25a3334860d3bad53e8,1125460546
d041129f83f1f13fd7b35e4b,1295684067
6946fb4c877f35e9215ef4be,881051919
ff2897a56a0fd08996d19424,602195392
e1b64df8e809ba220c9722aa,897291474
c13263f9c8628bdef086106b,876258581
e2b8d1aba0c583984aab25bd,768285553
3786baf40b31a20f3bf3aa80,1229291349
bcf12785c25f6e600eee8fc0,563748920
f85d09bb2ea40bd4b68465da,929093162
1f40dff9a973064aa4737eea,929163082
79beab95c6857412ebbbdedd,726476349
5ed8cd2cf2c6dd5b5241d6ac,979597854
ca8dacc29a57d39640e3e59c,899611674
723655990d58df33d55009b5,1097203043
79a675215fed2e293b27f43d,785433818
57999ba0ed9089739a1f4de1,794932513
00cea81b78d6007eb405d5b3,785518315
c00facb3e4cbb27c47a621db,1333060167
d1481d9d2bc9d1a3811f2faa,931006724
26313750bd29b2c59a81b58e,1014330186
2bbbe93b615c46483056bfe6,1050875727
0f8fa0a074b743c92f0fc56f,1227133652
b925f9ef733930be26417458,1066702568
0183b38955437e8d0128a013,993482757
1c9f65b631d2f2856bc97079,1108645562
c11d82cd360eae99c04009b1,1379774404
4a80ffd8e908a3291a32fb6d,1065176166
1a0134583a5854d5aa9cdb9f,1182628387
5f5346deedcb7cf5dcd1e9be,755883217
f17c8b14e56a76ea84a45fd6,1190656544
b8ff548543842246ad439703,1514394879
53462704cfc47d32492b4847,1452139237
25f925538316d3cdda8218c4,1322381477
ffe653c61bf13df43fa22190,714975086
228d98c82021e2325263c7d2,493570470
f32a7d08d176bf9177dbcab1,577184563
f2c86c1edac4eec6c01ec11d,577588610
06e350e3c733e5a0afb613cb,510155877
e2544529df4efb7e90afcd21,659374173
a639ec3b943cf90cb28bc1b3,635827961
a1320186028a726935bc1cc5,1135430374
97337d2f347a50e0ef518516,615655843
8f619dd7fcf5e1a17af301c4,672391275
72569ddc5828fc702b2fc773,971667806
ec674ba8cd16c2264d270901,2013531807
2b05f001ed1a84425a45d0ac,698639517
0a7758f69ddd8fb27a839661,540792553
e3ec7a8fba3e1ea07a135dfc,658311993
4163b665043ed27d7bf26c00,588835694
69f7b81b70ea61f304ccd36d,896718244
ff61104cbeb37f077c565fd1,616118045
883ee78c03efdb4bdc57796b,660312294
fafaa5dcf66d22bff322c72e,642545311
eaf0f2b00b6994a9ba8c5ed0,712571135
9b1590945c0c7f7b0704d287,762052032
766d34ea891f3af53f1391ba,725854204
b8680f925773229571014e61,712587035
2fcab31c752b699af5e8ce8b,885888735
96d14697ed6847ee757d113f,1039708632
ded79c11c30167a9d8accf77,673011484
ac50dfe70b599ae93ddee4fe,958593016
3fc7a0f9c30978f24d688fb7,613230371
083f05fe52ab15e8d481ad41,888461351
075be16d8d9ed6831d139b2e,778760207
ffce0b151f293cad0a6f770f,1183914225
5997da918101ff14bddf20eb,758779531
e102f1d841d7cdb596d50624,487802441
a2c3da753f0116aa5842d4ec,970912423
43228eaa1230dc0f7f1473df,474106461
4349d6bfd5a518fcb231cb3f,722969064
c6c978051fdc655d21a370ab,590683592
f4cdf3ff86fe70fae3e59f4c,1262786919
ac154aaafe98dae45bf9782e,922486888
01f6c99999c154461765f4c4,862225924
d7d30819fc6ad6e7e41453c1,1016754687
383b3198861942064a63184a,561847943
3a2f110334251e97abe3583f,533509335
9b9db425b698a4931173b5a4,638984345
3b51828a1e891f3a52a4653c,639683770
c94dc49efe0a350bb522a56a,765537372
39e4765ae5c8284e1f3f618b,713632929
04b28e63fbba92daf83865ba,1009295139
b9643a26731cf2a9a243ef33,1121398664
19e03fc1a7ca4b0761eb9ef3,808991948
c0224f0cee5a388014db4f55,1195302598
c4074029fba935dafd82eba8,530610698
0a8d749a2336d8f66a4f19ef,622517343
e84da6ce78339d50a72cd87d,607650288
e9830411c3092327f4e66a99,549105266
17d51fdfe8fd16185bf5feb4,728734282
f07126d58455b20f547c4380,673965373
8fe7db56d501b9c11461f62b,580825016
1ae2058fbe26f384be45df4d,725511208
e74a31e6edd4459d4e215c5a,541055675
c91945dcab0bf200c3ef321e,771264486
933018604a8d5a9020aac221,896900685
876ebdaa0bc953890e323843,744026998
4fd907c202de4f06cade3b3b,840513799
e40f616637f6187024b34086,930824626
f9038f7e24e0a29bd9f3e24d,746229606
b27fc4e7f6042d70a7651038,772973285
e68b18b57fbc5fd6cbb477e1,773347836
326a82671272d893ce699476,826762073
d2655e69f5dbd09ddb9268e7,835362431
440cd2efd45c019c7151902d,814554286
e5099db945e4f04aa3f0bfeb,1021036679
3477d85a434f66df58fbc094,845249295
56991f74ed430ed942b2d6d6,1072809377
7ac1b85bd87929705b7a86ca,877244965
0e1fbbe248919eb71e53ea75,759069077
75c16273d3a593752446c27b,780098326
7e74469fe0b030254756296d,830863759
35fca2d53ed17ea7637c528a,852197414
963cc728f3bc207a7ad74ec4,771586459
fa9dec2129f7218b4c4d4b35,882065636
1d0a6bf40e609fc74a319310,608991328
b9551c416341fb167049d4ce,746757842
89131a0af2db172538723b08,941568807
3e66557e876a876c259c40a0,597659762
078144699729ee0c46f36123,854324546
fd15189b99da46b098a949e6,1068954819
d69209d7a26bd306bde5a37d,779812823
89690c80b7adcb8a8afe531a,708044261
0e0d19168609ac1d75253edc,672944257
6cd0aca2bc40d83473a39885,866696104
6ea0d50e822913d0f444d89e,571097311
39579c195f288da8d77f5ce9,815810453
bc54f5dc4e9ce267ea592813,588681569
1d43fd3f7fb4e24a0b7c9ec3,737847600
2566d8588566312ffa4fde42,961238412
8d27746cd9d2532fe9cfc408,591381267
95b822f76b4d3d6ceb0c5077,665552768
eba86391ca00fb217ed1f774,595491427
b9a0575867a59dc5dcbb9cce,745692481
0845e73ae95dbd4aec3f1f43,506672482
419a2f823e87ab67b1311bee,956089586
552217c633d2562cdcaa81bb,640858814
4fd7984773d2872e51574ffd,786826351
a87ed2154a2351cf26f0027d,941293390
a2522c9d3edb7e7a23a42b74,1063332218
357e58ef96c53f39e267b80c,1236788955
cf0ca58262feb1f8b0dc7b68,868853486
1cb79aba890b35f9d2a400f6,1571385660
d5c79ef12f43e2bc19e22fdc,535196721
776e1192349cb7cf1579056a,593075384
7de63633c7666484bd098e2b,704390210
ca1b1c17572f776fc1059691,612705703
53e94de217ec45ad576fd83b,639393966
ed5c3d2952d2575b1bb757ee,885012441
bdfa334bc331e3e547f7568f,888461351
9c6a01e3c7ef87d27185e9f3,803029292
05d9818d3f9f2a5c358d3911,972072130
f6c990e406b3756ee39b3b30,684580774
19ace6cdfbd8bed6e99c86d9,765209393
6a04f8684e083eb6319b5272,528025328
179bf83034539c8a391e0310,735393490
a42081eac6834da0560ea4ef,828745646
784fa9e78f7cfeca4133e8ed,1018638321
978edd828fc71300e6723e06,1111355024
61d6969334fc63611c810e2b,755811803
4d592a67596afbca92d26bcb,706888323
50f8068603edac10c87411ec,530639119
9965f598c5b95b3cfaac50ad,792439612
66cf83769d16a4d659edba6d,679254451
9c2c2b01934d1d519e651786,816025960
2b4913f28d07628bf2d3ed92,987062659
9baf7967c49fa209de8dda95,743600710
7a0f887a9426270ff3c24e36,679237284
c1034173dda31d20c4efbed1,804529121
c4a3d64de5e401a86395a919,669874703
c4cef41167a5e8354a61feb4,726707792
f52226b24ca3d5b04b7cfcde,1016152388
36d5003f0b5ec7f80e89262d,801876000
641600a4cbb13b35dc7913e8,985634081
c31c4bd09d8cfba562ed2b41,1032164758
0df96c81adcd6fbc2f7141c3,624233601
4499adb2aa3aee94d1f1a1b3,1031642103
4ec06163d39f96baebe11bd3,611797776
692cc1c9949d35ae11412fd6,698709690
f1da5388b772159ec90c3210,1006219313
e7ae63f81f8fad37bb9c1b32,909957986
d39797a12d9a4aaf15ac11e6,561353473
efc5412fb02ba9d8f604e493,771023018
bee2e008ee41f8a711fb8d29,630230142
80279a7533c44bbae477ea4b,1129365421
edc43e57b2905405a13f8f3f,472703979
751795587d1396e0daa25783,692114774
6d90801ea8cbc12f9e2131a3,613737814
71fe067a5ae994180f530686,613737814
2e99240e23b0542f1cc75026,726748087
fd6112c82d5808311b08e29f,627017525
0ac639a7c5ec115b3df8111b,739678669
af0cfebd54f32b9b92c5fdf3,613737814
b0015b31facc48a49f1313ef,505112954
2347f69ec1ce4a3fb6989eb7,996565030
209bf65e11bd7053d9658824,819733684
41877a677d1856bf609515fe,947157134
cf60297d9d9bf1268f35ad95,913650512
a33800eaaf178e01558ee926,842790414
69e663ffb4935aecb875854c,751168904
595415e95e075b70c39d5c5d,774064640
719679261d84d6b93035143d,989259528
9f149071cf61295815e3f875,873981530
3d24d985b95a3e200a734bc2,1016891396
bbe705b86c6ed4da775b68f0,529143883
e1d875468eea7b2eecbb49c7,940954172
0802b7e10706252dab8db909,686879796
2f412384597554f3dab07985,766072623
da8b5c8a320821ab8ca00a80,880981413
0f10d20cff5664f9564bc88f,1514549200
ab8699d3c685fa834d7ccb3f,780422031
85956152686438c48c52e018,1136502884
ed9c4f4e06183b15b877f077,880664411
12e32a758e15fbeefa255207,1129773926
22cfdfbff44541dba9091753,861568019
314a1e163d0b77b0f384da29,534106679
23959a0f6e27c8c2b4a7f436,898736890
6ab5a87a537d2ce326c867c1,574167402
d9ebae84cb53d29bbd8a466e,518678396
9511afb73b656135daaceb43,848385498
9231ec89e58a3daf459c5b43,1002007491
8d97cda83fc7353a86c9393a,1101956747
3b380c563ed2505b7630feaa,1128859542
6e5ca223128fa2de422b4009,694231454
ee30ab004ac5270daf59758e,725160280
d6fee4f680569a54f4267215,774168583
db3b84e5b3a9097392a57319,764063987
cef379fa831f936cad745dbc,657752165
4db8d32011163bc4fe01d02e,786973807
f842221d74340270e757fd41,916865761
f6173e36f95ad05b8e94321b,832745741
5960f14f2a81075fa66568f8,833422806
cdeba97450c735185e486eab,855404612
f9a802cbc802d49a087cf23e,1132366252
6a9ef848f22fecb9569098c2,950310370
f3986309e4fc4cde2b5feed9,882538609
6c3435048735371c36dd3892,945380296
f019dfbfa7fbbddec988fb25,1025301109
4526cb4a2b8238dcc4e496e3,955237365
95561bd325f60967cb6653dc,1110510753
9f3e09a3461bce2fee7e1c40,1369164114
1034b1af0331daddad70f3a5,662712656
3ee9cfee7b0acd482672ed47,671008157
adb51a572f3198367e3760ef,759310019
5c802e198dc0906016741026,649358745
671603ba1f755be5d7219a01,446098516
001d77bfb387bdf0b53e9e83,865081315
fd9fda1abfcdd1066a177e14,630900780
e1e78f3432ea2dff6b69c6c0,591393385
378e6374da00b72bcd7920df,938267137
54ec4fd8f49c897c644ce83a,956067385
a67ef3a182aa268bc4d9ea14,905141373
8100a4b0288d5d9d9dc86d2f,523092993
699ac8957d9b4eb7fcfbcc40,767779291
7b35a3e9f3e67fa1974f5c25,715172511
6e5383a7f9a68147c2788565,942039151
fca1c40a338288036b1eb25c,668995526
237da4784755f090c89f07be,508418063
21a7c5d6ea818dfb25077e13,704063099
0cf7dd52e117832b4698b310,731333729
677c8056695a5a539dcfa3d0,776682797
e4b85269ca413066323f66e0,845980902
9019f1dd02ede61479b62406,795483212
958f3e102c6ecf5f6386a004,766198600
b05c741bc5013a7a6abd31d6,766198600
2c58f2cbd00035febac060e1,741067039
89d36acc5f617a6a97e02f23,721413713
2fba6801eb9a7bce7ed2c081,593234626
45ccde79aee811756030903d,772385930
5bdb5174517b8faa23df9587,1102103132
36a11817b32bc24eda6ec8eb,625023734
f1319a9332946bd68db250c2,643270614
39f70d6b68b22668a0631f37,782880651
3958d0cb732f3d623764be54,571728283
f67028acda5ecaa4c8781ba6,808651884
76f50ce5f30cb96d48a69357,557452966
9e5efd4741a57b9af54e9265,848099981
8c45ac143f5cc43e9249c17b,716400701
2a66eb4d2a205bc4474c0afa,540677720
85cf1ee98e1a85ff4619e27c,835298529
84c2ab0573d3cbffa0be90f4,940858296
48976c41de22ddaea3f8c296,570331344
001c03f6103d35389825b62e,828902461
ceab390b6906d5cbe65fc402,617317293
79f989fd66108a2c38a9764e,774670165
cc385eff95aa00310eb22111,741985530
ed764bed1d05cb1e9a4e67f8,820562247
857c5dae475eadef41c25603,1005315884
7148b0d9e2e1e92d41633230,988905733
7f3e02524981fc7e40eccfdc,602530077
ccc625df8f51248e3dc93214,643659926
b38776cf09ec8e90fceeec84,693092846
48ebc3d79e01061c926066ba,431826768
9580bf8358095abb15a10c36,446451113
d26d35e33a0cf88f735a9322,704131906
b4c2a0a1a63d35a9a08a6e15,746129044
1bf1913f806bd4b461233551,560495667
34d1394dbb483e55d1cc2da5,540167636
7bef2da7f3c160e94fe91ead,633671606
528014ff6b7cdbfc174f4fcb,840768282
bf1dae54bab00fcd3e8c9ce2,721489127
f270dfd9ef449a02b6d7ae2e,711464882
31d6f089626c4fd08536fac0,591244246
259f4f7fd5d851be70d63633,628372795
6b74ef5c8ab1df614bfba866,768168132
7ee7fba3a30e0e7c2ed3043c,617556214
b24bd44eefc3ccf053939dfd,658040207
0545fc14aece3f37864ced2d,600457266
e07eb36210e90ef0419fa0d0,835676525
3991b04509fa61b36a8f7d2a,802967864
387af5fb4b4a7f5c3fdcce57,605820244
6852e8bbadc1a9f4fbcd695d,780519351
8c3373f9c0372b87ef021512,1133844215
6123a0dd128e45216f832e3d,848421472
0913364c688d7375d0f7af5d,623614169
8831ae77efac99a6c58ce05d,831337035
b6283a5714e0b977110318ea,539743146
d2d8f5356f77507f8839280c,1160329564
f36bb15462fb29f80b127458,1332650500
7abf9cd6b26e2e2bb6d91e5c,923270925
1a5f6f7e8b7af9d48644f1e0,620471743
8e2a5f8431996ae0db65d0be,908391579
29535d858fa3a11792697820,982616803
8e4df02eee6cab9bd1011987,650875711
5a4039f0ca12767138ae585f,788376105
d84248b3ce8ff6f5fa480a83,671445327
5838e86b74020a5bead56161,521279241
02091877f01c926c350b013b,571578881
df298574e35dda90fb568023,582771387
d8b83253855448caa81f7780,823118523
1163ab2c0bc8c998e121b922,428942880
14f9ab54432e5f54a50be4a5,419010164
f4e0fa1172c1d4b70b6c4d73,580653842
4345863fe83682f6091d8a77,618175788
6c5bbbfa3a1515e5cdec9ae1,751804190
742da63af109164c21dd57af,657018441
fdc28a68bf8a5bc86288b4c7,776569443
0f4b077de4ba5f5db6fb0065,791070994
320ff6c0320674fd278f6fc7,724115055
6acf9cef08906fe569c38572,953688712
853febf898a1dba351d6f917,549316556
8ae41ff6a828f175a9f628b2,432180656
56ae6108c1b53c649da2f6ba,623473798
aa990d4e5f1a0fc4f0bb29aa,831829483
cb8b826e929f4f8a8e3687bd,604593220
b85a7389bab2e651f05369da,550918819
1fe929afafa91bee53df4e86,935485118
02e89c055b7692dab024defc,432333949
66bc6e56bcac9bfc4a7341d8,1002138261
63cee15dc4a6808616a2c2e6,734512413
9a889078a0225c013570609f,383949589
3548fa5ad26ba2ea999380a0,801653565
d9d8aeafa748f8f1ff2fca22,773330339
9e2c21d635fc25f7790cafa9,514403888
f99adfe85d32b0a66f4d483a,716620563
eb64fd330053a41ce5be4a7e,383290718
ea8d704272b2cd066a7e7867,753348151
e7c92ef9784a92c8b7fca693,978087880
a9b83e18ae78d307d1b39b15,683208988
ab8d6823d905f1f0ccf4a75c,790695568
8447ca83d928dc34c2e7f9fa,564714432
5bd24b842a67601630036d0c,726074046
38d5b9319bc16bae99fe73b9,610050837
e1558509b120809eface5b87,784170906
4b8d7217da1b1f225f254914,642127155
09e0c3a1b90d46c361007323,549696762
d090a9e520ef74848bb060a6,1029557431
07284e4caec09fbbb16adf2f,887499996
f8bb20be599b79cbe29f36cb,994161162
07dd30f04c5953f325df9aad,780835904
622872d345b4b0d9c1b9302f,526711433
fc9151dd6f8850502c747bab,662684090
0fdd03a2dfb18e323d96f468,986737257
ad7cfe29b56c915dd016897c,877542457
f40a182d82c489f55c64ab7b,974620438
fb06aae0e711d628b16eb910,756304750
7dabee85f750266dce02399e,1123390217
ebcab2f8506c64a461591d1c,655134298
340f96c7de105aec5b7a28b9,735544413
be1c6023731fb633c4f41f96,460893537
d6b051fbaa13e3d92a798521,1158266895
bd04c8b6b5e381cd5f881379,600777074
2ca47f5c36ea5d1cf00dbd2f,555796865
3f2c18ea5d8e9a25adca4c42,930267390
5bd59dbebb0d6fa71efa4c66,836975800
bdac2f1c4b306a7742f60ab9,1240060688
a0e26a9d56cfb3b7228e5d75,584716997
933740e21e9b61721b2c6053,759028696
a3b9c1a3b81f17e6b22b6152,1018496365
445e241d8bfaceb149609d6a,589314198
937f0b37f566f65a1871615d,561339041
9a76a405640f670c6355630a,587723902
7a0f351e8562fb7aafe6e714,656613352
4c5b79f3656501fce2e2178d,1146464735
201053b106a0b89a0a47e2cc,652224912
724a5f9542f86cc43334d3e6,544872135
afaadd87a196e04b934e0b1a,472635918
a46cfad2458ac7ca4134818c,713827160
f640eb21bdbb9369acc4e863,529117928
8b3350aaa66b9fa1c682c15d,650587466
1340b0805cb34eb9a982190f,527544111
055d5ab6b22d4d0ac325fe73,650776234
faed63c1287896e97987c4c9,717907211
a094be8af52cf76977fa5083,836558814
feb3384733ed8feeedf9ce8b,836558814
eec4d59429b1d1bb75b4d686,545208635
3e9754a961d2cf348c9ff7af,750915267
8f8a92abd28c8990534e847d,730789627
256491790d0a2d5e1ebdc2e2,579673455
ede7995bc4e7e672fda4fa5a,801324598
9e8a11484838eed1f4673a32,702656865
8aad5795547ade3c804c0ef0,778599916
4ec4683fcf928d9fb33eb7b9,825151281
ee18825bcf4065d29287b54e,1230252953
485cd615660dda11586f797c,723752072
8b450ea6c21fe0b5157529a4,950858132
0d45e78397d4bc0d363be47e,910304328
bfa4cb65827c4ebb91478e53,842265270
deb2c93acfaf6994bb3c0608,804299063
571e1a8c252cd67ee0475974,899565841
04e337d3c692f3429d47aef4,899581059
cd2913f013727119158b98c0,1146816156
ba63594585c484bbd20ed3a1,715683186
beb7b99cf12926d8714d1c5d,856636953
0fbc9e52ccf1b7ea8136cbbe,1087182121
f36031f3a3f77a3fcad337aa,991249256
7738f18d533d0f0379e3a06d,947199021
20c3cc21b44eb37d0b359c1a,993432141
78257e76c16db549022fbf2c,802876976
4baceaad0b0081bdaa37473c,982466624
6bbf67d88846e94a63014eee,1322469494
edb259013ceb62ad9b23eee3,1332446825
ecfe155a407ad2c2f74522e8,790539357
6906a20be4962df7725dda7c,1256983994
5d86b884df3627d93f206952,1440609142
cac3eb4606346268cea48e32,1322314105
e7439820086f8d1cb13d7c9b,696209889
b940561f2d48444e139eaf71,752378190
4433060d0fa95ae1382f2de1,558821251
27dd503d4fbf4d5f5d850d4d,692125009
42a73bad238f2d3f5e376044,633231589
2b53b13cd912f353cf9c4757,793125472
4cb59b46927df31150830d5e,537959453
2f3d01cbf0ee0b985386418d,911617394
d12e6de49fcca906c3586994,474665184
8f541a839df1ae79d563427f,566949521
ae5ff2b5eb4f9ac44fef666c,656551859
ca77a424800783bb9c5c0450,831758525
c0ec1e7ae2c6c3c2f2ae34b8,662137485
2372f7c0499de8aa2e5ffa06,687677714
46de3fbec5bc6c0e256e7751,540511300
4d8b338266822739bc9c8fc9,780661007
86d46a3fd9d7bbcac3319829,709802697
b13fce1462ed87e57ddec917,1076929370
625caf4f4f56f3f6bfd3f786,454176874
2214e2c62cf8d2d14f11d47c,589498389
cee8fedd5685633435d77a06,931701586
061386497cc2dede3ea70b1e,640455884
3ce50f34a7974ec17178a79f,722312818
855ce1721230ba103fc0ae84,511297150
ff3b85eb538fb9a7dd03f459,438972209
111bf82100a6fab0c9ded743,892102688
8877941794810464749ba5d5,801343392
1122a042822658cb504dc147,892102688
d7d924ec35768a3e6bd39b20,546980459
27cf45528b4266162f7c9029,665045619
916f946082d03023ffad6f2a,809039939
68181ef118970fdb1d83f030,820687677
2f0bbbbb466fae3fe5c4f614,704751743
17c8b228fa2591e3a234d55c,783396606
e5d9afdaf318dbe749bf9950,833227592
ce2cce355f493a75ab59b242,709501486
b6825cfa2fde9b42fcf04c59,665839696
6fb3e33e16eb81331d389ad7,514430097
e29d9a401a246c00f5eb2413,754394410
fdf103976a39cc12f5effaa2,754394410
d1526bc5e5446680841a9cd7,1229560462
a96cb9d988f5dc99bf5df4ea,1229560462
760125efabf13246774a9f16,626887631
229607e2faf76efeeadcdfce,619011152
f14b11d270282b317d9cbadc,912882591
8a41638edfc5183469b6c43f,628577048
ba249dc7eae0609f20ccf234,682235708
0dfc7d77d3dca86a221fe62b,1379915007
ed7f61ea4c9095bd4aca258a,630484481
d2ce77db7cade7f2c6189002,539743146
9d18c354e8939c9f18598f22,691024462
b95689add02915dab555d9f7,922471739
1c35d9468cdc55670d48db84,1138418527
caa4aecacff2beded2e76beb,484323357
017487de3455d9f642a7fadc,698876462
8ed9c13717d2bb274a81e460,802999702
c2eeb1cf0549df1359ef4dcb,452113457
3a413637f3108ddf7bd53bcc,677711878
145a241c80430b1e4ddebcfe,659271523
c954618c48b70cb00efb49fe,757344332
fda6cee77fbfbce6ec0eabdd,733207564
b92c9c464e23f8b987290769,501195421
d81b170177769c0121b8935a,818541431
7a832790d068e1e85182b5a5,573512947
462ced9cfb28550c160e5664,1097476386
edd9a278b86b1c56e237a0f3,561286782
fe9b6a82fcc3266ddcb3e36b,979697678
fa74fbeb90bdaf8eb26f8329,784811021
a70b6661eda6ef616e19dded,505138689
cbcf4d76223673724b0f9811,632462705
ba16ae6ca55dc3c0d5480944,949976543
3c840c206546c20b3e53d4fa,814402023
c61076b24927a46ef506322c,874841279
2e797c8302fb7ada13ef2d4c,862632104
3c9e3b97db788dcd10acf0e1,787354708
28db5acb7b224d44e3d7ce80,657417161
c7aad87d39537083a5620757,873802047
099721566fdd0a32546fedbd,986174347
bc67f29c8679adf31353bec6,931512525
eb40a304997a6e66c550b704,768655797
3882da646752a82db088c614,882072840
68c319925551b9484778bb65,706557587
711b570ff195fb77229deb35,1378349997
e7a2e8e1c22a52f78ffd1b19,1166034094
814d93fc94b4de6d3a860bcb,551939928
817da44fa842fe304b93c199,491443930
5cb29f5aaad14b6c33813580,472635918
8a1105028a1a1b83c5080abb,498003973
82b69c38d041325a4bb2fbce,499939870
a57d01ed5a9641ad64f7f032,527544111
90186e67d802be6d12eb3696,603904044
f781bb1ed340e08b23258ceb,611357494
db05818b6de8d77c1c3fd053,574204172
f4ed8924f5d1a3e6374715aa,558034950
d792d1eec60822752c8d52f1,884652203
47a3c63f65a9794384c655dc,650776234
ebacf31727972e81d0a0d904,771671855
a759e4c03e49c419c8f0cd2d,561430198
0648a4bd7ca088f4b3834401,803049689
b25734bf3ca94e775f467e85,685592769
65a8795e7a5b88acd7a469c4,612975909
b799aa1dd2de813ccad401e8,762596092
c01440b8ff0d80e7bbad715c,679420336
a20cd5193779526b43612ebe,626318576
0cddda1c211fcdce819d5f8f,803552349
69bcce6b58fc3702580d3234,812554881
ac7c0c806b57e4942d9ead3e,972649700
aa9e131fe4e7982a374bbb84,620376913
290725d6b15062397597b954,982404805
5f0fa37b7c5cf77e0508abd2,863617008
c76f482d2a8f8db5eb79ae89,1078106423
f651cc17b051c962e4124795,817708942
250d84aac8add089061d3204,1253904659
d3f9cf66c1c05f55325b894a,1332446825
7198cf5aae5d0d5ba2e43b96,802876976
766c7906cf0493736436fdea,1322469494
78f670c0d7a26c0323281ffa,754453563
ec0eb8d68807f52b681f138e,1075625131
446138cfd3749c0b6715b0c3,851744985
64b4837e4550ce39f2f85342,797989503
1103c663f6b5ed0309a767b2,664351586
b9a573a3f2cedd87c7dc6477,659170764
de54862f5b7b8ff345c6b297,706140543
16b3311b337c0cb9312ddba1,527544111
a1c2003dfcdce97d21f9cd15,650776234
262688a95a32f10fa070a887,556119042
8e374b19fb87640c56243088,673209244
4032d6a6a13399797a794ab7,869389950
99f1712af0fe96f67d11037b,716129846
bcc584e6a08822158e2a1454,574209967
ad14f4403926de76de2604c6,647896351
01f855427cbe3eb51b38288f,605881978
4673ef4fa28aabb0fe61043b,612399754
f4cf541f02d99ea1851b9f12,717800128
bfe19954cd4680149c682587,724625196
fed8f3bf4a2d7a426901706c,680473986
480aa7fe286f4aa31f56d4b9,774630698
1e9850a50070dd51861a5e63,799720331
e26dcf5836f5bb53553cc413,707160399
c7ac975025713f368bdb0af8,1137357012
73fd5bc0aee47d89a160f5d1,906514011
5bb9dac6e0e9409e89aa6cee,723891422
9b15aa6c85804621f5c42566,802876976
199fe72cad28e4554e359ff1,982466624
b28ba88f3665a2f26c2f8e47,1332446825
453ef603a66a34f17ae22227,830200728
d8f4955ed4fc363d6d9ea897,870783390
f2eca7e3226f625807f7d6be,1072426390
361ccd7f37ada9c07ffcf71c,872169577
e7d1ee027da436cbaa122f48,1385230632
554ec896fe4f9d8f2e8eabe0,1299851643
ba79c72aa8bbb0517c899b59,1018034727
69dd957e78fcdd4d8e874acb,598998744
df91a3c7f364df5e6831f2de,698111176
77866048ba7b69532d0a18cc,993333387
a792bde8819aebc5b2d73a6a,951206123
6293e4a72b5c84782bcdbf78,964382195
bcee01a5d6a36f48d99a5e4b,601276504
c58b56f1202d1cdffdda3021,803196501
ed3275b560f020baeb9ce3c0,580266947
2a872557ba401f4c95e0ad2e,830253960
6b8c1c7c855656b0e56f0bb6,986916904
d6297cc548b16bff11eea51a,902922682
dadce7c7a446a6a177821b73,880668901
f5d9d8082e7652e97973e0e4,1206765476
2ef9126614eeef828f797e66,972226382
c70439fc435337f1e8fd2f5e,1019522574
79631cac54b1e71c1022da12,1499928394
6fca3b70ba2c68d9e0d2540f,544066472
5b29d453bd368190e0e356c2,734461194
25995099875f0ee622ebc31d,853682124
34bd7be0761ab3d43da7a81c,592829727
b8e15d182ac0c74fba332b8b,608132934
901e3b835718ccae27c8831b,650743079
e1c7a101e5d518583f9a2a7b,979178772
02f6ffcfcdd3dbba94dd7b33,802836071
2162e09e137eb5f4a1f32b16,772728841
5eb815f9023e6eb97786233f,1332924338
d2ab14487e0ecf640a785277,981148668
437167a9db41b677da7d5a7d,793568346
c3f889c41c1effea85bcc706,568509903
155da5ad9ad19d57a7632cd0,650956983
43d1fb0646562c3f1dd6fefa,797982371
8eb66c4b057dd4b07b5fbca5,630674583
f9718594fa52500c16e3cd71,751851958
d9c46d54ba6df0d21ed4ca49,655785960
d3f688e0deaff6648f2925b6,440327973
093a92c6846c924f88ba8750,881361870
9b1223cd8c9d7b348d6a5c94,1141638984
8209afd76e36d8b5c4f7a991,457707013
29fd909e7cef62de53430e1a,577204540
76df3d616d8bc1de789bd83b,670433253
8aa5d44a72b2a6851d14ef86,887588789
eb4e1b72abce1d184dd4d5e4,916059137
2ba24fd47c2ef8520bccf6eb,570634111
1c9e38cd216595b33e283134,1305763060
2fc150cf6ea4141106bb8ac4,473374902
8dd46fd8ff592358e4c3e7e5,610107731
d5e001b2f1dad3962cfff9aa,657229402
6e73e42a0d2ef8d6e403112b,672632864
2537dfc786054c61eb3a80b5,713015957
19c77db46d23e0c07a06a8b2,651742090
e6424086fe1cf2a2931f4847,713015957
66526276a7e8da597683e8c9,814374309
cedd20027ebbf47baaa0dbff,814374309
ac7c323295addefb43c62acc,998570676
a8e74eb5eb523143cb291cea,1035346863
ad393e9070779969b496fa72,703337512
64d9dff81c79a16579cef2f4,1035730968
ea91281d5eaf6b8f436d47f6,1035730968
06e59cc783be86bd145a56c6,1134403588
7458171e4db497a4cc1365fb,936395925
12d73fb8f4ca87b19ca46231,998570676
5e935d4a03c6abc86ac5adfa,1210191665
2754b4e12a7604efe8e03f5b,914941479
9ea7a0d65493cb5487ed2084,622603453
7845cf57552577b059dd13ae,439353792
6e710984bbf2662a9cc7bc4c,612462159
47720fb9e2586dced75db114,677780235
cbd48f3342e63a84173a8dfd,647962374
cb83c138aefeadb184d2c7e0,511972296
397d4e490eb2db8a1b18051b,660130011
4f65732875c007d3c1102140,699275132
1f8ad363a0539a6f2455c3fc,487736172
9535ab027f9f2a9a8fdc21fd,598173339
248993a27da888a6e3ffefe4,527597870
cd07b4553b6d3863a9e444e8,1096576294
f53fe605b0a2857cf3facf73,828944694
ae48e30b60ec254bf0dc89ac,914215848
2a0e902f3c07cc9696000177,711731970
d57535248bb34f65ae678a39,828591021
9949cbc958bbc0114404960a,789983872
841c57617a075690ce412083,676415635
9fc4385ea76cabf741d38789,628295190
0367da7dc5374f1957a1b7f6,830842641
7703f868650a8252e954e457,707232461
4cb9319ff5adaa62386b713b,830338566
dbb30f9d010677de2aee1b71,621215814
0b54c51a787fe58bdf677658,959407340
5234aeb6d817b8ad876e50fe,728900609
77359d0d34ba4c9d825e46ed,688122363
b84795015be5077f942f5170,600574508
75f5290d61164d42b39d9d51,574262685
b46d50c84edaa7feba938671,830338566
be8c05b72ee7867fdcb05455,1032849979
356712646865d98127b92a57,686844801
ab765acf8b87daf1673b3a97,672052551
3a2cacbd3b4f9a23514b1433,780658723
3c6d485d7b01ddd6147746c2,576726015
054cd21c3b12f165bd520313,977994186
e114160e3ffe6a703eb42440,655012081
a38b2d75349c56ce04f02a94,768324697
71fdd2b1214b9371ef149c1c,1029584409
10970057efd092c98037498d,767502539
7543d0e85e6328ebc8283d75,632271563
db1cfd89dad114c11ab2d409,979328448
760f24a443eb01721c6ffea3,1079064894
a1508f30ba87423e7393b4fd,1379844704
5814dc311aa87b24e26aceb3,768130435
f26c2bb4d5787541e9c36463,1010144377
cf07a5af6ee98d735bde14bd,980251411
8b716c3dca89b7caa7db1aad,997087348
df89e7dea6c313b0cc262249,568149454
3e2c1d2cba8755ffad9cff27,709807038
6771a8c70428fec0f21d51a1,981298645
d8171d498291341094daaa39,1014681748
3d43dd23536f843c2c5bd268,1063987461
785dea91d94ab384bbd6ce3e,803131522
6c316d2bb84fff36bb01f14c,1333128087
08ba99aa6a8ee752209de6ae,732474518
d177236e8c725d4405025916,807186638
9a6b537a7319b3446977919d,1167199907
e2e7b03feffb21bad63eca2d,870110052
f2fa898e1bcccbdb92dd91e9,709929105
2c340ee014e39ad0fd1309d8,1078216285
7ee83e5d70855ed21455b6d5,1388770016
fdd4b5fcf9ebadf96545038c,1137472912
512b4ad817c387bed877b7d1,1516870524
3ba644c7be754c21e3cc48ee,607040041
cb38dc837baf3e0531c6c115,694661479
5e931fda1e62fe41ff0f2ba2,929027350
0ce9a7d4b0682dbbca68e070,613987720
8d114cef336100a8d8c81ce1,804998179
ebc3a6574ebc530ef715ea7e,903014693
4c2b14bfeacd87b878cbcc92,650842550
577b17cb350bd2a646725b6d,802958792
0dbe463995c605bcdffb133b,622985243
88f3f39ea06fb882c69bbd10,527254304
e54567ced41a40938b85485b,605943720
cb6d29f005078d4d4efc2d04,911269376
1d0919344e52b315441aeafb,583658391
62c39ad30e9a26d8cf3593b4,1020317951
a02bf67aecbac445a12da958,1380193227
06baade01a74972cc4a419ec,600579649
3943b64f9550a575f15d6d29,1062649449
b62d64605362afc574ea5b0b,1210879125
0ef45eb4356e2f0331ad2457,1169904934
6700ad4d4d7f70def59a5d59,956629155
19ad2fa7e170c67870ee58f7,949475425
919c1e281329379c4d130416,1111806520
8a451ef547efb90a8fcfa6c8,830144282
5c208e5c37aad07602f7cd7f,664539865
164fb89266e40a2530400599,440327973
5fc0f0c4fa019b6f1b2a016d,757844007
3b16ff50ec7fa717efbd62ab,507660154
30e6d4e1c53e9e81ff66df43,767502539
cdae3bf05372c13649a2adc8,632271563
170a69c11cf4f855ed015bed,1159117367
e14b31f8a454e47c383cae94,643592894
14a8134a56af1b328321cad4,811208649
ea8cc21bf7d48979bcae1458,810404888
c287dbff188e95f833ab21f0,680175863
2cd0b2d7561919f0223608d5,612462159
1acc5749203f964fa8b2092a,492489496
9543c16bd5eea47111e6b266,600574508
d415dc486936995f8b3704e3,688122363
ab946dfa5b9d7214a3756978,803131522
803711fede531ad1621a6823,605943720
f83f29f28978d7dd76cf5942,650842550
4bf284e6ba81bcaa21a437fd,600579649
d8ed50fbd5ed46d36b3d2dba,732479961
b40128f5e17574a5d3da9a32,809861333
506d4cc6613a07c313a12de4,674085868
558b7d06789a1c8e488c38d2,758259809
38410183814a757520143737,774709635
560a750cb6f8683ccac4563b,1032566050
48740edcbe275bed3c82efed,739567363
50b2bb276e598c9cfdb42b0b,686844801
302adfed183564312f9e3087,1137472912
063e53d45e5e7945f1f10fc2,709929105
6e2c39fbeb5392e6aee9b644,1282002887
8d6c523d4100ab0c83a31fed,932735890
6d6aaf30227f16b2be29e79c,1379844704
e73e5e75cb18f52dd7239361,981298645
dd625806063f76dcf53582d5,802958792
a4b16572b8bb786561baa3c9,1333128087
9446f801f30e8b2997fbd72a,1444340342
941569c4352c3a2e32c908c3,1514472037
8b4c54125d9165554e4123a3,1111035378
d50f33fe5acdaf5caf1c6ac5,764706044
46ff039321805b51870c64f2,713963542
1ac6c220eb690db798a3d4d5,678522378
faf872c4bca132b52dec368c,616140932
d92232d77f7a124e7ff13ee9,804834140
f9a136d7944cb7768b598a88,746085701
e03610db09ed7315cfcd64c9,630232358
8c51f1b43f15b70d2a294918,511875860
21d141a84af5f0e2ade9b0b8,621247465
55c7cbf5e572d2342d0d7071,604118411
54c0e5e6d368ec51f6e75c1e,1048300827
434ff40bff8fad0962ec07e4,702738731
0a199d5741b5a6213b39b793,846555267
9931470b50580f51e1a4fac7,721658270
89498fdf642e770ea75be7d8,902691655
aba39002de605f9ff34bd542,812505340
0c1c0ba7d75dc4090b7183f5,642856842
2ac425aa592565b44b25cdc3,719983657
c0cdcb5f860e3a974c401861,714289850
4ec741bc6ab20515070cf1ee,692778554
3d4c48167a8de8cb0e4956f6,903060701
f5741fdd9f509d3bb02e35bc,861233157
c1d0c0846ec652774ed5474b,640205729
ed2c02ddcf0e54789d9d2675,1035126731
0e05eba6eed4e55e89dc5f14,1015133538
b29e5a75740c8439aefc9321,903329441
218445f989b2da5eff4029f4,1167919982
0c7da0c2613129bc322b1da5,870971384
a41210034abe19957b317d1b,1073548197
0cb4217cde38e09571fa73ba,1526642486
9df0663317db1cf4121a222d,531391140
62be98264dbfd418ba21cfac,1169964540
939ce1536f15c0e6bf203dd4,944968423
d9028df78f9b14a720dbaa8c,944968423
b05f4b5fae2f2faaddb377fb,594832362
65ac61968819927b8fd9b990,735401265
1e83b53963792d7445e19d27,1136367054
72eb1af691a950fbb7e8d635,680208726
94fecb92077ffe3a72aedec4,561527671
f660a48b0eb17e98dd77c0bc,494836005
27fe3fc3838695ce34c5d287,597319853
9ff4b1fc1970cd5c102cb755,909809840
b54940561992090411749db3,515963100
d4990842f549d8139fa94c87,680468451
f6013cab49ef9188aaf87972,773330339
cc2e8713dd087d3b842d2f11,564689205
fb8aa6b6c5d2499d404f3f73,533852315
6a8b9fd89b745a52703715ab,625285845
4721d06c49413558bda1fb68,532506343
0100b3a412accebf6a3aa4b1,558548336
215e8852679b9cb6c4029ce3,583867331
0afec1b2e7060b99dbe41a10,553250270
4ff17c9b88aeeff105b8301c,596603241
6eee8548b87c9349ce90ac2b,571894657
9b264d26a196a76951308cca,725548173
945fad7539481410e8bb60e5,630232358
f727924f0f35ec9fb58d0c31,613243830
c7876dc81e250503076f43f2,639038714
e4f3e425e9f6e393999d7a08,527281025
cee1833e8964355b9aabbce2,623331749
9a1819c45b01c341647a2410,825153582
ce95aab452311a0cc27e0c7b,527281167
e6eff72b7c5b0fc2677af2ad,561286782
3b368c10d243f6bc9c027061,620097119
510c03bfb80d92d180803887,589653090
664934c8e209352d2c79c971,706355705
689ba3a92dd7c12f1965031c,566764055
93d4c413d2a1ac59f1b46830,606260347
08b09c586530266c14e611f9,661666016
7157dafd306fa99e4c2ad233,563374622
74e15493f395fdd312d50cc8,747111679
c34c94e7129f84267a5e4fd7,661718837
fc0572d7185e132770c3bad7,892057237
5c1bd88edef0a4146c871fcc,608172851
a28a31f7d0e3fc6298606078,683716837
f388112376e68ccb2290074b,830563590
05d1c33ea8c89ded7391ea92,696140615
dfd84193c81ca8430fd27ad0,892057237
8b89813a4ae5f9209f854be1,780811213
d7b9566ffb28c753bea96f0e,578068980
8062b4109c12a95dd62bd43e,668280578
6d305d6f3e3c2a53515d5f6d,1014733446
ff143fed55f12a0105f9f88d,668280578
0fd9a2a99c44c9e5565fc17b,769347991
7f85c59323701ee0e75abb92,750843123
19baa03dc4143a83920a7d2a,859161183
bc23ec33573f28442b36f60b,722966818
9957e5492f63fa295772246b,831777062
62e376b22a4cf0d84b7f6bff,940478660
0867853879129bfb46dae700,959305879
92c5129009b7e377fa004a93,747918426
6b9d38e0b9a3e28e3e695be1,886637623
b6da2728ee41d035da57c822,1303183587
adf5879151c7236f5e055e1f,925383474
bb31607d0bc3ee4a37fc912d,806911096
3ef8fee6a5cf42827d8bf562,1110027257
e6016afcc032d20fc9d6f2be,1112334598
f3962b552d34eb8bf38b4763,944208979
bce7369d51094d3a9d3495e6,1317225168
55bfd350162592f2571e3a0d,1241494084
3f226452520ee8f04e306bb9,1124646629
b16fda9be5edaf4cbcf07122,886578078
e6f5ae869a5b7a30e8f0fd0d,1234618586
ab0babf6941ef43c35acb951,1140443827
3bed16373c8ae820187e3d5a,869327928
bc1335d419a1c0f6e6860470,1385442376
98575cb25b358dde32ad042a,1373789196
fb50f2f13a30fccc3903577e,949380673
7a608479334951a3afdc655a,1355932641
9cb40496518bb99a7a00a2ea,1590381876
a69ded1c20e05bd6b3a90028,681673329
71d422db0c0c638e448142bc,846377330
fad033a3c81708df7b6ee73d,990174420
99fae85157be04554b236007,618411557
dcd314dabc7d162cfc29c81d,770725401
1c65d5172e53b4c7f1c4d6a9,637904760
cb6d4db44c789fcfe8236b40,632596221
ee2c509989c7155bb472c5b0,656452801
73b60c9053ff8193c2dd2823,703270199
2a487cfffeb12837a5586a41,506843381
c9d285946ffc4c4b3ee95da8,899917952
6a21be8a7a429eacb1de8c1d,953214143
2a7fc28219bee48a2368e730,720617559
5b169f28ea1dc473ddf11580,431848770
58b3ab31de2f9fdb0da0dc8d,640320690
2054c61f0162a18c6fa2291e,602560776
39940234a26e7264b464450b,875142165
550157aa4dae5fafc5d795b4,834945113
ca87bd8401c0c7bbc4b3f286,1187829790
a8fdb6fb681aeae4d5c22f9a,853835120
998c864a446f06d114f42fa2,900090817
bc57535516748048e38d4a2d,963131630
ddd55d8001b809f304883ce4,610630656
b9fecb3e6a507ba17764c303,625051133
4bd30aa3e2b4aa077ae27490,742458734
d7ee2851bb69088f851970e9,733959493
40eb0c78da8b51b53548d914,832258713
1097d9a61690cc58a4b91e62,700934876
6aebff5b1fb3a438c2c7969f,727089354
af672710affcd7e44eee9ba3,677843879
fbe3b74f9e11c829d4dc69d3,949477418
6b7219005737d8660d134ace,1273726159
042bd2cfb2d33467149ece1e,775917085
d5999beafbdc8acc8a6ad809,614932417
4ba65b1fb8d8ab0a914b0b8c,514069988
230864c9c9c5959f9f0d36ee,752842406
8520fdd4f5fec0ba861ca9ac,515534577
447dd594fdadb1b12ab32e6c,689980292
3d405df6e5dd012419f43ba6,812120579
e120c33346ead011ab7789ce,702416976
505740f7746e0154932dbdc0,543731820
e9a427f23e80fa59d9d517c0,470185254
97388d009acd9e5ad49e7c4f,612524571
a100f050c34e438070ff487a,539770646
96d14a1d29b7abc2cad573cd,577958310
f69e25355ce3887bb1078fef,523780222
86276ef138e0babab9863276,698949520
344f3bcc1acdba48c12f8441,647841970
f3dbdb2b69017cfa026ee18b,965108467
ba32f2964e8b68ff5555fc34,912747142
fb7154b2dfd2a48c13ef70cc,789310939
089dc5de66c6c4132734b9c0,732417886
5c2ba5028fd94a6b9859de70,771829134
e8544410d811163a13c6a326,685732504
74d8df07206df08e8f3dc232,1160388683
6fb4126e3ff41b8052fd0657,782074870
ba35cce2e715bda1684c937b,803040615
d7997b9126bef50985bab347,448512090
da3aafeb2d0105f8e09c051f,586236914
5daf1136686fc538db40afad,549624642
88f632cc304cd769e2d4be27,601531401
c5dc941305b5fb59e66479ba,484728947
ec422df56b811a0aa42d8bbc,484728947
bc8bd1feaa8fca4c52e130f6,678820592
60c116411ab3cca49f7f49f1,546884830
75ae43992df8ef41eaf9d98a,755442078
87ee5c7c49ced4ec99f44d5f,733745101
918f56ffe325f21522cc60d3,538683153
dae09210f48e5bbe0d31c728,472931164
c1ae2af40e1ea9da6380b8ee,807969411
e7b717278f7c95cbfceba80b,683620534
387f18b1f01b1aae536752e5,741781617
c036fb38fbd2d1b59ed5b7f7,789051363
76c510c0ad11fa67f0e9a4de,781462696
ff46d9f7dd86b8bff7cc305c,667099182
23d95cbbc056b4456b94c97d,712867177
fc65a77fbdd07fb490ad870e,930480390
8f0a61533b6a01badf43b6ed,934551577
c26990b034ee83450a4517b1,1336278342
53ffa19a09c447f3759f86f3,559311603
86d80d3757377df6f2b8a0b3,697675203
c757b3960436c23dfaed4f2d,1119892967
fd1431e595693fac0406151d,452272253
42b6cf2a5225dc62342d3a20,563999757
6f8a0e8f1bce0243ea50213c,702600920
02277f636716264116015dde,550834810
b72459ea34fa22d1fd012dc5,980079996
cf4ebcab3fe4d12e1a20146a,1136008008
ae2c10850b4a8ffca934cc72,1116746406
0e22a41ec27869c8f83f9be9,949084812
22a43024821ad081e654c5be,1324386434
2054c223fcd48a48f67d02fd,402857040
9af6ac77a9aa0c6da3cdaeb0,612399754
6601706d2133f96aecfcbfbb,527544111
ce011b7462e9be36184a2984,679336354
f759f71e444c16a59187a067,668901409
84cfb0342a0bf2c6777de39d,519295040
760fd4c893a56a4586030772,574204172
fc174b19baedc11f78b647d2,979547946
aff9e510eba008f3ba5c1847,884220574
a5a4c0f268548993b61d65c6,908252745
6cfb8a07fc1100569413b33a,686774817
94301e20cb91669986c4b34f,625277786
52c1ab7484e412ccbf5d57a5,799628722
2538cfce1c108ebfb1056c8d,893419489
d57541684e5c00bd9354cc35,613925159
123106a60208725514f3a343,650776234
7f2a2959f5ae816761be658c,837948600
fd5758238e7ec91e415779f7,752417997
e3197263bf47b3d37f027e11,726439337
8e5661e79f4fc282abac1f37,781357902
cdfc387f8246a1bb3110d724,929045827
c53f3bdfe8159bae98ab005d,1322469494
200ea08f57fa23013d0e661a,1379704108
603c736378e07570fb985ab0,995896937
cc019e30685c91634d2fd4f4,802876976
b0d394d6c9b8967250854c66,1160606479
f7a79e1211fc72e06a3a82b6,1514317724
8a1ea9d91b3d8a66c6341243,964896557
22903633f8c4d91158f65c58,725308739
bb67d95fc94532b1fbe80ba6,833935098
a8e696037f8747f562ec98fe,631078505
72e4fa00e8aab44cf210251f,908161216
d70948f87875325380885803,1492814836
a0e53cdd1132bd19b8ba0c54,651907733
882eb7115cd5b8b09fca0e47,753416214
529d6599d8a64c63566a11e9,428877322
e26eafffe4ca3c22b7f4a272,1060279414
4e4abc111c07656e5bbdb0ee,907383655
46e7860100b0c09a6a475b9e,763451147
7bfbcfd0fb8f5b6d553c2d0d,618161924
5fedc401fc32ecc4d9ba7e89,932504405
aee8b22ecf19495fc5894a08,618161924
313e17c442fa3040065b7489,684634481
26206185deb023a344eb2e99,861535521
4a9e2358d64df916e2cfa213,746882417
2f6515defc3b21d82e0ca4dc,589683284
a9b18720f68c7002dc71c3af,519335189
af911ba38d5376a8aa53fcef,708542926
025b094e1ea7248f4aba72f0,561291647
f81aa0f575dbbacdbdc681f9,828516894
848067a69d18a171e7fa34f2,546575451
e22ca3f1c8073e246079d57f,628246208
11444a88bb3b230b4feb5b58,774935530
7a9264f3a12de839a42c1783,656234189
6d825b439d8622ab90245049,648790724
d2d317f2990465269ef58c41,660265909
2860e4435c857cc8a661ec97,1100253505
39c70622597e64c4821d0731,943629252
2d6f5bc20de99dd0bd4e34bc,830253960
37ac1ae3a7e2a3319eafbb58,991249256
fe6fb32f623a9e3d5586a8d3,986916904
501531d637608f7098ba6242,790599150
69f59487924240bac2e75bd4,902922682
358e1287e24c3c4fb353315b,695205560
55e307c88e2a943acd64a9a5,1064008736
19105db21495d546e6792a25,817035050
375419559910484b17782b47,1443956275
c9d254244e315974cdf5d921,1206765476
adeb9a6ac3d357bd96c019ea,1001241789
b08e0cfc5bdf5bdf5068ebdd,1135956249
8da2439f391c6db92b9260f5,892453726
d0751cb5e704e28e03514fb7,1069497440
9051c6d14018b4894b560e2f,1070226445
54c3eff286c62f05ebe2ba57,705706160
975ee5aeee84593bbeb331b1,444826564
5102f4786cc032e24781c7ab,1063052678
cfcd97bfad6e013aeb57a2a8,569015068
f304bc9e9edfc24eeeb720d5,891991973
bd05a6f6ebf924adf92e5577,1008578307
a7b459470ef58ef3bed7437b,677167482
37e009a57645b845b1673b8b,760483391
b70082fdca35092802f8745f,621031956
8a69b9d7461107db6d16d1a9,889341390
adf055978a7a8e9bbd88e741,666458604
6c02bbf7f6b087a1f0c8a47a,601539174
d91017d9c530e058ace2e017,684199258
89016540f8b3fb727d863bec,936348218
506b653545eebba4c8821588,879798953
01fe5add1e7df4b15dd73bc9,945024077
4911d01ea0a4505d5db5bb2d,777544802
68bda8b092d5a53a35dfaf07,1317019386
70bec150e1d8ac537cfd90e2,1056101843
0e21abdf04b36e5f6a1fc337,1048324143
f53efb47de2bca5912ad7517,1031659718
82d6244acae149ed9ed88e8e,624191540
755a4fb96ff2b2276836f49b,763832992
f15ae83fbc4e4ee3f646b4c9,577587111
eac458ffc1da75fa1a4ab384,743478713
6f7bc7fd41ed908494d8e098,787661880
12d1678bc86ccdcc8ad756be,1311984527
6e07d31b81f3fc9b9de8e1a8,1174521893
6c618bfe55cac120a4f1e08b,769280169
22958cc4622a0050d1aead77,736787940
c7c3da1f12d872a3726736f5,597751119
ce30c2c7cda56a69005300d4,630961728
7a26e5936765b409b7b73cf2,1016204161
8d5a73b1d27a66b3f72fa662,816956501
3b8302dabc47048245acc09f,606334517
909182c92bbc39b00536ce6b,683588603
963da21c3c571d7bbc36f1b6,757100930
a73504d5982fef268f5ff589,700136723
50563038c05963223b459beb,719852651
b9a0058c58cabd619e226178,1160206485
0037d98f6ac46a86e36def45,668527354
38117bca778373247df86e14,502921155
4eeb8b5347526d721092a7be,708807961
0b6cd71df4dde546e665f865,708807961
bd066d5d19d41c06b904d51c,711314898
f10e210fc04e3fb073568323,708807961
9f504cc4e6b170155d38c687,708807961
3e4c1e6435ea1a9c3150aed0,502921155
052c93502aa794e0574db9e9,708807961
343f45e7d178eb780a9a9818,502921155
c0c4fa199f0ad751930cf78d,693116859
5d86154fc1769d4dccac1269,692793827
e1fb88779e55aef2b66f2c10,668527354
c26af6fdd00a85a17b823d92,708807961
be3ee4457a26c6b6ad4237d7,728691562
9bdc79dd02cdf39f92e8c869,668527354
1d4bafec52ec7575161bcbe0,608228192
0f15a78ce3ff90b6894fe3c7,691076782
afa5698724bea14940667231,780501559
4d8e365b35a6b8ebe6d7a15f,732602841
6ff848f65f2507e58cfaa231,584240155
e13947242fe19bc3925919f8,561843959
c02caec41084656408c2696e,650427092
d6fd079beb9f759fa4c6886f,612555779
d14f7f939468e641c43abfe4,724912069
8f6076f8ed13e87862d82255,689863517
8d5e662ba25a71727f1eac77,824748967
bd2f9648ee9ebc1fdbfa53b3,623395268
da8f986b6ee6f594780f4a91,824748967
af7131ea57639ce5aa1e102f,824748967
30e10a03626eeaf8bc2c380e,866449013
6caf180e36fe18078703db02,910147167
a40861d6573e4539ee3c23e5,991903169
d5f905cebe05262cfc44bb11,774828056
809800b56b7b29399986115f,712279304
6b2d7f88f15cbf7d998986da,1032723886
a0ede3a514cede68b721d994,738935448
179d467dacdf674a66c7310c,690878033
97f9cfef1e35be84ceea2a46,1106260180
b7e01962fda2102f1402a444,766150689
6665e5bc4774d04321d1ba9f,627366410
6c09a3ccddc797f77d63f1bc,1160447805
97986583e1c988373765eab5,1097588223
56807890f8587cd75893aec9,784890996
0f2fb3cf22613a339c88f7e4,820199683
a967a4f0b1dd36d7264cb408,910199861
08ead1ac0b9b30c2a72db17f,1384046822
1b989360ec91f5da55806bc4,1149416567
b289cd856f9d15493d31ef6f,1112942454
88668347361a227b6dbba15e,965452532
ec3f1679451b9c0037f89386,913038847
9cd01a5cba1674559752f5c4,1415967086
2bd96c7fe678945fcaf9662f,1037861380
9f118569fb8b084f0615fa22,516624435
033521a46dae036839ad6c90,468870368
bc1ee1f8ffe1ac88f08e2459,727757715
c62886167530efe1f84086ba,643535997
d58f191c74d26bc1fb02cfe2,628238033
981b55d5c38361caaddaddad,652261699
ef26c0f1cd9e3203ad16558f,712071528
74cd885ec200a0c21fa9e03c,638753292
fcfa51e5eec6829b9f4f2c59,643180051
c3bbe8c09f5e58281dddd412,675775339
8f36d25584407d9e3c326e71,926478962
51f4aec91124a9a96f4c5372,765175994
b7becde9261820feb7cd926e,651938459
65070c554133f2b4143fe051,766547401
c2a2ddb94f60de25378aecee,833348009
5ec3abf721e13b0d55829bba,971110311
502aff943d74cd4cbb976dcc,965483648
11e6e5ee92c97e31d34db891,870664641
b1589aa1f58f6dffa93a3a61,1492424039
783ecf989538582ad008fd95,1366388049
1770bd5b0a07a6aa785e0caa,983367455
53715a484e20d6152c76fdab,1003067444
ef73428a38c201019267afb1,561597506
932a93e3ee2093d7f806fef8,746427960
00e9afbd1d27062a7bd40a3c,1020415900
a11a82cec7f8a243e2f90539,678522378
e4a70600296b0bde6c28fb19,616140932
0a1b1a3d68b04cdcb2d757cb,726748567
7c06a2f06cb4226f9043578c,705593450
5e113e1e878da12e312cf875,929973337
a72f5204153b7c92f52d871a,804834140
fc17f35d300be9680971f95b,737678771
13ab6a062601d40843de37b8,726441419
22abc78ce812c519511f8a4c,1109843736
faee4c33e892029b79b63742,985814899
c8d39eef5a5422e0da4172cd,706175439
b13683c625c97c23333269eb,612815168
00e7c5894c739852052f566a,722313364
2703313a3e5a6fef2157928c,621152516
8dd453e986d05c6c1dd104d2,571738410
22b34331d7ca2ea642d29946,711837995
23187388f9d6e2bffb88b9ed,964213300
6b49a668de0edbe7f8110740,784307099
ef0e5b23069a9fe377b77ccf,1036266649
c37348f8247ade33ac513855,918833734
1d19edc1e0d907e5ab0899e5,807749640
c73ee8d419b96c6e7c53f95d,729319274
6251cda3676ecbdb6555c526,911640266
d12d6ea066b67c3db9b2dfb5,1169785729
8ba4e8e071e458a13efd179a,689501949
9b8d798a2c455a960ee74503,721397292
d663ca1a0d29b4cbc5cae9ce,822701215
dc3b8d97b11cc2af4cfbcc79,936005867
7d50144c4b2ead9b7b9f594c,1102657726
ff9cb7bc0b972d4515ea3837,612368553
267e46cb9eaec6c7009348b6,627694895
1769a8ec5ec94aedc397b4ae,698649125
dadd9ddd29102f529caa3bbe,721306852
251903f4b947b337e0134415,650743079
e1b753c283bb9c6d4e438bec,803008775
16fb51fd3d35db53eebbe5b8,835719103
8f543f9c31af1eb17ef1e353,600487860
20c3cb2d4fa486b23eb81bc2,813513477
6fb9e9ac6d44d3a286f317ae,841951531
15b57b0ad8794d64a2784ce6,707124371
d9ce31250d4ae25c3b850124,768207271
f90efcbfcafe544674c02586,765723110
05a98feedbd3f422bf063112,741651209
ea359d571ad0c986f826d31e,859880866
b02f1997e6e6f97dc808b8cf,915811335
307acb7b4044cfa5680e4227,885709743
ddce386b0ad3199ca09aac93,780559118
9e28972500d8ca3fb3b76fd9,1137299066
687b1dd576eb7d06a08c3439,941511129
23b2b5b9f5bf3e1208f5f80d,994614995
dddaba511b6a18f49b41c1af,802836071
874e3e3ec6f67c160807628d,801928878
67ade5109553a9d784886a46,1332378940
6879f05563a9f0748088cc65,982416570
dce05cf86b42124fc93d41da,1322402117
1ea5db844a6d3a926480351b,667723108
4e9acf6e9f80f65178766740,606334517
a35450284f8dc27e0ed717f0,818872578
069499abc4e393fe540777b4,562774366
cd10d6e28fd7ce92518ea31a,930007571
3edc0e70e7cf6a21be2f0d53,602591477
2e2ff1e620063f416a387058,640353315
1ffdc10c53bb83d3be84c327,705274428
3c95dcc4bc3788b4cd5602d5,635585652
aa592f388454d575e0006206,740488738
f7e5bf5b0f6157ed1f604d37,431870773
513c6ea5a3c2c560c409eaa8,872711456
7cf15f80838e8edf4f9cdead,857241725
49737c7682eff2513869b3f7,736295041
4e8cdb49a2bdf68ad8d12625,830169364
86af11931b004aad3fd27b88,686704840
90921c9fce21986dd23bc645,573510761
d79d71be963d418a4c9dec68,726748567
c27b2b735106bd5a77a15616,986816345
b6129a71f8e320aee8abd0c4,986816345
26922ebaf11e35a7a320d30b,929973337
23f859b889afe2639ad55a21,804231132
ddf47d32045769c0596826db,1072317118
1d0c635770f2e51aed4c8664,1516561424
e6144e15d5cafcfe87c07c9a,701387131
a7c7923f9a4d004eab43413b,1024229170
42b3b56289972176c20c4990,539384627
b63f49396431089dd646837f,724541359
e0b041a39e732783f98bde56,973171294
409eb9b8f2ba87ca299a7f6d,567382521
1a46c13974f3634ca6dcb51e,877825506
4b068c79664179605b145a15,935357498
afeba13fa3f81249549cd2eb,670974241
3a3ce11d981d0893ec732e22,686704840
ed68664efdb7377c33f4010d,1004963181
93de58cb0d8fbe74b0cbb556,770884284
faa204421a94ef95b79eddf6,986816345
acdb13c4c8e2a48b0bdabd91,859614541
5271cd1cb962066407490051,970549498
933251193ded6df07c83128a,889655696
524e00e537f841c13497cd52,495543930
a9d4f256527be98066c493fa,903152726
2207c1ed62f59d6eacb3c18d,640488516
97ea5dc81ba49ade4f8f580b,716295245
72488318dfb2181843f17c03,983553078
76698030899efea431dbb81f,539534676
e84888d2f22e14a5016ac789,707892303
d9398ef84ae71419cb7cc82c,801384221
6d32649478d9d86d840969f6,564047196
81600c1e6b6e3ae770e40b28,953156067
68075b0ac8e779bf5e66dd3d,597805350
6d7ac64b8b9f27f61fb155ec,535957727
d3bf3146ec856cc26c607d70,1136381498
d12298e0d398e9d21d2e2eed,821913165
97b69097fee8d8496a6b8c04,607056816
fa6e53a7107c0e33e3d505d1,1170083763
7279c610bda9354e1c840b0e,752920544
6f3070318ab65b867b2702f0,427384516
e08aabb998103a941d24d0a9,571139362
415e1faab81016a460db7a0b,735630075
8b871cc48b99bd4190877bd3,668527354
7240bbe28e950ed75637b504,526968627
831629494c6d15d5ff6a00a1,668527354
1cccddc33bd892b44d7e4b7a,884108638
f9cc6760b1112ce5197bf399,803773709
0901e845b6c56d4761377a09,611769453
2a33fa5b25963f3dc928f668,750190369
83e9507b9ca2987a21d1b195,681859527
9381bdf491d48236e84590fa,775044062
c041a933261204155415c2d4,957165221
a1cd867286d6e82181e5d1bb,824748967
240d2474c81482baaf79b6fd,824748967
ddc1c85af165e47502447242,612514369
58f02c785ee9a506e899b967,634872200
8b353ba6823f4f800635f0cb,868886196
68cda50b602acb4efeb275a7,1607063863
96cb3c08c80815907de81e73,607072605
f54dbd8f0aa752f79c581e5c,941983082
52a438d024af0d5c38627ad0,964534177
1b5db6af0a1c0f7787064020,830296262
84a7286c91f1ca3ecacdaaa2,1032797358
bc6d6249873222ac7f22b73d,986967188
12501015fb631d7c10ff08fb,750518904
85b633e09a41cf22a10f28c8,1058936787
7acb92246dbaaec1cc7b423f,678871590
bfba8fe959dd2e44a4202943,847232082
5325f16558ed6d2689bcbb46,646690837
d4653d505cede3d24e258d4b,847232082
5146ecaa8b7ed507c4f30785,792024510
f5b9cbae30356fb3a1d005c6,928156973
205ffcec56fd884ab24c5600,596052569
ae7ce478fb66882a2c952012,706476464
efc9ae02fd6c3f18db866cac,876619558
2221052e00c236f31e6d5a06,638610864
54673ffd4971d04493a1b1c7,672621641
b0bbdcf0916b246ca95c4721,897271742
1ef15e2b882a0da85858269e,697490685
9881fb167319b34cc23da955,1204271631
9d2a195e645a9e8556683b4b,699594117
14acd96163e6b3e17177f35b,753854279
b2c5af8615b8899deb16c896,606549325
4c40683e401dae89f6537ab0,598806871
dd007a202a0a3d56ebc4868c,749131613
6d9c89a406cf2e755d4172c5,614720296
7387e7e385063c180f05a7cb,606549325
9dfd5df5a2efca3fbf2c07c8,864388953
2a9e75d221912230f98485cd,736100297
86ce27f9ca03821d13030f18,973007342
3dbf89c6e97182647bb44e69,738079374
eaa4893a313d85fcf38dbb6b,586791482
c57e1c323ddeaa7475e5189e,1270492536
84856812b63dfd9630fa49e7,945022257
945202a450bea48fa7f2a95c,856469690
fd689e54d5c418dc9f2425e7,1173631366
eb90d9e9eb53b44b07ef9613,1004118289
79005399fa92d05558fd6f6f,917192451
5cde51bd6de3759821216d5c,969252583
230cb38e035b85a4353220e9,748039730
a22ed42197987a8534abf76f,673610367
43a2ceffa8ed90bc1a43255f,634688621
8f2fbced5d357bcd6b1c7de9,884888571
6e895a15d402ea7fcee98156,974946242
b6a2406025f0e1fa09690c2a,634688621
f46d46ccc7fc415433e471e4,534863227
71710d25975271eb32c0c8f4,546227896
01b7bb1556b5c32df8f618cc,682605310
56e5afaecb2cac6293cde16d,472410375
70209b9024acb3e5baa769ff,790067168
efb0b413b3f661b23d674b3d,1024229170
251db9c4b7398902b38b4a4e,842107407
e3e7ffecb903d2daccbf8a53,759107752
a92ed9a378272ff174ce2688,620351544
40a53a3f3d49f7905966295f,1125998126
bcf2c303fc03897585831351,774573285
4b0ac2ce45d7ee385ca369a2,832575695
85c7e8ac008493b34e8e0176,828487607
0ff24418ecb6888dd8ec734f,859116907
3164e0ecd246b8ed6cb6d054,1052570211
5f52e316136696cdb56e65a5,453312952
5ba4bb943139d7930cb91650,992766205
ba12ab0869d66e03df12b6d2,788811333
1a111211207627bb4c840442,750163730
9d2ec1ed9eac77d534ed514c,697242423
9030f17b47b3940c2e2c4093,697242423
3b224cf6107d815a2e78996c,696703211
ab0e770ac42dcc82b472c55f,679800562
75fd66abeaf040fa76eae2e7,590870365
c31d98f67673691ece007a65,753054820
60d5f19c16554cc2d8e5940f,790147679
53fd196fd0c0558ed1219329,542084133
27b06d060ecf702fc88c7956,822334114
dc014623ed69c32abce2d0f4,709969831
f1a8f09837660445961375c1,965315321
b98a462d9782988cb54ced54,1236788955
6ae4843a827b36bf189a32ff,641813317
84e4f6c6b5dec0da7f7ca0fa,663168539
b8f2b9c2e63f0091b6038ea6,1346012680
e54c7ea1f012656f7fafa49c,603852770
f25f5df33f25576f805a95b5,832945442
ce9474244dc2d40f357146c0,553250270
54bc553b5b8abad0ceed4d53,583867331
e75d4ce522cf587cd66adae4,639038714
b1f0b12c28c9bd2d16b3545a,606260347
412e7b9e1de3df8c3dbcf198,725548173
f52ce56f20251f018d7864e0,661666016
6641ef09c0bf5f3180952b30,726314474
ada53307260fa34f3a6411f9,507145720
51f0f76e2a8cf50ef3650901,527281025
da482df3d0fc97f9f8582e22,692785347
55d47b5f3d0d2dd7c2bf4034,688908280
1a6714ac2350ad371d8280ae,746870358
0006c9478f4e7edc53d84916,582131407
dfa7461510c6dbe5e119d106,706355705
5df95b44c73b249be0fc69e3,801961401
76bd7a0b87bfb6d2723766ec,654959007
8570a1d8156dbcc267d3b495,831777062
94116b7517a06255bf4320c2,851491252
8ba2d7afde20563e38892304,668280578
f86ab537a2f5d8c2b223574c,892057237
9d0d2774fbcb6fcc66b865b8,608172851
9086e6e757243bdda003878d,925682708
5a3625846567d06dbe4cea0a,1014733446
f51a78ac4b03665561552b0a,747918426
561a262410ca91d69a58645f,996936897
08d90f931e7e0a6f43c9d0e0,1011857280
f47c64c8ee69e744e654d4b9,1241494084
fcc4c878af8bdbda6e1fc86d,1124646629
8d9b143cd8eb71b05d32cd2f,886637623
ce6a3868227d78852fad9f62,1317225168
d82f743ff414299f8c222db9,1110027257
9b2c7e6cfb2d6c66e1ee8a6b,806911096
6e9009ad01cf466e8f8136e5,886578078
a4bf0c02f139c695845c9507,1234618586
16cf0d7977ed97d6ae8d2cc5,1373789196
d96855b0ec427f041e7a36c3,1355932641
63613a9290bcd9e1bcf2786c,1608453975
32036c1eb131e6cc4f3bad3e,664230037
ad47e82c9efcfa36ddac0a95,545590370
d5af3041d95f5e89969c9868,684276213
f2387712fa17435f56d7b102,602684668
c1c8024bb6c3635ff655843b,559657885
11e4350271e9cbb37bcb75af,658698792
d012efd4a77c5aa5e8d6e508,892422170
6240b85a47c079cd0efb077b,584099157
85e332a999931ecd0e04475d,607166049
4ec02a406caf200b700f5c62,740571021
f3270f2ccbcccf3046346809,822318465
bfc5aa443994e3f3f78c6105,831209978
aa09cc29ab2f2cfc79e5bc7e,932867326
6eec5b03718975e5137d5e92,693147480
6974d82e41437d61c627b16e,1049181402
ae3f7f428b49e6948ebe6fff,665121428
a9a710b78e776c16eec24be6,719830939
249cf6f96144f769030d1b4d,645545849
645f3c4490ce43ed68c7df10,949783559
3413f37549869d2172b76d6e,902922682
956600c9a4ed31e588f8c593,927736662
00ba709f184e70be13e5bf9b,967760411
275c8bfdd3fec33752493861,956964991
3206523e850b5b5fbce567a3,861248477
9c9ffb3401ab6ab90fcb555e,1496556511
4962650cfa3decf487ccbd0c,861535521
a541b35c62878dc2c425235d,1440609142
2112e589911b979db6e05a6c,1422547260
c9cfeb97323bd6a0564e1903,807992082
30e1bd4619483b0e896b5229,650842550
48aa146a36aba8a0270a8a1d,1332582605
678a80840673787b3aa64228,814803336
392abbc83cfacfe87c401e27,463487850
51744814dd3a7e60c0791041,750630215
c6faa5d2ac8e74c26fdaad4a,836267468
1f2c22839c470363ff41551f,802958792
5438c2127072b47e3af428d8,982566741
32e182242a654ac03a8f3ea8,639063879
0a45eb817938241ca988c2e3,881489030
e74d815ad652f7046ba33295,580398114
2887a0d34994d284759db20e,717492863
621c3051ef29e8da01e6bb2a,665351716
54de2275006e273686ae5fac,1135040305
b0a0cc38f73c9d90bff6ad92,1006179965
f4df4ad4366bd794594c111f,894466750
763206de4c26e3825b69f4c6,864919600
d5ddcb0a54416bdadb4bf57b,696903586
bf17eca5afccd9cd6299b9a4,996051605
02888257efaae858fdc7938e,778990955
1f8ecf6c089ce6168b3be52f,830300696
fd7a48744bf966e417f34a51,1043631922
655d6eafd78be856479767e2,827373121
27472c6c6a801eb749b9719d,695851050
18fd9bee381e7a8c29a44c4b,708816886
da5d47596a755078a2261328,790876887
737c83218f0e486ef4feba40,573347872
2390c275fccc98eb4fa33af0,667688137
35616923c84423b44d1d1438,1028193675
22fcf0650753e2b5a2fa3786,951708747
9d8e7178912841c2a1232ad2,665998657
36c2cae6de0add92f32d29f4,746174609
699b68daa574a0f169436ccc,713817374
c3bd0b8277a37832f56be54b,508115694
6b3411cb8c50c1498572e681,523685269
fad4ecc419fb64b3f77971ad,823931804
4034cd9a70d18fe0c883a0fa,581418490
8f9417de118ef8486538955f,1056803770
33f4f9988387bfc237d114fa,911302078
40c9f947e826f89c6ff3f898,595927669
351701c5d1b821253e2c8c42,614211918
f6b405af32c398147475dc9b,696518962
45750daec6238508791d0d4c,698663866
eb85bf9ab77f59615960fbe0,855910114
0ab6e52af85ebf23432d7698,572205633
9b13a371ed4724d2e2966447,1139466838
081bbc273db70f1d2cc84ed2,780557537
e113c48e4e1b53adaca275f2,817023709
4bb0666c55d174e0280482a0,606919062
ca516516b33dc09d712b3154,981120123
631e6aee6ec1f720f3c78775,777718006
c7746198cb5871bd687c2538,671554930
58a5dacf2f664512c2b00ea2,835707834
6d8998442d831addafbc878f,910318753
7d4ffe0038b3ebc149d8f4cd,870003339
55ae7bc854658aa5fa49d368,857080327
042ff73057dce4d92d383cf7,487370509
807c04729620ec60ef18598d,565969389
5dead94ad2dd86dd41448994,601097056
bb90c874275456d5fe0de83d,662197603
6ea5fbf037ba7e5c74d7ca39,705149630
86dd7931177df94a649a4d62,643058847
58ac250fa52a1ac7ce39f70f,655721260
2861f1a224b4c879b845779f,672974307
8d06af8e439c45e0e125de91,669170960
bb2dedf6198be0f3ce2c4ffb,892375065
57d8cac189a13c180f08cd2d,616023881
db575f8a4e10a29fe81b335e,1032513443
e8c79fd41b001fb1da0d4fe1,686809808
b81679b32ea288e9665dee49,1514394879
841482deb90d19ecb1ec8a06,579609682
214df9371aa59f68e5740212,997854768
bc52abbda9027e10b879ed50,835253623
ce8ce41a36b610be164a25de,901134301
a67412a01feb64ca6e772858,915918809
d87896f889ddfe1ba210d74d,473374902
556a39ca66e10ba3545f2234,499087478
50cb893af4ad0e21a69f05d5,713015957
3b5a5d6536a9fd24f02e8ba0,549464570
121cc20fd81d6322f56d5c53,889386702
b9c893f3c3ac4dce40d0ea19,855922989
47bf8d322af3c13e8868ed0a,713015957
a4325969a50a14c948446f9e,770597925
4583a6b01449530079415768,1035730968
920e2bd03c9d34e36fc38ad5,1035730968
0a59b506798fb96edd7681c7,900541434
e8d2cdda77c1d885e21c7bbc,1048377555
8abe99f2b71b13dfe7d71616,1322402117
c07e98122103d1546d995f9b,1008931715
29fdab43da21ed0d22c9c71d,593062795
f2ba7982bed03cac394ef87a,671873084
eac89e705cfd337a99417320,517224967
40713332e88c6d3a393c8b2a,677367796
a9aad230d22f7dede73acc8c,981060555
3b7fd4008e14e394dd09a0e9,1492348004
098327587a877bd50df27551,628206026
0379b6a001e4018c34e944da,804529121
45f24dd99d362f49c0adb875,603662842
dce1dd028695bfc5a47aa6a1,543060968
cfeb702df06baadf29f12eda,548124734
9ff5828e084070628ef2ad96,597720665
6920e6d7fff656d66844949a,606303626
31ed69311bfbbe000f4483d4,856819311
d300473e3d2ced1177c9fbd3,772145677
2cb64650b876ccbc7337a0e4,656737395
3ab2ed6d140698cfa41f2e3f,673710187
9f8697b55cb665ebb054f9fd,706497589
7e844f8a24422ec3b833b4a8,492375502
55a615a3b3919798d54e885f,753749166
fd26da8e62b5d1155962f0c5,527281167
ee9171c496fa78b1461acf88,1002704913
d5182c47a954c964445f25d1,996002056
e064b4dd7b4e64a3e0016f0b,959305879
36753a5e31b0edb1eecb8bcc,623331749
c2ee475efec76c46efbf1b08,942953786
3baeb28cb33d048bcd6e42cf,469325000
6a6d990b9b1bea0f844d3065,736982555
e93dbc804920c0bf7bcf8cb3,712879341
b9ea1b9fc0e46ba0724cbc0c,576865780
95e98113e39820523e95adf4,656178396
942ed340950f02adf9749a36,603718846
8538a41c0e0fdcb3829364e8,622112655
804289a128775f7d1652cb43,796357777
3dec1da01706b06f5d6a9266,741438496
fe004acdfad6ac6b00911ef0,610050837
6c679d5b6a1c1b74bf483478,812800868
ba54b5ebc5d4f554bc56dec3,685431335
5b9469c3ff6b197bfe3513cd,771062301
2ca6ce8266afc6721d179335,1032217347
94160aa4e5c54bb479b1d0db,516913496
eea6a2137473c3ba6708b576,491443930
9969f6f4bfb29e3a97c2fccc,619417222
68006626a3321fb0de032307,563293279
2149d04442f73cfc78f93bab,690369905
01cac7d033166094ab9f87b0,870824894
15515ecdd35e9f175842a738,621152516
86f1d6fc54152004e69027a0,1006406259
0bcf7987c4b0ba485c44caf9,627934179
107fffd601a2bb7a3e4a69e8,787643320
5a44636153b1d4a74d58513a,585157222
5ae08e5999ca2ba0a1e2d8a7,1257715370
369e9e64898ea16b7ffefb7c,789167094
192b505186d0bcadb46b7032,677427794
6dde6686bfdff12620f198d3,652688082
503a04e079773a04f2abe075,701177850
42b5ebbca90572b9cea79177,623236482
0b6f2534f862a7ef551a116c,888320822
05e06a93e9f01dd3984a85ab,528685868
c6706db3eb4f0bbb0510578a,940641305
2babb357d1d828c49bb89be0,770413580
3951171501fc51e2d830cc82,899398663
fb72b8e0457c0199e158e599,983897125
df865201353bc7b915b56ac6,985524330
8d1b3071f5396359c0b6cc62,968111740
c451b61851c8ae1e6222109e,941715614
e1c33552eeab60683f2f89d5,1169785729
1d8d51cfdf78f1361710708c,697376542
bdc8e1a1e06d387f9c7b026b,697376542
2b36d797d32013a126e15709,697242423
13b3a55d79b79ea89a73d21a,681807351
e57ad52764215c3d54740ac5,697242423
19e11b2d60326895b5e6ba01,697242423
f6e1752b9f4a0a3c8573910a,681489590
062efee92601be294d7346a1,699708454
e2c3acee51cdd03b1f211278,810341436
9390ae5c166e1a976e53e16b,492096536
db3aeb3a96304f3c255e8a22,518730436
d353be29e7ed2c35b920f7c3,676886312
893c1b081e383de73b9f2e16,1028804571
8302e2afc48d6eda16784da6,880769934
f1e9676bc91a76740f4e9b0e,821003713
ce86066ad78dea43089d25c1,994072414
c89ac55660cee4608bff27d5,634448491
b183776d007d85bef0f6671a,818710999
e8872302ba40e4ea413689da,594827064
0afc6cbb60f34f1cf00fdfb0,907860664
a811af7cf12afb1dd9b8eb86,697978271
7947f71467036449efb99972,1268046642
2ead9549bab6f1386b7a2c77,762621811
b54e8d557263624947f979cf,832090312
fabd2201750747891eb6af77,1238918186
7c3f7b513bb20c918a51dec6,1092214703
0dcc222d83e1bf05f2c2c090,902078834
3ee3ee47bfa21462a1fd455d,738564529
1dc3b6ea53413ece15bea33b,839691240
f44362b932a8b70ad4b99a29,590289300
5372f93d988c3c917629f9f3,617942949
5c25ccfc7ae77f1d85981a79,550309024
4df222356df121a41adadda7,520182472
bf38bb7a2a7ea663cc8f3d57,618383623
ad0025f5b240d00936c82f9b,647754459
2afa66b726ed0b1492b9e01b,850489464
a528312b77b7f84741c2bf29,641737280
1cbeccacfa11843a256b2e2e,800775896
d11eadc78d95c96f50b41a10,787549514
c918e02b3e6d80125a2db1cc,599999389
b2af005e93b0242e0f62f298,608219671
ed9703ed896c6118a3458e78,566052931
8ed11c1d4e7aa1ccf0ea0508,847006619
9717b066e135a82feb422181,759107752
294985765f4d12e51a68a451,790067168
edbeef6a08dd17a941634d49,988538646
26cc292628ce4aa87cd287d6,674894461
47f7065118bcd4c3878e50fc,806271526
e369c63f83c44329ddad488d,683794800
383c0948aac71636973507f4,782966164
6bd1a412c01387af8810ce57,900281397
4b92ca1cee4739104e620871,1003457396
0123237414f757b9c3809f88,981016734
6e36550a6ff6fdb2711a88c1,1116843264
1b5de74aea685b506a952f4e,610041224
d85fafb4d5ec056e6db9a79b,484411717
cd097f6cd92275ec8ace1f20,734699105
ced1f52def08143f0b2b6849,923166114
89a03e25c43a555b47c53864,764013542
f8d64df401009704c152bcb6,698139421
2a5aedaaad2d908122f28f22,816914879
edd0b57b90629fb00d036e34,874035981
f8731413b0d976c03b7e05ca,983390827
01abe3cfc94be46c1153c82d,772111352
aa7f5d0d2fd5474cc67cc70e,873202320
4912c91afa6e4aff6ffdc6a8,780635749
9d805330fb0df9ae73003ceb,971060835
7daa9115f755a6c70411b9cc,888416086
f5896513d1cb044108d23785,910625350
3ff2a2fd905d81f0422c54b2,419999493
02ed31afcba033953c79d95d,704390210
c2164829374d5e880c1a1f31,750201951
3f6eba5c365508ac192f2b82,564241237
3289958459cd87f24089cd14,645186268
ecc3362a649cf08afef96fc0,586261106
264e00a64cecb861d2c05b1d,880033805
d5b5bbf927f763a43190fabd,915572153
2691d7125e9046e597437f2b,1426519735
7cf183ed411cf82df26640e9,790832094
f81107599bc083fec4a13ca3,586399689
3c2a535f1df831771b859a86,573680929
9e871ee8a61b183aa9051b72,878834506
e066ee04cd3a597dac8ced59,642909594
2f4ed160fe2a21722e6299f8,767424336
e0ae53aa3cc9e9ba7ce65f74,990387990
78d727d0e61a7c8b1cf6fb1a,981994192
b42f936db049a74c7d24b0ef,1246434074
62e9330888566f1f826e1ee7,1058573855
3fcc5ff04edf753621d6cbb6,1052762350
d4ae25b207949fbf0df3b404,731557799
14bc234ffb3ff7f974afc8e7,763357805
64fbc9cac3f15c0f1a16f4d7,546575451
5fa1c8237da8fc7683bc10e0,726128438
7bf4beee26ba81ad0b884f9f,527544111
72a47f70aa99d42320e54787,556530154
07641db461323a5cfcda4f98,569493529
3af2a1ec9efa6884a8254d28,950400633
3adca5eeda4939a5ea11444b,744439825
37d39cb7d3849a784497ed0d,858596559
b9baaab70cb83475ac3bbab4,750569681
74e178e2398895d2288e6fcb,650776234
ec15e2a131d9724b012d68ea,686774817
ee042a4b4a0bf9a1dcdf1eab,701580969
35381d7a5b25317d7588ce77,694960221
18ac3368b1f6d8f7171b07b3,1032460839
3dbb09358256bae5199e1318,847078644
4662aa1c44351dfe271e3a9d,903971984
034a30994bb2e0e446e35957,774630698
4cdbcefc434b48ba3d51a498,770552551
3d3317303679a6a5a381d0ea,969368278
68f4e3d4355bb71db0f35a65,945894168
b3c77f4a398b61d9c204f8a1,953326713
3865974fbc1b412f24c47eaf,1013623282
84ab3ece52fe00ee50f057aa,945456359
dcdb8d97ae65daf55570c88c,953851441
7ea01fd99b389d08ca50c0a6,981198658
51df325f026f4cc5ed2e9a65,1332992251
1f11cd977996d909ffacadef,1322469494
5ae03c0e33dc7d3e0e0d54a5,1016777873
da88bf5bc2a7310ff382be4c,802876976
035de58d60807ee2c272ce82,1514317724
0cf82b1128ebb8d1087b640d,1373379797
bd8b005383020611b8922147,765866216
f5c79a564600bcad99c74f03,632904872
b11672f22fafd555f940a8dc,671191182
2bc88a5c4bea2bd00fd8f13c,570481505
b2b99019a929584b4904b98d,1345514584
678d0e011f710cefa49f6465,688031104
f7de22825945329521642f49,515386230
79b5a037bea858706838a62d,875186753
9f339d547d83b4ef956a3690,694239692
127e197a2f70e7ddb5dc92aa,618224695
65b8c48546af394a924decbc,756222226
cdc0c282ee62c51e3a20459a,816956501
ec824ecd0319e05d1ca6a9c7,679268264
95f27bf0d25bbcd0d1eb9cdb,684102418
ac0ee54bdc08632efc0d771d,647566929
904ad71e7d108930d69a7332,639846746
7f4e6f790de012946197e0df,667723108
473cb30713e88ecf782651fd,689488441
59a309a6af425b2028a2ad69,709688086
8a1b0f59f86e33a7aa7c2c23,774057780
1e884932e57cfcab75ebbacd,927689995
8e273f1dde4801825fb19742,754439424
1f9c0f9c3c6460a323171d72,1092081978
5dba98aa20e371c3947c19b9,1115599654
51516e102f8d43a07037ed29,724178222
6eabd14e55ff090e8a93c727,998000799
e224f9ffc7bd70369a5e8b68,1031534042
35cb50346289f0590dd24d83,1103243542
2aecb598de8c74d9d5108d8c,943684766
69c7e97037c747b93c33251b,853791620
b9b95c89c988f68429822e81,778440622
fa2c5c19c86087f207c379ab,580670553
9bcd34e7a974c977f65925f3,1365998491
3611c89dc71078cd0aefd2cd,875097578
9ab273eca8cd5dd4b6339ca4,689291905
4347966ceb1770f758cb6e37,921351539
2a68f627f4dc8060484cdb18,1121733338
55ff644abd72eaff17d533f0,1315118069
db563e5a1cd9eb1be832bf5f,1309186125
a0e9310061ff0084d63dd242,922659827
7ff62b2f8a28d60f6c4237c6,1032014691
c42c59e8a08e8657ab4201f1,688206113
de28370454624724128a0688,806312606
514aefd8a44ca048a8088c51,605886172
3d3a318662cbe218db0878e7,816873259
2714bcd5c0c503c3bee0e0b2,971011362
5461aeb15c7f826f0ce157e8,638532426
db352cbc2aa3066ea9b34184,799444558
22b066e6dbd0f2562a0554f1,1225227439
daf8d6d3f4ba21513341eb3e,953745556
523605d1fbb75b0c5acec5f7,783977688
c59c2a19b93ca666b7c389d4,622641030
61e57e5539c40e5ffeb77997,783977688
c1fc25faadb151c73ff254ec,703543642
63e73f1b8b385d89de1329c2,548096808
80ded3bf4f2973a5ceb1ffb7,589316238
e1f5f0e96e5865370423c142,748433780
3bc1d407f7e7c8e67f7dd27c,853682124
d87c489d3572187e3280965b,1154477544
110d49e1d79a3534e146b300,969655678
7baf3723bac87b0b393ba52c,799499066
8e9e35321545774dc1f85776,698999204
e0d6155cb3cdac98f81d44e8,1025389229
bcf775187c0f5ae1cc0e8ca6,1028743205
a792122a1b292f482caf25d1,830404874
09fe153b0027697e58bd08b5,523578014
a7283f1587ffd80f4723475f,492912819
67a10f161cf7215302b6ca1b,492912819
f403b20cb52d4ad3f9469ee7,745768086
643e13f00dfe7787a19b1254,597690212
0eb7c68fb7ea1e58f3e76345,847145756
cabf47337c2cd619f12fe69f,1263011702
55c5eeb4861e8cd71731274d,952937168
363c96b85cf07dacbb10b92e,499471630
49b59d19432dbeb8921e57b8,1018979678
818ee3b0c3862d4aae6e7776,493499025
b15c662c56b19d3843737dd4,650188846
03243195c467c67e67a7823e,616176187
5db50c50b523f3d454e94dc9,781549498
0798af235e9926b1e7e4642d,696722581
83852e78afcc4127481adccc,528712805
7fe25ebd70b89f4602bee6a2,726535093
175590951b6f8c6b8b4af9ff,624928208
d4dd48521efc020762ea141e,619400052
a681d6e9ccc7bc60eeaf7e3c,994764606
e137b5003b8c8f18892ee9d3,910350708
90dfa0d7be06e7a1dc15770e,689635896
7fb856eba0ae98a40eac3efd,902968686
9f52855eab4ca5161f1fb492,665038584
494580f4974c33d7ce0cdb28,867017483
d972dc3dfccf2a48a6384e54,962363172
7cc8772ebde8902f55e14b44,795501829
deda3ad684384ed67711ae71,766072923
b288c52e4d0fab9f579122a0,989567563
0bc16b384acd3f8263e386de,704800980
b40d1d2b7c1db9cc57c65fce,965255797
c2580329ee6d7a03925725aa,885630381
7e73516d57a251061b3916e0,1063933254
7749f3bcfa8339444b0a8b7e,561484976
557e40fdc93c1824b0bed769,561484976
edbb5db63dbd0452c51047a0,637352605
383af3a5794a0ec3efe78b2f,685010227
90ae7af091c23957b88de5e9,731680453
b1d9704dd39c6cef28ae3d17,560378410
44916ca9b874075f55949f87,736448926
0515734883eea12cdacb7aab,733739585
faf9f8aa50d936c1465e880c,915601493
f37c9693e058492ec3715de9,642389014
562c7846b05072561d96698d,650283998
4a629aaf60a113402834c042,1057224479
ccc4e48073c3da10a2e2d08a,688736154
8532c64eaed74b64b4d4707c,756878783
528a96aa31409c32bc9f1f63,884315560
36fd9fc1f1d9b2e10c1c6463,620105491
91561030d87ff5bc0a497f1d,692561265
eb09010915ee68091d6675d4,714056071
56c41a58ed5b9864b68fc910,506725383
bf6005f6f71da582a6fab8c7,525768576
86ee80cbe81724e6919bdb73,567189401
0caa7856aca178f826fe90c4,820606289
9e41f25cf2e77f3fbe903368,672391275
019f4a25794ef01294845b51,782102297
d6fc6059bba177ab56d85ec6,798024867
436089e2bf605d00849691e8,741186134
02a9c37b3d92a6da473c6fbc,672906826
bde81ef5ff9edabfc7e30d10,811785250
379fcab709c66fa146d3491f,735500784
28ac1562ebb5050f1492f576,853189968
e68f5a98070efada9b5538ee,584489203
80aef024b0ecebb01913504d,432811955
f45161bb79292e974dc88b5c,612399754
6de3c3d53d6aee18ccdee958,502755159
5f2f7596a284915ebdb81a35,649413934
291fc50c4ffe7935b01e5d9c,529117928
42ac33321bb1920fe2a78036,614018365
c8e00b4dcfa2d05d6a7fde26,740431080
5c0e328a04f881674ae1046e,908252745
c28cb417dd28fe4d4d41d114,598495872
8e160f094a0425aca23f04ac,900302905
a8944be7383b5689b5039c87,937136168
cb7ed5960f325114bd3489c3,1035212999
275d73c7dc0fda7cbecfea89,832182595
85c24df2d836cc8addd9b7b0,1026687822
0fa87864632b7bbbd161f879,838735593
c7f422224808e043753683f8,1147914391
c51d1eff1b6d29b4164df520,1256983994
b50e8c13de383e64711193f5,450054774
1308dad458274c698b2fec72,450054774
6a1024c5da689de67bdfa274,721903610
6e426f60d25aa8a4c6f8c9e9,993695737
b80f3a46440daae51308d459,686782640
f59ed9b8ef1726f1a55a4dc3,597090784
368eddd8b6d39bcc7124a41e,628206026
391cfff759030283411dfe1a,646071760
4f140229175de685a0999773,536173028
cd365053914fcde97b7ee9a8,728110425
16a05fee8dfbe78d26664c3a,675740910
c462f0736fdefd319cee232e,911055199
b419d977b283e33c0b3da86b,1021565473
6eb27e2a66d08a8a60567272,945974920
7486ef139d41d91423317e0e,995729180
e663064dd77e3c63ab9222af,1150734210
9a6849637f1b8332ab289e27,1492348004
498de85ba30cb01e9c686081,572103499
3507f260c3c6e195fc444533,679257893
e538d52c9b2dc994491be3db,533377681
f016ba59a64f287099fc4af4,900026887
380ae516dd46442f97acfe14,711484710
c97e4d7e08db3171290e939c,813434690
f7847aaf1491103fd931aa5b,909366972
08f6bf438980d55b35ce7537,909366972
a6a06973b5a4c990d5873b7c,763646229
6e26918c69487a735a639c1c,894795737
cfbc690c55e5c2bd8dd9d89d,885552719
56fe5c13f11813b82dfb04f8,770452833
296f0158b5cc1541cfc8419e,1063443611
6ed2970ed02a3e50ac984aa1,678097357
4c9f3af11fa91e729384580c,733108381
2ce779caef0637db97954912,806509530
d743892816160218a63dcd35,600795277
758efd6f99db309c67cefb12,606951363
a4146ec09d782b08e8198e11,678048129
f415c2bc1bc0fdca091285cf,1007900744
39ef4fb2a43fa3bba15a0b16,1074665501
874ee4f1b9c6dfd3d2358834,834118219
e9d514f90ebff0de1936d09c,758113317
9f15c77d67021f349714806c,437267525
a600ed86cff36e636d204f39,626551332
58f55e9bf743e2e3ad43c274,600420898
af1aeb2ba89d29973f73511c,580806184
bee721e93b8d8e7cb37dc992,641424111
bd52dc8dc5398e5ca2952473,555290942
b71095bf5e80bcefafb12d52,581281349
a7f48fbdf807da68594e9ae0,654506704
50de04936770f874e1eb86c2,464041554
2ea47ef8f02712c32613fbd1,536978045
27eaac0ebf8a5ee99d143218,1011917322
ee594b6bb0751dab39055b3e,572817330
eba0410242fa1e8dea90b194,823749874
a619d30d6f2e2aa3b9613c04,612524571
df58a4244134d3493f3c9f30,780461794
32dd96f4f07f67806146ec46,709783676
a77ef77ffa731e8980d36b27,775238399
a2a1665a693852185673f6c1,1106203819
8267eeb41ed1e68144301a3f,660400481
887ba6b287a8b3ccdd5691b5,941002114
1fc94e9dec93d52e0062e07e,745307185
ffd3d51ecc85abff64258e1c,834059607
3eb79541c2ce9413d2c54736,912929103
fcefb2186b13c8bc39b17915,1032671272
d4a43654382201db5d318dca,842876297
15fbd295328ad698d3c76aec,1037580557
7f5e87fbb4952caa0cb658e2,766111655
9d348aa70957592dbc56ef32,774788580
2ac1105447a71f68a50105d1,826950437
d8ba9eb448ce35ed404e68e3,999414651
21d42e80f6f818eed990bfc7,875065741
81c890b0d7cf787a091d4081,813741308
518858c561af5c13c8aef9f9,1167979487
01cda25ee8545b9fe19717ed,1050888932
2c34c1e1655e87ada03f411a,1021351762
48f9e9a87e7fc0a678460e05,1009347793
76ae7be5da1785c37736fdb8,1514626367
3918fa99179953461fe07f2a,1130173138
305080502cba05a1c165560b,674867083
5c3aaf3f75d6d3ae9b55cee6,677746408
2ab263b5d1ba72fa562d64e6,869372220
6d13129db564ad15e69fd534,1032671272
7de7a2a651273df62aa6a21c,1106203819
59f9cc9b23cdea5bd4cc3ae9,721798414
d4436ad417941fde0aed2818,1032671272
80ab8d9f157c25b40f102854,774788580
06ca01d3ff86406e896b6fa6,866404869
88f36882dae9a0487383b769,677746408
da474e23f34cb63de4ef28a4,774788580
04f968f1873a655fde8702f6,541953903
1dc1a51628b8eb1bba214498,579484657
e7cb4cf600b9d931eb295c71,502019995
9052c644813d546987a72305,569261043
1e32a8825a7ea79c28e27a8d,545915089
82f34c2a6644c4cb0649c44b,612575570
95815bf7c79e4bff3f41b233,775620422
f64f642775ed2c9f45aff215,728327679
4cac81eebdeb45eb0e8aa5fe,720836075
c6da2874d2dfbb2ebab542bf,778915432
e7c08555cb8f5c7d0f32fdda,712308052
10b7c99bee9a4a21e1f32d50,684672817
f21625fb82740d6f4cf1c325,624494870
1c3236613cf95c84c5791bdb,923329084
b11c3a4642f7eee2e443eb32,1087069624
cd08976dc2d69110375f8541,572606403
a44c7ace8ab50de7ed8e5a66,510389376
fa8f13da6d8be3bc1f05fcee,605077781
77bd7837b02bd8f2c290c9f8,649199793
11a79681fb0a3f6eedf11d1f,713015957
70c3b086af66b0c9db4b0b96,713015957
64ea18085495f759116f62c9,728606614
ebf4bda17341de806444ba83,799679587
54228579fd8812c3ea160341,846213608
dae0265a0f2f79d3dc010ac8,1035730968
7340afa659775cc18d83aa4a,870422438
5ba05f67a77cebe5cda31e74,993972451
33dfb510aae260ccefa4d349,1075801363
82af190e32398942775056d5,1035730968
a9b9263f6aafe8531f3dadca,818031172
9a38e7293e9ad7d8462eeaf7,1385160058
5852773a80f7f1b929c7dabc,1370512218
52fbef3effd854b0ad0f62b1,1169845330
0016e35cfd881ee2e37b49b3,621184164
380759598c614cbe10ae4bfc,706610842
fb63e870ceb7ff355299f3da,713617361
285b8cb5e9c887794ed2fd1b,820315372
f003a46a1c8e04da0052d72f,574117952
a731b326a61043070c3c853b,658969661
d2644b46136fd95c0fc2353d,848028516
8248697f70c21fa361840755,1314147552
075b5c16441d9d67cf638386,622651368
6bb2ac0cf2369cd8fd85bc12,846216819
2c0b3d69fca6677ba9e95327,853750616
c73ffac843c155f24985e6f6,693534641
78b57a58368ab056c11bb0dc,753397640
90b25b6b913c1bf0396c149a,667295305
fa29c89363ac9cb59667a43d,753397640
eba756e88209c420d288c4be,652721337
e7081fb59ffa298320321633,1019213872
db1c3ece26da7b342eb7c8a5,753397640
f9ef8fcf24d28ce11e71d758,1337989365
2f854c9df6212c39091bcf28,638752596
ccc66d77e5f68779b1c016db,620302829
47d288f8f9227013424d6976,559671634
3e891afdcb568befebd66fe4,552546578
2d1f036c96e92d9c557605cb,717813485
dd9d63c612aaddbd86676c34,638653948
13cf784fb3553f75acf25a4b,717813485
57dd353ac00d0e99abdb3733,1025409634
ed0051ae106fd0df60a14586,947769513
0997324f14c5823413463546,1084065137
e2cdca1756b1635dd1ac2b2c,912252833
7700df9486a1684157527739,705150521
e790b21630ab963a65c53df0,481286850
2bbbd9878a1e7c55bdacb330,521899778
decb25b7fdc0eb259831cc71,708675204
fdbc74fb5882051327b3caf8,640294319
39dee9b1661292cdda6c4823,607553055
354e2de1e3a81a63e7fae4bf,894304428
f80b9e8c51cd71c5be281652,507109710
a96b19e82d9811d5de1ed0e6,483586582
5e5ca2753a908aa1b7fe80a2,694755686
495b6e61d1b887f8b4c1bcbf,601267355
ad8ac9edabcf2d4b06ba9fc1,877561098
359f6a66a407e30b40979d2c,869749259
ad351bb6437583ec871b1739,773832096
262b1c8ce7db2b4aca2400a1,846703617
6808b10f5876ca36f569a4b8,1084001970
54c74b36962edcc922573792,498554239
e7fc4e6b1fdb38ffe68fb680,682333188
1c9325df5599379a73e18053,810986559
8c9bf9031bd378c1105e3f3e,888254924
be70989d473cd731f6d8e580,792338057
46136f5f078dd31170c58e64,935239860
7055f85f7749c4646577a51a,595398553
861aa922b483f9bf7884dac5,500870553
45f18e0bb676d2495a227dfb,477562522
9cca7c1e9ff65766c8dd2e29,503526229
b2b7020e66872c8d83468cec,736510190
7634d7acd4197594271c84d5,572225388
11ffdf367d817b582d590db7,789106955
103687e73b0528ec29725f1e,642953002
8b5369b126b75c497b1a7b73,670367634
b33c9b03cc12a253e4936cc3,732191300
ab177c5d60492f2ff087708a,478129273
05bbd028f30492fc0a9f35d0,758410409
2b9fd26383758104d567d474,670409825
4addcabbe23020d3d0d46ac6,669979596
d93ba0c32244c455e0f7baf4,670409825
92b772a38d5e38bb51a3f621,784818714
135ca1dc80ae4d9993ec46f5,669979596
ed5192bd8038c77ed2e46f0c,512040471
3a878d44356885ea61bd882b,758362679
c29c69bc6758d5976024e455,574233428
dc486a3d7e9e2e608ab2a7b0,758362679
1a34acf8e509659534a56b63,985080627
5716ed7d678cc2575397174d,548855917
444c68a7a6cd0b794768d5af,735514593
8a724286cf661794084aa87a,929464781
ff9c4796bc3ef18ae7bb724e,902968686
35984f749eeb84eaf938bb08,1149652950
0998999f12dfdd50c597c6c1,854934803
58bc65fd2e0e4430fb353d83,698585558
fe483817d899e0044abc3787,755124087
183a8459fa248605b8b5bc1c,1188768363
a1f0d61cef676fbf798b5473,572224890
d7d3cd587d291f389ba2e8d1,733132856
ff8e7294270343a00978dbc2,676326071
0996cb112fc3919564e87c37,865651106
f183e3651c485e0001e64880,1097046364
e28474959994ea9c0c2eeac6,680057869
682c0a5f5f3130a61b5214d8,982943271
245663c600727f7c214063c9,712810411
dea79d1b25bb9c78d331e3e6,662849111
ba212b5f12959e34b4887315,925902754
dd4eb14b56cb00130955d021,1156514475
4c94103d4366bcaaee4b550f,992917186
7bd9cefba3f5dab498ef926c,1561890002
1d7a2572b466070f08c6e564,612627298
a38e7af984a471331b2d758c,863661632
b6775aefafa4dcc161eaf6d5,790010504
8654295684292e74d0245238,632582955
f0ae62ce6eebc4d07415c48d,1074144853
969219d7b193ac92e7a008ec,596063561
651d6af0968fc05584cb3d25,656470244
4f992c2a0526c0074bbcd875,467454843
9536c686b6ec514d92493f9b,761193645
5384587ecbf956275d86e60a,555750073
bab5690da7c42909464cb9a2,662954563
bc91072d808fe7b43e972f42,583884758
37cf2c5c1c6fb6e601d2f76e,552530472
4cdaece5d1dd4e089a99f47b,490875449
b37af80bba5adc197cb51649,564729213
552152b60bdc1ca16d2dbb71,811882442
32354bff9df0267a5e139156,885003660
fe4a6d7d7ed28b85c5816fa2,1237833945
afbc7773755043a40a7f9d6f,546074701
daf2efda70c6f3cd9257d0dc,678290157
66fa7c9e82a2876216b14b1e,623674902
e34517b1563d829104e230b4,493495919
222a35842b0bc09f48e1d0cf,615676714
c5a64fe5ed5901734d98a22b,584710168
05db9fc492801eac98f69c7e,481371185
6e4ce81e713a571601d861a2,726165434
79fe5105ed7a7861d3c0187c,467202475
70ea911907d320da1f7f9c41,569215410
e60024d6e0b5aa52e27a3b5a,574672685
bb63f086543cde77832bd4ed,574672685
b3c2187fa96006fecc6b8ba0,470113394
9499edd83df77bd6a90560c8,470113394
a947158782fe2832cea53040,724559425
2e1608b8c646a102e27df16b,672484758
77fbf1f0c35c1025ea4803e3,649502083
f9e6a759b069e04b0cbf0182,726535093
1e158f436f2a4caedd1563a2,781549498
67af004f80b08fae38f472eb,766081498
386ee01c3f7bd8bdb91181ad,1029097664
36ffb5566bc35fbce9e42679,624928208
b58533a6850620b0960db713,575778733
41353584f956b9e316c6c67d,638973601
b1d1bc7ea83d5c584988b95c,657839271
6b1c0866e6f12f7fa8de94b2,758447389
fa4fd8380dd2620c672facc5,927940361
44394e66504a4d77587ee105,721483691
d841d6a82425710e36460f64,766335787
33501f96ba3b02da073d586d,732473444
831693b6fb81df1359e45db7,564945368
7192b9d32e4ad55f6af9e241,915722848
4f99b97100d003ba3a2ecd46,549450321
83d969bfc020aea27d2b829b,703678853
39be6f994f2cd3d68b51126c,696758987
712f16cf2506710d7f2a2e8d,779898592
7ba618fdb1fe8694eaecb64f,892375065
d8735967c942d1a7b0cff7c6,726000064
b4ef40e00d089a35d750888a,994764606
7d73a548c2a29ef2d9655e1d,619400052
63131b8d125073c7dfec72f2,933471013
a65655a4f42564ac48bdffa4,743444308
033d3f8ff56907db4c453700,910350708
05e8878bcb68d03e3b656eb3,873303480
2ff0775d2c131d19804f2a2e,991299760
9957ccd807718945178bb847,912474655
7bcfd82ced5d6f1ae390d388,616023881
adcc03f332b427be46f118a5,688959731
b5dd038cf35169bfd0e62eb7,882961477
35b789e1d63f8f25980d21a1,874932001
c9a215f284e095850c809425,781664444
d26efb0e1213e19c378edfbd,838330671
9990217fa4eae1d1c4ed051a,840420921
2e9390c4423db604e1c7c4ec,620408522
6faf9b6c30b176e36f2f1d32,1233111399
5b83d91f4d6364d3e4be1428,828581080
0d9616f0ac8b0c2e9e0a97a3,498767089
9c9fd309cfb505b628f84fab,1128996001
98b77fc0888335702d082f8b,789390527
051d68945b95562009d4029c,789390527
eb8021804e63016fd934c9b2,816159513
ed6c8c45bc8c1d160cf0d0eb,1062096341
9fc8c3523883947769b2fe6c,1025881924
3e9cdf767389ee551b5349a3,528712805
512effa47a1c7a5420bdcd6e,485880271
0768e70fbda0e09b88c1548a,582956141
acfa7a1cb136e4474b7efe32,853338436
a343e6ec6eadb287711d3834,672841313
a698d80ede6cf6243fd9ed99,1111749876
fa5c81237a94f2f78f05977d,1110610910
999c8da7dbed7412dcbafb70,1031564769
c33613eff66948d1bb8ea3bc,1001251844
a642351076b7706a733dc52f,968132989
c69e08214cb1fbc09ced0971,456178216
48a20e676a060954308c9ecf,639493809
304ce5835e685778b1c2b6a1,640912970
c859144477dcaacbc1654a8c,669350507
98865eb2f40b8a30893cd351,531089406
68dd15c8e9b71171348ea24b,1230548357
3c660885ddd7e98ba5ea26a1,955659120
c670315562766401f92913d0,617959322
777a8d05edda0a335d89e90d,706989015
81f5c32a2c2d3b32329a645b,653376210
40525fc425906c9485f1ddfc,663924181
8b6efcdb553f6e936bd90f3e,706287067
94dc108f1d146641b221cb81,503463802
1034ee7a5160fecdb5e8c27c,692410200
48b34600046c903f0ae4e6d1,1041092714
edca31377b4f7299f8b45187,1310936324
b1586cdf68f36926c3bf72a2,560729975
70b15c2a38c404e62ad05171,480568949
ce18358366157fa869bf3833,677495881
6883fb90099426e6f3922909,439286643
1b7151cf29b565b2f1caa559,596863521
f2ec3a3598c99bb8c38cd680,469581587
38026eb43ff9876cd5767ac3,533374917
9f68ff98e302ab06df4fc672,606347376
2d2ee255ed2144b9fa1fcc39,864844878
029224b78e8f358aa9c38e94,547034771
88da5851280dbe750968c565,649803924
1c67456195075a051513b28c,580967929
9741ff1b895a038c32205784,783406783
75fdbee42ec89d428143066c,606608345
9f27627b9e439fce085cb01c,996934958
a4a4a57cf20ad739291aafcb,1150657934
84a074517742e09a7eb6f320,557211290
28fd0437736c1b17c7ea1f33,1024575175
beadf1de0732143f0699895d,773155445
b027f75411dce9c742c5d0f1,1103461180
182077fd9c5142d503309490,582523297
b1df92683a593edc3f2b45ad,732344321
38cbcd7f88c1520fa083af9a,751625207
8ab5eda5b66a6c2becffad29,786548125
e68ceeb098f60054c19fda0e,893765243
e6ac4d158437142c15bbd4d9,1187022336
a448d8246781ae78dae61619,723290369
4e878e99ad2fc34400381c3d,558135507
beaa09cb49a98e8025fd7e8a,734362738
3df855d8893dbc62eabd95c6,705441561
cbfc3ca911ca23517da8c2d0,858999655
a020e479dc5db78794a5fa77,1173473896
6247fb0e5261d4225f6c9f1e,840556462
93822a34ec8dcf104e7f49c4,701018398
17d311554f40ae8b40234c31,740712911
762e044ce9371d7b8c7acb6f,844723901
2fad468e1c248f40ee3586ad,1000902821
fc25df25f4151a16cf0c90f8,863488841
39c1613acc0ba4fe622c1f31,949453044
2c15a0733cdb932ba8f2225f,974421835
1db68ed64501f35c51d74c5c,941816379
1d968cecf268a7f14def1af7,1134591343
77c886207faa6965238b152c,647863342
86242b25bcb2dd775d25191a,628562717
a8b457cf82926e25cd862af1,830211661
fec1212eae4e6369d5555d8c,934455070
8f59ec48e38092ab01c23e33,959260709
490b89e972abd7e64b5ba6c2,721410177
f8f217756d32f31faa784c2f,986866623
1c2ec62e8ebba12c6146a04c,691054753
2afa1699af46ad8124f76e4e,838069324
8c1695c9a31de0f956e4ccdc,723567804
d88bba495701ae7a44eecc64,887699605
00571815d5a7f208eb3e7737,1206703995
d626a635ee75c23aee2fb327,1109801062
7e3937cfe43dc906983fd321,979036008
ddd8906ea4a22b782c7888bd,947611865
258abe0fc321f6b24d37ad86,505112954
f637a4885488bbd499199148,782787600
97f5e6ee143998e0b3fc97c0,621215814
be4b96920e3aa5c57baa13b3,472703979
6e7f3a0cb6246f13656fc95c,1186029313
0cdcd8cd52bd1967dab88a5f,719878147
83da19e7fbbca11083090574,690989256
f0cb484eb3f6e04b5b1806ab,570286813
fbf8b0f1159e89428778c847,484606595
7c316b981173919b6cae5516,573515924
d6496a3215daad9089fcd5c6,1169904934
e104567c1cc70000692f502c,983472386
c4476befe0002dcd0c315993,546143195
3008e821640b33a8d70beec9,840897327
9eaaf577807d86ab64fb14ae,690674633
9db120a76af04028d2f0ce68,491182025
81e1f8b1c0e3b15f2ebfd84a,508402946
9943a2530009f62cab6b466f,698697599
a8052c48a500926214eb2e1e,547118390
3335313b9060ff29782906b6,491474133
cb93bf58a01eb262cb003061,786668356
0e04f84529d92f2832ef986f,640163416
807d7f5155bd299afbb6491f,705549394
76558d67def95bc708039f05,903014693
bb19983466b1a1184ee7ea1c,726037054
34067d9b2b4e45be1e5cfa32,672999846
1c4fab7d9cf798617fa90a19,692667129
b4d610e0ecfe007c133a5ea4,504392973
ffbedc0873b99654d10188a3,470255444
ac413fd87de33153899a1d04,613769085
83349bba5fbddbfa2db5078a,766154159
0a759932f763df64a463ac18,689151190
fd9ebf37acdbb0e4bffd2fb3,606548824
f725f6ebcc3fdeed22bee385,616574892
ceee9fd6e692196b960443d8,606477118
bc10eea54e4a1767881a2391,656198787
4ed5718470ffa3e5b5f40bae,606810695
debd031585e9527fe00f116d,880297764
23b5f2af5d39edd25db6a522,750818140
f51000446ab65417942e535d,647971237
e6ed64435c659f236cf213a8,652592920
b160d30961ddd3dac16184b8,832320210
0cad79296edb4b18582dd77c,808458862
7bbf8e16cc32dec423afa6b3,1024784001
acf98212eb702c79f16bb058,726185223
1747dd033c2c2769974a06af,561516017
d54e80ee72354c70cb84323a,561516017
de901d3433ade456e9edcd79,561516017
3fea10126c0c651f02de7167,561516017
f823f6d95b4340e8e4dd0d57,561516017
ff6fa86afbf9da2aa8eb7991,561516017
a966f298e8d4d3d580a72d99,561516017
5b0918cab84af6fa6c464037,784811021
bb1ece5366ebb2ef9d52708d,509557597
fa926bec03068764c8545d41,670307417
3bb987adb4ff573ef09b8c12,653750443
d7fb188814d4c118ccd83989,617351426
ba511b37b4bda08d191c68da,598051446
3c2f62f464aa5c48c470bff2,761263402
3256c6c6f30aea9cc79b7283,869865037
9844c3773f7a50c71f218e99,857627212
23229e392dbd8fd9d80637da,980161079
e0f47a028df2dbe9129cde7d,1141455054
a12f0f00148e564ef78838c5,776926452
d3ace27450b980262ba9bf76,864033051
0668a4a4521c783a2d817413,777353421
768f69f0241fe339b6f52fa2,880495534
e78ef4d2b165a8e8781c258d,587498466
631ecfa47fe167bfaaa967e5,476108928
954e3065b1e8b31a68f6d4be,835805520
e81c5c1b820636f691e5c5cc,653732666
b4c779732e827ab2fec8e8eb,827619899
b58208759ce1402501f68906,778371972
59805e5f4080246ac1d92b34,873498209
a3fd38336516b98117e328b7,1073612436
c0bf06891690188e17ceeb8a,806203806
efc8ccaeb09a5e1bb0bfe011,1055151733
8e604d41e0cfe9c93ad536d8,955579034
f770b66579bf2b55a714c43a,780047593
4e01f07ee4b1241360de460e,984506271
dba1be42bef913f35a95735b,721812045
d839ca90c5df85e5cab54ea1,621127264
ffaca67ff9f0d7cbd5bbd295,1121736006
6f17875bd3ecf00566dd5c1b,928258368
10d01825744060a7b777ee4e,738066131
185b333862e7420f25622efa,837446213
7f7141f5e1a7964ac6dc688e,1085144015
adae78b82caeb073d84f02ee,971899637
4c0f9275581b5572635613a1,711099035
9d6810aa1035e91b72de6a26,613769605
069798704327652a899a189d,550529205
2f34de2546f13e8a9dee1edf,678117077
8147da5e5f53a163443e8506,724511486
6834b61ee23cf04daf4fb83e,1168038996
59cbc0e7dc6e6922feffab8f,720462516
7cfe5c3f5cb1bf095eb2c503,817146392
d916219daa90cd2d99edc609,774935530
e78ad3483c5aa5a7a4310720,634108753
d048fdc255a5a7f474d48c0a,1032744739
b76a3fe6a49dcae6e6bf5815,852202319
75fa60dfb737ad50073848f2,576473872
83c1d0e2b8826844416abd9b,938718372
8c02948b66db263420c20d3d,1162490269
33ab442cf58cfaa33eefb6dd,431782768
d379dc03d78685ad14c647c0,706276339
5e36efb290bb265d81706bd4,1153935878
db534a5f57e92d29b9e150cf,943939787
5354a816a7da90e205448832,527440893
f0862f57dd6be5e7659c65ba,544844811
7d58eba13f418d890ef563da,804529121
c2fc3f04c3870e14b89d5fbb,1107322179
15537000b6806ee84d4615bf,1016152388
e82508e88e3f62fc8e67dc16,1015654593
86ee57ce617b2be312a9efd6,694494969
6bcc29a0afc735bcf3621595,781497055
d79e2addf7c11180be222103,1446330637
adeadac88e573824f08efa21,924877199
922c37e46fe9e75e73fc1f35,582637925
5d09f2d1cc5fec761ac4372d,847188918
8c5aa3c826f325a9a6c6f524,847188918
fd0c010fa0c4b84dc75ede86,822334114
c23150d0aaaf932579561998,790147679
163405cd6248bc3e832dc93a,591213399
eed12d0c3e65e9989fc4f4bd,635110264
e6fd53315e92a55c6b67405f,499446183
7a3ec914a15b47726567af96,713263229
7f02f056d5eb4aff92b44659,522223418
2d5d9119602c228b333402a4,706178678
43fefda5a3b0781578d9f2d3,885997619
513211d9f07fd6645711ae31,579514182
c3e1e0d2618556de7df13403,601639877
b4a4d705930d9afe896dff17,716772909
e44b023e39910ed29f4dde2d,691076782
4e78d095988a92642a1bd18c,664024027
92507b623f039b4ef5be8870,715216623
e216fba4bffe753a527ecd4c,584820608
24a4199c17f9c56f0b3ed12f,614932417
6bbf09c3bbc3e3a000cd2afb,724511486
b3d45812baa819caa1400255,795479983
2688e4cd1fd441d1da455504,816928963
5dc1fd6ec7ec8c8af71e3b6b,794207579
f7b7e298ca8fb75e11e92999,553165341
05b71daf88eff5ae8cf5789d,794194031
e8a7ddb4e5d43d156692326c,1251472874
632820af2a0477aea5ccfa1e,707034967
43a3fbb8218e73b956ca50fe,636454227
398c195aa41ace34a16b0d7b,992111778
ef3887783a12f591198d6c27,653165858
e6653cc1c94306d4e56ba216,683846147
166c21ff83e97c6e74169d92,1147402313
d0fccd2708fc7def00c72317,1065092321
d66bd7e4bc7b51d23af57de2,1205579595
8b47b76193159a21c3580a3f,904674958
448d159391c38e4ffcc405b4,545677019
9ce7fb3190866e6a02e01e26,499235861
c25f892c01420855f61c3dd9,527254304
2d5ccb12ebb6fc7d4ba462b0,623299991
9eb4041ed9e159ec0d890de6,583941001
c342f6492f90ccf623e8e8cf,810301866
c3a78d9bb10165d9be188394,699275576
1978d8fc2031af21e98a4e9e,606927513
d6d581e852a025b61cffd6cc,959257005
ea28f68a1d1d81d29b88531d,694805828
a3cc0422a37512ae124013d8,831294680
073a3ae443f3333f0f526f7e,677415904
57238dca767ebf3a842c5f10,1063753987
113887ac25fbff9d30fe8d35,646222085
fed1a50c562ffd7f30451adf,682801989
b1e9075645f4b374c7301346,880936529
6517c1efabdea4c1f93078b7,721712405
b966fa606a3b50d3ac7249f6,1379227645
e0ad3e9588636f454e9e484d,848274325
d7ad46cde8eca723de6510d7,979647765
447f51e37fda773ab748814b,887765966
a6b992c9bf4eb32ab3d1df4e,677780235
3a9c7ec02f3e7e419669fee2,612462159
c908280d0461c3585af94d53,979328448
b3616a055e722e3720cca48c,1211981831
45a8f6d942533794501d775d,507660154
b6da1db3aa02debd11e26edc,828591021
6d12669907d7d80d0b458a93,767475123
5122b2e9638d3438434fc56b,1380193227
6367a127b452cfa27043f74f,804998179
fb3d29813052141c015669c2,464181263
5fb76f2095eb1a5cacc2524d,697684724
95632ec6578a204881694dc2,528570826
846b75324c0f3cbb027387c3,792622157
940dd8311f2b49d4ec212fde,881345023
bd0261ab68cf56950ccdced9,692029233
f79f0c23b5cb96b5d022582c,639884230
795cd68f9a5ef45902712524,820574866
d908973d90db91f772890c9e,643276437
d670be6c848b1e92abbf415d,612368553
87b940bd3dae37b9fdac5d4f,668188085
8a7ddcd0c452e7993bc5087b,628199165
8925e22f8511be30d50545cd,891875459
1342c307971094041c9c240b,721410177
385488342bff3d3587250c84,926744792
f8e25b7d7e93c45df1b3a4c5,1256919953
fa4f331f05b1488990a69ec8,1385160058
a71d187784b309d65cea0b14,1460919699
0f44b84024412099f27439a7,705291526
0ea1a5d32324d270cde1993a,750133745
b13cdf9314a34852e8db4221,639903580
75e0815e2ba7269a10d9786f,568592488
f42b6680baf774d27fdf1e48,747204736
5cde1a59393643d7ed4e909b,802653115
8736dfe0f1c6e2181b0ee31e,686454024
5859ec20de4a5036292ee947,784081145
1eee0ff52c53f04307cc3216,772150027
b455979bc938acd34a580eac,914392981
6921133528bd6fa3675ce8de,902909163
3d266736d0307404a5804073,578510962
f4f6e48b618064ced466c302,617010450
dcf606270a4612aafc5f9f29,623030150
5e455623c380290e0a8e4e48,527544111
ac3c9d9357fbe72959817602,650776234
f48fb9d9c42b0ebee72cfcaa,574204172
dc99f2871bc05ea7e8a97d72,929276397
b5cfd5eba0b6297cefd6d3d5,726822625
0dd30227247f145bae82f96c,930068104
9f347bf53e4ca4d264a45241,686774817
81406ce289219cdab015549d,979228661
a085fab6d9b9d8c24472cfb0,1380052596
1fce0e993a57a3e3873b8d7c,1322469494
af67d51867f382dcd9cf34b0,1203763759
432f082ac51bb0d39ce45b0c,802876976
b6281efabdbff697d70925e6,1114178822
9215d29512b14aab6178da01,1516715966
6218a5d7267f02c576e5bf16,607559527
d66cca2c8e08c89af26e7622,1032460839
ad3b4ae81c322a9f91381bea,655719141
3a40bebb521445fcd32cf033,892668933
c1ca38f941200a9d666aaedc,622921765
a1da74ec074df16a1e8690b9,834803181
502154647e351af240615b98,760442734
b57cd3eb0290984f061e1053,771671855
4db632fdebc000c9e64a589b,779858858
e380184391898aaa2d3dc540,892528228
dca45f1c1a79ea5ebe639920,1161545828
961de1cc8601447b03682e1d,726353257
60a4f09c268e61fbbe423ff1,470089442
c3191b6b40191009ae9f4b7f,938879867
478ac408d2a5c603aa23cbd5,910969018
ecdb747ee4a3ebf958252309,731557799
6c36e346957e336a33a7708d,824634381
09b18e3f3cabb7d5469a8d51,857722411
f1a5856ba56e7b12cbb9459b,539397250
c378ef33f40f8be9263e517b,1038533375
b45911f1875da543199e97b6,977945666
678c70903bcb6c90e3578d6f,839719021
be22ce55ba31cbf7cd285e5b,635706437
2dc58e6aab9399e9677265a6,1225795176
dae55582e86b1f514a4ec3bc,974955183
c119f62348e418d9ada13362,687162265
33510511ff07dc7354cca7e8,751382996
16b79a8af9d6376c73c2478e,835508726
714f90489426e80933ef31b3,658611962
6c8e1cda487c9841c8d297d4,709535435
6d9c4bf994147d8892d27f27,765489904
1b300634b71b898299c54671,672406768
181caecd269e115cb5cfd75e,613520315
059516a91f938d2e8fbcca0b,600654109
c42ce8f9f62f7a315e028e3b,623335223
bc23e25cc246ced4731ce5f5,729071843
de44f54fd6b1b62f30956f5c,666896932
2ef897a38b95d7b769856e78,859901967
2280b5f7c47c3b36924b84a9,750818937
16ef7eaf29eab571e229e537,1213042781
48b1f800656bcae6a9e70802,688023448
b4aa025f8813a3f0b132b7e0,496914325
3c6092e8458ee81aed0db0a3,678185608
d919dc64995903c9120eb61a,663075372
ef53741b01120666a08db213,741392896
c3dc5ad23dc8cfce0671adde,705837996
a270fe47ba30ef0056ec6c4c,560552783
f550bc7ab5992a6fb48eb60a,1286777546
28f980b3c741866e0db5b761,897887987
c2ebd39857dbbacb99e6cc96,687228127
bb9fa21902daecf876c0467f,594416653
fea142787b18327108ee8929,853579562
a1647603f732f97a99f5ec6e,788652954
775f25d8144580541bf2746b,684248312
527a8fb085995119f846a5d1,883929963
8b69bb9fd7f0f19a248f5cf3,643831808
3b14b48188fdbb0917414039,670375723
02259637b8ef1311c69d3d90,806159637
50eeed30ba674cb079689afb,622409182
5fc3634e1fcc96b9215a6cd9,844616791
23cc24e23a1d74159ff78464,701910943
44551251fe345b31ed71aa5b,787354708
82ad984f02ccda30bd60da8c,677269842
5734cd4805f5c055d36ec645,748925088
fc7ecefb27bbb5c3e25e899f,556126334
5ecbd5b92092264f4e9101bd,636229059
83a8d9df3a535fd273b27c15,774617263
d76fadda8063e44483aa024e,818215544
a15bf12a6b8749ac8f9de19c,453947375
a3f32d81f4cd99dc85a16bcb,611326641
4029115038a899d98dc93d3a,1041620208
2326bb628b4a571921eb7345,824535013
471d6fb8037049e1e4d120a7,712282217
b73945103f07da807f7a30dc,777005623
d6f4479f9226e52c93d70eca,465777532
420b03095062d9571144a276,733063588
ac0185c8f724ddd40bc0d235,621787532
228280554ba149e60f81d639,958257964
8a44e15417d8e520a99454b2,739312482
8978ec4c5b2f02fbc1f57820,1253904659
2ab88dcecdb565b6412f5bfa,659955963
1dd6f560c804c4548561cae6,896554786
90e94b7e392f84e01a5f1551,828968612
84aa7d1c2590f37f0fd6dca1,506898293
0821fde7debf7cc445434024,626955052
b9973b07c84b99dd1018050d,580839028
169013bdcc2ef214e0163ccb,674870832
3c8eaefb3f5dd8d4c9f5386c,660265909
42d91ed3f3615247f57ebecc,749075105
a7f1397df30d6521c216e331,847635992
f6c6ee12e338b1f9730b6e2c,598114088
8f4687b666256e136148c3d0,847635992
925f83e20a153a1e094bc606,904527329
cd270a11dd8257648d1f0444,678734497
ab11db71265771ed4d9de64b,538408069
ec199e33b7557dd669fe1aa4,500983769
b47fe4670c6b065a9e1db429,637807140
918947d51e52e0caf692f22f,599945575
070543b03770991d65cc337f,646489866
f45dfcffe189327cb0d303f2,1002012025
d2e7484c81358d4c79f040b7,700396815
73ff3a6b0cf4f7ffb244507b,937136168
b0cdf05097df437354564bc8,523950357
33ea5de5e8f5c639a213414d,1018907648
c94056bc09a4bea0e853cc41,632998441
6d5a91ae44cad7849dc4e969,674239090
b52e0738dec9d2f119c75a9c,723825099
0e35349077490a01f25e2ddb,807328003
9a5fdeb5f389590eb46e7aac,933346116
337c81be4cb14d494ca69db4,621643738
ff28f1a1ea72e21acb157f08,879468862
e83ef75473fefbf8d7e52302,491502993
6d3e508ff42615eb78862723,982404805
3b7ddf527979726fb8aa1683,574831145
7b08cade91e2be20656ee856,842569254
59cb7abb39785d5263a156c3,919264738
bc48ec7245297b4cb85dca1c,803552349
0f366a36001c0766521b9dce,586073662
6ea022e53741adac484c1798,868280367
aebd6304298f84e7d440c379,1052650650
c5b333e454ed6e93ad32d96d,669741151
bcd31d201096351079cf7ce4,593041135
46cf5b18fd7bac0d3332d70a,730905289
1dcff645d389e7b687a498f2,805399756
cadbfbea1d03e6538af648e5,766724717
9dc0c6ef8389978be58daa59,684868184
fdc00f6ebd155e84a387878c,580839028
99c1b39476ee8e2ebfff6ffc,770637187
8930f231a5b9d8db14e9c656,618692566
2dee15f1b082bb986f8d9513,665813204
346c734ce163296a07526a35,696593925
6079fb3769f843e99b47988a,634551192
f5802200af1d28eb48466c1d,614434556
1f8068ab65469ba56a1f0c4a,614697569
1ee45a731b6f0242b6d2936d,634702968
56b7a6da82134b135fb7de2d,769457834
340c4d762f830197fdaf0977,746023411
1bdc0d441e63089737ac4c27,634192501
b3d82ceeac64b64142286375,535082153
947421747f33db213e6b1326,733551938
bfdbb7aef98d4855d459ac94,705539711
80e88d50c151d5534a57f61c,1012708821
d0f6e19e92c03b40a5aae3fa,1204031504
6e2a3e49dd6434ed01eb5e71,655132012
89e2d612654b3c792311faf7,816283202
29425249fed4a74ada083dc5,548721307
fe0182e1795e2b87eef4bf41,899485404
dc9cd30b760a1280e0318512,886204838
d22313a06e43b8ab8f6672fa,593552610
f91cc2e5edcbb704c293084a,887044146
dae776f643e809387148900f,1415032358
e55634fce84f78466095e730,563051193
a507a938532411f06c57ed8f,870979783
30f3b383f2d5e4709c9304b1,990039664
aaa43db51d1ddea564d1bd2e,594108221
b3e76a0a1fcacd0218c17908,631594135
e548ef7a5650696c0e968cf3,757115296
939afc1f6250d528b0be8e3a,753770350
405baee61afa4b08dc25e586,801969973
0c4781c598c06d538c5fcdf7,727020448
fc321e2d9b4e954e80805be2,773228279
dce18d258c352b7edc60c304,647270061
7b0a2bd964c04d01387d78de,846032425
43fd6b5cb01d05c9b1db0e65,632338433
cf0152b0a5e886e8291ef4a8,807342724
d05030b0eb8931161855450b,941683838
281ea3a3fab48c028721ee1d,947796865
4fcba82455866a6931590dec,709362741
ecc5e3781d5e004ceef8cf76,774291966
409cb370961c60bacbdf7416,484817561
54445913b2dc2d6ba35abc66,798758088
51a8c190ffb673d4fc27f4e1,939154648
80e7c6b194b3229e3e2b9aae,917998827
bbfc9b05caa647bd95b3c88f,597617251
128cb9247755abf5f2801431,746527074
ac180e846fda5cd7f1123f6d,797738831
1e7173670334937dc61243a1,944677001
c2555955d5175b31e5f783ac,855358450
d87bbd60fdb8b84a9fe23ba7,647449386
825012911321d636425cd0bb,1389477720
54561e6ed5570577ea97eeeb,937085019
3a2a2df4f07902b04b809125,694173664
ea7e3ba584cc5ee45ff8ba7b,998756134
25093735f186b70beb018317,621373131
7fe1adc0a5873cbba4b021d1,915938056
461749398bbd48d69b444d7b,607740331
eb8f668912b70fd554c8c723,970216800
e2f00293305c464b361b6178,685223837
02a0a38b45e1b196165b0098,706820242
0e6dc789744b678028e74d56,576553842
58954e79191c62ceb1ead100,928696683
23aa0804aabdc61650b8562a,822343559
ef64565957b5278185b2429e,802839041
253725ec3d7939088faf71b7,596294273
a9683df184aa8b4ad5d0cc5a,769159488
3c38153bc36b364b92548965,730190646
286cdf6dfcd95ee9edf73a93,562586436
df93a6e36d9f19e252fa9de3,889146026
586fde402c82c1eb5a74d634,613339044
5fd3b0299c0d52e48195fbdc,494751536
06d33fff99a62c330ef2d585,509865950
df98fd10dd8ae59956994521,619951165
361715cb422c5fcd9125d5e6,669067417
af68665ae8711d009e8810ff,739112921
63f3295df28c02953241e2a0,768512359
62d338c26b44153bb075b234,1063342196
41a269c661f20e443a7a25f6,716009734
c5a8695b7aeba06e46266959,635461846
17e5796a30da5eaf310d02b4,622223687
69acab4a6f82ae943850b9ae,697354982
5fc3ffb33090bf75a81aad8b,743243301
02d89daa77bb313328fe0c4e,635423710
6ad1fb94accb91bbc30449c4,643594984
a1cd215fa99b8776818d0b0b,567410180
0553a3aa7d961ada6dfcd52d,527792886
c6ecbe7b57db2db74b0d788f,1032386819
a4b23fbdbc7bbd45c5ebf80e,860166945
3bb15c6313ee70bf4d88f4e0,738904922
e05c52c9c8fcb792ace06b61,797812084
5fc77edb0e5bec0ed8e72a60,871780043
85e15a0a63ffe482c68ec474,929442322
859025f2f41efa521a74a00c,623393092
1672a21e6b2d8d0525df1759,526965945
7d4097722aad95158c51d24a,623883477
174fa597347f2b1d3e9016e3,738030326
3f081fb77ad08f8370569bf9,749679245
74cea4c9dc0e00dbbcff8b1d,816010675
4f5de1bc90694fedd216ef40,1193414418
8fa4be9ac1ef719dda1f96bf,603563731
3db3b80a902c10004cd3a3d5,1139367966
bf02fad806fde4e3575e75c7,944752019
edd2afd07fa1305fc3126078,567975852
bd5d2030639ef16370cca032,641042414
87e74ed42a2c8c97f7bdd239,924868697
d1c6037d0750bcfe47d425a5,491063935
763c9a528d0f99f34e5b0031,551724602
8b674605311d296990ec72e7,510758296
d7cc3d199e538258fcc83f75,475249323
ec6ffe86e9ece6fc03556ea5,636677060
9762ecd72557ad6728274e1d,749149050
49a2d111903c77053d44573f,520735857
d06ab7503c6deaf9cd405f66,1047592553
23e7dd821ec2601ee2c6e353,1030826081
81519727c7ad9f60d2c5f224,1011046023
a4a5b6a844c14b4eca92dc49,1016809668
7e647c5e0a7d95ce87cfc8fd,1047556581
7a1bca1ed03e7cd0e277fb95,494740461
03eb8da7205428e61bfb2845,597821992
82780776619be0eade3d72ef,494762613
4c03afca943c3f2484b8db6f,494740461
85d731901b48348f57932240,887715514
739de8928aab4ec77a1ecb0b,640977032
7f45d3809b08bb32a45139f8,643805628
cd14f8aa1613d754221c4735,592278207
537a9a2dd0ace0d0131722a1,769865927
2d4a781f969a4fa2a4f04a7a,850392627
e3676f99542f27c9037fca29,720007964
bb33aa4f1a7732fc8ef19039,515957913
9f11661702873852a3d65ed6,634398077
d7f22a4e6daa572583e02640,582076462
f6ce37c42fad91fce47758aa,415570606
f57cab248d2d832725d78135,714902762
9d73758bf7569cab4837e49c,751730086
322bad590ae06fb48f80c533,608429302
5a7b67d4c79ecd83b7ab66e9,939341039
8dfd846e6df9a040ae1188b7,551920408
44a587fc89d6b6489157ff49,1047839292
f9ce5b7edb104d4e8407a344,654458146
73786d11f1fa714aaa9f1f90,760669570
cc72295ef156cb2d60d6b10f,1112915942
c9851396352bfeb05fbd7580,1306652787
b3561144c745ae3d329dfe1e,626621584
7ccaf332cf87e07b38b340d9,982689040
d63fe229354bef8b02b4a934,773381885
2e0a8235637e98dfea862909,707615509
0a1b14f320e330b405b27a6b,946909274
db41266d7b500a6daead96cc,549980668
364b8b8759e3c408c4005021,621490563
73bcd7efb7a25587bb1c31ff,594411994
17060f24d81fe2661c7628c9,713526073
98318f22c00ab335d8aa23c0,816298405
c926feb307c493aea729001d,484707999
58d92e8a26589e37b7123716,566363094
54d11dce9374378326f7ac62,512608482
8e79eebcff019c3362a76a26,1012004361
02cb957c3db9ded3691a9004,500876296
561689dc0f267cc5011ede3a,793313011
1533da89d388196f19e2c5a3,969598930
069ddc5d1f3c855e6498ac50,460044836
d3aee2a35856634eb710efa9,629013580
4bad966abb5e8c4121ec69fc,597123727
f059e39d22124eb9e7e8e20c,834353429
3360f48c1ec30dd1c3175101,708735885
2218c6bddc994984cdc6e567,544960821
c2a9b4b389ae6f20140e21eb,802378233
d135cfa351ed6abe4ec2033b,653060201
668e5bdda1f4011578534f54,807608716
d2aa3386ae240d7387424e07,495355761
e4f2ec7e2f4389c1efa52c0f,811925084
d4f90a6b73b1e179d3f8eb70,555177778
5738bc8873b341bf92ece0db,640187285
2906d21b1d96a1ec43bab50b,905191184
4e1bfbbd8689a95fc97fabdd,636556271
78410b0193dc989de2d24da3,1093877504
fd7f194d9929a6f28ea57cf4,500103749
5e7ac1ffc0886c27471d1a54,715959019
879d9e3b4ef9063de41ddaed,746321875
4bf620c6c6d4c916bea70e81,703674141
573bf87f57db6e037aeb94b1,957122197
3ff7b739ce65f0b3066806ba,1045795221
a456f85bbae3f189ff424e8f,890744894
6683685692e955a8ff172c89,753164799
82e1ae440b386c7da3a580be,810991266
efd178c4aaf3fc9d05b8dbdb,586916337
55ea155410b001104518e992,586846951
32a10e550bf7095627d17da3,587169731
823124264778e5ed64d8664d,903176252
fb01d990afd25ef96ed048da,1050539670
df22426db407f4c660681c7f,938122205
44fab96fa2ea501e0b94548d,1025431741
871204bd1b3505acfa632954,991466960
3d63320260d150d134fe8648,805800576
b8b9b90d5721a9ed5e72b328,667676534
926d12cfe05643554837664c,510056292
cfba6db03f0e38d1aa0802a7,588519669
97b12012ece8a740944aa547,826806868
8de317591cefdbc375a41483,604035986
46d34fc9a8edcc199a537b30,901572530
262e3b4091dfa6b71af020ea,1082450276
396761edaa353e0828949bbb,574166621
8c18d3417886c150136a03ba,591533529
f053d3918234bad409410755,687054533
8f5444b81998e52ad76b3ddc,976324682
0daf89cf494e0f40a94d3e5c,755595523
dd8c289ec872be3fe3352313,588839215
f02f6c5b97b8e3cc5d5a74dd,729573484
5f39cf56c4e1bd43f61ecde4,850747232
5e187b07578d582ff3d8e189,712745648
bd018b302f732baecd085ff0,860634985
674cccf4c7772d6091166aae,805534722
38e84c560b0455548ce186e4,1215986364
d14173913bf5ed21e3ab50fb,472904418
cb8844cf2070d8697bcccf27,800645666
6b44648a905e7f4c0de6c855,615558313
148aedc984c7f6831c7f9601,631491575
ff9d1cf7bd90c5e47a0bba3f,661227305
9353136b0c791bec58f93ad2,708836071
de2137c70bacfd5087bc5c68,706520201
12bf6b9badebc2902cc11c62,471884263
c0706c78d5d98202dc24e46b,1237261734
4394a27b21889bf78927ddf8,492869084
0ebbe9d3831727f90d677ed0,846253381
caec584b5b6998684bbc6a70,811973436
0c302f1c924f8efe0b6bb58e,528823141
e056ada7a37336bbe878f38b,941754779
905cea21c0ce1cae97fe86ab,851493747
e286b12e5aa7929334322842,795200225
6cd4e68300a8bafb9d22700d,868561642
39124b1ec419566a371af8d4,811350079
6110b5bf07cf38c437c7ca8a,1188989937
6f8a22e4dd21f44bc6d383af,1016885049
71eebcb108c4828b8bd5b84a,889095093
5d61946d53efdd9bd0af140b,790186675
c0620585c12f3d9f1298696f,641065834
d27283e3c941f8fc256c3f4f,640718659
2acc857ede19953734600dcd,616764378
32474481a0f8af34a4edfec9,520977289
6720db016112cd2a4a5e0358,675322868
959d0cba47f650933b9a5168,841249008
32d2c5f1707b00c93407a19a,718853043
0ffdec8eb5272d9fe4775251,610000981
c77d7a08d5b9abd4d3082fb5,741905209
a3021c7c465dfdd38cda9f9c,805977693
aa24974831a0c608635bbcea,631797992
eeca3f5c399785a1cf15b1c6,640357876
0b51fb3a65a86d7799f27264,624265424
1af16b7f14dc04f05edf71ea,498601888
e0d7e4dffa0f3dbc40c7da53,756335653
cfeb42023e2737491b3e4283,744168803
dd4e23681e00fa1cb9a679a1,615092102
153c89081fd85dcc66a02421,695699946
f25b2ce0d988bf5490fd780a,518557471
8700c9b62ff5a5c3394b0bd8,685692827
a53b105919c7b46c0cc1b003,918427387
1c835128915211131bc561ab,593594905
a0c6e0c6fe41e32b3bcb2b26,986143449
4eff2f2297ce85a0a3964d2c,788668305
57062f248424c47282d3da30,646651284
99e860bbf3033ee4654d393b,779937079
db8912c5c5e5e49431b2c85c,585513611
3151daf55106dd159f27a8b6,530232964
3e8a4318d93b1fed4c48f48d,1000248163
4c8ca73cb51a58933de61f0b,633881951
925754da6fea9c9cdc06e18e,688353452
05119815bd72ced29391ba87,675933665
aae7cca10bd7f041c8e02d23,750994565
4890edc33a555cbbac71795c,618451826
902fbbf9f5037be8759775a7,1002765990
d013a0e910b1fe2e3913af7a,683928543
9c38b9798313a3091d13b340,1285165779
f04d3ee8b175c8f2f30f4f39,1423967065
f0f883c45e8470e74280e8ca,958982708
af820361d5f20198bacf839c,531895560
01636da0aa2bc223af023a13,626553445
cdef6e87c007bcd9b4efa9fa,1025740051
1d45332e2f04df18cdac590c,557474987
db3dae76fed5fdbed29862fe,820661610
f36a379e0149d4800e793001,1089227614
30d2ac3ecb8150e4d4339d1a,777796269
7f78955c480d050f2c8ae3c9,817630539
cb1dcee1f4ede0877be1ad15,757697867
a32d2c51f2bd5f23bb519d12,822687033
bcac2a4cacf13a91805557c1,676170683
a21afcc258e50a538dfd43ed,657287844
7202b83b651382e2630359c3,510468811
77d6855eb6a30d268e49eb1a,691181245
204ddf6ba4822d55ba80f713,573949972
e0587d29cb717f725e991ef3,690462804
c606665f3a3f70ef61fa5cf0,892536206
44412a9e16b2824c4a520a72,619499210
313abf19d78b719cce4b3188,855001167
99ad7b36c3c916393e951507,730229563
c34c2aabac06323fa180b24b,487646777
37f39916813a58b844e17833,1132369802
6ab7f97fb9880e48fab16a1a,967251811
0e6c74a0056ee94b10bfa86a,684271364
7fdbc3fed9c9607e6d01e958,641945796
01018b9796a105be650ec802,950464372
16ede6f8833a93677d05a131,553723932
0a53b0b7c365879a6d2cce39,829624704
a293de027279019418c070b5,609434542
973ab56a202e039f5ef37353,552709643
3e18c851788fa8724ca8b7cb,508342296
0a4b0a004c894654663bdcdb,912307326
55d4b530b881abfce2d03e56,1324866865
405bc08707001684d19f6edd,1134058646
dffa1057472b06bfc0fa7a66,902113065
d061615fcc6355d79665f9a6,735770709
6cd96d73fc58b1502bc6ead8,788283262
db78a3ce9c6f6a7f4ecc6853,629712215
1498ce1c1bbe2e89b84a4a45,965483191
3035d7ea4b71d204b588dccf,807950894
2b8e9560dd58d880dbe77c61,794966446
e8948741a987cbb3759b7a44,1100543574
20718780218eac9668776956,661881616
c0a9e3f5c57cfbb4aa9b2357,981410040
5e9e9339fe1c3a06470cf7c6,1078924948
f852e0f3fb8563ea6918164f,914588828
e38b4072ff8b856487864f31,1047431467
8cfa1121fc87d9483ec63611,798274114
1a805101f78cbb783e6f919d,565846618
98502628de3c4fd3905000a7,838341907
ff7ebaf86962fd0ab6ff41f3,788604878
69442123283ab024a911506e,884391421
ce6e91b53465250effacca98,1106489368
5d42f42059617a5ca7ff3a32,675213363
01edceb6c5afc2af1e129e86,562890388
fdad0c86eb89fe93633c8571,623465790
831725656d9df81b63c0ae38,735500024
d1f8eacef9bb4d300d086837,1218996703
3b6d88f864f6c1759f957c73,1061875102
5a38f908d8d75c5810280e12,546959652
c7c835349181bd3f0d964eca,1165850213
edd4d560363f7575aee42d39,802043145
8f3924eb214f5194d21499b2,806438710
466c542d7825d36d18a86486,644091331
0b71d334a6db66cf6f1a8eb1,657546055
7a91cfb02df63e4396b15aeb,645796947
6140125d2a94efe499a6941d,489569457
080df3efe1fe81f97e74c4c9,442848169
e148c2b109eecef0175b3c5d,564611279
40aaf6665b489033ba0e55b5,903136007
05498e49d0b875ae6aaddd83,651706273
397d0f6319465fd7fea6f710,1063932681
7e6d8c4742b38854d819696b,1072661614
9a8d13d56d677379ebf9a347,1063426577
06bbc353bf62fda3b3786fd0,678643383
09fd7896d5445f422892b196,622577777
57c63e412f3fceedd3a7e698,686726378
32cb6246cd94f962f780a1fa,543918985
b0f9bfd521802b0d2586300b,878760463
2a99204f0a53c4a4d0a2393f,568342291
7651626df0e2e3119b801466,762793189
59e48259a076518d929f5db8,531634867
e7b721ed96269bb195906bae,452847545
61c3c304eb8a06b5a483efd9,724149534
3c26b2954be250bfe239db68,606437416
0df87025a6351b435958ce95,958147219
df82719238ea0e102c282c09,760731775
57c74f7b9bc5e33cc823439f,996872654
4195a9d13c0a526d7cc959f8,829399072
0d00fdc440d7612434a6b91f,805714355
0c91369119a06c40623afbb4,636276710
5a6b30b4d33e068d421bc2a1,974229204
f4beded3c5ed9fd6cd5177c0,650412419
95e561c7292d64305a2cf4f9,1015064429
67138978493b84ff42daad45,583785000
7da10de45c866c7d066d2586,649088318
3c3cc027fb179e91a46f11f4,567453799
df3ada98307fc85428022d00,583384630
e029c89d59f2caf4af4bd908,792874932
105d05ab3d5334b976e448e5,780435991
253fe7aef58ea97fefef922a,933681457
43e11f10650837933261fa7e,870434759
b111b17ae1fc17e3491b7a5b,655440856
63e1ff737ea11ec607ecee08,984869117
ae703276c49b6a6a9c39770f,952088002
799bc0f95ef9a23fc16bb1d4,1133209507
bb9fe73a8742dec9b2e79135,1407310380
a9b3d963a14c2c7435f30fbf,864986449
7a48bc2c3f4aad08dc7fd5a8,485873229
7621f476bc8040270958de6e,801821175
c49644baf8dc51d3f76d7e7c,1113891060
8c107da7487ed0cd409f4daa,857411482
1bc8874a13914055c2759a35,525304583
fcfd6f08490be39064aae41c,696077965
23178c72b063ecbaaa04b37a,607259958
10bf1c2d1124f6d8f8b9497b,943411358
c29b30cc5db2ffc273e4cb14,571530063
f7d11c2601959921f536f804,719525060
acbb07a2c7a0e39c0102b3a1,865332646
844e127aa7802cdf75db074c,648298989
e2d88f49873bbcc5476f4ff5,837719494
42aa1e6f6b8220a63fe165b2,1001745153
ab1c43d6fc4f08e315e322d7,800748516
9299c976b1afe4d2c0bf351e,841007510
cd62ad28163c8df131a8f2fb,695006131
e5e06913ec3c851340d7c91a,648085238
d9b46a34e48e04b5a3e026cc,700891564
782a6028457ec55d4fd5189e,742228821
11a905e4e01e7d15d35cbb82,643772827
3b3e423e248b23090a2897ee,623286784
5915093d458d4b6589e86f59,741878888
3d162a854aa05447e2cae0c0,611406990
662a3e343a7e207ecc09d6b7,640059754
289db1292d4ee40a1ed6e518,819690250
d43d2bda7b6e4d5177c0d032,893348984
b57ebf09cc691bcf009ef115,965738699
21f5bac85d5eec57acf501ef,815686960
2fa288389b3031d595973793,786833337
c900d19cade1443983274ac4,1001816066
67bd5b20df7f2a9cf4e04358,557584215
e111bda6d24089dac82907ad,533293711
7910ac9782a1a315f68799c4,749163812
ee786b818284cb382c755e9d,854919805
f9b0a27bd3619ae88ffe5455,543518929
ad1c32cf75ffbcfc842e3959,521992281
5648633b1f92de1ddaa7e7ab,664270925
1ba481abe0d3890c42884d97,557584215
ce60e2ce2a420052e67564d2,857498855
87e1b1170c163689d60bcd09,885432359
bb4c7900162be66534d17541,910098605
68340674853f0ea101e32b46,565665278
d10f89691119d4a4a2c1e650,1559150917
d414907e75a1c105ad2b74d1,547024213
c9b6d3bce20b7f528fff8123,670030946
be1695a7b8d3dc68c9887abc,812346361
debd60afab03fd1552719270,1010519241
de060e07dfb0a5494c5550a3,569125309
3d6815fb68ce959cb95e225e,964349460
d93f6d8fe212ee3c0f7cca95,823890831
1ac702e7c265717b34419fe7,735681058
a157596804522e03efabce48,936858037
069c529aaef7d7e0774c4a66,752369611
0669fb98aed75d79f8decb7f,739237896
7057326ac489bcc17d580883,752496082
e3d6fe5d97bf4fe851aee9d3,636176136
f80b20e0649dcf1c16003255,676555057
364256d0881131148655e006,775876673
0f9c26956bfe983c8c7fc227,1054873985
9756b47e9dd47f99dbb23115,599854073
27d413eab7b562b984c5a682,813665075
ad17072ff24e0fc0e61963b4,736832082
473a59415b6214218a15e363,726296266
ef72df5586ad0cbe59e36e07,623709762
9129b78a741bf5e24df5379d,697426044
964734d3430de94d22c927cc,727894404
530b25326f39c347a35a8caa,563787424
482f57e65a3f4c6792775a05,727399737
738e86beb569a7bf51fbe199,478814583
c5788cd5507c577b7b585ffa,560956800
be164f9025f346390b986668,765749244
ea2efa1a857332559120b823,749267099
f3dd24a17ea51b7a2b0f037e,743611211
7aa8d04246d3e84e5ac470bc,931920056
6361330195fa7cdc6d5c603b,689358317
6820ee22d6fafc9c030cb286,905664177
472601b5b5719855ae3528af,1103071430
3ce2c7f1ee7569e1b916cddc,935371112
afb03f7cea99023ecea7610a,1015748214
404364fe956884368e2f8300,1253271943
c658639b590415bc6ea44119,620989713
42f1a529f5ff3a6371dccea5,690160191
e2e4641b20d81a90033a536a,641854841
253b34c2c5ce15cbd8b5826d,773460695
86ff8f274b698e7757ced1af,604203192
c4aef1d92cf264c548ef1f2f,618932589
e8603da6012c2116a70176b7,1122558176
52b52aced4853a3e3d7fa058,506087218
7d9a9c3b4442efdb53c24448,707234506
a7bacd6f783756c9e7cdc068,672504667
68a00651ead62911f850cacd,588324754
1e7e26077db3bca2821a9b45,802839041
8aa21f48a83be25f924f85c7,797711014
48107a1dd2a3b027637f250a,730190646
6bbb24fd1b9df3df4e939fc3,670889515
aa45f8fda8801c3b4923f4b6,822343559
ce164af02f76ab3a68b0f980,828470075
c32249c7c0819b1a29fd611b,591089801
f8d4ec209ad5fa5ba4a68e56,688881156
cc03087e0f18d59c521b6ce2,769159488
fa631a714774fc22ca15ec10,754836936
c310efec13e312442f7e1a01,706202137
534466a857d28dcc598e3a49,840444575
4a81bdc14b5bcc4c84f5ce4b,553355645
79ac12d8436c07b620190b9c,995951406
f69962045e9aea6b8200888c,610084013
9752758072e096fce6f7f4cf,545369271
56fc1855dc6375dee0506133,907394008
2fc19f73fb877ed8b88a5250,435790327
63a25d279fc5a9e8fc1dfae3,453377493
71978c139faf2a251db6ff5e,514979132
f4dc67569fd340be3dc592d5,597337933
0b829c23806ff01a0c84e9a9,771560933
a23ff4d1b2e24f537a75242e,1091414838
3a103803cf9cf0451582d89f,657176010
eff8b3fe996b6d7db10b0263,945537534
9d53330b44c300e396cdb402,950702464
301b5da33d32c0632b16e8a8,974571809
357e653c4bea02df1b08c62a,725205451
9af17837ac2bbe7c8ba16e0f,570185109
246576e24f66d495fe0d509b,717460759
cb70f4993947b640317a07b9,851093870
949292b23ece12b655122038,543839834
4bdff22689954e5b1e575d30,967439878
7c69d43fe2488db51e6c8da3,628307477
6f543782174a964402b64de4,597508949
a59e7f0e0596ea6633781335,610106680
767ae7de1818d645a33749e2,1285453371
e667133c29f90c8fbf30ede7,489494633
3fcacd1cf9770a2724a5fb01,654893243
601193433c99337fe806b158,640064100
42c282041583e6e2090b50f2,916826819
3bc80c56871193dd782696d3,637550979
bee9de3e2817bdd591c02897,762827660
0f761aab549e7f6bc025ab0f,1015012714
3b9971f91bbe4b8dcc704ba0,835957634
8f428b58a5189effe993ca4b,608040030
0af466463f2cf50d61315da4,599375258
1a486877c62f2aced41a2ca0,1297845504
c9fdc3f80534b32f1a75f530,993799909
97419310c7e696dc8ca61f7e,654148598
49d9cb2bcc98d69222b03165,658318185
99fa9611d644cf325e20e603,1217617209
976d317efade1dd77ef3687c,485970484
b9bd63208716e4e0f2dedceb,652237298
834263730047f308d71d4d8c,635681481
d6bf8bfc752bf4580e99794f,886992793
58bc2b0acdb0702732894fa9,540760984
c3b8b774037044a2524913a6,647412717
eb339d562b72b3bf51073cc1,610154471
c8244d916b0110b1acbd38ac,702720621
65bb6acd9be0f8d95fbc722f,707494433
5644b84ee2edcf7267b2189c,680659945
22eb737351bd0958d3e60efe,755355800
0e2a5d040f6361adb9927388,760192760
be9f5ade682aa1fced79b068,728562079
8445e5cf42307960535a3b11,780509851
1b002164d34a71bd06e0445b,764669586
c80f897787541816ad63bc17,1429831957
673c72783eb4f9a02c511b83,843484342
3b29177e99201cf4eaae612a,771478834
91c5967cc1acb3f108d6e0f1,626851849
334b5b9fc68a18387ae59ebf,569646644
c9d096d4353b8eb843e793d1,848596664
92cade7b5347d1c00a48a1fc,1088133711
1d4bbb5b756033b4be28643a,905287222
e1eb183eb261b6de96e20a56,843033771
7ea8da3b1481993b14bed9d4,629202280
78bb43910ad6ed105610d9dd,801466866
32c1f617f2b1f537ef703712,955404402
a7e6d3c76bb5507e00ccb501,690875528
6c75d7867807d942c975079f,874850635
e9182661e36239f091259232,568722741
c926ee21c2bd9da7da193514,567084022
27bcae7ffb9f79b8f59fe1c3,556042362
6cda1a7622d5577c0056ba40,704471403
67c945ee31cf1fa0a874e4a6,560065791
5a8638c17d14ec4f6d447b8c,670417826
82bef17c2a4db1f6dc6eaf01,721261578
09dcdf0b8b37c1d537b9fcf8,719262201
2cc9f2411f98d0fd41511211,665156981
aa1eaa63043c5c29ab6a1323,783148385
35b03ab66c19ba2049ddb9a4,967892008
90470cdcdd2b813b39f28ab3,492391806
ba187eee3858263fa664812a,539063020
c06a1d212fed896b6ee4e1c5,551442325
8a8c8f5aa68c4e530d62776d,975588965
662a221bbbd961c285069c49,815679341
ee796b35e39c7beb6aee2b49,963773757
53de17a986d62a44d7897200,894954284
68925fb9f8f0c84fa0ffa9fb,937643637
6a6d4f8251ff961609019ddf,433626725
3477646f548971044f8f0494,473102186
c82434222f4129168fa82e5b,729633391
4c00508300f40d74c79f2596,549929848
27bebaf73dff207d7f6829e2,814633950
d0ba7b90f6ba3392a165b46a,1277160240
61974f593c799e5d5090c067,531614370
c08b016afc6a07105d7703a2,617495611
011c2017b63235bf0ed3f241,656787901
7f73a8e83d41ea252ad61197,692361175
0c25a552c34e114a1780739a,624997706
21e96ca8dbe2f12b55723335,624324822
30f6404e8034dbd513aa8a30,564212698
f2fce80439462bb9231d7fba,585005757
40d5384e2e8f8fef2032928a,535763585
95f17e64d2222c904a7d42cc,785507480
59374f70d5e7da97e3b8b35f,951832836
ba30cf03fbfb0e36e5d415bf,932459121
c2424b4861f2ef50f8876c0c,678644575
e7def7d0999433ad6d3ea412,1025844577
7f1a4e79fa92196101baa7eb,1095566085
37e0fe114a3c7406daa57443,713618616
897c0578bdc8d59843bcbe38,621042859
7e554b821e6955ab259a25f3,626835280
23b0d67dc2a0ae6e5ebc9eee,651533545
d43f045d046fbc8f5ecf465e,816180417
498d632cf0868a8e641cecb2,460780516
6b9bba3c6afa1f999a9429bd,637403481
12db154d9d29cafa574ad387,528650419
61779f1bec05260cf10a0d2b,816180417
986defbe9082519824ebc882,903487883
f72992cff50931d2e19b3ccd,860287102
0e2d6e5882fd3b4eeb9ef286,683670293
9702737c9e4ecb12d0f9ea5c,784159447
c36cf907ee28017eb1b40674,620255053
a7ad9c8b5bae531abf68f8d0,860287102
6f3dd53b0935c9593a301bdc,907945512
11f8f836e5626605ee4b41c6,678818491
16fe92ffdb7e1aeefcde80f4,632183712
c1eace64bd2c9f6bea289c4b,803089322
fc2ac43013ba8ab17da28041,741394914
5e6b54654c98c2517c2e31d7,1003605259
f0e8b39d2e4644dade9d8954,1002643560
22796587bee45b8f64ee6e44,682275875
dc8c76f5b3977f90839918b0,803671024
27663c0e271e26dfdbf4d289,723230432
2fc96ec5fb2c8dec0a5b09ab,1003605259
49d42ab711abd95fb5947c0d,990485208
b8984fe54819f5fcc43860fd,795280593
8d3f4ec0c37443eb3f953584,629178886
001dbdd202e9908ee42713a8,703745851
fc5f41aad1b4bdcbd8298037,676008210
34926bd7f9880e277e75a447,994742727
00eb120ba4410ed8efa24a8e,758847066
eb0c6a8231b38b2a1e1f789a,914565233
0f059b39ca45bbbcb996fa45,715048428
06a5364639452a9d663a2dbc,628212500
cd19dcd4aff76caaa1cffe54,516252142
7272c3521b7083038ff0a690,773192856
a480b654e1b8b7134091e613,993307648
ba24834c9fb0e87c4ea7d1a0,792056343
ac46e3eb688cb1cb17da2545,966833972
3053732169b2260529f90133,788556133
ab0c047373b5d1810fe42bd9,613530396
698383c101fb784f8e1b1ee6,655626107
1b09c89b546d0058cb09c1a9,957113524
64edef308b6a9805f0846cbc,944931414
995a5799d9a1a7e4dfe4fe34,1209762995
d4f1fcd4c20dec55e977720a,1053611670
21264b5a73fd27b85a4e2654,440465503
d464858ed94a1a74948f479a,671626032
dc420bf2dd1759b7f281cfa6,1139912217
0a268e25a5f3a0bfd8898a40,488819068
a3460f00d48816ef66e3acc3,593849715
9559637fc2bdf96defd2438d,997253502
421db6a58670e53f563eb9ad,659111308
7b6322fd5810990820167a23,471420457
17fbebdfe6bc0618ecdd247c,1015634801
00f2621035b1969d53f03fca,1239568791
e97c998a6a0709605432ccb1,473066456
39e306be57a992bcc75e089a,578503218
55d0225b44a81e82eea3efcf,776243796
c7c5ee499c712082931032a4,1039476896
f15f48d4cf4f85a3cd68dfa3,663574157
01db5867a69f8ea7849d69e8,1004938563
7c29fc3861c9f074e3a89449,753989692
5ae2fec22f535ec2490174c5,492737056
a6731fb85da65ce14468341e,659585457
4e327acca2e033c3fb305c5d,530372658
37b8e8a194e4f2fed7ddcd96,730963125
a8dc954142c54e570bccdca5,517697221
b427d767b071c3e5ac2a078c,541887491
a9407f510e67bdb27ad59b46,717304336
ba7120c89c8de0e57e30646d,767484651
4f5bc448658287ffb3d49b75,692469764
758d9f47824eb74d1b486024,954466694
84fb7e582456d7409f27cd2a,1067002855
0a6ade3bea1768aab76680ed,1129216451
f6e74a4b1e026352e5759b2e,528715380
639b98d0798b5670e7bb2569,675662230
32ecec7d5c47d02969368779,592359253
cac82fdc4d960947bbc590c8,666954692
c2b880a6bc90cdef9dac52ca,823362098
dd8eff6162c32ecbc6972509,621088746
6e2f79cf68ac0ba2b1a6b0c4,1005661879
a904fab9fa4f41a11f673fd9,876209276
bf11c5dfcb321e020601e9ba,714017752
488cdcddd0938ad0205ab8f0,1347256222
b92929668e884453d3a0d633,550420079
09eeb116cb0944a28742d282,754893459
c16e9d9444f85bdfade710a0,725883031
c15cecbbe717e72f09a84271,832025186
0bbd23df46a4ea4e4734b680,685542050
de28e62bd01870dfceb5d78b,580803456
92c4faf0ba1fbac44db6d1c8,647415417
91892eac5e9565b12b2a99f7,589584594
ba72421716765ef6aad9b4cd,1027139103
a99df3a2cd4f2346c6e903dc,492711953
59a3b1a44c35ed4936cf7843,718245330
cd74b689350ef612ddf1b96a,667301017
5664cfe452394ff9376bcc8b,501160426
d4c6dda51fa949743a46e835,591648979
b7f47484bbd8113c62cc8c1f,555704035
d4dfddb6564c9f46b26e7aab,620654770
aab240140aa4b6602234d88e,706006527
29671ce02e285f69afeb3fc2,1085478100
5cd742ea274b4a8832114080,840173720
c876ed979c9127674000b740,803032026
45269f56121b796d0392e2da,1153405144
e981d4fb3a33f372ac26901d,1089711810
2f13a428281ffc425f2c2e38,698366119
407e4196114b64578beac143,678455380
342027b17940a0cc5cdbf8d9,877767580
dad2bbb0fe138e426000a33e,654742528
e77da26aa7ecdab5505fab60,732943635
8fddeb4ca696706f6cbe573b,644457559
fe368a7d2e09fe88b1b972e4,479657563
6fcea2c6b9e39576e10581ea,749487343
91d35b9421c4982b54dd520a,704806569
eecc82010ce9803ebea6dc75,653279662
b957548768ef014088a61b5a,496895347
5790e4cf8102dba35e184ca1,660743608
cbab68c32d78424452249d9d,1182238189
4e0b293ec3d5eda7d9fcf8b6,768032912
1f8742e662666147955c9872,683376433
aad38b9f22ccf36b0fba4e7c,645166762
44e9224b9735235fc7271672,604500442
b61e9e4f3a2e894932b58ed6,743651502
2b36d2ed79caaccd687f2ab0,588798301
7bdd64032a4f011bd4fe7df6,611290238
0890a0d20f33b9af2bfe488b,544410786
ea7c9e327eab66ca286f6726,746640339
98510008e150296ca9d27d0f,765097125
41abd8a2cbca609cf868f227,927336009
83196bef0e5dc6c981bc57a9,777800642
20289e986c1959f0c83a6a4b,709155868
fb39ca089d05381b3a7ba847,637665248
d2da963bf6c2f6fe724be23c,751714040
670f7dfbe2eba87e55176257,722503616
469b33a6f153ec334b6123d7,575985651
c38ce4f3763795c61efee6f3,672981406
8553a05c2b30be81c64a6295,939678773
d8b3a1d0cffc913ebd05b931,989854509
f0fb8232343d235741a20586,866093404
887d749eeaaae288b2818b86,701258624
126f4d890004b8035a7de091,1089312955
7d157359b413e107f5f9cfd6,643669362
65010e340fa495d060e32f7d,557418223
8164023f628f550f322aad61,705862736
8c2423c14aefa13d255fa77b,869496727
e9772a54bc6638c723dcebdc,634889823
171149ef76fe0a2074c5bf69,806808754
96448fa0eb077563a2d168ca,585487720
3bf1bea2a835d7fd11e47ce8,694072971
2f4b0b1b81c792f43f4ccd5c,701327118
086540702ba0876c0c05c5d5,752807694
57d17db2cc5ce1aa889f1f50,1091623329
3b6cedd9966332f0722208cf,648096391
351a3e1b62cd51d46913a8eb,989307045
33b702ced6de5f7ab8b29e7a,532499536
e0e6852c6d6393d6d3719131,1181734233
bf5e687721e030639ec81416,739112921
314479aa7b73ef6ef44e1c89,610556902
822896f609e7761b58e7f6e7,643805628
5b6f21752f3744ec6e529d74,769865927
5d91dd63b6aef851e0c78389,640977032
0a369278a1ef6f5e9d79e2e3,680828562
7523e95fc2afaf31bcf30979,773411733
cb9de5719b978a78c71db699,850392627
af8c90983a23ee15c72b8e22,1295402117
e35d8f589e6b1909f5e4132b,749340060
ecaa5e38ff6cddc14942eb7a,1129669769
d2eeec3fb1ee4d686758534e,1255491864
e97d03ef9638c8e1d270ed2a,606146426
cbd78f55af1db4d89b53b496,571249484
1b2fa2ee5927660313569617,846338434
f7f00e13da4910d724aba4f6,472032295
9a6b77dc2c414f0baa11effc,649823401
bd4d0b8799fa5999c5d2ee3c,1059673220
bd6b68abb113370c35786557,1834993791
4da8ef54252a92d9cc62c174,901876335
38d6c2a9beac610279bc110f,537549185
32e6518755191bef743b28f6,1130817535
4fd8d01a5c3abb90ad70cbe6,893742919
5d9f8f380a6434096a0cd906,591244449
724c854b1a991f060701d005,635194721
1bd78ecec17b584e827dd0f9,450242770
7e6f68184d84e09cc9ebc09f,741329420
c0174ef555bfdd648acf4346,578930960
6463505a740324c7aa869d79,680413433
f239b7fe0de40d208c01c45d,925224426
bd98add659faedc1820f96a0,563758701
ad662354d28a9b2d65f537f7,2192308562
8e8852450fd5556f748c98cf,919127889
8fd5b95f5808b4676043de35,701087792
73a23c9d154fec88d396d2a8,957951432
374ca1a16b8eba42b35374ac,627905280
ff058f978e97c389e7a31f6b,689246552
9d7f2c004fd359136a662c9c,685252962
2cc0129b386acf9cdfa4eeb3,707440682
c139bf6b72a93a73155e1f5b,476001496
0c017cf9740cb67d530267d0,513366262
44ff213b9cfb3604b7e4b66f,560543890
a09c957598e6cde56cdba03c,699393718
c846d5698bb295697186555d,724746284
a84cafc064a35cc0ad698009,718289586
ecda0d714f52da919223a520,687790709
b9398d6bec5cc44fa39b8bdc,703982333
79d230806fbfe96368b83dbf,1159656052
a28b1d82d3f7dbf8746d5742,1123134280
a6555836840c7dd496ba9094,673255472
83ce7c2d2823f888f2e06ea8,1020584516
631f4c509de8dd64f1c400db,1136723082
2afd31619c21dc537e4797ca,1002373506
0be57099d9c3ad8a16984861,837334949
ff29f12bbd7ac4b860909966,1228101778
d955edf16ddb9d3f59501a9f,1291721553
96298da2f44ca873f345867b,472628357
e6396355c1249c6290906b78,929811430
39f9f736d802b166ed688224,967276298
38a0fcb41f0dbe8b0ef7af8f,671814809
79b955adf84fb2c52381921a,587308926
e335b8464a61ea0781f7928d,965004127
71a929d79a6cccbce6ac5d79,941251723
41454361857cf70c44e1f5ac,551131959
a16ca6293e2ee2969f3334c5,1128206937
4083248d3d2f2bbf9589b971,833198585
de630da5e1c9e27bfd94efcb,972923416
f2a4f5010f3da37e27505ece,554078997
53647abd1d1b10c9226eac73,596204785
e51873d6421addab3b539dd4,507389059
be8fbefb8e06fe169237d4bd,735545767
257c889187ad5de900a430c9,503524077
3198c4acc62c1a2276bf15de,595298420
b22350d505b87dffaae3a5e2,762298255
49ad389014995f0187edf726,781360164
025d96090a8e5bd6f786e9b6,720997876
4a7156189e1f06b0fe87a7fc,695698409
e91425bd357561183b935d27,695269243
c9d996f458794961d9957c1d,696958291
084de965e32a2a65bd3aff5f,696958291
880bd21afee7038459b5847e,810943978
2dba091723891d8907905a74,837940940
a39f9fd2f143b8ce1f7e1277,694441451
37050aba3553f3869d59f809,952159572
35a39cf33d16f8f5ff75fd6c,804557526
7c463a59e7d2f2b4bbd07e12,670580637
035d955df5a765531d1d0d07,809194834
be706475abdfd64aabfe45fb,694005958
bf41b26c090dbf0a19252e43,814216091
21aa860fd839233ed8b82653,749987734
b870c8bd8f95426a7e1f9c88,694715758
c5a5676bdb1698f8c38cdcd5,535883253
3487768de3a13b7ee3df0254,587735953
dda7a886135a1fd8106d04b8,1302312030
ee102e9d0791ee82ee4da2e8,602169828
1d4891dc27e0050efcc6c403,636447145
dc1fa8fcd0ffb8872d434dbf,801886598
2a5f727304ad67d1cd269361,844414831
2b10af4fcbef695b327b7d0b,868060262
516881e914708f6ea6062ad1,732143663
5a428139d5ce6bbd9505945c,954948371
38dbf1b9c5963e9c3d008340,1034348567
02c6e8c7f36a2c68851600c6,700024850
d2684e676cae87d75dea5ea0,560131350
027947dd01dc991ffefc5082,651184820
0af13e27cfe9b8f237a9949c,673100292
32421841f7eeda76160d7959,548532669
96ad0e75433cc18f20ed83f5,575611687
b387b5eebf501a620f352504,936455856
8ed95f9bf057114664ea441c,506993172
114318a8e5822ece53ad897c,685298033
3bdd7be0b5e18d266189d991,580433925
0d2c4bbd8a4dbeb6337b5c14,702546008
a98637742a212e332cb5d1f0,681519885
acbec9114912932b9cbaf0a3,935005375
fd81506b0a00fab1ff680b64,802839041
49e531941384af389b0aff59,550319660
8f221efe392ba42b519e5f57,769159488
1f33395df1e4f6a185c507cb,596294273
fa823373d2e7fc9443ebb6ff,877920217
0a6966f19bc2c303886ca82c,730190646
15d9a0353ad54798ef95e0d3,1084851270
0d95d756b838d3a319277424,801391732
d644b23e4bce0e6e50ab9356,1271023731
6dbc77ad8c5c1e39f72cd2f6,962639120
2fb5206d246ee7ab22fb8143,822343559
f1582fc47e7b8c0eb0cc9949,547706680
8d7dd9de4e919fec5916862e,1014406920
0b67da6d74bb3998c80893f4,481236107
736d25efc9e570379d32c089,641390376
4615a8a7af9d7cefc7fe4c4a,824143337
8b753628bd37b9759dad06ea,657229349
5c7c83526b72ced12a08e573,944384912
9baa578a930a94f761119fdb,688761457
8fe1a07cbe9b8f3498cf74b0,503996041
67a7cfe6e95aa5200c064717,791240444
b7e3b0c90c0d3bfe5befec54,549484401
e6a547b2c0d126c9b6800515,758565068
b08f88ef973c9d1c3a86695d,802626940
5933c18b8cb17cc6e4ae91cf,936808409
64a24372d58a2cf535c3aac0,697785372
e6f9288cdadc5851d29fabff,1169182137
71ba2f992908a5f91f832406,659751948
3af4b54bb5ee5fcff80f1e53,487002357
40d3f1f00de86e74e0304bd1,669221636
3b758c26283c2f11251bfb89,1115674868
70cb6337c8c3f5225fa80026,1061224301
0dd510aaba8036e8fd9d667a,784258725
ef6ac2a5102d7be910a3e4c8,731395520
24c32572ca6161a603a7d0d0,622483046
c7be09a810b9e54d2dfba4b2,555261883
01a5a230e8a808d844e64397,1119799056
5ade8e9c79288d511ce1fd79,728761890
7cf50019422bc9569a985736,820010956
d4716e228067a7bb0f30aa30,850573871
cb79e02041eddcfa9225346a,595601110
b059afb753452ba358fb432e,1134209021
fd9f78fb2d2f4d01e462bcea,739240066
6337f924f515625e7fa638a4,700626405
3adcc2c662c8c7c9db5f0982,650637694
6b7aff233052b9bcb6b9448a,987018988
cc51811e23409f4d77995768,571015881
e3cd7b6dc0495d5109086407,726320224
e63f468e1d9f86530d47ba4c,537813577
8bad8a7faae115ac9007b13a,866687730
d563312854016e9115d034aa,853560559
57c7684f8cd8d78909711b53,568111218
76b8190137ba3daa55db33a6,559020910
2bcc6a15181273b2fad05e3b,708086676
b998aeafe2cc93bbd96dd9fd,532204889
eb77734d12df7528af57c674,532204889
e8df85384a1f51c31015ba08,934139482
b0a03d567e287bf4cbd7bec3,630264651
dc8bc7cb687a3a42b7e7d5fb,970136565
147de03212e554abbf3fc3b7,853008524
c09b8c236316b87a92a620b2,738495029
f5006b435fc92111d55c0603,580927540
ed70b749e030cc8715c0eba5,983052222
2a9bbd878f3f45745d76f059,863431653
503f33d11f75b6b5102ba4ad,556483783
41479709513815cf5fc1eac9,525436402
0181972aeb6bf451012a47c6,1173757282
0b35c4a3f20cc0eb751acbac,538261189
e5de98822287c2caf8b209da,592513946
f3d82ce1c6fac06e4997f7ba,688600128
8e17d7d78e7acffdcb04d982,542032598
f1e7a0c7804083963b5b6de6,646642823
918dbe66979d16b147bd3322,672101421
35dedbaace193598c9c438a7,506310039
e67fa931031bed13c711ad00,693523499
eb2bbf82cb615e3227305b55,572278320
e8d83f7dcb876d5d05ae3e98,619800116
2be93bf5132bb788bf045c28,754060468
ac2b1b560e8bc4fa1deb6f87,995063095
674ea6932fa9e6b7581479dc,553887906
4893b21db2d6aa4417e1cd1d,937878274
2dbef742d0c59d21ad7392e3,838682887
fc16776abc877decb82a5954,1282824100
6f84d405f419590075610c5e,924567194
52cec2691ff635031fce9507,447612922
830b1a2d33f7754b9acfdd82,718442131
fa908c8dd43fcbe9f721c0d5,1043544808
90c3b93badfe7231410e95bf,1100227357
60a495b86d6eff1e345ecb06,602797745
0468cf58f40372acb9d5fefa,907084586
c523380518164e1e317cf1b8,1251870864
142cf530f13cbccc3cc9d0a6,560406072
e0432ecc0c1fb2b00b5435af,587040216
3af3a702988bfa0599727982,669217478
99fad8a7877c57c0af05b318,741841092
b57250de388b7172a39dae8f,1082080249
42fa0158217c9cb820f2a06b,711981077
8fd452d3f5f1dbb3b65f5274,939910150
27881ecd655786b093349ab0,887861803
38029a1aa22c0a5beb065edb,886124275
6750be41e08a725705256b0c,966221029
90bf218565cd67ed83240033,1047148976
c6a089a9bb326c22e3f3aaa7,711961886
ede08c77d6090e0900654eff,1023305822
2f7784465c1c69c8f786a0a9,1102201465
5943151d9a76010179f6c297,580815620
82a3742862a06803242b703d,619863275
b815204eed4398e600b366ad,873272529
11c4dba68fb47eb9c49df169,623924878
4ae7dd50c6b743bd47340f20,917270106
d81a040e22d541a74122f3c3,431650795
34c84d0a410920c303ba69f8,677501232
6b0828221f9cdf5cf39e7c15,555980841
c50d5b4e75f165eeeb2eba97,593159440
572488a9a75f64434dca5dc5,603770916
0e67ae9abf1e2b2f66a91a28,736489602
cb00154afcad81df60ee58f6,984773317
75801c34fb510d824a7d8366,437565330
98f2d7810641693c44096ada,849697885
1fb4c88bbf995f77f2f29b7e,723033765
0abc98f7ea1e477c6fe3425c,970556306
b3401023d3097815687d1160,758055649
f1ef14babbc4123c5157eb9e,640027145
ecf47573fe1ff641f6914d0a,1397362710
0ddd21dcfe89f72e2246ed79,665054985
402f18888d480f5af146daab,659969707
61b3bd442f6fc8838e2f45af,795477887
c4eccc400db2dc9627c9879f,939942504
ab38b4fae64ab90a55b5a403,717363132
7f4cdc01f9086bcee46d1d6c,822179720
1be9d865ac8d01f0378bc148,936245088
f2f43244cda8e2f5219f3db8,893358218
89ca905d858c7731313c82e1,711610820
5bbd0476c27c53e2bcaf9462,671314249
7e177acdec9c0fe684d8fe44,633668707
b764bb8ae8ba0d736bf54f5a,503936275
75f6d6beb64d846d965fa9ef,986534822
b5293710d0cd75f95de001f6,524248741
8b8ec04a78d3826b2c8a5754,709654208
e35579e8b9b24dcccf93abba,650005899
db5e320f51680100f1ec06f9,607361639
59be3c447844f31267366cbe,623414747
0f3b424c398a8e8b53162c37,804596850
57f4a3f6fe2e41ad97116002,559440836
1c6038b67a40f0749a72e6cd,619769762
e5da0e3919341762d5beed25,706867903
40efc0dc313284d3b57492f9,952756036
601da8fc375ba0b3df3b38bc,1080189049
61a12496ac1e6f39c5ac5d3b,968727376
8635edb61b1dda6f4742cac7,1014314245
ce12b48120daa5704a4c81e2,619996776
acf4d60dad7953065b59ced3,735172030
56e3e7d822e13838ab9f85b0,478555004
7ea2c18341f69f21b523906c,736562446
dd2396a42097b2e8bce52a72,954972841
41f99600339a7afc8e386e6e,919638512
b2d160f54ce5f98f46818e4d,1233244303
00dd36caffef00fcde85b235,997982919
471bd64a0576aa67f494eb98,691790118
79e307acac5f42f2696b0436,753702263
e65a4eec62e2a5bbfaad5565,699300511
4845ca0d30483b36bfa55061,755494967
6784e116d96e03911e2a07f7,528246653
4184fd9a546823ff1fea0b74,810879442
616a5485bc7721ecfcc21c70,657119843
6ff3186df9d15b65dae5bd17,657234320
886706f32695891af743f986,731157777
daeb02020f23715e663b4a38,640944376
93fa1c8ebb75b77dea76ab99,769826704
ab25a6737b3ee0c4e9cf4ae6,861506326
c5641447732d3d1269965ffb,916755318
86b290218a62d0c51b099a08,1239695107
d7b82133acf54bd3eac338c1,1273990520
10fbecd8de540f1fe4c57b7d,550000395
137baf1609138c6ca2715c7c,605346512
f5534949a53bef05de31b07e,691932329
466d4240af2cfd09a31cf3ff,758392344
7478693f3e7e8963e95be8bb,651124179
6e537e91af0de67558bc1ee2,658342159
f5b0b51ed49be034c290efd2,871162661
a4885ce6808ffdb878c41f97,616519913
a14506a4800c27223fc34728,667042934
e8e97b7919856f9cbb9ad02f,1031031110
e16685dae2bd3b0a4803ec9a,760036304
044b8431b186eb022cf6fc24,462773408
60de8c37c9eb96efc432451e,880816774
59b88e154c07bb7c0ddb4e8f,821368805
71590ac868415f3a185dc15c,905240387
6388b4cfd09e2b1219268cb2,947634339
f865cd15368fefd8c9d6aabf,843443696
ffd916080b1019827491de0b,850349302
6b8ce573bc2ee68ace26a67f,640944376
7ce704ef5752dd496a61d857,769826704
6b1a1afa055c15908a855e9e,591558272
2a9338f62c99dbad25aec5d3,662348168
c2282da3ece2dca6e8a3bca5,804546060
5e6324cfe41c3676c7d0a5da,860342823
f1a4afc2e543ce4260f1d781,1067556876
5d17daf3e98cf433267d978f,1337565126
d5f41dd3258aa346367d7725,623832635
da35c757f211ecaab20aeb3d,621891206
8d9cd237c737f6e62092a08e,1008668622
9dd98816533e4ca8516a5474,1152000581
27d14f352b2983177e836e3c,814283807
3dd4fa53bc59e5852f9fee98,1170988961
3ca74495aa9adbd533ccfb96,1118036147
dc93d8ca60d60a118f61390b,572874779
dd7b4c374bbbcc60bb090fe8,943635242
f925a05397ca6163230f7ad1,569717758
66a59937c54eff29ab14b474,621325457
077db8e0877b924d1b57ab1e,705658109
aebc3c6079c1a80f8b2f1c7d,807305384
ae41a566826a10d5a6768d36,1000450556
489fca3e6dc044412d00cca1,664360415
fc2f58cc289d29fffe8a5fe0,610825110
59519bb6d5d299ee0b767224,750104457
19921a97a52bed6c6b8f4135,772932005
ae08b7f31e69fd930ef4c832,755928958
1b67fbd144a4a3ef40bd9824,818040893
9e142165bbde850d4379a49d,864540472
d3e971e2e224a20530ee295c,725598678
a672cd6c8c284e14913222d8,846795991
93086ab3e32aa9599708382a,966210759
63773145b1a896df26504b0d,690268909
17707d66753c1eb0aca28926,673703926
6a2d4d9a257fdfb2ead837a1,624864592
f9158cf51f5e9f644349a774,662482396
c09c39339b5bbd48f349a430,603136173
d470d84f5d8299c52fa24499,601864306
9d028997ff036c154c3fda0b,981268925
40ce7321869b706210eda9da,563802634
3fc826461ec4648e4f7877da,732229214
0e7dbec40eab1b3e5c6bc665,997763699
81b3256980dd7d7f49030c78,920084140
fed2e1459e9ccc06943a05d1,778429732
c535169307e21e5df7ec88e6,637463635
d78d84e4e42f145e02e423c9,722516861
3e523ee3a6c2d89436539792,722516861
5f2df52db15d2e0ebd327a36,563465359
1c1ff56435675288e78c4735,739260313
ec4226205a38a45d97f35828,807521894
3214488a8fa9cf8b3dae877a,688439343
4a4fe76c58f5735ce6b018aa,1109658129
ff3696c808d4835d6c7cc9e3,878278309
1aee9081ac4a04490eb3f0e9,794473031
8dd954e7312e6e6a07d6d4db,513968436
daa52a91f1fee77f75550246,1074376908
a4ad34eb244e48afe23a780d,463445907
0b4b741487c001323f508d5d,722516861
cb383b7a746ed55b21a8b245,774552215
4b092d4d5885cc224f6775e9,479457233
ba12305002d24055c159ed34,431672788
bd74d43d99a240ef4190ecfd,487464816
4957e0b129c5caf47b026c58,647264351
eb270972f0f69f1671a0a740,807214916
d51d3ef396efd4760c979de4,746779582
ac65d147ee69785195ef7da1,666117086
53ab42a93b6deb152951f82f,979239297
5826567e12ee3192785e36f3,1003472057
ab64918f2b2b4646e87297c2,1021639944
88b0d688281db2ef0a782921,1118627896
dcceb6a2073faf9f89f3431d,956782366
73bf75d5762e3dd30fca7b3a,632648016
a45ba5d63cd1971de19c25db,699914429
8467eedcf9a48fee0d72d95f,1095831386
6184f12f3a903658f3319290,530223648
92ab018394a5398b832d0b97,759202961
e8e215437d023387c4a55515,627013574
7b8a6949d55b5bb27c3c6839,886820627
33f1a7739cb556a78af083de,748277353
39c6bd862f908b7e8088f0dd,749706931
ae556ff5f318b73d3b29142d,537811163
e2fed68e0b614e65c05200b7,552509899
c62a4288a4a0336b1436132e,567062734
f23b32fa4894b6d59f73c151,817800180
4ac4fbcacef08524ccbf3623,468634494
5b5bb8156b98eb51a58e73bd,673735626
53fbed4f9680917f0615ae7e,544871774
730b528617c2841eea5addaf,778452518
13d08f7e14471fcf517c204a,601681509
da273cee807e254fc9aabb9d,631800346
b8f7bd85b61951ce83d7f57b,1082890744
4954ce465ba712543bdf34fb,610455656
b7483c951d2c19de665f07b6,460955431
913cdfdd62e35472522d0a6a,730404834
be28b90a71e2922437f25110,730236741
b71857f1cc385219f114035c,708979420
a72041a40ca87928c695b2f8,730388482
65a626faaed9d9e3b172415d,730404834
229bcf400e309619268dda31,730388482
367bc4fef78a9800f8616d02,730388482
dc0ac888f1e87924e3994b4e,730404834
6996e88c10a94d9ee7d05357,607745398
cb8fbae1b4141461127c97da,1050863259
d2de34876a7a6914c2dc479e,1052503894
c666974c4303d43b87714c62,744438472
e8491a7994738d098a7aede1,1082400801
9a6440e5318b2de28b180a2a,764018091
9ebe11eba1a88fcb24fcd141,627298720
78b0f0bd0494fba0293eb0c3,769489665
047b0ded64dcae203a3015eb,624620295
7b95396ef4d0e97de8fb4986,891550595
08f1c136d5a456c0215ebea4,654482527
0880b703bf2064f59f2bf20f,1074696199
cfc069bd55e152e40b3a1391,698147860
0a00771ee714a2f3f96c31a3,728729880
06acca3d0ef4685dc055ffa5,565224783
f802b026db4bf9d68cf00b16,452561665
4aebacb9ecd0a117307c7841,1212055391
81ccb7e0255eee6274f5d930,912150424
cd17bb739ac79f80d6f651a8,1599696497
917829a0aba571cbe794838d,551601259
5b83b73ec31031582aabc527,555357773
5e18ac352e3f3119f5f9197a,1093204968
b7eb15346797508f47ae094f,624530945
5ac98c971b9293bc6a8a6aae,1011069486
e196b7cdeab1468d5d4e07c5,938247629
0ea201bfd515584bbf72f902,894176643
d2e6ab3b3106f36f2c3fc119,560354326
59db28ba77489750903261d5,882448993
b348c76e55613f53c8bbc94b,939341039
a1e38854d6725e9c48c128b1,643229709
b86c526fed01211fdbb62815,892176163
1d2b83d973547da8c168f743,591509293
0fe3dbfdf25d4b013b842b51,891256257
71a20a4daea6d31de942b2ce,1419562855
35352b370a31d01748616b01,966667557
27942219389ecffbce2e1d9e,1059648431
62fbacd4e172983a2a998daf,853787966
00c1165df93a4cfe679f54e2,1095483056
207f669778ed0db0e619ed40,684816833
5ca0586ab7d20dce5e9ca8a0,563635174
cc27435df779f16e6a62b0c2,899551228
7a94d3d31471ae313659aeae,878670924
efebd19fc5a2ab30f2ccedcf,702983610
8037e40c0c8b20ab6e0d4b78,547088740
5ae3359bfe2a704de00e8801,555236689
a5587c93c012375dee920f71,678838894
ee7f7d547af56773a4b0afaa,866143345
9ed988dd6739eb7ad7aa5a06,981522595
26c08d7331ae19e1934a22da,694443226
767024c66d3a88bb18407b6d,1065690951
6afa85ee6594d1c8296f04b2,658605858
551ca6ad1ecfc7ac21f8ef0d,813273748
1f79204a8f62c29b0a1b29d5,657311659
3dc0fa238745fbc31ba88853,559833428
4bc3f597867c6844e9b47fc9,657254357
53973c17ea7e89fbee5e6cf4,435763523
05397b2087e5cf381809f169,602891917
584990ea9718bb5598495061,534045949
2e7c6a89d2cf2d835839f5f1,812394902
5c02d79c59fb636ca4cbe86e,611326744
114436e00c03b44096823522,927449234
60caee98c3cc8526d16d7f44,565731313
8207612808b5947f2802d2a6,980819147
31a73382ae20331521bf2e6f,1134000869
c58947cd4f238cfdc0007bf7,1317330451
a7ee02ad2a4fa122799a2dfa,1090652429
c77a63e92b9f727034913d8f,475238818
56c6bf831d3c6737e3844969,750599163
73ec6f4da3c277958cd2c228,902067104
7dcd1916c0485e0b80f9eeb4,804960971
cafa94c4a56c23ec73ee9071,1033646017
d5ccfaaaa739b2bb2b3d46f7,577082867
e6d2e862f58445084b2980bb,1090604290
62f96ed5c1e5f28117949a23,638583533
20d8980a4fa8e094b7a5f00c,638583533
0172678cb0737e21a317eda4,539223301
6254ee88812e303bdedb8767,863300934
a812ed43db71868625b351bb,860530517
2bd1c70db60a44d4400847ca,1074838240
b057dd8a9c2082d1a78cba88,602315228
2fb149a70fa14ac05582ae69,703303456
47e282cb12ae01243d713178,668088938
ae47cf27964393fd56a52d7e,907538404
21642991a20d6b0d17dea2bb,748093856
43b10ad2660d7552ab6c3b10,820479323
64e5093d6bae57e8b4298123,750165061
9d8d3e6fb432174770c74e71,664565648
9f2498c12d7b41c213bec0ff,553667560
6461c0a03ad3ecf2f8112759,607706498
09b15382686c42fd89b24285,933689496
da846b08fe2205d2e2a3dc71,555012640
2a89ac6511416d0920f1b9a2,915581873
3e9083411c44213130b2ece8,746550559
0f0df5694eb388d843e1f17c,698874432
ee6a288e644183bb191a6526,533266540
8f570610ef199a3ecc49a0a5,851356051
3115e2391cc3a078b5e6066f,1127061564
c7e45098251c687efe670815,564460038
8a3b7f5a8da339fe19e8f138,690024670
2f801cf48edb712627196b2c,696118882
a147a8c29757c5d0c592d347,708708332
86b0aa633bb16582bab5640f,700555387
c9620e3e2dce92bf95c57c6d,762428151
b746e4a5c9d04cf4dbf887da,841586969
915842a8a03914c08a6607c3,563538253
e9e6e054c1d09a22b7efa20a,735905853
4b6fb9b705d80ff350bd620e,578405572
9a51784f33b0cdfce8312163,1106389590
176c9a90fcbceb91569fa3e2,1092787092
c97e70a767a3661c4869bf86,766917422
a6bdb6221b88a24c9f8381b0,602725009
0a1e6a95a0f9598150c121ce,1148427162
37d12acc69d0e3e92420e62d,802915072
d433ad6c3cdbd707e6839082,946553910
36bec92975612d091a3c78b1,709633201
3eb97ecf8069775b9104af85,1052617769
9aeed339b2d916cc89f38bc3,715435960
f404deec9ec16a8460397815,570229263
8a0114372706f30bf6867a2e,836968587
681e772045fbee930fcc9ff3,1333776198
0816f29a68aa35abd5978e7c,754729481
670fe8f7b8ebe006885b2777,806997587
d36dd340e5875df6cba999ad,757812583
8ae869c5033c248f881ac313,1255419365
294b04da3eaabadd55da9c20,1062005288
17b360d57782208f5afdfe4b,1031536128
88ed5ebb575d026f8d440c60,623596723
e611a37562f88ebe07bb28d3,522701819
e685650979374c571dea2ec1,564668889
10d47d2c73f0ccbc97979bcd,662413610
fe96a7d758a874b1f0c42145,530039451
a7634531887e969c9c5469d8,487685348
42f38b1b2dc077c88a746c1e,565760137
25e832098d9e6e7c2f9afe2c,830332594
b7dc47c641b46ca99fb83a0e,888746147
0391d158ab104c5cdba31872,852719557
a3c4d0ba7b85b9a6370e131a,1022737167
27721beb237824844adbc289,662183479
6e807e25b64bf0de81f51c12,911953999
d2637d64e4022075c8f539e1,985959601
faedbe92e3296977872a4aeb,1016821360
5bbc190cdc5ff3296801ac0a,744412126
9b0abbbbfe0bc85686304ad6,514323697
f8263893418eb0752dae48f3,609021954
1e73d6064abab2cccdb6610c,640464056
c0155096575af5fc8db843cf,432494094
9c7f7b0ebe440f60d3bd478e,609021954
25187d9f4cfe89a525ef2493,647232272
85815a09bde2a30e296f65bf,605958531
fd45b984efcdb0b434033fd9,491661731
5dac2d2027b6c81c1b7ee3a4,607985314
7df538c0c831520e6d36e39f,474473875
14b81320fc31c7a513242171,608524694
8026e480ba395cfe1e09cec6,641556073
80bbc51dd90d131d091521a0,507631633
ae6ac510d3e46a50ef24896e,641556073
06b90d41ad3ce1d0d389fea9,831291674
8d911c1a195567dae3cad99e,587357036
2876aa9ef0b44e43084393fa,660411686
76556774906f9e12b319c232,627162609
9662cce3c4b92d1c99849899,921656541
de3d078e5d524d8a7b65841c,605026329
547c8638128424b89d602f50,1107890321
c8a3dc3654c53cf66953de0e,853262341
21c8b93e50ac884e63514f10,742073640
49a0715897795017ee0de843,861911214
5d646ababb10f51c141e0d8a,741158641
da598f8a82b1ad1b02961cd1,970665120
84d8f7109615519f2ab0a48c,771591223
0d027b81f8391d73fe0046aa,1225597482
079bc331430e94ee76f8097e,753715189
61055e6eb1910507640ce6b4,738610056
3f6effb8881ea683838437be,853419106
92c8d6ee8496b91821d7ba3e,763791943
78a08f21f7d7c51ff4d5b8ac,893945142
f7ee7282cb9edc77740f392b,783717098
694b0a500f1619c4ac4c85fb,936817262
13d43933e04c3c7a9e5071cd,1377229855
5abb555cb9d65db8e6c28201,622426053
ee8103b958673c589b9cb27b,703368839
5b3a467a3b0feb8ed81be1b7,1294690718
e570a5157e02d440a78ca008,822626800
70298b5e8fbd66aee975ff14,758210508
2b552d7b1a1488dfd618b120,637002514
f4ea9c80fe71a1bd0b692475,817484721
e6a9d5c9a82ba73e76817a81,747803094
9b58b5c993540ec3ab1e4a0c,661129872
00858277a3cf4f31b8e3f738,683413466
d937ac866f671e4a0c090879,748450821
7d02b3479cb2d89d55bd4fe7,779997727
bf79649b531e876c5f03883b,790742640
66a2ec5aac8969b2be538c1c,779997727
7637c251618135e082a9e2b8,758815580
e8c9070ca596f88bc2e0868a,537027927
64adcb2941e9553ee394caee,603159224
0bc8475715e42b752649b4e6,692929168
956ad3b1dcbe8f236efe2d2b,680620286
dc81900a751b64dedcb4ac39,738417409
02e52d3895522d9be85c4544,488826605
49d6752dd196e7dd583baf44,726385112
8364aa431b2e267e41efabc2,744374200
1b59d33f9000d2e1aad46239,566795798
74a791baebeffcb7e7b917d0,679899407
0a3911a1a9284f2ff81689e6,580184845
6276bb8ceb13d174b8e405f0,698891657
d573d2caf8c67aa32bbe592b,691828412
57cafce17dc4de3bf8a9ba90,856131615
1dc9e5c684c831b204d21585,1070482196
48df432642971a97d3d4bd45,768434054
4902ccbe8456d3f0a29e5059,742608138
3a810dc80d3a63f8cf106717,936243648
c9859204696f3440cdb541c3,689212576
349fa9cfa15d8f8bdcbe863a,1008095521
d0bdb51c8020a37fe8344650,1002078009
7b037e6e5d110999e51b79c9,797301125
f677c51266f5ada9e23f20eb,582262801
1b85d69a0f8ce1d6ac4d4475,685878424
4570a3ca0571c70657b4a1c6,922189500
de32ca7785b71dbcc76a50a1,1152162019
4e3cce6b581e74879c2dbc4f,663487176
09c4d4b5d1c0118d877d5734,795200225
b9809baae395914981a9296f,765725791
fa56058283c975be76d7c990,808054546
7b32938ebf0b1b167a3d2d20,895101412
bb38c1c17612ce593e5ae7bd,515293299
bf0485c2e267d06b9b1d90c6,920554491
0357d0ee6e0646113ea543cf,891386752
ddf5182c482fca7d881fcba4,764029983
47e6a61fd652a3dd37556ddf,688904138
a9054883a22542257c7e778f,424759059
d7c70d831e88d552da09ff29,756280826
d4d138bbc80a0b29ed28a4d6,671876880
dc9119767bf4f21fcccdcc69,807208726
e8caed8cd754b0e3d43e6954,839415100
033307467830cb865a785e3e,573048671
5498b3e3ca091bb81be87166,497080574
bcaded180edb36336c2f5b96,907184501
ee4377ff95580b93e80ae08c,965002406
c25e1e289cac1bbbee489122,961812406
7e41d90a838048eda035fb27,726197036
f418efb887a15127cf2563b1,914584612
93b27fa67eae8cdfcb846772,661394138
6a42271a0b03bf9a856d1acf,731350775
2af9e271765438a47fa7e7a9,569295840
11429e0923f804d7dc5d27b6,1038270156
c218434cb0b05ebcef935e5b,628917445
a98e4f4db7afb8a6c9f69400,664465775
3c35c8993bb937164ae4a880,790237485
c23a1372c81ba03e6dabb0df,653688975
cb332695a296899d1c798426,632986375
2ace3da2fc4e0c022f7a8755,1023301975
14f1bf9aa68aee1ac094097c,775616050
649a2784beb9b821d36179af,647555714
6bbb8f89bae38eff88c89c46,646857776
1905b860a8d463c3048b4e46,569268889
3ec50faceb434f716d73613c,1521619299
99543a17b33ab955d03adfef,829685371
edbafba81b92efa9b1400987,781324309
9b3846c7abf642e0a6220e7a,591329638
691c35e98d0d5780aa82aa06,644421334
395fbdeb9f0c0586a2b20edc,585185650
4803a3aedb6c20eb194469c1,642916756
bf95acc88b60a3d531fbd42e,661523857
b936e36ecacd7cbc3498cee4,660595509
293c8a0a4a358fe7554a4ae1,857367799
5a72e2a62121158efe59069d,670453420
605276b332b5e5984b83ea8d,631124767
d3de7e975a9215d04567e467,607229019
44b623f7fca1a306560172ac,527147035
9a6a8802cbf3549870c55031,536641326
f43c684b789900c58c8b5fd4,607229019
dd7ec9d7dfad5364dd303f49,549441082
506f2b1ff3e4e7e43a5596f2,723119137
090d371309090bf83b6fe0f1,761746663
886be9a1881866ab1f300533,769361333
ef34f331871e8ca6573981e1,810105970
53bbf1d3345eabc2a8b7f5ff,775413833
5bb87c8d49ba8ae67a659b52,873175226
21dd47ac3c4e1d6bd0ed2485,647237085
f59686ef2740247394547078,1176280436
8fac177c5a8b4faa21b33138,619548155
b2bc172a3ab25b8caef50189,940263232
a10055de743532d7b7bd29a0,595836270
c344e3be381326a1b6cb5989,661532367
3fa4ef366575bc72ca5a0582,897655142
e9205b722e624eba0fd36145,960877835
e75699a7693c678786ced75c,804325534
23208132621583ce4a46de77,1202487966
558d9e4b57fbe6c7e0a09a95,1112021792
1a6ecf722b2eed8cdc19ba20,1087614865
11734add51785f1ddb999c5e,633362874
82c9ce0d018c1d620b7a6689,573998810
80d95b058cb11ec829b5ec96,547789008
cd89201cfe3fa19a4eb14bf1,647237085
d0a5f33f0689445e22db6626,581554079
c7c99ae9259b34bf9b8ba799,587012382
73806685dec82cf637f19384,537506798
83007c444fa52b34482ed55e,818870036
e08561df5747246d74136dc4,647131426
5b0219cdbb8ed527aec91659,883156679
119805b72aeb50f05d3a5bd9,673555987
fd20cc372715855081e24eae,889205917
e4a021b625f4ffbed391c6e7,853644673
902d4fc2c44ae5ca2703426e,765010876
71aacbd62d72d3eb29a744dc,680382395
7290697f96d8e2101089984a,715391505
314153750510e92ddcecf33c,871112919
9d576cf721ad30ab1a4fd554,576092788
50160783a9a0503df5a38dee,641489439
0f4abd70b68453d3500eebb5,670695723
42cde300d741cb134a529031,504817540
1e9cb258a0b7e08244d7fcb1,813911315
febc9a1b054671445d756cec,819340501
39351adf139f820864dfe8f4,768194037
b4fac45659e67d4e91fe65ff,431628804
fbe555f6bd0edc1bc950d9ea,1016736608
67308f6bb80d2a203e306104,540719169
799cb909791d43a1eb305eaf,705513780
4354c1b6b27a87c451ddaf36,576624344
0b937a3ea4864896b744108e,472629926
b96d8b77fb5ba71ebce2fb26,710940439
f4b1645da3f4286e39f2fe4a,835602404
a2d1de4211aff373009809ec,629678928
50b619ba3e0b2a4c6512bc97,742228821
3d57abd322b0077efa1091df,793794185
652793275729ff3b69e86072,566485181
1e2270f9f49aaf3be01dab49,871240189
99970db787f55a4d1963942e,539801781
801d821fd6ab7ee01b62a800,687023772
2abd46909a251b8ebbd37133,572422558
20a783884d6bcf1aa5697772,611709673
2fc38ab2689eb24f63e32efc,1067176101
1f592cc4ed728909040f953d,745162066
d1dca15e36fcc5ec14dfd870,745162066
54f7aab6b91b48272a81fb47,711964697
b6d84e7d569d8d0f0d0c9066,836079939
54d10cb2a44179fd4d726f1b,772429372
341c307eedfce3f735f4a63f,607951536
1e057cf20757627d1b006141,646570445
798bf22408ef6814759da1f5,897050707
9ef3691cdc2bcece41b47e78,867381966
fd5793113661540ee34b8cb8,854468988
9c4ce4e9f12764544cc8bded,743927664
542b5322e59a3273e10dcda9,1141057418
af578bfec5d84cc2f4ffb8bd,757804000
a310528e34207b5dd813df8f,835559832
ecf5c9bd618e3976ceb5697f,1000201922
d342a1ae299065045a957767,1072789852
f5dcdfdcc8f414cb7a38309f,708401077
4090c1b86074c8e769cc72fd,536834755
7ef2d4777310765d0c8121af,975901482
39222ab30001b3cf45b7de65,970365106
91a73bedc30e0c2acd95d6eb,886263273
d1e6d6900eebd9ace65d6c36,791583062
592c9c45c07388359f663219,563422974
738111512f5e5052927468d9,877260906
0db51d4771623f5fc1026d74,602884458
82c9556e19072558cbe3a7ff,486112212
c1e51ab95336a51885b4c672,764561093
0eda675541a035b1f620ccc8,1042971378
cf379b41b70374ac4cf82dc4,1046749415
d90c961aa01e51d63e50a2de,901783686
990379c9f9f210206c6f1916,1212916414
f8189811dc639d760937df95,864671001
3d1deb639d94b292552a123c,557707114
43041a793a13a4171f22e492,755168742
052d00805b2602cac76fed4d,662397014
c76207e622cf8a208910707a,477288151
ebe33bde2abbecd6d1fb0cfc,525246784
2e23ee2beaf5293f57a5c504,740341363
abbd422c412c2d57f5df62ba,520402675
648217f4d8b5e0e65dea066c,843630356
52e7657a539be5f36f48bed8,1250892464
3a276f0df8c12422e14107c5,886920350
dc537b5973d2b94acf6f23df,1021836450
0a41279a5ea9b92bf8cb79c0,1047583443
80ed77aff62d4c57ede6ba94,581631717
1fbc660f780245bd72015f07,875932361
df1f513009808ebd46ec0847,627243499
58708fd9e83147daf1a80c48,570417813
52b699f9900d81ae85ddc7d6,700891564
98c5b154ec80083bf6f51835,850349302
588400f7829874f9de919e39,643772827
46a2a88ef09b2aab932ea02a,785055161
31474c62a8f39e250fb2882b,1013869418
b40873d316de1c295f2a97ec,607374272
bf4b8b23cd87377169684e98,723977717
a34b3b037805f2ec489a95fc,568579789
963985c57392ed0423d74caf,571137618
a93a37e4cc75c069e14ffa00,639278438
071f284d07719a3517c55567,733271750
5d030db414b00948ec10d18f,598155734
6e57de8c4ec2e42832cd4b09,993962745
d9ee40ccf461ce3e9ebb815c,638959837
ee13d186a24af238d06e0c2b,743992627
f27397321c007765244e56e3,870640007
959397711c3f452486ae591c,1207893513
a41222195e5c7d7987dc3c7e,718472770
ad14cc63c36789bfc1bac0ef,579289918
79ea72e7b03cfd4fdb5219b3,766822209
cf68e05962a41395844e9c80,637344202
4a20d03d09fb9d0ee5565ec9,571073327
734c9446d0674b8d6545bfef,1187285247
d9706de7190ae64c83e65769,709832468
b778282fc4b9c43055629e44,1118570904
a4d4d6480b56d6198c0120d4,845320503
7557a9bc12cf0f2901c00264,931059284
41376f69b086937257387f1d,852796367
2910f3631d1db77e4b61f8b5,574782991
3a8a506c99ede47ae2257e87,842307142
25d89911e830697217d460f5,774709602
365a227184022e99f1d2a816,543443564
c6e34cb4e79a729a5df4183a,958076516
c5c3f06bbf812593d1b95a40,758623395
acd6ad0081960c0f17b144dc,922240548
344a104d2210954497a5a388,696980680
c0109086d0f49aac6c3f3f18,577431644
c42c99f5da3248e7bcc73fa7,661049130
8e1e9ae57400052cbbaed9dc,1176330575
8cdd55d191f206b0841e56eb,717552764
c1e0b47866cf4a0120e4b3d6,624956381
45a033d121ca5afef24161ba,663880774
bc834280fb45fb308d957640,673356557
9ddc14c8e7fe7ffb078e0019,996439152
7d66238672def6f73c25247a,659060247
2c12cbaa1f14553c1d41b958,611365916
196969a98960a68088266261,700891564
a5a3cab55661982b7d30bc78,562745076
6464d5cc161ac659dd963897,556247664
e9f44786cf982100af0984e4,1002847222
6302e608d8f37e63f4e5cc27,578640940
ab614a5008d68aebe34aa201,652959039
06bfbccfb3ec0b1f65f4b351,952290516
f7f46ac9158f0a1edd01709e,686205093
6e233ae6294318baaeebb59b,1214102256
bf6e713a689f574b532edd4c,933703017
a7e97bdf2d4f2f62f9889c3b,766446799
784822ba0060eac9358cce22,628335213
13c51ea93d19df6c273a1502,605977752
176e00102fb65cba56279287,635074856
52e5904902e4d75ad87afde7,773599661
728ce22c8db9bd0abe3f20a8,944345791
e8bf121ec117e383c843bc51,1511104495
878ff8ef3c862929bbb19ebc,624104596
ed80ba018de35d5d76d50db4,867668132
9267fcc93ae3b6df8c12d9fb,648054126
babe27dc477f5e1b7e438422,585674515
a4173461aa676e09227559fc,606912263
f0b2a0602bb5a83f0827ac75,614202627
2da346c00d6fc39268f12b82,790580906
9ec5fbf8767dd0d2744a79b4,674447772
c85e9bd6e20ee2a883d0a7d9,498809164
191cb509fd44e580ee32486f,816362854
053d37bf1d988505b5e91809,532925416
4d3a66e028dc8f3e9ad9e9cf,666182683
c75b265c0eb946ce77e32ce7,1027024466
d233eb8af3ef7e325f6c8f9f,571156025
7f7f5313341b3ca499968716,816650532
4fa51848638f4437a3e31682,751175118
9090236db3ef719edf72a330,1185608967
4dacc190eae91b059dacbb00,879289343
ccd2f6ec8e9841f1068b7c76,856016284
a354cdbaff42acd1a0b5d82d,665651335
da8d3092ed0e085a83a7d67a,729811239
1181e18553eafcf5edf6fa05,945334590
5b146f1914acf2ae78360fec,908740438
a0fa0aca2f6c2ae65a98ccbc,758249139
038bb35043651579f443c481,719179844
430c46358b85ad4a741c7187,546986080
4becfb041b0439429f2cffb4,596231480
feb87029d5a2e8125e165bef,537345193
61ffbbc24b30698ab8f735c0,666237803
0e3067f71dfb9dc2e03bba59,657519989
b8ec643c66478da376153333,660221239
c8bccdccc9186136a332e995,719942325
0f4765c8929a87746217e957,947293551
68c145df0ef91fb4d14d001b,630211140
e5b92a0c67c506ca6e92315a,610123385
a482103965890c922a66eedf,814466417
1d917f9f5a3cd44cc4dc8d2e,542155496
4cc968db25c2cf03991c0041,614438988
91ba0c5b21b52734d1e244f0,583890948
d6a8f4abcb02142c6dd15b30,488987379
0587e7e1f03af8ea6c46290e,604043913
61e1e0c49f3aafee6ec9179d,729594606
797da4e993a993ef80277108,755317317
b8acc8e72f2c498fede3fefb,764630628
ef2ae24039bf2cff1caa4340,622174246
cfb8d15c6b0c0e6ee4b92109,844658667
05aecff6fd8d866c6c157a9a,873152505
b2e37eb7cde5cf4290649ad3,1270536568
b7ecbd35179a7658f3c11b41,702750747
699095150a7f3f32c40454fe,1688855293
989a4fc1590097414d7c3fa3,587921008
b6853999c45e21646a0d1b20,424737418
6ddb6863958ded0d72fcc6a9,508032406
f6fc3807b54d8c69459c4f64,729959665
6528ca87df8bb477f4b6b8c7,685956432
7bba885503ea7716ffea503c,552765965
846e6f1ba1c94966314345d8,869574118
04e6a79dd3e4d8d17c8b5387,868604156
4d60db10157fd0b5eab9a23f,942750887
0d7d434afcc5e93050e0b86d,763203970
bb9ffa04d913d06846d082a7,745068810
80abc4c356813c1e4ead1e1e,633940194
df8979b26c9971dd7c3500d8,915233105
6ea18874ea84b5b4840f9b85,767375177
aa75ed5781e6e8584143daa4,717157558
c8c8d083c9b9600059a8b8d1,541349460
5c8f3b7ccb4340263c255d00,556783775
79b943894c4dd68bfd8cde7f,811619462
64f36d32a3a64853227fa69b,938306132
d7080c3742cd9d72e9d0ae48,615446362
8333d32b98625a2742cfabd6,903452163
bddcc7fb72bb973f84b864dd,882782079
5a80dd0f68dc2cf9fb1b0c03,673241622
5d82060575bdb7be33e63ecb,1090752366
de416f239b27327e0f78b862,801457742
816f93a2e035e4fcf61ee4c9,885976562
aca1776ef24acabe172d573f,907232731
af32aa018cdfd081a81bbc80,591086474
7d133cde943d189c9abbb6e4,822699811
80035ad5b3b4a948469800bb,647132492
95bdebef7fdc2ac0e9541c51,907580522
d038e5695b32bdc6fff1f72d,887912240
2979f2d91d649a8c14f5453c,676217986
a0be286778d94153d3b22ccb,1036754173
57e8ea351ecd1ff0825b1324,905125001
c84f96cf4570158c3832c3f3,725176530
93ab279de0b7b414ce758153,727000337
2018131ad3f6e5aa8f4be704,986559890
eb055771816b45213df3ff3b,672215104
8e3700ec731701361d7bb7c9,517751005
422e994aaca85628ff759004,671433108
569e2cad5c18a5f393f80a8d,803458716
7b4ca3a8d09968e48c185260,621664915
12785f791e04b3a49547fbc6,1070237867
02ea72128a99862e9537718e,837011231
fd77ee8ca0551b5b614b40e1,1271023731
ffbf6a54fb00029ba24dd3ad,543184369
a295b12b773127f15e83e174,755034258
90f0cf22cf9c8fcc290e495d,560428090
220d466e3737f1f2a8ed06ae,602376606
235c56f4afd6d87f1b3e199b,792746927
eb0f3b14782c9a484408c606,765413358
4188712d431ba996cd59fbe5,649433225
3dfd7e954d6f7f40af60bc9d,531717753
00e80be4feb1e8593b7713fe,576795219
eabdd1bad2bc4351ba4a2635,762645739
850342685ececa472945f7ed,700626405
ecc4d05489c5ffc8164d5469,559919004
2406d47133763272a965ef51,494795138
b9430e8c145c2a0d7efab2a4,698488506
4f8dfb8de411b8a05c55dbbb,670438679
574b6bef16abb21fd67db401,642656517
e7ef0d61e27de15f10b0d643,762801178
647ec3f486cedf045cdd3b68,593354946
69d83d8492db7ade6c37c3de,557536861
6c07175274fba6a0dc467cbe,728929681
a5a71962df1b8bc45bf5547e,658283654
ff61abc1e7843e20b1bf8656,442683753
540c4d7a79864885d73cca95,608883517
17d0f69ae2c4f1aaa1aca9c7,706530310
80de6a9303eedbfd1c69601f,1003270280
7cf573f273b14a6cfafa3ec8,549743682
eb9ab213defc2de5d878653f,544913075
69f7ab8608b5328f106b42e5,819485566
9daaca90887e5144c35daeff,642213056
2bd08c0964ef4a95295db843,686245697
34f0542a538cee9f3624d897,731544591
847a7fbd4425fd2fbc4b3edf,1143570506
22428154baf95870f1d83fdc,900840394
18e89f083fdbce3da0a82a4a,1249589069
63674e7ddf6f2b4d7c6d5c1b,660032622
0e97f66cf4208c1a57d1fb17,593281231
a90f7cd68b662c87d9fc2d5e,601150889
2086639384041f3a9b519140,697087219
d38353aaffa4af168518c6c5,748890438
d994f3919c3c8fe0ebd538ad,953851464
ea9d6dc517c77ff8bffd596b,863697843
ff83788b9f8db0297f6c0148,799494788
9d9564415e52518c2817f66f,587301533
9362189c5d784741c9b0f8e7,936844645
ffb510bd3f847f4ede255fbb,568331825
7d3e4ead63a869bae978027e,708824370
5dc404d1c214abd2d45b2a0a,850511454
64335f6d4c1a7514377be77d,689854394
b81801f02a73feb1db7f5e83,1360471017
b5d6fe84ee7c6a703891112d,1013483302
af0502ae1fe341c2ce1b5325,641952625
ec43b2789c9cc266a8e0d1f6,681877251
7ff8b0b5ab4fd12f3be399ce,957586491
d5c8073e3ceefbfbb547eee3,682023060
66379c5752189c150954b4f0,708232669
6a3f9046cfdbf4eefca3ca69,741314802
b549a72c938d767ed504bd83,705844109
f48e503ebd3908838c1f2ae6,724164268
e58ba64bfa5280630bfcfa97,705770444
07edd16680605925192efcf1,796885903
70b821bc1c7dd846a8be343c,593673585
d84d7edc4a4896c4a8722328,571838443
6d592a69209ef3356e656c44,682870816
ca9b2ef10b512905af6be620,808733597
bbf16146922556095f53b5ea,755813041
86e80098f5a3e7dbd635838d,702211644
dad46c20f9f7d834e522fdd1,833635304
e2dcb036931bf4b2aa030036,1341152891
aa7a25411bc0f9f93dcc40df,615952353
e192181121fe58a8bf94aecf,548208623
5aa715bbe2b178ad0c9e4b08,764744190
43b5b5a9a1615eba48ab8b66,657354824
dc91e3fe1b190fd8cf2584c9,642011212
1014341bbcd2fd5775631f78,630586647
7f2e9d302a6ed1770db9f7cf,1134174210
73f4074e5e09e52e0e03598f,859775720
0460eacc73398bb95f0518e2,743691253
5a44be6fad8878eb2c394ca9,941115627
936cdcce007bce08a72112b7,730044177
8334a4cc7db8ed5c0071fe95,458518929
e3e9d1d073b129c697c1e9e9,737772777
dd9a60c3d502ca3cc98d9b73,957849099
949184accb5878f82fd5c10f,751652941
bbc675f7edfa0425c78c15ea,614664251
7436750d73f2e56b4f29e98f,914490051
cf81103f31f74edfe0453de8,901167935
620e467297aed5c47e22735a,508329197
41037a3f8625082544979179,680620286
6a2db40e5f210a31b2f7119e,599525433
0083ef74db679d22463a1afe,670999485
b19be1ad7f60717a943ff0f7,595638396
0906b6a88fb1eb0d7bfb6bb5,675671259
f82adf71d17c261b41a5231a,783862145
bdda694c42c52ba4803d482f,769123714
80f633154b6f94b8fa24f213,793299500
f69aa18a64d8b8494fd9fe3f,591836623
3146f3ec9b237fa0944cec7b,576852570
5db3d671b5aa03dc33f258dc,609406146
d5239537894ce7f2a9cb5a49,589049079
bc28e66374356a4fcf9b62d7,812561689
3697e556be961a16a621f3e5,536538011
bb6f66493fbafa76d70b0a34,803686446
e78a4111d943044a9a32ed80,1069224769
044e2daf937c0d8373f2e914,996880927
77668d4325802de9d63609a9,745020033
a85ba83751915d8d5d1a0e09,747684950
429460d5f5c5381e945cf449,851309482
a53dc5c58f7384729ba37a21,1160262832
a4dba76865fbd14aa19c0286,929839939
7573c18a79e5e3ee0610d7cc,777481753
f13f72c1cb469db92b25c2fb,1043907673
45dd7eee4488e88d71d46783,952237599
dd4fd04b9fd80818bd543f9d,813858248
500a3c5953f89b431184fead,1006683700
d2e737461b916ba78030c76f,732192679
e1e69b5a90431b8a44265487,639703514
49cc8164d94a2afe8b750af4,578183171
e9b054016b281140d2566d88,1390445493
32161228e9c502d2c21beaa3,531534570
9017accdd4fe3229fc45280b,531668543
17fed4a312a9b773f64861d3,611465821
8632f5681d04d9c934675409,941527571
8356123e4d10a479a12e98bb,637788199
70463649ffbda5fdf3c10ec8,972719935
1414ec3cdd3f6ab772fc7584,730266768
937708417ef2642b7d05abad,988142082
afbe90d764c1821cdb26e38a,584349791
14331a3db021936067b15890,717355313
793efc460dd25b67c644e92f,635478593
0a9e4dd0eec86037a36fe769,695398423
e5168779de76d99010e37c7c,762079829
016dd08801ad1a1e7f6e695b,1004285239
ce509ce153f452ff8a997538,819570718
66d8ce8e6aad18a4963275fc,759969140
8398e3b96d1311c7264f6603,993989047
e9081115ab418ef1031326c3,522009083
5c8240a1ebf6138f81dac715,816345861
18cb1adb2078fef29a613a96,746729644
4167fdc804227ed43224a32c,990301577
b5d0ae257748ea92c47d8fc2,570946190
1d17f0ff708e6f0b93a990ec,1021863044
764f506bb2aa1ac4de918a71,874345822
7a861f1e3af4dbbf55b2c301,496661394
1562a23a312478d7a05a33dd,802798139
0a040fd24e23a77f0c58495c,744152242
7f0f5931fe148f6187ebf512,783502417
9fcdcb2be94744d00e734a3a,1147586811
f181f74e96a93820a23bc0a0,690086154
5193b43c32a2bfb3aac6b2af,1297845504
6cc7718e834ba47a429d6874,781409591
b8d06f4ce0d6e71ba0fddc26,518891066
30a30e4ab286fd822c68ab5a,737784345
f99bdff027d28ceca0caacd1,982851901
f46f5e911c6c595efb5b7ab5,939623990
a7f0c831d82505044f370b1a,519624542
17069e9f4ba45c93738b109a,527106990
dd5c910c2a3d63b8fa92096f,616372578
a33329c9ed11ee8b87aad6b4,490914926
925b457b5df270a68b84753b,464911304
d206aafc71e8aec2afc3f8ee,531643184
f8232717e74332384075dde8,476613744
f60d9f0751a14efe41be383b,549646026
13adc7946bd4e6e3e4416e52,495965438
230cdc90e6c825d391d5025d,596786651
e98cb170e4383546988c6829,616372578
5bc46671989de2534553ae49,788338007
3b98c8e46cf8477a1968244f,706195084
f9f5fa4ad495197a5c9b492c,464728655
0bd42f8ee9d36dae4cf35886,492686850
567ca46ac91cc53e3b479547,483360046
f0ebddf2bd5aac661e4945ce,834219705
eee841bc785b1824b6419a73,673469677
004776514ad269b380581066,623871589
bd3edc7854cffd6b6debfb98,681982860
0b42bbe66e438fa81a2ff77a,626632600
a33bfa6cf99e26bd9c49f8d8,716377993
8b45db8a4f2c0f772c8d44cf,592647114
262b5b0bb408d7cf53073832,705430533
5844c83fecdf7e09b188c2f0,712109007
9cc3c05f0e81b8f6454b80ea,646791866
07c46b493733d74c4f384b79,673427139
932ce2fe93b8e1ec0e7bbc8f,643158641
559fabe06aaee537322d0af8,670741684
f4da2c8dd901cca9cdd51025,711650984
84eb4861db0816bc8722f379,716567208
d0dc69570223bce949a4c17e,622450912
abc2ff9d0e7848169fca170f,507605019
3e3880088f0df7c447e27840,570478238
3580dcbd0a6d7d6d3546dad6,687890548
f123231ff18912a3dfd7cae7,564108257
78a7eac41dd672cd1863e3b4,845930702
97def72de478566ad58020a3,850577369
e3e2e3080cc309d34014e8fd,569086927
71be583d473084bc0608d066,653636022
ac6a4c672dfbe20f5bafbd89,715057090
f4fc081a112f5ee1b3a09e70,781671472
d8add8f5e0aa562a63c894d7,685517801
88ab887e18e38d0b8315286e,785446678
07c8af84608e6c9206ad6961,716774009
2b352d996677e67156391e25,869656108
ced624c6debaa01c732e9f60,749815407
ef92f63b46f27ccd2151a21c,563746347
f4022026c279a9b77a894ee2,716695259
e2e2218086e6ef5377c01b68,883612618
4af83eb7718f5823ae69fe47,686586441
ee98e745afca6de4550fe570,716413023
bd1fda425d792fb0de7b4499,544293792
86b2d3ad1dacb372734f810e,570478238
98abd5139cc3ea136faf7c8c,730656393
4582ec985de48290c5f1f5e1,602464377
312a6b2a57dc6947f95213a5,602241078
86a47522586da2884181f128,578547909
b41edc115f6b439caf392941,629171475
fac682b61b813044a3e3ad01,778012661
63f4e57fb2cc22659e80d6fc,603428471
4310c7a552b20afd46f930d9,676805496
4f18341de355d2cf57a03983,602907249
a418dbb6d04e505c133c6c1c,730676483
afce1d7c5576dc49c80bdabf,653756100
5ec12159380f4d1a85e8b0ef,704161901
78d10967c36cbf346bd58f63,595382076
f995364cc33c431b3c93db45,675340978
99b31d0b5d5ab75a2653b1a1,576629022
42d42ad031a2c62be9b5cdca,714976897
73d09646de4e0ab46feaceba,592738405
bef4759bfc25c7d44a8112af,712109007
c038742e427830aef3ac1c17,565870732
e96a7f5424558193663ef6f4,687999307
1af243eb63d893b1251f44dd,563746347
a083fd17c5e7c9d33540b922,734255177
549024cda1c093c9f8bc2ea3,659096114
164cf5fb9a759f2e4be67b6e,916213547
65ff6cef76efb4c83ac0611e,599918868
784b1db005d39c2f57666efb,903820054
a2f06081983f748fcd74652d,614431116
66e4f010db2febff23b4a4f5,730404834
9702cf3039b86f97c003e20c,893304396
48de5d43e88caea594ccd27c,846169505
6732c28a236aa1ccc0cb2c86,874572795
8a1d1f70adbdeb233ed3ec3a,768120075
c775d4f60fea55d5511da4d4,748615077
1f4109e1a4b47a9b11c2c019,703246908
31ef69bed8e54b5e1fb245aa,859572508
882907ccf178b23a02ce262e,662008642
2868ac4225657a13f6149e6e,661783018
cf6f0a3cc030024f4e9ad06d,761707854
0a1cdd0d5c3c8b973ab1a98c,1012502996
0d099b1e1a314dfd9aee5293,652865761
898d1eb301c92ab6603e0b81,915456574
9fdf7d85fc65849cda3afda7,861692570
f5ee97750fd4e04eafa9d1d7,552040966
ef9cf29f71434be184a4ebd9,903386920
e4559824c3390efd6282960a,648103620
f8dc73052c66ab334cb7be14,736643548
2e992370de3eed4ec1271589,686560926
e2bbe9221780d01a265e2ef4,740046827
b65a2a140ad5fc6e3e26b6e3,743917788
3dea0748459a295fcbd2f0b6,731170105
7a1cb1f751cd36bdb6412ba2,666122619
1381c0399ebbf19db3a11820,743917788
479b2c9c12602551bbd0212a,678523516
d463fae95232d30e0f78f93f,743917788
d0df2748d371d98d76408d66,807548829
9551dc6098b721dd495e5c57,980441057
fa736ec3f2f066cba4328908,642961383
37fc4ce5dfff7faba6bebf8c,787078054
f336d60e41c8bfee91d58728,1014442427
65e1a61d984712e76829c821,920443397
65eaf65f8dccb8e49a93b753,691061251
36eb8139a5ca1b8459eb52c1,885094543
c357cc3d2f4b45ca3e1250d2,870396019
4b75f2b374e8674e8b55eceb,1094877142
9c20784acde0823e9479be2f,873391692
0f2aa0d9fdcfe894caa8fddc,891449335
23374ef76774d4f95f022473,1059710423
4224e69acf9fb071d4cab498,1129810907
a41d05f2ae3e022c16088bd0,1059718771
9b30c679d7da9169580773a1,978150490
2795cdb2f4d568a782dcfc3f,940138039
5399af7ea98c97b5906efe1d,838818068
5e93ed2a9b36625c4450b5bd,1001119263
d04d42ff91707e3957b4a29c,956306019
f32ea78bc5ea15d700d3c118,807071148
8ce2d6e505ad1da079f34a8d,1036138351
014799b9ef7d5244fb6640ff,1162124994
f50a72cfa82f3742189b7fc0,954494547
8876b38f90f5571639b7d879,833285943
239a2dd25f604c730136c720,1128095616
db297b6ab332cbbba338e7a0,867783600
5aaed76349fc95f6c12ced7b,1218870299
10c94f25ce3f7532bf4f3152,861647046
d0ac1f63c75987c92038bd30,998225140
db5ea791b33be91840a6d045,806469556
8627562772d9d63bac507fcd,894730480
b1ecdceb6ac00b6b047c241b,1794273730
f499c1513abf0b05aa1f460e,1143177295
0d8b0ca08838d1dac052d51c,1269863713
c54a573c9aef013dfa2abeff,1123798910
f02865ea64b156bf4cf4cfa4,1190041114
087b564ba475edbea431d4e4,1425720484
2d3236cf646f19a25932676a,1123798910
68b547621c25c7418cfdf5dc,791809958
097a1a08a389439cc2c760f8,477099086
e9c905ff64c7e2f8c21b0a9c,465230111
464039bbcabc650d659f6683,782547387
93c24fa31fa780d28ecbc318,716273189
a73206cd21136b209f25c7cc,523662236
852a11f12646f0a1121824c2,556141117
61953f4c9bac7cac5ddda5d9,748612640
5a5377f2d087b7bb183783bb,691835802
0a85c354c48921e0ca202d15,994814570
12f9d50fad58e4e40a187d98,864609447
45ac018012e7dd91d41a5876,627058238
28f905e91295a47d106a3214,778548721
395e3718423aeac3d40494a7,554094481
1fd7e9b1e717578f751c21c7,730914775
e8bdc4a088a6b99a538a6f0a,649664605
45b894a8b028be29ed137f1e,1102369946
f5c866d489889ab2f124799c,1070929890
3d0de71d822da8a999bb6222,839609024
ecd0b4bfd66fe04c278dd4ae,555264978
9a61bfe6ba2b8364a92e5a97,883926399
e8b8d0c4cb87efc13344bcd2,1005107193
1f39ea319382fb0e41ead713,965787904
d61700c4ecc128290bc42d3f,486158449
d87cbdc4896e0e0160999520,559865377
d1281c9f037ea5c4fa683b84,697342681
310e768d2e8836432f8b3e97,702604528
c5498cdddd7856e99d21f52b,589960998
d3169d4a467cb7eac41849ff,642912383
2eeb4b0d7afa57b63778b69f,851365408
7b3621124731bcd2e543562c,745970669
5703b4ab6e77d88f751bc6e7,891962871
2c567face144ca714454abf2,918486497
7169b5a3b9a796162de685cf,860903599
fd19e1b2e61f5efde879f6dd,681918823
55f0e95dc857256aec65ec1a,885464849
ab03c034e2a420f395ca094a,646217538
ee3c0c7fe3fe73ad0449870c,1250976684
e59afca092e0ddaf60c9419c,689722603
99e48a46a1a599471d3260e0,560642636
419398139a3aa2ca2be3f941,606048978
54c33befb89cc873771c3be6,933870533
cb29bd3ae3d5da88c99d3db5,777360534
24258361a4ba8f772a83ba7c,845132618
539c12d2fe8cbf950b75a0fd,477929804
7b81996f3abd287b50adf8da,1641524421
0d9e73c14529fa3f1ec8a56f,678477476
dd178fd542fc716e32b4136a,629646847
9aad22f3d25e46538e1558fb,688817812
93df4118ec3536b312822d90,848778680
7c6319c04025c4ed6aa3f051,678477476
98e04fd660ca1276d1510a72,590795157
4a8eaccbde5a4a6747818d29,785615389
9f6ae3eaafbdfd8d5c0e64c8,1131667035
5929c81cfde8ae068a8b822c,1073285414
b94ea2b8b847a47140d04008,1054051968
ac1b644a8d2ec042ca91f89c,966083569
8df9256029f526ca313202b7,872025160
e029511780468f4cfbd10d3e,588489685
0878fd8b66aeb22f6af2d7af,536213074
76258b7b7e8778cd60d3435a,691033566
d64a2ad3297e2fad8ce66197,610736470
8af6bb75c85a2789156b3696,588577959
40db880aba8951909e6e4ef6,653130657
c9e20cadac540faa59d9aa3f,446449374
7d5459e48101349c75d43aec,712127865
fb0664d59b6333ae1861f343,644508973
bc6b57600fa9edfe13fb3118,667523611
d309cdb5688ff7bdbb682d17,705440672
d17ba799e68d7775f2104b3a,756940366
2baa6afba131b74487c94d74,510314763
0b7c8732558fc04f4fc51ec1,1010251492
0d8cda2859d9903f6202af54,507575394
0f2913c5aa681a2bd45a5484,666680482
de6010c57fe78d975be38c2b,909955269
54b474bc7cb126bfe8e6c144,895840129
b1dea7d384760535b770311a,738745072
9e90e02c8ed3ad137e4c3abc,600760674
b59711a5971a3b482db4d9f7,837011231
2c37a1280b18e095b43e19f5,754448797
fcd7c10d81aff25d9233214d,774231764
c3b8bbc492a7d7bdd63da22f,904798580
42aaf6521fdf1dc9bc50f88e,579931097
3c268e9119b8027f78f91954,697634605
c8d5a0e9614dcf96a500206f,717879027
6c778557da9b5d99f90b1238,736251131
4514844d15690b7331fdb6cb,614209198
d8e981acf77bb46a9dbd3109,639571071
b940ba03ea60d4cdc5d2d429,1083383053
4fab4e66ead1948498d2a4dd,470118387
a5620899d410af623a3ff4a9,1219676998
f45e3be8500d7bd91cc8855a,542067897
4b82eef445edeae7a55fd019,641206586
29881785ae39aec014c4982c,806911135
0d9f91cbcc9339146bf75bba,688740424
b839e76df5d73e7d53691707,789099994
7ac96f16bdc50ee7619f3548,920619650
a102a0a268840439c2c8f4c6,813760553
e1132006785632e4ec5deb02,645655782
a041ed3fc0b60fc4ce3cf847,799582002
84b758716f47bb0f4e4a2bed,688046579
84394774ab45e0c8b733bed2,614683339
2c1c91f2bb4d9dae38a44360,568496642
8ba9304ea7b8d2b071bb0699,779636813
9a76cc7c650230c670e703e7,845407705
9b0833992397c6e50b54715f,889836680
6f192e6a537c1509521e1e8a,1015733343
d1668e2d35a939ed126a3f8e,1014826244
a17807447696896bb61ef8ab,926444665
d043d368d2584ae95ad3672c,836132378
7f2e3f2eb5abf86b56897250,735844557
fdb1cffa6b7346fde667d72c,537663896
58a3a9f44bc7846ae26413e5,727982877
af230af0c73a5f2b72787c1b,907959622
3cd5562115870363ed5d7558,780466500
cb9d8fe7c18dba6827836403,615817217
742fd57dd463c1b5cb79f63e,672572378
0d30768d188b6bb53d599ea1,919492838
c455b8a15dbfff94c2909f37,549161700
8541eec88f0dd8229b4fb041,612262626
54aad3aa4a166d2d50df48cb,1145843353
eb9a59d4e85a3f124e866f47,814022588
d65946f9c27e417e6bc60057,542682850
dfbb0ed74ed85bd186f40ccc,532591034
84b05da6a859ff5384f37ee7,625709109
e2da7c1bb33be76b86b9a07a,670313106
456243bb3fab3e74df21b5a0,671579231
a947c2ea296f1da3d10b0a06,579037572
3929df6d73b3ba01bc018476,608802266
ce44699aeddaeb77f23c9b9c,1356345655
3cd3537b5f9475657060cae8,1458864919
4520ceed2e5fe3458850a805,911462049
00dea98fbfbfeae74c513bb6,934834349
16da41b1128c039ff8f83919,679499668
111d509185303ed970d710c7,1273931658
83ad1ce7ef6d70842ec986f2,686650346
74f8ffe35e8d3bc9be725d7a,584900823
f5e7ab7c2edf566fa22501b9,939513927
2e1f3fb2323fa16150f8bc88,582809737
f8bf37a8f81a310e299385a5,600627973
7b71229680a50bc26677a427,647280683
1f7daef9ba898c4d8ac1c81b,628195453
415b68c7a5cfb073676c443b,609217445
856559e93205dd1561d8ada3,723100725
6d534e4baa1740d7839664eb,655836277
9ea78159ad117bd9c0b04291,689224611
38faca2d6e338d328428f986,614031040
fcc6c3c10bb52776accaf06f,912114780
9120f0e5a6f505a2553bfd58,1111637013
583a8d8c5d7fa63125f62155,711835909
3d04304c8644c81114c36f98,695057482
21fcb5c7e497f0580b820379,1105046054
6542b39cc8d2d13dc828772d,960354548
091f6342ad934f4e7f84045d,1560626242
fe8305e287f6a8e7899c9459,859489833
d4492ffc4aaa4ca9c4dd2357,876614496
319b9accf9980ef2ef81099b,1008733950
fa84c07cc90e2a2058b57c9e,675013674
c4749eb8f59cca469236df01,654576161
b8a5928cf1f7e704e9933bed,864354946
c2ffdd10fe424afa1b09f31d,894041920
f221dd5d745def063eeb7258,854120922
319ba1ec06c9b6ca6990f4c1,1118030738
29e7796eabea247af4e8a0f7,735454162
ddbca69ad74877086c4110e6,1010973013
c858f0f3f5594e7bb0f3b6a4,1327839900
88ae3f4a8ef76675c66e925f,1174875305
27e0810a702796d97878c34c,921388487
7450139ad1b39b2a380472fa,1233907770
35ae7661d8191507cf9e7cdf,929604228
93b8ea95ca1c1ff3881d91d2,565688493
8e4709859d50a75dd08b03e5,724180858
7026113e0cd7b2d17f8a3459,709663015
9af956dd8d83bc715592b97a,467334279
df10ecb67d79e645f77a90a6,1093072479
14feeb619f409386e6eaeda5,555548830
1a6b9a6d92ec5e905ac97cce,947871172
057585ba19d6144408d4e2da,665223837
72699647b590d11ed9b2f2e8,614124983
cbc99d6202cd3a31e1c14a16,764857692
ce1d63bc4411a615b816a76c,811497015
04f0fd25e2456759753bd2bc,717923032
8c0154eb5be437746213aec8,924868697
e23017438478050a655f6d67,595193455
8f0b6d6dd914911c7e90d302,803095498
4b38595746dcb78fbb459781,605031440
95aebb36dc0b4ea86db49492,954704461
f900f7a9c5e2ea51689e8992,989870557
3fa0d9e247f28968a5bf8476,566803990
1240f50cf2d8ef1d8713e671,471884263
14a55e5887af840860b41ddf,601574197
3ffefb3f453c54585fa6ef22,736438711
c3b357d17afd631df02dc39a,1020797113
a15aced0fffc97e219f99545,623243553
cf707785919dbb92cfc7b5f6,854903834
70ebbf6a402f0f707b893979,529614181
aefb3cb6ad2de9ffa90b9534,498538516
b2809471a0164e3d41b8fa60,1179077788
6d11001f164d81734a82ec1d,598427812
ad71acd782a4fce4d9af04be,683562787
ca86f53a857c23b15eef428a,881967086
580452a616b4f5170eb628d0,981785251
7dc609a3c7a3ab1f9a3146e6,730312868
e8fc9a1fd4b39f946b914398,442112200
0d3bc6532812ea618d154bdc,956781600
1ee436f045a0662037f9d2cf,855112813
8697b1d337145af0ef8e4619,854059305
9a08127164a0bb61cefb3680,643308535
e08e1f260e5c3231c49e5a96,526488341
b96502e30fecdfae7796f1d6,560065791
a0b178016cd26a1d2072e7fc,504357832
5e3d7da3cfe55ad1fe609579,856610104
30f77637dd52e728efaddd6d,926600466
2202c5c9a16b771d1e242c18,1001234948
3dc8277f29d0a2406fa25ce1,787623041
a0f86ac00934b57d85b44dde,724722562
9168a08b1fac4c5448626ff0,647055614
cec8daf847f52cb2845a9f58,806790410
ab7559b75b340275587e50b7,1078722967
a392f7f9ace844d712ab2b4a,697406194
dd21c6799a32ce6ef27f5281,701832124
275ec6bd936600c7eceac599,902967834
978195f1745ab7e3d69e1f50,1093149272
0e3f82238c54e85ca4229977,938509773
bc168cfefe964762cdf8755b,697381866
d22d5776b6305308c9e774d7,714444879
94d3fe901550dd4ba77ffbaf,873697305
63717ed97f95e32b2ca321f3,664480319
a7df0496d6ce217fadfad10d,715202248
51a696388218fc2e412f8806,769754590
a918c218ff761315988c6335,819528962
d3609eabe59175fcb4441ac2,938199828
8af2e264b801b3e155e52be8,1076653096
76e4ebad138d50c690f0aec1,512259654
9a9553eb431458a3e30fc672,891660782
117f37774a78d65f9e68f906,756449339
0c8b133effcdbcd49d52add5,738500801
5e8b2528c1c0a5c12a476919,760191212
38d6842c2807d54f386bdb5c,681047143
55f747145222c070fdd50175,852140820
ca7d715827b39c417e5b75ad,721359889
b219848e66fb065d4d2441bc,863527726
a04d3f4eb8810a346fd29ab5,1034401653
0b06da0ceff947975cf8951e,805917731
3f35c44229ba13940d8a705d,1034818255
8bdebb8914fbcaad625b1764,591726342
f4635193372f669612744011,915346614
611a369172eb6e3e2e4bdbfb,1141225903
6689af92cae5d7c9c3e2f215,1138804078
e382002b0685aabb01891743,650864698
edbb6dd10f8c9e7596368225,775601236
89b0592a715c9e135967f947,883608661
a67c6f6400a176e0a07d6772,909619191
5c6e6dae74e39d33621c7119,1125281485
0e1c100d8e57de8296363d6f,586799550
e2e639b53456889ab5350ba0,650979093
93acd9176ff299221e0d2152,826874249
cb482d76b3b4904c595f2dc1,569587291
a0e15809e0a284fde27b16ee,887087191
9a958690c3947f5a8f05cc80,989562863
889bd77c8271961a6e4925ea,579761205
dc082fe46a714afd43b9dc19,785477812
99f8eedcdc31cc0ff6fda7a6,545624987
dfa744f733abef97d82dbb32,1046031396
d50b80d68eb3b928e4bb4317,605589023
a58acad50184e66794d8d704,942219850
52871480f7bdf5ac3d785630,726693722
8b083d7ac086f52fd2942a82,795482997
301ce25214ddb4b5144373ef,1099152352
6d76a22793aa9b571da64572,908111094
d7c48db0385bdbf7ecb7088f,1320985819
874e2c6f3e9f90db80d243d0,571030572
249667af8d0835c9830e2b37,487473963
75d3c9e0da9a24f4849f2078,447461062
9e45b127ea0303f973bac9d1,544714756
daa0be53e7a1d7ff76f32955,681956106
bf7463534babd284da6ca671,560956800
0283890ab76b10547b27e634,737015046
5fd213a5236154ae5206c372,1309896389
317e95fad7d399673719537e,618475814
fb14ddcaa459b49a3b30eb3a,819654762
4cb5e4aa83c476a5b71d77ce,689756415
f54d358d26af89636906f686,981296759
f002603a6990ec405d82cc47,933870533
e3b7dc4e8990f3cd436bf738,725000916
97c799300453ab511bd06361,677187332
3c1ee7e502c6bfb20873b47c,774807278
cf7741583fc5315ba70b70f1,672979458
36a0a1f0432c954604825b6e,689977850
9836bf9b64f27104c7863b79,769749750
68a3f9ac977f56cd39a6a1b9,804075830
b676ed2d0af6807cc2b28ac8,827087934
430112bf4fa9324f0149a879,541625720
fa00e05d83ee890a38c3a686,820443405
7d503f126b5863fa0626d4bb,829413279
ec03a01c961659f2cfd9c973,854120089
6a112af84d5a81f3d16dfc32,929646624
4c5d3dd8802acb9ee22ab912,628680895
d029158b36963961fdcc3974,692659977
c2071e85fbffa3d2c2168319,676250372
60a04215bee81d26f20cf0c3,695500888
6d4a961e099de1939adc6496,717794468
2383b8bc2cd3d307caba34ba,483208886
d9357452fcd193b6c5284bc8,1026698988
863f8f2aeda01a9fea1cb3e0,796174084
d1a6132098a4bd640321c7d3,527977997
6edd2530070918074c8e7d07,650029862
1cfe7df5431f3dc6a9289551,791047042
c617d1f15d294f0b0aea8ed8,613242458
bbdd78a7ed332e679c8e526b,382975230
45969f25857aa7263927b400,638999420
cdacddfdb6ce41a3eb752496,656629208
3f87d08afecc4aba03587848,879068917
f21d2c0802e3858d493c1984,696542944
660f3f9ed9a72d8875a9efcd,772848803
04e29dbe2175919265c82463,749421116
e4082fa99f92fc7a89092fff,581403579
05402dd344c77623fa053ffa,675274573
c5f7f0323f554a7419f78359,735120054
501193fb57014ffbd7bf218f,639987247
0922cc27581d9058e55a2239,548701502
4dcaaac494053749f30875fa,697484710
506763d35b04358fb0e967ff,580509644
8c40078231bf7af2f3a06457,541261540
53e14e867f8b02c6043ae02a,588749329
2364014bfd851a68a824d1da,720482307
f788ac4a8b2a6dc11c458c90,811009815
093c849ad2bea8292c4d15f9,794331685
71a8b68f38fccf71a229df76,754286721
ebacfa0a8e569ab603cccd11,494079277
c963faee3ac527dfab08f61c,644229651
ce3deac5963eeb96826c14f1,592176297
5607cef08511dbbf3288a5bd,631041874
8a9e6d0839f9fabad2fc3214,576861107
ff03a8cc833d067d439b9903,753276436
d3e119e8fa4d96abaa8c43c2,691105197
25b893f6073bd66258a9cf03,823996110
0d70ceba3aea278cb4a2082a,719841546
07f9017eb4b8c169eb9de536,987733520
7cad62cfb4fc3ad9acb09f1f,564427768
41d174db6f695472063ceef3,683547423
4ecf579a5d5e70d3b4314ef7,748888504
41df29e27c0bbb52aa8ffe49,610689108
cd77cb445eb0f72df89b9fb7,656093370
65766c8572b629744f00b45c,694404440
946eb4523f76bb23d0348309,707087871
453202a234f5b370ae9e586f,683304254
4e1b5798dcbed1842f260b17,683335988
f1cb3c0b97ae1c6819fb86e0,1568102719
24a89527a6744456750baf54,545100597
a281d59b685eda4978e0c84c,707933139
6cc9d912370da36c38ac2cbc,779111098
10563c278e7ce8eb2066d398,808508771
a1b0b8d18cd78b7cd555dd55,801243476
3cf9282136fad24af0f7ebb1,592840100
077659c14c3cebbe192f8247,829026657
c372834e8e7a4279f861aa4c,625955706
29daf0d5008fa9e3f0f30132,494728673
08e1ad8d1f0be0287a395ef6,571941440
19c07fc2b01a0edec4784e64,798103394
c2b5216a8050ea0fe4008f59,1016199501
29cc054742b256e6fbc6da1c,779989413
755a3e09dba04bb6ba6c9851,613062252
c98157c582392cb895071f28,613860886
84f47e531a916b7f7dc1f1b3,644115529
231688922448e4d64622120e,610579205
9c7c68df14c238ce0b497dd2,943098631
d5e29042106130114cf3694c,544076910
08d4fa42a34c74c94db5080b,903712027
e89fbcbd4d3414e30c30fc29,578785385
22af7bb676cb4c9ffe014506,536200250
b20d6ca58e91ae70b6e0a1a5,906709922
5c372bd1e01f3243256e27ca,536200250
1242d7e61857ba8ad285b6f4,875493320
196ac46f656726bcb8087ba9,632946237
ae513b65e06b69e1ff2ad8ec,421290577
bb26b45df6a70b6414958912,421290577
9425283b41165156aacfd43b,491976757
689b510fa99bda54284cfe7e,726205988
c57d333e383039db0fcd2620,831435636
86e98ed0bd2565b661b81ef4,702085261
0e694269bbff1e45395190d6,1088924077
6511180e3128e083bbbb6940,816533000
59b271bf9e2d29ed35352f5e,421290577
a4c324b1353d2f7ea3ae9727,421290577
193ff8d291a9f163a4f3301b,585861488
8ee4a7cef562d388b8444c29,421290577
53bdf5c3cd800459acca551c,635908829
35ef99962cd5984ca87bd326,521971344
dc33d5ffcd2aa2b7d56d2ad3,632399244
05c47739fa4c4f00285a2c48,731525659
a51d415712d8d6c8add7009b,774186130
71493c81121558b8ba18c1c8,421290577
853a14b680761098d4bf6136,801183843
c9d5c08973c493f3acdef892,561783195
7dcbeb0aef2e2cac0d73315a,512311855
ae5a4da0000f79f12142e2a7,736825508
1f6050fd5261a2d21d5a178e,424737418
e3f39c6e4a41fbdc4bc30e0f,880359590
9d157878dbb41c14b52a956f,656391039
e1fdbdecc84b991f582a2e00,574062043
3a26efe201689493724ba464,560122864
6670cde3fbc11c263c6c3163,629776384
780ae52ac9eae675f6fdb312,644059637
24f22d76b86498d5c3563288,710698356
fda25a0b6b9f62f92e3ea6b8,702037193
678ba0c80536dd27e385b31f,531316123
ba0d0663943a118228fd12bf,527707125
81ba4b47e9222c15c4102992,552765965
d9ec26c1c3e1811e38f070b2,510520829
aa850af0c6203104e6ed02fa,607852732
c697ec00214cad882d5e9812,923033475
4b193d78ea6e3740bf37b36a,695114758
08c61259a756e617d976e8b8,634682804
c1c1dc8df6996a94ef3c7d33,516294282
3fdfa23ac43d1df0503ccf1e,795970155
bd4526ea5b404df442892788,591899558
1062419f9cf94418ba88b6b8,571132263
1102f91444b8e1abb636f1bc,795047456
b96b4bf38bdbd61d4dd0bde5,681116543
45ee2db87e9ca0a1a9faf050,808033227
556cb23459a9007127b3ad46,981510048
a613b18945052b4576595c4c,1132485194
fce385656705a8f4389cbb6a,852227656
bdac560af3e155db33d13d57,831268657
fedc2418db2353b7c97a260d,1052557519
4565bcc95c54bf0c8d376eb0,866940180
5fc559104e0ba1112ce00f5d,986895610
74fdeb4c56b29662f13aa8ca,723673282
fbaf74ce4c2c6e88950d3fdb,1100655723
5de0f045039122af0052c544,1020745106
e18337bbdfb106a3f1739960,684341093
e1b9ae3e0ce3da16f18e1079,941410446
a57435d71ccc5f032baee302,800240998
fc5e8e45dd0a338ab5835428,641655405
918bec54bd7587daafff66e9,658749920
86137b9624049333f7e0315a,719470059
0fca6767d8f442da1f8bc6d2,640764517
3ea5478270517f299b20bd06,639214282
dfff73eccd591bb26453eec5,573585515
e2dad5c148ecc797018439b3,674495878
b5a62d480bc544f891fd8521,704846769
cb09a84a1d7b929607d01ee5,805095195
af067a8546e1177eefe24916,666646879
d6f9abcb58befa3d05373a72,942988744
ec2f16aabd36fd9ee2203276,982197231
dcafab7adc7b763bb934496b,1046102493
ede43dcb1715b959ba34a37d,693286011
40dd67aeb6e9979211c9345d,751488215
31f630c44db4be5360a57640,955070156
ee8651631861c1b94283a953,968896626
b7d245742eef110adc91b5fa,997325783
ffc49242bb0edf3e22076501,1050405223
5c5963c17bafef1a1bfd5e03,988192428
6c589b7e6a3cfad34e98bd87,1258650980
71ab3644da08b8cb0a0b34b3,763310038
aa668782ae5d0c16e57193fe,679623801
46673c69814a0b3f25818dee,1093528697
b2a417a8d2440f9124fd2ee8,935314366
3e0ccd899ad73579898fe73c,941314185
e6f2c7d7317fd433e26878e4,1251968995
2d91b3a8c62b890fd246183c,1036980317
fa653848d69ce620a41a73ac,1010639736
3b6c94e3e3684eac73b3e7f6,1084548459
a6a07d35b3834bc6f81beb6d,1088626741
a39617b7adfeb6ae7d5ee5f0,923037136
95e5e774dac6f0159e8afc0d,639317552
995362e3fea8e54538ac135c,676621372
42525c57e13abbfafe9bb395,895025345
1ae6fd60628e7d186a5e0174,643261944
082293a465231208059c5d53,720728155
732615f6d1526ec9bd519eda,528411839
99e9c4f8fd7fb7929da10a20,630146927
1a75e436fc23e7f48e639b9c,500898552
54cdeb67ca9ea56205e4e533,879358741
c412ab869616d6576cbb8309,799049046
b17840ce59c9d9619b46534d,767479479
a14f071d8e5c338d9ebed23c,593624020
84d8504f0e860b0760c3592d,785568126
a3d03a25f84f4d50d2a308b0,700927275
bcdcce01d86d648c4502d42f,571912301
33379968a83c8a90c23e77dc,491951692
ecc36a3a4610829ee3f88993,421269113
f4eca80958b7a22922b0efa1,421269113
3b4ce006ef95420847da20b9,421269113
4fb644a95cc04f7bc6cda786,421269113
f8fad48343ee5134dbae918f,421269113
6e8e08e09da8dc598b8a8b2b,421269113
56ff1f7e81fda0c8491c354d,421269113
444f102b4d54503044154ff5,421269113
e0eae2174807cc7ada38c726,541598126
afde90f91b01b0282bb94335,483184268
1d35c364daa0f021ef263c60,382955718
8c47395a28f8177923d7b75b,544678345
98c98982020ba42198aeb45d,576831717
ff424474d2d10a2c2a1c1892,656595754
971a322e9087b67650689ea0,696507457
45a7517c4d29f5bc7787dedf,695465454
74a51274abc8358d628ecfe4,628648865
11dc32d92ac579720303c019,810352535
4c25d939eb3ec218403dc4ce,820401606
55597a7b8637f24198415ed8,702049491
eb7173223a27076d16b87f33,639954641
709d17b62bc95253601f243c,692624688
fdcf0e439ae8b2ff5730680d,675240169
2524e62e917e8a1aec5c9c26,610657995
ba601c13d20602c988d57246,578755898
397a7d1cfb809e34797f2bb4,810968496
b54d3ce25f3f03cf3fa0127f,588719334
d51bcf03d649839ca803c357,616027932
e9fac47a0f02f27abc96d568,732089642
a52bd93aa6b0d965914f1101,649996745
16601a92574531c1fd57a359,632367024
0e64230b70f4a227b444115e,749382935
ba2118c330e19baf4f3ecf94,689721273
055e29f236bb61603d4ce9eb,801202655
7c5c0f2d9a0e355069fe1c64,691069987
e781547cf6f8cb4ec0742b5c,592809896
8caab74ced535ec5e75acdfd,635876431
9d64345229b60ad1853d94ce,521944750
d128186867f91603af4fa481,753238059
f8fb6d1b0dafc28920393dab,753238059
33b92225cef255b0e4b4edf9,880132836
7eb78d4dea434674a230caa6,808467579
833bd3c8ef9d4da2f304a94a,719804872
331f0957d55d7f03df7fdc4b,875448716
cee124f4b9031f59c4fbef47,1073717993
8a9663cb622a55f2a1a8e3b4,943050583
25d4a0ec9301ba5d53deb780,613211214
38d4b1837c595b6d9a23e994,697449175
a21923caba05da05449d60f6,772809428
63cff4b5ebb2b6528ad34cd6,618444304
948c392520e1cb3a030ce86c,720445600
b2e7fd7bcd93309664cd225e,774146687
9d6be7123f2c6e610971374e,1026646680
3676e34e4824101f3fd9aa2c,580480068
f849ad486e84a82190675b89,726168989
2fb8b2990751692b8ef1ab6e,735082602
5155f70c7f8978e487e71479,638966864
4f076c220dad47bd9bf248a6,831393276
480041bbef3a540df2a36ea2,879119912
4ca66e564ed478d06c471357,676215918
454e4126257189bcce9b681b,1188868788
10ce9c7a0a58aad19778e5f2,929599261
dfe8e2542755d41d920e28b8,464455089
5115b0da9c95559dcee9e58d,940055667
8a0053376ffdc75d0bdde77a,1328955898
5688288ee38f1a69894ac77a,791419782
1fe514ada76363511cc79105,942259059
885a312d9a5bfa8a8db5279a,596263893
c716d4dfb5a3c2e1120bd84f,730153444
689aafdc12fd1610c2393a6c,769120301
c0c4ecc8d3aefc53c4c06a38,867581767
30091c32a5046d563597bbf4,497892648
2e58c9b6fbe9c57c83bc0aed,619319643
3f7c5d8304fc650bf97247ee,732140269
56334a9db3ccc24faf138edf,639697513
6d0680692396c07afc1a260c,726063226
9e07dd563b6ff4572f5d9031,1034123775
1278c9fd86258bcb435e7127,814186949
acf0f98cd8f8c8ce06f30ab9,883760005
5e3785bd517f4faa2bcf43d6,1060197438
cfc61dd41ee5f5dcb76bacfc,584457545
2f171883b97d9c02b90f93a9,452617774
46aa67b5e0abe39dae442d76,452617774
50cb49d65d04a5d166f96e3c,828483447
06c1673c4a7444e7aa80abb7,535174585
53881f29c7a6bef0ab537466,539348603
2b028932adc74c961170a4ce,750377058
f3a1bbe01d265470a2d7332a,646323690
b42d5b5b38686929eadd56d9,677348128
bafc63f23f097c24d36c76fd,733956622
f164514211012e3a1686b148,629604743
82b90288bffe8c1c0b5a1259,583612578
2fe64bad1bc8a43fedfe0700,696869173
da5b958667b31f4f9a1d84a9,850511803
b3bc9a04a3ebc1b911326735,1090790378
9ff3acb07666d53f00d1f1db,1445977564
13a44ce5066ce00846b59ae3,943503658
bb45c98dbab56e5abe20ac0d,1183421653
f88bade1cb7ee0fa643f31ad,792221868
e9ab6916a79b4d5182d33bf5,883871701
144162ecfcba71bf09048dae,813429032
19466034c2ce19c24a179fe6,797966553
3787f6da3e961c0e10d30e6d,1119895646
908330b0d2651093c0bb6719,707086441
66b7baef9c6c3c7ad24636e1,1069075356
69cb0f3d422c2c78373c2e0c,1396035026
1e866483995b30ec7f79d9e8,801101086
866f2a55f42cf30c4105631b,801101086
fede7e1a7a6f23338af6f40e,912734107
7447156f2967391975d335f0,797966553
08451af5a81fd6a63c4012cd,672228044
f63608198bfcc858abe1ab0a,902316563
e9a0dff7ae48bd3fa2ecfcfc,785354839
cc97f62e2fb9d3e31ef1c00f,1220487492
ed40f198ace8a4405cce7a1a,1052322126
bf17b59bf2ac2d06894bd786,1584328831
e118b149654cca1c0b3a58a2,1038948147
7f9bdd2157f6c3d488c77ddf,1482417395
9350225547486ad75c0b5ab3,1365585487
d1166776fca47427c77fa8e1,1433076743
f719b387fac4f688b57dc646,1299957449
6ce8991a39ec7b9883f85000,1340223532
353743db4334fee80ac08d0b,1328193327
372a3934e8179422b5cf5729,1223006545
81516aa72c98ded9223db098,1049766270
9e80db4c35139bbb18775644,1784131786
12ed2c22a923c840ef616a3c,1640385587
7bc57b136bcec053cbd073f3,1225833752
77a06084509952c6cfe8f501,628313621
73578b4214e2eca83b1e70ac,817843359
527e571030a7d8fbbf1a41c4,755983438
961baf163a07179bceba67a2,1044121967
76b41682fa6953a3b20d3f27,776853852
cceb25e83ecf22252aa92d2e,1135634561
210ff5d4404ee8578a5ecf9f,788044125
398274b1c46fd88151420c6e,503839152
5b328b80dd844db2e946302b,515322347
4195fdfe50e42e9981fa2f4f,827433617
2d4031f171f965d7dbce0ef6,782198583
fc1b713d5605b0030421d5a2,990539418
cf6092df1f22a7c4b8ff9d50,842490205
8dbdd7c8971a514eb7cb4d3f,952740553
c197faa8bdbd51c075a6d3bc,937247123
1985a2a5c3b2b0c7eca22afe,701701242
92a1a8b617b6d2c3669167a6,740559170
2a330fdcebb247d6a6fdea23,728389559
c3dd975d0aed59a65a784e47,682465516
608a2339d558a6cea9478756,868452605
c0ccf6d535d1316e37e1024e,816529624
229a7640d41a8b8d6d2f8f83,975876055
e3950ce025371da2b4ad9db6,820751381
a7e41393473834db30f2c1da,984769185
7dcd1597e11f83093cbfd7a5,877473631
71235a69058912dec1d355a0,1044624752
349602317da0e456d88fe24f,1069793961
ddccad3e5a4eaf791ce3a7c9,885445888
776d7d1326576f07762ab3c7,850392627
1b88c06bb3c1bc2bb39d1b86,734216760
1c5c4f4c731545aa3388c554,930458920
aaa67089a753d255215c15be,580648602
d6d5717a4b7e2edaef162b6a,700503730
0ba20e953e8e76add161cd6c,439321363
13c39860029403ea94b5439a,810831496
d5436eeef04e1a8e51a38912,602588188
21f00ad1214253dd5bb97817,1405185887
5a3119efc021fd0f102ab958,551546076
331c515e7f0dbb4460810999,604291763
9e360588b18cb15aec3b6609,724828589
a7cc7d2ceedf4d69664dc734,540779095
4e78cffaea2008f3919ba0ae,545053092
452e0518f7164287e47e6354,581139506
74286242739391c4eaecefbe,563723477
df06b65985649c7107b794a4,581174611
b6a21387674a509514fa5518,659064205
6752fcf8f1af18d61124e32c,727505801
a7e40088cf53acfc65f4b3f5,1016677834
61b9307a25be3119effbd0d2,550864310
3061729865dd2d68858600b1,601328876
ad38d5660b6f1eef23b76039,562756514
1d493f3954b15e84c41afc82,552454397
57744cb947a923584fc6bcc4,548397561
16f60cac352cc0d668d226d0,516487808
accf7bdeeff29ec7a209c509,464533687
a694b9ab05641a6325764e63,626900011
bdeddd3f84cb0ffdd1fc27bd,662660734
de9ab30042562789601833f6,597741814
1a95522f43288e32addff2ba,654504291
3cc722d5c764ac261611c2b0,632714372
aba85a8a7ea2def1fdd18587,657713845
b272c1025cf5c1e1df47042c,691923256
5c449356b8b2d7e0928cce59,721382172
a56d3b5bc13c9849cf676750,810872788
942c934c0d41ab822d60c795,565052786
b0fe09d086490092f1690fc2,718279907
7abc8a11d3d6c905de3f567e,645460800
16716773b2a43df0332622bb,671703138
98fdd3fc6c9447d0f05eb1c0,593965684
a59f39373ee368259b441de6,646913409
cb778195c5d61a7c4185424c,1231240098
c0277899d5f185cc78fc4a79,787281828
44effc9574c74ea4ad98ede4,739022716
e2d00e4fd93a02ea81895355,717757816
ab405cd390c0681c3c67836e,851032607
86db204f7ef6e0e0e6687246,813637399
97b791fd94b2339ba115a75a,682676052
3897d9b5fe3a0cfaed7c18a6,747259067
ce206b82f2de3793156baadd,764533783
2c924b9d45667f7168bae6ee,803894160
358eb586d9649d20dca9bfcd,861735321
71b1fe15c5bffb750c99f648,641391467
eca500b92ff96f10ccd45e54,745675881
7b63445c5e1ce95bd12c31ee,796711147
97d64459dfb368b1f6067ab2,741868583
1b09874d5a3e4c9e0d544198,811413256
54fb79bb019bfd10e5481ec9,1034869254
b3b63d292523ce0a925b871c,741083123
09759befd8899fc1e359935f,806108073
62e0110b1c8dda16cc7da89c,782325036
d98ba43504fb49a4f0bd9c05,765077885
48815b454dfb64fe60e2cde4,566332198
40a65310ce666e80a9611d4c,831618570
a8c5674b5d110d99a1e097af,902504116
ee9e7dcede0ffc20442b4407,703599799
9e858250fcb7320b65bed9c7,1107880100
bc76b078832a3a81b6d637f8,1216251025
b06d3ee14ccf3d46fe2431fb,597830145
87332a7e03cb851342667b98,888945688
faa37a79a1d72e4b8b0c80a6,888945688
0821109831351eb2501e362b,967829014
8d01d6561223272181235c69,782379329
a0f1c94cd34fcba92f59a59a,855526440
f6a5c88d1bca87c1e89d8084,1276661953
55118881731616058c929b1a,1273336978
bed1fbafde11c156b655e04f,1000386432
819d2a7c3330480b7217577d,874561259
e1967b56ab8ecd035bf39534,597830145
08d0615cff29645ee70e20e9,904797794
2e8af16a155fe18c8c6730a2,916374978
882e8e77fa1a71288f6b61cf,1171413808
7930bb0822caea5f6451bfa6,921749845
993a18ae04d78d374f854262,2056136912
e5527bb25c85988e00da339d,1272836116
07bd45129563bd2fd974deeb,603448673
83727953ecffc17bed632d94,477978506
2e2d3f42f4f8369733b3bcb9,553812134
3b23a71bf40e800a66bdeab2,598118846
894f346e0ad39c57fc0f369f,1001054929
d1fcd31555048d043cf084be,617284561
8d48f73816b248d1166a09db,689931290
32d5a20c542a8194a6aae965,730266768
53870de54350a8cd7c13f014,733675098
31cdb68dc6476128c4bb2f5c,851537130
4be6d93d8ae1375156444f05,967301093
33a7f6aebc3e2d480d287199,922334527
e1e188d3f9940f9dad98488c,958174147
76167f6ca3d2c404104b77fd,873241482
9297c340db8a74e10dbba148,1134116427
0e001ee8f27e1a2fffaa0225,902159028
ae3868ac8c44128b8a955829,597539392
bcbd20cfc50e2f032b174b56,657321333
253560c855216bd9eb102595,641978503
c9c769e7ccc99016f61269d0,583645919
7c07ba1982289ca3abcbece3,718396719
c5c024d11b3ebb2cd088bf6a,1032604182
f0a8fb06fcdf8997bcdcb03d,630860345
806f9ab2a016e774689ce2b9,486207990
4491bda913188aad3c66ef20,816366383
0c37c0d27631960f9e0fda1d,886295145
b50b45bda0905a116f238c1d,774788547
f0f8e755058d48542b9cc4e3,725901796
b3005057f48c1794b7974f4f,842392975
e1e5b0bd721a67318a3848ed,597494861
d96155b72c02bfa04f7ea98f,770808043
3825ce5030d951ef0fc2f7c5,630275361
99587dcb4237fe90acb15b5e,548777223
452ae373210337b8008ea2a3,1176450446
09ae7df5577582ce7e7b0aa7,959080431
b98967876009fab4290736f1,729668954
24a4a43ae4c687bda1066227,868559903
c509f2036a11b7132c633d2a,871093457
bda914dbacd42b2b7c6c5179,981514140
5a681060eeb2fc8f1b3261da,602533551
016bb199b12846ccb0b03191,652448876
ba94676bc0385678ce3780a3,813363672
b2183e5bca67574df7d5985b,524294348
baae43ea29f7e419bbecf998,450724427
ff1a7adf260e637bf316812f,645742860
8e56b5dbc4cf628ac12e5bef,916714096
c8941b8d7626f7b33628158f,880467656
d504ed869ece1b1d6e724452,537026410
1acb5576ccae1f0534f614df,779093930
ff228869121d053ca7bbe431,821766596
ee4dea05e93581750d613c59,694534022
5d507cdfb7c233cf96dc6a83,756293692
faae4324336f1211ce4c7809,750921835
9a8e471c8f4488c3799483ba,482871309
d040e15e50d655f4d19bff54,587387377
efc7e89ddf3de559154d8e0c,1077385663
e91598736dbb7319952f0dfc,773749885
4046ebeeb7ab85affcfe337c,1090156433
d12059af22bc7d6ff170430f,1069257584
99d39d72083d7485e8944a3e,613858267
b9ab2dcd8d1855e4bdd540c4,822279943
97106114a8d353ffebbd07b7,872306782
d5c950db90c92be5fe753189,1189502224
119833a13f3f7df22d2b270a,624226845
b2078743e33e1acc49c2d2ca,773927994
fb9371f86ca6f4e62ae374c3,545815721
6a39a747417143f0cd24f3bd,1034360453
7bc0c9e2760e4b1488522768,982662787
3898683e5d24bab9eea24d30,904028635
be0e466ca7d6942282c8626d,647239894
2d65980024ded46854c25260,1016043710
87aa28825a5b8ffbac5f2e2f,799223406
918b0d900ead8267aab4cdf7,568340956
0c85506b301862fb58b467cb,578192502
4bd031478b15017efd41b2bf,981258746
48bee96c1f65b8e283d67483,867635185
7618cb8d215425c931f47886,806425503
a7a219e7cd18f3c4b83649e0,518912360
9d3f5b59b9735da05588b3d5,622394342
6ac5f5f52cfeed2f0ac9d018,618763395
d885902c923752eab7b619e5,583279176
b183e2562cc4816244ce0e1e,728599199
88622b66e6c47cc62c3824c1,780556240
01230eede2a4a74ec4ee5105,855044729
060451a9e3e0416ff41d253d,688939238
3ca0e7723afebbf53e390297,826587241
e2ecbfaacf11ed16fd71abcd,619530774
1f0d83013ea5e4c3f4beb583,822135506
450c4eff7e37a271fc24ce3b,814549413
a70d331be751cdc3bd0aab29,484795911
41ac76d4fa450fe0c377a0e5,484795911
2ef8a530db816223dcf474a1,689595719
d09c1af87ddad4ad11b82626,590021116
35b1cd8020e7efbb9ba5adde,748964818
6714f846f2fa3527641ad96c,746046686
4cd5338bcf246ebf263baa35,672450671
0878a639ab8e6b6e69a3df41,868605896
f4c118396d781c140d8c9b08,642336190
27151512d4b592014137ac1f,771268132
8e5123f5ef1da66571ccb600,1024071737
c491a13a87fa1ef595b35826,941802762
52d6c4bcb442eebdab338116,860991327
e23d93ade25e73614d7bcd77,851452165
43059ceabe98412315566838,2037834905
93b7fc7c4f07a7f117e687a4,743034034
09caddf25db3ac8e1a98565b,893155959
e3034ebf243b024cbef83cc9,1101744003
63cc884a9c5c888de176461a,843635756
069fb1f8d0f06ac2fee87314,779357116
059aaea3859c4b9662ab4df8,504160066
148b157ece514d99be0a7f93,463961380
9c4f397c093dde7de5d485cb,763960830
e28d8dac5c1c75d295a9eb3f,504160066
a804849802cc0820d25f955b,504160066
fc43df7f26644fa464ecb090,600985226
608b26adceba64d9ebc5486d,504160066
be8bbf40db0dde8ed4cf338c,504160066
d255f73d4066fe559065266f,464790492
c552cfa8e6b8c8be2c963ae8,589903212
5ee020d4adc767b3b16fffdb,556833647
2a01945c2ce528c02b391c61,579530254
dd7ee555ce0b2d58dbd8a9ea,497131280
a732aefa7ea4715325e9e80e,565039324
c6faa40acaccc1603c29df96,600985226
fd8caba10cd4d1df27605358,588189303
788c49c17df556bce0abf6ce,867868484
2d0d803cdbeaec6e2626eebb,632372788
0872074f7bd512dbd4609c85,622375911
3f97341f90b11e6a7a7f7c2c,756719974
2bfa301ea435f929e6c0d1ba,618409390
1d029020622a600aad4c2991,924868748
8a100bd7f5da66664a2680e8,658351705
1441a28c376a20c90d72cfac,617715172
495eeef459e80680720a0ec8,751775043
df81d07cc6e8fb0a01c0f404,619128074
e23ae41983b9f112f05bb703,699050430
a2ba273b099221390bee92a9,582381141
63dfd58a5c43cc7c0a468209,629449833
27aa789e29e52ef8d78b9bf5,788044992
fbd613ac06b6bf20d76822db,517028613
2a805135d8030b614d9df9aa,815446330
22c9b57a67cbef0920d09174,573962728
fb76da6072bea5801e407990,533300242
9050b1061469970ce28742a7,601287083
96f5db1dd0f36d1087172fcf,788191673
38cccc333e2c38bd608e1880,714399768
efede59a47d17737f90f4bcb,908500906
bca5301e6460eb859b7ef34a,574667964
a23a13e43f3e08ab82c6ef82,591934350
8437a42a8e7ebca46eb088cd,568504477
6e3cbc252c449fd4b758b97b,599679830
6cc6b0672aaccb8909f3a751,548106140
c60c2efec3c12959d86fe3c8,556872674
d0e45d520227ef8a1f53ba28,676866618
e45293f1e6ceb2fe79f6e0d5,641740020
4202dc3f8255586e1ccfff46,586929752
1d04d5450762d664fcfab674,794456080
a3f969063f78dbd95e6ee795,638045651
2e3fc1d628f6727880d3d4e6,599679830
22ea31eadbd3a54216443137,629449833
6490a1eff73727bf62458b0c,688704205
49721aafec7123f6ff4d8010,895636131
bce608b4629b6c8512ea2fde,644980564
a7ba3ccc4831ae7e539f0cfa,440935353
959b2293af0ee4f7c9fea7c0,695378315
bbbf74a3abf9cd8718384a65,938009739
680a71ef7ec15bd919c06320,957111600
0bcdef6d56052acd2afad93d,841338500
1bb885a07f57936b919629b9,765343446
8a222af682e2d7796643ccf7,637602557
3370a48ec22302456c41ded9,706393029
46fb04e7578da5741f6da4b8,539382430
e9da7f2549d914aab6a30e10,476763241
10d0506d84d778da572ec635,797593682
966e8fc9af08e76f8b276245,584278940
0da2a849e0f83b17b006e50b,690235460
f7101a05db93cbefd6a3b31f,485352942
b74fd7f7db38ec233c6ad71f,779185572
0d63e52a47fa884e36f10810,625941944
77fa49bcb52539888d481ab1,600617021
6f412fbb33519fdd31e741c4,653650976
6615da422a3864d415b28fe9,599493188
f258fdece395f0c4f4da6a96,731262484
c54c645c340f59dd5f47bea4,641080160
bdd287e9de82903f210878d6,735155633
e110abe74ba0ad062c9b575f,615494892
47e5ea8cb7f5ab6703803690,930969658
e71c6f7437c633e2d9da643e,683323502
783161faf2e3501c38c0aaaa,535421102
5fc3de15eb0cd87be5ed2e6f,484302074
4066155e224520530ce985eb,669985977
7745863791b5cc6d49f84c8b,632574271
aa7551be1b8d6278d38fbb00,867999776
d654c9bbda61c4c0ee1ae2cc,587591701
d224080523a2bf2e81698d15,594170714
5f8d0a2ab1f9136de446528a,739685969
405fec98d5a3c8981173311c,665095946
2a9e77fd00aaaf773d130914,570730596
279b76adc4bc9f8dd86759b1,553459554
f815ec1a63e980717c9c3290,572324093
a8fc825e34bd9bd56ec5331f,665737539
248ed6abe6e528dedde951a3,580930813
2bce6544d58b6970192a1838,647978980
352a76b301243d22d1b31f79,593669753
bb9991da696d6e1f13a32d0f,668651318
8e88e6cc55ca769e472aadfe,595447708
339ca7bc687766f517ab3274,604102818
93375efb2e74f4913d21d94f,547186565
17d7e6d321bb7394546e6b7b,642192255
0f601f5ee798174ea9d52caf,645800082
8ec8cac469f2448654312aaf,873725626
affb62139f02e524692ebc5b,790933949
c01199a4b2fbf0f6cbdf2a65,769643969
4d1f49443787c874ba19f968,843580871
035c61042b7dbc7ef888d1a7,998133429
0fc7d98f75bc1c0b782a328e,958288782
b1924a5697dfe829b5b8ad76,749237132
d0100c18dba3c334327b29e1,731554784
add1a20e8bba47aad2edec69,910051737
fe8a78de9ba7b59a112e0046,662406398
b319d049a3a8e4a095940106,758842213
303dc73dc1130de9aa2f70f3,664562367
e471b2ef30c388893119a010,945537229
9309d812688d0d2bdd33d830,747343876
fdb192e57e3e48f70a492b87,733629069
c514c9a35632e5a9c0476a31,770575049
3bee8a9981a1e9e13a05cafd,768648904
9c942287410db3d0739e182e,910809652
f59b9c03bcd4e0e06d23fb47,617123815
4c11f4ebc622483532c24a06,738217142
1f53612f7029a21e2e9f74e1,665640842
1f4b6eaf52fb940e666c1c93,772814305
dc65f0bafddf39c6c4b2c9f2,893565763
344823ba2777540ffa2a8fbc,880335802
8cef9b18f20e9c5a32e7ccc9,986197303
413d6e4fb772beff60f73e2b,945785975
15d3ae51558bfeef80b9e97b,693528510
b81c26f2ea6b66c8315d1146,922236949
c3786f81345d39fd8b353da3,877410963
6c568d2287dcf12b2aacd388,812913718
e6482f3b6184515453d16bf2,777771529
32c7b848ef60432d98f415c5,676726340
1689c3e3982382e27a4ae074,664955674
3d0cc51b7a2392f3be3b1666,645781787
1dbec7879e793ba9685741b4,691306705
82ff2a63a863c089ea90bb5d,615526999
3d9856c3ee0a4b5a833c69ab,823945524
6f293451319bae38c71b8266,537415996
dfc817b569fd71d2dd47e980,1047801217
c34d46d83e76f54d53cadcb2,713213362
e08ed8c82d05dc3cad8cd2c1,802357423
e21f2a8d9c641e45d442686a,1062333592
f1793973b462cdbffb1ad648,1079531499
b15bcd6248958d98867ea585,787451572
e640424f3b7d1db403c36ba0,993762042
658c0b009a09339a3f312145,731795004
f01fa45466e2730f935a4128,748128843
b4d69c7bc93efb3790eb1422,1057094374
c2242a77d30c0abbed667ce4,969603721
39542105a7c46ded0cc373a7,1042569821
13f42390057bd294cd787822,892851030
183d99d88d1e7d995180918c,988324509
60dd7dc49139e7816dd8b143,585419845
6d2ec752890a2f1c4094044d,975669230
0e776964ba3733f3ac18a7a0,947682911
92369f73435d1ac3fa95f185,828807731
8db285eda04ca37b86dc9724,829692653
a7b14faa46e7b73ee4e95ee6,724705354
010e676743f6afc01fd0838b,938487248
987199d3a23c08ca887b301d,722483002
4fd8643e1c43ce9a0c18a19e,744186323
4d0985935e1432b3916d45be,603230589
4623317e8c9044e314ccc4e8,715993864
ef8430c4d15e5887b8103bc3,1011162255
cd6ecb0f77acd93cc1c9038e,815234807
b0962bfdb6a2c79a0ca84e48,1024395513
7bf592c5c34bfe6a5df3dd40,815339861
9337becb0628955b47e45b98,1050695302
9ed0bcdb62b2223d716d40d3,790094001
4255eae670033d9c9e9a6e3c,781905343
c5346c37454ac2b13b92240e,851185503
94fd4bb5f41087921ca12b58,642162727
ded674ba9c7b76cda404bac6,709988879
ce25e9fd3bce9b75050aef5d,1132311146
4e7d3cbe3c62123fa7e2d969,803824016
dcf5b42ecb23800a458562e9,1167174259
0d53bfcecf0397ca27e5f78c,817186069
f4ecb15ef992a677e8b4fee7,499316530
46eeb8f186f86f7859274d4d,937414826
b5a7d4288dc7a7868678b9e4,715974439
34f99327fe595ba6e32d89a1,590137550
9a53016fdce3d3b5c2baf3fa,1073423569
26be10d0ce8b763e9b457e76,960985060
2e111ff939191cc6df2c59bd,793750045
ddcce0b9776593e3ef3ce21b,706103331
937c0b6350beb0f51e53ff8c,657716361
f50941445773dd62e87e0416,945537229
93a1aefcc4ccafe4866bfc76,952317959
70c0a72b31dbc1b97c102c13,928780045
8aa9e1e89993aa49c5c3eced,651276257
2a5ecebe40fc09b45d6ee5fc,668903810
5f798656baebb094a3c83793,1080250980
596b6f435f76058493a16cd6,826744204
1c510a71734e955f75187106,950489888
07de14db9dcc2d4f9eac0dd2,1081799370
29503210dfd57bfef8f16802,1104081464
89575a90c7b9b960c8f4e052,792533900
bb5a6045d18e19613325dffd,950260638
f984d34c8f27e3cdb7c2a44a,1005568186
90822d4e3a369948cdc4d998,967373898
5b9a21a42d5f50ed4b10581c,1002058946
1be01d052c6a65c5ed286bf4,997370780
b73d317e1e8ddc3d5d0743ef,927896921
bcd302e3b5342ecd8cc056bd,1019395037
eb8956f0c4a885619bf1ff79,1165939957
d5b950c5510c19ccb926e7c8,904023089
1e37ea0918a00bcfaded3453,927818580
1d55f4694f3e000ee3ce47b3,1291348450
cdc3e114698984145df842c7,977647421
9c611e246a612ac6906abe8e,1272282253
c0c820463dfec602a6118ed6,880330155
6302d4fff078a118c3211794,959056778
c98807fc596bb2f505b4da9b,1237844445
cdde8657b5a215915a04126d,864311044
3b2fa7905fd8fcb3e11ebcf2,880330155
59764968800501c68631aea3,787234144
9eab02171cb5f15963670172,946319699
61f84e5a07f37865c31d4a07,894466561
1494f223c9d3ffba26e42738,951059650
ba137cbd10757ad20e5991c4,934070087
d2fb81a477ef3690cb11c93f,1172004012
ec4f7794cb756b995d5d207f,916609045
ea4add08aa912717cd42f9f7,1053805374
f11d7627e2f18c9a75595501,1042572298
8095589d5e1a55a76281e13b,1345655491
f5add08cb615eb18b3153bf2,1062675325
1894346a27970572aa703cd2,967733074
805a491334f865f06ff42329,833909130
062d5544f5c96db90fa3a526,1327710956
332201e2583141f3a02dcca4,978749125
4baf1bfced8e85013eca94b9,880330155
8bc002e1f02beb4d83a6f6ae,785797995
adebafcf3eb0d34ae31718ef,956587054
60b5b0aa0c1319557cd0cc85,1506506475
3393fece8a6ed311ad865e66,1364529250
df4a1968046eed5326119599,1100380096
b044b9a587b2c6ca00447177,1014138453
005ab848b35907e42aa0f4f2,1500559770
140a0002732574ecc516e9a8,1161170512
bd850d1ccfc4b21a72f3ec44,726565125
c6dc8c201ce38ff2ea49cd68,1136690194
572ae40f693551547e13a196,1317068562
b39d1b2637dd8e307c8ba13f,1024619944
2ad02d6d56b95ff3382b53b6,979061322
5201393754f4a5f2a476ef0e,1716519397
72a66bc6d15390eb05a5c688,1383669011
1f1f3e47f3593e4b2824e628,931298287
bb7e14611ea6b5e4abb5b89c,598060709
b82f8abc8001cd6731c4ef45,636491124
6228854021e72af611d2e59a,769123510
6d21e1de9c880bfbb17350cd,797987427
7cfa0c98191ef9b7c45f0520,521460103
a739d80c3fb6b166a2c2182b,549981695
36f85981124e858c157f83df,743885748
3d6d51ca99f2747d6b92dd19,757671332
092b7b5bafe25bf485de37a4,637914067
f2e0163fa07f89820739dfcf,822687033
ba47346e7a53412e78363ac4,804149978
f86e80b2a831572b85b04e55,731660431
199a6f7df516a685f086dfa2,532356273
81f6d6790aca5e9270c3d1a1,512896487
74f099ca0d949c8042569d51,532096439
4df3717406f9852284576caa,624839924
5246f7d8023a4c178af6d10c,705346278
69d9908e13bf7c8ac4c30531,552467149
e336d9d892441c7ad886a98d,722658624
f82e1c70884ee1285e1bc491,584740031
0ffbcf7d58378c85b4103c7a,715896027
3679e1844a35c0c87fffefeb,499135707
955a15a734e56eb287555307,607601402
722f262a44b2bb6fc05ec35a,541864689
48c346042d9cb826a3714466,532096439
bc4b7bbf5df92f476b6be103,758168451
667685f89a61aa2ad5c9ac7d,690412297
8be5fca8f4339712c6f3e29e,743499965
09a5fd22f920267b464e2a00,792982148
f6d2d31af94a6a73912dd9f5,900571824
0e9a5ea81f6d91038d8711d9,616561580
8b2d8edfa6788ddc0c7b3eba,772660817
2f48a73bfcc91272161afd39,921327461
a78417c74b8c99279912e427,725914251
4d69f7c7e0e837879abbdf78,736368208
926a7b18e48cdbf6ac3b396b,563708112
a06733f7b3ba964c20ae2698,884692916
02d598a32d864c289e3ba6b0,772660817
3977cf1326ff502251f78f66,769666304
c3cdfd0733404ec885eb3edd,774871146
a28bb09e30bca82627e595c2,825852904
0a2f8c8ca6094e6626d4e8b1,736787996
ac9baabfd96d58e376149a7e,725105805
700a052900adbfa149dd5b6c,1223095170
4b30968cdae59b4ef3298f19,827406150
c673d94552bc3e451672939f,846997356
75392e8381e1c891377fcb29,818802254
a55d7074220aa6a750297c08,921181172
81eea19e7c12d65d21e23648,1003946754
69df7bc1d82d9723c70eca70,811505533
815cfcc4d26738f74cbb67ae,824208598
5ea150753f8d07c71af45cd9,826429635
f851b02d18e74610a900bf14,931011848
76b9af8036e38d5d30ac4c7a,994763887
4ec5ab39cae4afc3b0e69438,987481070
c74020c85c9fcb2a2cb3ac74,635907449
6d6ad5e3ebaba1c11dec0f16,1081656392
acbe4eb98668ff4967a8cb86,790759032
16a40e3dbfbb9c703e04028e,846465500
ee5fa0932e098cba28d950b1,927790146
5f9fa56b99677a489a9966bf,598060709
4045e30cced205e8c5b2373c,741515096
eb2c7a973d4d6ce8e6ae87a0,775466714
99c69eeb96e1016a7e53b33f,774659677
aa7f56d05ed29183b825d61d,552289240
4630a9af58fb79c0008e5fa1,642767203
ac003932eba3a174c5b998ee,608125742
56a7470ed14454665aaef75a,1084548459
a4e4f56336e07304cb946b1c,981510048
00ce045307538da1b0bb7972,629776384
cad720be1395e2ab5869807c,591359766
344be03236aed65e74b14a2f,420739736
58a86bf535b4c16b50dfca06,582292468
d52c3915fd7d2ef8c92a22fe,420739736
8a4b7e86a90a296e10a49ea3,544132353
e1717a317481b0765a7a6a0d,574891991
97fc10f5ce4a6fd7357381a6,420739736
428f4bc76d4cd315ba8f89e9,612688525
4d882ac2b82569f74aa08824,560699767
948ba87dfd7993460c967cb4,420739736
1bee6a5aed5417181a3db77f,492026890
63cdd73026431f5566fe246e,626019492
013e2a07f94a99323b64d370,816693879
ff56b24cf15289dc6d14800f,866820211
7bdb94165857bcd37206cf18,623628495
1d1e29d9601aa0eddb4d6c2c,644124147
a8c9489973c54b93737dfe20,583950448
254892c6b84c59ff5ac4f354,486185639
c6e9772058edb2268434d7cf,648559557
916a413537580440c4ac6028,757168614
bab8e472424cd57faab87ff2,559106361
eae5eecfa2fe828afbc94b0a,610185558
da26059a2cf36e02b8702320,556070693
e18fecb7e40bbcaf26c863cb,994947187
a55906464634558b94d9298e,545156144
3032ae39e739fe46e9e198e5,665671915
663e062b85f16c2419f8456b,705934665
aad0e527c4bf6283f76b5bed,887037985
32fbc0f1934f7325a404a2eb,702156806
07d1137c1f0aaecbbad32f7b,702611792
3058b792e3f6781e438a2e9b,726431248
33d6b1bbab4524c3aa03756c,540788536
c75d43b8089321e359e14264,714481280
29ea1796aede16cab8a50497,574136616
bed21c41b31a3bf2095aa273,683617078
ec232a7ee3aeac713516614b,707159925
bb7c68c2652c7e124d88631c,564485285
697b6c6f7666391fc689cfb9,727993490
d912e45dda1a3a628fdf50d6,798184724
96fa88a07329d3988b6b41b3,641604673
66019487c37339e9354ca999,683373885
fd2dcbcb8a31e97f31d22a53,708005279
1a309175498997e1b8f0aae7,1089035042
e83119808dd08ca090f5ed85,614501601
1a26960e24de046588ca7837,647445703
379c4fce87557848548b0944,536254890
b2d7355eb2aa975900776275,851396233
3b05e06aa0bc40b9db16416e,536254890
4a5405b1e181f5b10fec35a6,680694625
aff22625564f00844ea2610b,604105467
b40addfc0da42b0e530503f0,812014806
9200d647b6ce9aea67ff8ac7,726279990
3057660e38fb757dbc8bd898,644181166
799be2171dae4763df530e4d,891432168
819265a930d32a97533d132d,853691033
9ba689b29d0696fb7ebc44d5,1076707952
0f7e28b6efb9d550ba28a1e0,707530480
57551742fefae23bb32571f4,708194913
9569a50febeb4163e28c192c,831520361
1d03efada56f8a70bdae6aea,577490486
bfa56d6230b858591743473e,755394286
ca54914a1cf1028b9c8b681f,696756826
54304b6117b797791d266cc0,683405622
166ae8e3d0704209d6715240,777439750
b56659e70367566a4ddb81b2,873741820
2641f220611056a1f5616dae,968635247
08a82bb9fbe4b7abb50cece1,659819179
b40a9888ec0379fbf85516a3,933965697
d35462df6c686296a3c7bb23,689792888
db244703ce223e6acacbe85d,780068896
a90df94f959030227fa015b0,622237648
d97d462ac4f5d9cbbf04e9ca,657579557
7fe6ac57e87b8126ac4f8530,811391418
69c28dce8eeaa86605143419,915393251
2bd6682ad8343b69fae1a59e,764068911
2e6fb29cbc1ccc3d97c92c72,920601394
9eabba4531191127ee91621b,758700701
d0c411218ffa7c3ebc10783e,760231492
0c61a011d7fe0227be2b3575,613124725
2c47c3ef9e139d8c4513a090,899577064
f6503aab62a68ca16eba3fec,1574596929
e7dc05756684b070b36d681f,845218740
17484950b143d0395907ae6d,635713869
3d997123b33373024bd2cbe1,1016303054
ddba305c2a3ad29db24a0658,1270666039
b65efc402cfddc0aed4e1d76,543498943
4a7ecb05c9886bc35f6b9160,799977969
b4e14604b888c994b64f94ba,764708546
ab37764e5f4e00097eac947a,888791429
764da64c41700da5ee80b8c7,702756425
8a84a073b855e37a12327357,704507296
5a6878f8a47f1fa2fc1d600d,1424112171
505f3d545ce83d0c848f828d,1689027392
6687a2299f38c15598d11eef,843527318
533134592237b2748915eed8,771518141
daae80933675e767b50bdd17,702822360
945f85a061dc4e95e779e27e,1032875891
62dc69d80cd6ea9fb7fe52db,791172590
153436858070f7e724f0cbc1,661116493
7f9875a5336a32d73df2402c,986009836
ac11141115d391be44e6426c,531949762
f8243b7b679dfe8303180d73,1189050517
1376106ebc19c929df27bb62,1429904807
f591597c9a1ddd9852eb3cfd,816777103
a748841236a7a7fb33138845,584409338
6ef43ab43841696400d91859,691090837
601310d800d88f0d387235e4,1010691229
db81ec58863dcc5d12839883,862571470
68d35dadc6d0dea61bf4b513,637860208
ba9be0b67571b1e9242664e1,796885903
1690af2e30b05da545f1576f,820976726
fc72ebf9381496067101da61,493892804
3a2e95f5eddda4df84b2e2b3,607156319
a660d5809085b4823e287a5e,673968738
799301c01a3e7fc2af5a14a9,645882450
824cad597aae34d7d59ac939,553808161
23cfc154896b93bce4356ae6,649282566
a9b96d2a23ed155043085e87,658599999
f5d529ff6a35fa78ab14de21,545676765
9b337cb1451a8fb078dc9a07,582255464
cd1fc7362660bce494b5117a,635510042
26454cbe44a07cd0df12ca07,762961841
cc5563550bebb29c83ae3054,757276431
109bb36f29b223a81dbfa340,667996534
31081c78ce92e1d8dbb315b9,732779706
502aca1a1097438b32eb362e,784575322
4c90ce573f1d61d11294d05c,1110109054
87f1e9ca16a7ea48de04fa73,970170570
224f6e839dcbd91491f3f1ac,575147354
8ee7d2e0692e49bf9d308b4b,691034779
a3ff6a1fe37a1bb736b1100d,753199683
97d49e61c1ef55451e52c8e7,753199683
b6514cdb1e2cf37e3ff8090e,1143279225
