"property_id","price"
"d56159653f5d2abc5ed5acd7",4490280.49064562
"45550aa81c0151f1fd9fd8fe",15621391.2032084
"735deef3382aa15930482f3e",160620361.950993
"0dd49fa8bb7be52b851c6dc9",72995851.0255795
"7d3220a91e78f8bc2924d1cd",15314016.8125689
"d3054072b2175deec2c1f8dc",7214600.61248956
"b7574b06d593fca4eac59815",3061092.09135262
"79e822115c5c1a4531366001",31974732.6114458
"d3ed5316a463d38c1bd321d0",14044250.0034472
"2f1880c9b8f7ac2715e1236d",10541975.8896209
"dcca1c7f109175760ff531c6",48919682.7610849
"dfc4f3facf91bbd93ee0fa4d",1397884.71430339
"30e134a6cbe61d7954d0f56b",30353551.0604812
"385fee7bd9ad7722d45dd034",878846.98343758
"87199c236bf22903d1aafdd0",1262292.38559239
"19e19ad0cd6b5e84d8aa970e",3368495.77389854
"907f968e78d748fde69dd44f",1245750.54846029
"be094e5db0f784e3aa013aae",9349226.19721166
"7ab96f83915bc84f8c03c1bd",19212000.8270305
"07f4aa9b9ff5b0b05d31e6c0",10742109.1112203
"e9be8cd37abed8ab510ba1f5",11702068.5593134
"5f6ad58df27b562db077b5ce",17405262.702257
"ee96d947484aaace40f9b77f",11127581.8886053
"15c4aef8401208054697b81e",37962389.4341496
"22d6cb11333f2839b8112b89",17501502.9402292
"288c09c33907dadbae495c11",37365569.0001271
"f71d2bca0c5fe2720a1544c4",12815905.6459986
"451744cf3ce55a98db8a3562",24488164.697588
"fba9ae05a6a8a9e0c6268a9f",7195772.98283555
"1338e58f7dcebf5a1ea59388",9179139.30195492
"a817e8da0ada143ac87277ee",20852957.9221147
"46d8bb3e9a0ca584d3c7a317",1254951996.72824
"b2506aa9463aebf01e1e00ca",4925324.23669484
"7ec025b9b6e6f33bf65af41b",18370617.0416401
"2ff531e27672ecd2362eed55",11598784.0538314
"9b3cf0d1b91b9c6a2a887647",2957465.51902704
"7db5291ce4602d9b2b266872",2821069.9914382
"65d5918e826c33bb950fc008",9361574.25021871
"395c34e4b8f52cbdb0522459",1767540.18325756
"855f4b67d2bd6d18fd03d8e7",12737460.1864257
"9ff06409b37e5b5dece4604a",14693592.2904024
"0508cd7bd2c77ebb6fea1e56",12321833.3520332
"b45fff2e718e54772d46a3fd",80096588.4656148
"cf4d2297b73dbc357d21e31b",27530840.6747322
"0ada7044c5b29925abc90879",64362485.8769199
"6305f02255274ab5fb6bd39c",84489365.3422068
"d9a94194ae1350512beff3e6",46095809.5627911
"e3896296cb80d50d9ad3f903",33945640.5609526
"6514f355887c64136edb5595",34420149.0628685
"f03400cc18e12903b3ffbe5a",13151494.6895259
"4e134600155a64783b3f8c3e",4135350.41434509
"d63ebc63c82fbf66d8b6ffd3",231383330.892595
"1bd64811bd59706844230198",6123541.81235681
"a83921284639eedd4a511cb6",6275462.73886287
"a2f3f7a1cd573e2a33f52e2d",3867369.42317239
"47344a66471fa51f61c64652",12151017.0418591
"78fd849c9429091347d7e5c9",86154454.1340181
"c3daf2abea55af99c9579319",4227152.13492133
"52864916eb1984abca41ec66",233798887.239015
"c62494a9d7aede44f2f84023",20441981.7394118
"a2b576643f7a032371587e5e",45284578.2521818
"e53bc68f0e97ccead24f3e56",5989122.10086203
"fd82c710aad91bc90af490fe",8976121.38713893
"d436abc2ee37ba3dd561e940",5051751.20252009
"216a598114a403676011cb51",169681273.423684
"ea230d5eccd2b687888173bb",2225584.22920227
"18bd0dd7580f2a7cb19a90b9",2071368.88827049
"b143c8ca6d334f6a73c3f2a0",7823230.8925811
"ab388cb4fa511968783bafee",8088218.66470294
"6a4f08cd04d558a56af732d9",7286199.89043165
"7216c895aa047c4f405c4941",1821412.73477059
"a493488dcd906dc74cf8a604",8867469.3497641
"7844b0b2bc65dced90a355c6",8490643.94460235
"c1976383069b6b82ab29d092",135141410.77468
"e5cfd99e2308b7b73581dbdc",7653244.98520596
"c18c2ea88f4ac53970b53d2c",14704133.7719218
"842c9f0e4edf1e5a672ce15e",5242500.37111982
"7dd1e46dcbddc6bf5ef694de",4311935.48799927
"6cc4f32b39180bd1ec7e117b",2462825.3452101
"79e643789a85dc4ffad49a25",1380937063.51017
"b3402a9173d289d6db78e09d",4282012.64232289
"a446507813234e358db8b573",23647531.7656774
"c8ef57ddfb35061d1876f94e",1678953.27493261
"360be0df2c003005e3db080e",19098193.2408623
"9ab245a4c91877cb7a8661ce",5139434.50697801
"a57a34c7486e7a40e8deb316",4979201.93371557
"ceba7d0f56f6cb03538962fb",80085131.3762216
"d5475993f9db58c3e4baf7a3",1265616.87982773
"d37a1dda09e30da13ff5bfc3",180198425.951281
"68a8b8d077a8232723bf37e9",9160425.03896048
"e1eea7716ca6490b7640717a",42710520.3385877
"4ae6d75b10848d259ecba576",31488017.8357389
"17afbce5c0b56732abbea936",10031594.8230564
"84a2673eccd3cf3bd7fd3eb0",145570240.549531
"f2f4e6cbafe527b155707f01",5634571.6489087
"de2e3a592cda5b76c9573c5c",3554716.99601842
"fac651cf404a58f24dc7d286",44985680.3254964
"e6f312a0877af26b69855a3d",4229378.01293772
"333a643c623a9bc75f3a40f2",59896163.7238293
"64593641e470908ef23b46cb",6912739.50044804
"ce9f2f0071be658ae75ca6f9",30177714.7671711
"9ab385e399a4673732b6a799",83641802.7182851
"3429c774b736cefc051e2c55",38797614.6158428
"a51ad0372758b2bbfe73f8fd",5356458.11246621
"8c801a266256e3fbabe7e3d2",129853961.676936
"ca2f81b8fb6fda20aefb0ccb",23565180.1169093
"3c1b1f86087f9b99380e387c",13244281.890186
"b0cad5d612954b8cab18101c",2588564.31193133
"7eb991f4c69215377e4dac8f",7027186.25915246
"0d130b8bea4321300396fa34",58011955.0004845
"8dfa059401e1dca80ae65ae1",41401904.1981141
"3e3f264cd0ac7a65ed2349a2",4503648.16976054
"112dce80bf512f3f24391d23",15696177.4302396
"ff25ded6333278149f8fb68f",1311435.27944916
"d555b82c192794e87e9d536f",15786309.3492409
"a787382d96ef9fce8f27bc70",2847016.24990937
"8c3aa295f7bcfd9a43eb2037",5282287.72202115
"13ac95652fb3cf6c43dafc66",21208308.3135861
"42fc6a80b882c32f6264ac10",2964943.53246336
"1e9c53e09220d689a0210ab9",592884.642462972
"3348706086aa3db5c92259c3",5742581.13345927
"66d402a9b7d05f29282ddb00",10209431.9865464
"cf88be51d6f31c10e5868ff7",156855310.714848
"30b3f38716be209a894b0942",23953724.2049785
"0a5908a92d0ba3e36f54b1f3",11996220.9088021
"dd206b6ea2d7f6555109ea39",15934965.4344147
"c641febd8bc2ece3e4d2d8b6",4133189.78892154
"c11fdc02a288af0572a2bca1",133909289.848243
"35dc60a65969b264ab283d6d",3388694.9308273
"d9cb0f637cd4feaaaf8a21c0",1404009.14447987
"7e8dfae9a5f1faf8afa706f7",42892735.2451783
"a280fe7610c254b935c9dcfc",37178954.9953094
"85524880fdc4e4daf90e96fd",11342336.6288271
"f361109d06f6609c16724b39",13193226.0896478
"3f6b2f0c0876c21755369cb6",129372876.045505
"de26819064a290ce78d8fcc1",18236766.8634659
"91be1260a84ab7fa3521c495",57094918.4896574
"18c8dc4549d38c918af2972e",62409513.8175674
"782b0fb8641849c2c34291e6",19548595.5211543
"54933f8b33a4fd6f031ed5be",15421296.3893337
"953176c9a901b4f61c030432",25512033.4066365
"357e2add3d68167a4f3ce15e",42291663.9738593
"90332d50e91925eb9b614bef",78204151.9213475
"11723d1d472bf1a3fdd8b72c",77040478.5756183
"01f8b6799e2910f7769db175",5574756.05346161
"a0d5001f7dd42d7f0c91d2a9",62175807.3058768
"d4439c35bcb88e1490916c67",34179007.3154842
"4a73dad0ff8a5262e8b07c4b",8296339.56148051
"3dd8085a65f24b497ea59557",10438950.5277715
"39ef085809bc80e32e7b6af6",454952364.29982
"b98ee16e8fd7d1c75a9da13c",1323972382.76219
"16deb26bf740fa61e258f545",43014151.2617871
"732a3bd457d7798e1fd892f6",80007266.6181697
"1376058cb128a1c7729cd2e9",9067804.97736339
"cac7e7c3e13af91bdc7107e8",54353932.6541306
"9f3dfa6e1422f6aeac527c61",28944011.1212246
"4dd3d1288ccb66ee4fb9c097",22484936.872717
"15fb97d6a43731d61e95d004",14061806.6371152
"dac29573163315edf99e0e7a",17940544.6962734
"b93f2864087d41c3c92d43c3",6246783.72817398
"cd4656aed92f5c0a0b6b7c0c",6246783.72817398
"556210496090b42ac10cf1b8",45284578.2521818
"762979729fb21e56a32ed14e",45284578.2521818
"ea935b76abe664d5e2c4736f",9361574.25021871
"40e9ef1e7c6749b7a8d04ea9",1264631.15607439
"058265732a484ac8d5497f5c",10093125.5585457
"6f52ea8340cdd283f9a79720",14829469.2214545
"cafe7c1ee67458e05c84d5fb",84489365.3422068
"3f45ed2f08a2b03b738fbb5e",89720521.7584453
"f203b18854b75c4564d7a17d",127329972.104436
"d5333f639d11bc3ab073ed72",3847174.05966412
"c14f644116669a160446a945",1755354.62065173
"de585856ff546e00a5a4672e",761780.0633491
"7a80663cae7c191b5d025fa0",2407050.04045746
"71f80198e68fbba902650b1a",5369075.16568505
"f3523e0626df8cea803ead0f",427030.64315581
"619abd5f978b1573761be86d",1199582.58348951
"17a2323b855e93533a9f09f2",421373.491180945
"38e8630f2c05ea38e2257c21",1001501.44759778
"1e3798d739f85ee0e5a314ca",668123.67947102
"46d0544f411bbfb6b452858c",9761828.87850624
"605e7a71eecb13b23ffca0c1",14920514.0271775
"7515b37b7ae7c62f3dafbe7d",6292944.55249659
"28be121ada9c9303be802474",1069888.7442481
"331d54f8a1bd3dabce73d6d9",16643734.5967456
"22d167639ccaace593dffa31",65469635.6580797
"36cd68fc3ffab79fcaa340ab",7595541.11403006
"db924733e88c361cdfab874a",32884303.7413326
"64eea2e9a13a8edfe8ac7027",4098511.0215236
"97fe6eeed892111bfa20255b",18596880.504205
"b54e6757829ac95e2076d954",3728026.70425287
"dd59b8122458557041903207",630110.857234975
"b35c58fc1c05a77433025318",16530914.5980397
"c41964afa164d8b75f8dbe92",4014323.8535344
"96b3ea80cce599b68f96f86e",81385863.022233
"a4bc87ad4f1ad97c0a63d843",4105564.37020162
"16e62269e6aa2ea052d05f71",3044381.17624347
"518b37b51f824fa0fb5075d3",188457717.918602
"e083d83369cbc93fb94842a1",117196311.399812
"57deff02895d5286eda10d89",4268097.81820017
"7ed35835fbe694bc237abe38",6067266.2659544
"b48efa9ddf36e85164354f26",2292741.68898484
"5910c9b29a1025bada93a5e1",8128281.33807396
"10a650e8cb5425c97f08f68a",1035550.61669357
"9e0feca2ec3043ae6f840631",58042723.5855857
"35ce37bbecac6b164fa21e6c",9248626.9139812
"c4955010d066e013812a85ea",5767036.57556823
"d5a83c31bec18d1c3eb9af7d",1523874.73228277
"70217bd08583854329722821",1545652.23118716
"28e748e7aa0a447731e06706",2428683.45040818
"27929c0a3e0fd2d6d2969e03",21900906.2283107
"5c5ea0d8bae75e0a5c88414f",15354876.4341093
"2233f50cf7b04791cf1ddeaa",1874528.43310503
"bf430621f17dcaf17fb91ac7",6296168.14018514
"d8dc9de06461e0220bc55906",27028075.1335391
"d988975f8c4e6ee8fd8dc1e1",23571653.3758627
"bab884e0f99df269805e83a4",19460909.6987175
"8fa9b20af1508af7a01e2267",27000354.4031961
"b6f195d44ddbe10b78b97191",30126875.1095578
"2ab0eeac4a228d5769fb4365",3729032.99653999
"347a4deda03bfdde6d1c163d",9693642.53369755
"17230f18b30b94606fea047d",6849694.58078421
"eab4ae491bbbe7b8ab107229",6869706.30026428
"07c753474a847bf2bccd55b7",275918874.333281
"b7ce05400f0261743073e072",2927805.81570817
"4a33d213841d2af537aa967a",25125034.6934347
"04eb0b590ce7483c615b043b",8624130.06378997
"a01a51af09a3dc387a18b58c",20651212.8010743
"270b930a9e22d5016ffa4019",6628822.80053737
"5ed1320fe84a518e267ff537",3953987.56558614
"f04b574dc221473cfd616e22",3655013.7480585
"6f7e390aa6135019dc5a828f",1236043.07410396
"776d4a19fb3852fe6dcd3ddb",5844027.2213344
"b7f164b79658952248866c34",8869330.01405821
"aafeff5826516e363471e439",2367728.45806347
"eba6a2b80a17a846ae560ece",1032635.4469989
"90e62f8656ae504bf6175e0d",441654.590559215
"dc4331d09a1e36baaa6bde53",2085314.61820208
"372d67ccb9d251e290891f0a",3568360.9135642
"a7801c67a0ddd71c50ba38d3",8088218.66470294
"e4d6b81f169cab8ea0244d75",19362756.2799598
"cd5c6655243a4be0912bc92a",4979201.93371557
"f7a7281a19733251134364fc",29000376.379068
"a716ec25a219961fbe90f367",5634571.6489087
"8bd45966c16d4eafb49ee2a2",5084540.60632749
"baabbdaa5e8f69fc90d303c1",227344213.12186
"8bed46960db1b2a7954ffbcb",3004342.51624087
"dbc123f9502159d660f375ca",13527492.8531092
"a4683facc81ccda10e9ae388",30177714.7671711
"3a576586fa1aac85c2ffb75b",16448448.7486699
"b1fb98d0ba25b21c6647d423",106353277.427111
"97fa4be3ed93c37c048f507c",61646665.7612702
"cf184cc576effe39c0f857b8",9208160.52305979
"784f67fcb2d009d352740ed1",246638170.140507
"f4d6ce332121f814aa663fca",5532048.21530861
"c87ae84ef029febca1e633e8",245393753.066186
"e876c6fd9c161861fb92ad5a",6875021.59155675
"9047c4764f2c6b1a10b87e99",8225553.89387257
"234c94e9a248ae57bb5a0771",66283583.8101951
"a49c2976ca4f24f3a6b622e3",8005851.6505112
"ffc171cf73514bed077339a6",10693435.5347855
"fba83f5feea2522888377066",39409490.1459948
"1a593800d5785ecc36c25ead",68685961.3675161
"ab157c9601861dc387a91b82",174434577.975223
"f87f8003f15b0fbc12609514",39896402.8001887
"f44d035ea2b15b2c69d4da50",318865615.496601
"fc815b59cce7934f816f0502",8997890.89591814
"32915b77ca68000ba9eed6d8",193391812.49893
"cb083fa7ff634f424a351840",2461902.46598764
"4f3c7b9bc78f882f858b3d3a",25767702.2725356
"53d33316e237830ad463a26b",14884188.199974
"f5d852e25d51377686c43bc8",17121958.9189973
"64731b6eaf4fd2bb6c155013",45384276.4594164
"dad7e45e4706ab2564ef9cf1",19299853.4917283
"255914e9b13ad94efa6ed365",353358236.7126
"5a8950a64b4aea4ac13dad45",19779103.6303357
"70f51b4abf26651111305b1b",109144837.258534
"8919ca18fff7571002e440ec",164753028.672746
"f776a4e0c8c82b3d29756b34",57721676.743861
"7ea4af39a7e577ffbd600f0d",9331019.4053715
"45fc0d46c7a4df7ff6976fce",17799708.0188848
"7cdcecc706fc7c79cce45b20",4383649.61748256
"3503f56e09e639be4762ff2d",51230047.1735285
"f70ac0d227db6f5333aa821e",3200378.98249027
"20db610da64f80afc1621b12",8976035.78458284
"c80ef212c870e2f20ed2234a",59442291.5534144
"7dc68d5cac1b7fcdab35586e",165713310.140392
"a478fb93a131fee4119bb9f9",7747329.58502706
"7749b2b534213ec7b536372b",295451979.658941
"43e59f5312e304fc21c1e052",11459456.7796332
"82a7920524816f3db7f5a4ca",5645049.04625267
"1a7e331d9ff88ae5efafa8ea",11853046.4185905
"a57350d4c79a415137281cb7",16711872.3480333
"f3a6132006d54d0e22a17e84",546994519.324886
"14caab87a129f51b2b70508e",278276.171921188
"ba2423d79744d763aa3744f8",65506858.5148042
"1caac10c1121a795a172889b",112742282.012534
"40768729f2697b87ed6519d1",13056717.4799425
"843234d3c6c20bb60a17fbee",4185489.45086633
"cd2e4dff930a1c7a1a569992",3843092.68354947
"5a6eab133b7e95155f6a9012",935623.213176536
"5bba6c40aeb129c433d2c58e",30944488.3731883
"ad3c644b506498127c7beef1",716095.155952051
"a379656c49f4cb1cfc5b3f03",64874463.5298643
"998c1a6ace613d8a7468ba5c",3005483.06807204
"dd610d7ece83bb02dcd7a22f",46048532.4444422
"539467d04a2b3e78c592b11b",17507879.9620764
"e40fe4ac43cabe82c03dda59",2520880.94666435
"5561eab714583013b422e7d4",8411363.174945
"d9110b2b5b1c02766da9e24e",8314723.66621404
"c72cf05b93b9c290c063b08b",14375928.7336946
"d71cc157c0c43935989009f5",6143499.88374916
"4199eaa19ddf8ac436bb2ba3",4965819.5781366
"d23d12bd86def2657038a481",29414508.4768303
"ca438e13d8aa6285858da0aa",167821860.393844
"a173eb804f4bcf6bfe889417",6651759.72742126
"9b3677d498c2ccf69c756ec7",41212500.0159049
"f8c787390e4c6d2e99fc7c3d",9953642.24253892
"a188aa896d1b4520ccd6b65f",5022793.26965228
"9fa39c9eb4b10a20dda6c3c2",23409148.5227027
"7bc9022fa1eadbd9ab39acd9",4390967.54286678
"46f0731f62232b32eb733dc3",313399780.843355
"b6767d1e329ff5e28c42f632",283253560.325138
"abde4b06769fcb1d5577fa7f",4317696.38793957
"1496d159d31717ce254f67a7",18573094.8653304
"1470749d0d2551a93827e441",68783238.178198
"3ac517f74dbf8cdc8feadfe8",44426316.9128257
"fc6616c62030a53d2aa46b12",108284105.345849
"8497f34947cb4c0ff18a0eaa",3196639.27097422
"3b2936127f5a4684a1d3de22",37390806.804568
"dab58562904cd13a93d913e1",4969671.25586115
"69d1e47b6bdc57512f1838a5",6814705.38237171
"23c7f9a0534a4ae6a24e38a6",4543375.14338559
"640e9fe41fb79ecba89d8951",116289383.858068
"31f6a25d56f3bb36386d07ae",111083114.77812
"bfb30ae71cdca27f5a5494c6",61148030.5236958
"baacf0dbd690644d74f3a929",15618173.6271912
"cdcb874d2e62220d12230632",5559242.86043908
"1421bdbd9cf7572b799b732c",21150460.6045205
"ee9e5adab1455d38edfcaa6e",2584028.44822297
"1fae43a9450fae02919962b9",147318205.536778
"5f9ee280509afd55d24f39b7",767543644.878196
"82902f2082dd405ab538ff58",29728558.6771086
"eae52c81f779a61f57cb5b58",11676918.7489885
"4ec0aee1b202642d2739068b",27844476.0136673
"f4c6c3210a3c2eb935c6d5bb",17864160.148823
"14a14706d405569501327924",5148107.39753538
"146a5a4f3d111dc7b955ce42",21879362.1374168
"99bdce7cdea643b0442976f5",42027588.199862
"733c7cdfd50db77066a67140",1925382.89828332
"de328410e22767c66d919423",132880885.091742
"d0116b53467b3081664fb268",30798577.1264229
"dc722ea5c4d62773f9fb6bbc",4195748.42440801
"e84605e3aadd50b064c8eac3",2939121.96897671
"31a3719e57ab1425e7267fad",169690659.282263
"34993717af3f861b9735df6e",18486328.8902541
"543822711986a454cfd764e3",5453230.53640165
"5bbc4ff9cc3ddacb39469e27",12986826.1645952
"d7ced905983af0800c19b7fe",28199632.0662011
"02d5bac2567ee9e19041ad42",164081609.546187
"f4897a8a0a911a2acfb8e8c7",11216396.8269676
"4ba19ab08d1fe7f72d0dd37a",291740413.355053
"b7c07f8afe037d55bddb8e41",234609216.15357
"40b20b5a3a986802d64f7675",53590718.25126
"01fb5931cb55f5308382818e",143278398.806823
"7cd0c7174b957df1f004fc88",81589158.937987
"ca13bacbf6dc8d1b09fe4c67",8020004.11879641
"0ed0dc77661be57aab63bc83",109400152.553491
"d03558acc19951a882bd568b",1429605.06098114
"b8cca0d70fb46f3a31473e98",11530273.3857437
"f665a58fa8eda69547c1a159",65332543.5042797
"8aa5ae4637ba83e672cd3ab9",20382025.259789
"a6da1996f66e545041d920d6",52373359.5833775
"b828609eff041a68fa243a12",4567778.34676613
"3f39a260b81dd7de1dff2b31",13149387.7615386
"40fd167916ff071afdc44792",2610598.90264367
"6ca31945172976c3a11732c6",5342158.62208608
"1437d1f1601d26a3dca7594f",2970694.7671141
"ebab054e5f256bf4e382002a",42969788.9003558
"0838d0df248d723da4e25ea9",34359147.5435966
"7a134e45b9ebe710c6c6efe6",171707293.57963
"6e9c7f27d6b89c5f9696fae6",10663698.6385159
"bd12c705950c46e679c34bf6",4257856.84879145
"fa2c1092f17ce021964f8953",17030794.0168611
"e3202b635974f7a3367c0ff9",5601621.06302429
"49bdf0f970af03d83a57dcff",19455045.8214919
"91af29fa680d8033188ffc39",2735691.09011606
"cb626b981c0997d254388e76",18050173.3717172
"155a8e4186d1626fdda4d0ee",44647349.2496686
"d337476c2cfa780518523a6b",82674914.9686365
"7c3ea8523ece273991a190da",11389748.5457398
"674c02227165e1c7189c54e4",27215287.0746667
"17056748001fd65cb961b384",5160814.41609769
"f56bca5bebfc765162c8cae0",36033360.5590634
"5f4b0ec9c7452b888b33c3e8",31741156.0477683
"13dbc077e552640736267a49",4626569.7589637
"cb645955c851790e83e696a7",41015825.4334568
"649cca8c83352caf7442f20a",41976236.228473
"fc8836e71725949c5f3fa7f7",7488273.6289988
"4f431d80287051ca323f2c08",8838898.08007153
"42defcc69fa22e4c858f3c24",55819035.2973771
"291a2f9022933c9d81311e81",38706995.9013242
"d48a061a2040d851937413aa",46713065.298001
"55d2ad80322427ee3426dceb",50105003.1303415
"8c41bfacbc1a6ab831b26fa8",75328359.9883305
"c7214222fefdd8d2ad7f8f8f",5020657.33534599
"b3d9a095c9c73004643c9e78",51801809.4676608
"d49aeae19e13909e75dda2b6",265000611.379434
"dd10dcc52d2549df85f2a8ec",13482440.9632747
"6732b448d2e4f32679f235ad",194618475.917606
"f08a5c2992cfee4c0910f68c",35354816.9559009
"e3a62f080c25f404ca995e06",74422078.8199047
"7634d584c3042533942e2dc0",50081021.3763524
"ae58dee872922a9c678dbfcc",5192711.92378361
"5ec01e911785dbd5b49b166c",4590810.67665047
"9bc12d9c9ad95064412c3413",16799791.9427473
"7acdaa0cee1ee62e15f4490b",865114957.856817
"d76d5b14d0acc5295b8057e2",8523761.58015813
"32f3364ac1fabdd13db1cfe5",5702561.67365868
"8cab957b322f1aba06bae4ad",358324985.201906
"e3dc8b417819e9afe3fc7d0d",1362135.39653803
"c71fbecd8f7310c201adbf40",2554530.14417203
"54c9bffcdc46819f67e4b3d1",6600851.39551919
"4d94a2295f612b96264a0db8",13576889.7664855
"874f4a836cb74be301e068cd",10566978.664141
"a18925f908acda4171bfbe36",13467148.7916218
"a587c7419568288d68c46feb",3401880.04404189
"19994da77ce4f2db3efe6660",1745215.91540667
"9c4dece6127f1f3f3bc1e0f7",21986204.5941258
"09c28a830f8093802384071c",98497751.7497173
"5766f7cfab59c920081e3046",21986204.5941258
"964b7d9de17c1ce396fb83fd",84423480.4178787
"44f77a86369d6607753adc09",10404383.1487428
"7f25471be85adf0baeb8ebbc",9815880.58758294
"6859481703fb0cb34c1e564d",162106912.962555
"7ba0c14dce0cb09ef5735d9f",868231.279705118
"62cd6a29e98a5b7a5ad38050",687993.724861274
"9c6d7e6260e4fe83d43706d4",8138457.97724812
"5dbcb55dbba823dc31b041f6",5334054.04630749
"85abc5c0353c5b678f087824",14563792.9594753
"56dd1bc39664f8e9f316851b",6996633.04744779
"b23341faa7307d9d6009c6d8",7588510.76366934
"2af941adae2e8dfd66542055",2879150.56818075
"268f887f25d416dcd3c0c9c2",22926838.2001171
"9ddc7272fe43f07035d3da63",2934903.73339478
"4002635ca8b087877ad22d5b",2228638.45284125
"b515b1caa608ff42574e5a06",12752483.2111714
"710542343cece039a279dbee",36333156.0433529
"187a143dbd6d4bd81d6d9c32",15700189.6460116
"26db92c003c8e67d92d88aaf",20326702.7064975
"641ac8f4f60ae2b9cf6add93",189674790.222357
"784714647351cb6745c867b1",36333156.0433529
"5fcf1e2ab4edf13ec844decf",8205668.62928305
"2575d932e98c421bbb38b267",41204482.9220241
"af9d2f5f62bf74a7fa9c74f4",2951987.6263306
"4db8d529af9f718e6d81a85d",17507879.9620764
"9a3368605e5f563e29182f3b",68845977.3220008
"5ff696d8369101b6dc60e2ed",516863638.484485
"95ade3ab8dc04237acd6441a",15577177.8675961
"607ed21e896eb5ffb50d5ead",2520880.94666435
"40d9a852bbed67a6036c6d8b",7189366.33265838
"97badba651a94721af5df3f0",6143499.88374916
"b2f089146c30929c4836f0fb",13129964.7588237
"936307e2f478c3ff7b9652e3",202640023.759645
"b6d5cb459999de084965e993",17823727.0358823
"aeb66f808982c6308d891f55",7792366.85964599
"cf8418c60f4e54dfa09b1e6e",28006877.4961687
"1dcf71e8fbfef2c6534576df",8747251.27222764
"c78b16f05ef58855da0d4f2f",410078.048682114
"19ecf1fc86396ada203c2a19",4224085.40848079
"985fc7ab5aabf1831ce3d298",30101372.580055
"8aaeae6bcfcee5ad928ce28d",120049249.394799
"1a93cae134c79a43b13ce656",4965819.5781366
"ffad647e8ee35eaea6378fb6",44948542.8014633
"c21a3eaa136ef8a912ce7b74",438628863.409105
"fabe0f299a4e4bc6f51d54b9",11934032.0046219
"5af99278b1091dca9b0b0332",40569922.3563837
"3f0c845deec1c24472a35efd",44568987.5238249
"c10f25fd39dd36287a6cde73",6440979.51422939
"f37d31c512866b575780c4b7",30334336.0700045
"5d34f871e5a5cb3a655a0b13",8411363.174945
"95bb852a958d7b16fd676e3c",167821860.393844
"24857a7a80d5f13a52eeb054",7499164.99616917
"f9796e9d13fe1becef435e54",3619107.39009237
"1c2739878e452a340a4e8972",25583420.4985269
"698f3f1929a2dbbc69865b65",32754600.5698712
"bc230105784ca8640e499ca2",15022429.3410924
"622fdba953206a65224f2c82",21077327.530158
"6765fc17d98c08142d3d7757",915160.120784659
"6f35fcba4ffd6a58bce85892",30679792.2016647
"d8654c08e95b39e3b4891cd9",6806437.16321981
"33305df46dc2186c7e3f727e",46219239.4539926
"0cec193a20d720af010383b1",39196292.1549225
"734efe04fa6b326ae1d072e8",898301.906779297
"69190139558b2ef3eface18d",13161356.5880129
"bb084299ad23f245d7cc5b69",7150861.90800736
"d4c7b3372d70b898b167b92a",45476820.6509274
"4a119b1bbf04b4bd6051c5b1",8556208.68923503
"f844345b6224bc76bc3c6f91",46553052.4984607
"052505ca8210e5e651fc0b63",353540931.787061
"5731cdf8cac0b8371d786c90",72171711.2266921
"594d8d78af90086bf8cdf09c",211988555.286131
"fcaddcc78938f3a234dd2d3f",50000751.7981891
"1574958978c9b5d23d9521b5",60912192.8687595
"55902baa0ece72e2e8c869d6",26936211.3503442
"46161effff173111bb6c3a32",124613085.9064
"b3fcd9cbfd485e4e1da6c89c",10102485.9353645
"213ddc1761cd6b018349786a",27063617.7847699
"be3b1df5f008636e14bec3fe",9261548.67294633
"dd27922be5b6f730f8b4e058",13021302.709891
"cd2aeb1b2649ef421102def7",4926329.53049274
"a226b4af016a772dc7e39ac8",80688157.1736942
"dcef5b332fd31d0ed8d754f3",58587622.4847797
"481492907baba4574d4a6f35",6709430.67565694
"10e5e54ab66b58b3f41ec381",65633174.0054159
"d48866a153ea0fd23a858cd6",2170744.90378763
"d273a2075d28e343a657d9de",29962979.9229154
"90a711f776d53cf654614649",70493535.6333583
"f87c76eb5071c5b309e3ac3a",29862280.0364933
"74df03749e60c216a3e1292f",54458118.9662734
"03a84af05df0f577e09d60c1",943280.694746179
"78682041182f01ee4db04e8e",5179002.67613376
"25c76b5a1da0c2d8158b3732",65727380.9302131
"af8f09175265e1546200ff86",20677738.6613982
"c8d4ffb290aa9cea002e8d67",10735390.8382924
"cb89ad8156c3428ac80a4db3",31758536.2006806
"7602cb1e6fef087d8ee81aac",36439478.901599
"00c75d59ed4777481a50cbd3",21731549.6878452
"fd36cffb856c2a14982a5fa9",1126279.32170443
"06ccfa37fa6b011ac38422de",498035.817749062
"257b533b6a66b40d0f097c55",1576720.80902745
"736eef4bb36681acbcc3c41b",7768496.74486617
"e1a4437b17f7bec650d8cd97",3042227.65396013
"ecabfcb8ce9bb47ec3089c7e",3042227.65396013
"a5a46af0c9fb5c0a03855660",16838929.9949685
"920b50f4355cd2674ceee068",23844869.1067338
"410e5af026805ec8088f2e71",17835595.611116
"efa0c01632d13ab59f629ab1",505914.442756075
"5965d19a68a8414b0419bc68",12547089.864604
"64955a117f2d9264eb59fa82",12393841.6504226
"8cd46b5c9cbd056d3712f155",32754600.5698712
"65f736c3fee3d14c31a57d1f",3472762.8459062
"66e9c614882d58c022de7a2c",72171711.2266921
"8c787c1e6161b18601e6d7de",27657736.0299071
"29a115ba5b198689fce5f93b",2389293.27349039
"de8ee990e70c8e5ad167dc89",106245414.483089
"0b65098a19c2fc1caa6577ed",6709430.67565694
"70ea0403b722a1dae1ff9b18",45476820.6509274
"5c77e242474e477513b60ad8",11976856.3686659
"1655a92b20740a11a5889519",23271543.2367809
"1709b1446b20b21482dd2d36",233798887.239015
"e5dba7fa0cfb81488b0c331e",422021.374052873
"d09dc3a3270073e5f1cb353c",8556208.68923503
"368e740cb71b9175fe5b7b6a",46219239.4539926
"b8a8ad4c0215077d3e5aa472",13517150.3491844
"1f4a78e094987ce29f054fb8",90732419.9667675
"aae3a99ac764b8e9bfc562cf",112732820.700704
"a63ecc5539e8725af4128cb5",39033130.4012216
"a29e18f37ded2e901181d7d2",190966366.644515
"14ead7469d05e5eacce6a575",6985891.88837076
"1cbf39c44f6b0fdbf9554845",19156017.2588284
"9012294b64280c565a88a1d8",20031424.1342272
"dc0e9ce44b9932c6e48a9390",5029249.69246187
"a4f272acb4b3b4f5fc72e99d",21430532.6981672
"b0a7295da89516be1c44512e",67734162.5167452
"b638b937d4f62949b9eb9fce",17631537.1063752
"cadd4a6e1075b57f7b74c63e",12740302.9925548
"a88f4eeeeac5ccd1ba9b8a4e",115091859.979648
"29616bf14b5f1cd42786a91d",6223717.67488946
"f03f97ca55e9a43928c18237",23715103.8394148
"5fb9bd3aee2e1320dcbea448",78593537.4726447
"34bcfc2f0cefad790922879e",45165194.9995733
"8c9849cf3d20991e5126420b",6375016.41830774
"ca7b9296080c9fc9fb232782",35376469.8855568
"63a5989d0dad994a6af7734c",5369075.16568505
"7d25023ecf668945c87e0666",3847174.05966412
"fde3d4a4a819b1fa40530238",10439209.3703148
"e3338ac993873aca45755dc8",2407050.04045746
"bfeab1b12dd82efa96efac31",1755354.62065173
"2d564574f0191164ff1d068b",427030.64315581
"5529d858e9c9e3e92ce8a95a",3605757.70424258
"2755af908b841e9024718b3d",7962161.81181191
"623df36ea9610ed5c58dbd8b",6251760.13597612
"77924a3c7880310a4822e5a7",761780.0633491
"24fd0b7f75feda5db89a4127",8045897.66442795
"c2b9a3b2747f32d26c8219fe",1199582.58348951
"3c3c7861a9727bedf5e3cb29",166686182.999897
"822ba8fd3c7392bda84461a4",1001501.44759778
"4625168852b335b223a05bb3",19452522.671378
"b732ff1637ec53286e890865",9761828.87850624
"706bddaf0b87e4f076247450",70714388.3006162
"917218fe1425d2c222da1ed3",421373.491180945
"7ac0428c4b7197ca14f3b86a",65469635.6580797
"e828e83be8651bc2e07641e2",2567599.51459618
"4d069f925100b6cad0b657b8",7595541.11403006
"a50640d13126880a423521e8",16643734.5967456
"45e92799de1a5334c3d2d72f",668123.67947102
"93ca9e75cbeaceee69b4f0e4",32884303.7413326
"8fc4070ce12262679c381515",4098511.0215236
"63182bbbd5f94cea67de2d8b",6296168.14018514
"6e163c3a0e30e7bf1e909661",18596880.504205
"3cd016f68705e73b819cf74b",81385863.022233
"3da41d55a2b9f78c2b10c75d",1035550.61669357
"0eb8f10c9d5ded1b09f60baf",1545652.23118716
"330c37fb5065311564fd35a2",3044381.17624347
"b849cef46f19e13d3fc9d5c5",8128281.33807396
"7bc034984b19479f29886cc9",27651881.0728268
"5cae4522fa829a1614739b64",58042723.5855857
"bf6bd06201e60a4c98c8623d",6594760.5868931
"549ebb2f616d50ca778e92cb",987670.48178066
"448ad6cf4b43298a39c7b5e6",27028075.1335391
"e9a37a1a4150461126dbb6e9",13647483.5098402
"1d4c50978603ef41377af057",630110.857234975
"bb71a24bc5ea4051d84ecacd",188457717.918602
"286ab2411118455780314355",1523874.73228277
"045108344bf09b01b597e7ce",117196311.399812
"d714e15ab5c2d5a2503bffcb",16475797.2781937
"60823c81f0b98e8a57192a9b",6067266.2659544
"dfa988a524343181a0d3ead5",4105564.37020162
"fe8bcbd17b16ad023a202843",2292741.68898484
"69fe76202cd89637a15de1d4",2428683.45040818
"e7cf67cbc08fa04be9f0a3d4",9248626.9139812
"670583e7a2ec6e337429fbf9",5767036.57556823
"796935018bf2b241646a2dae",4014323.8535344
"5f5856dd16c0e5131835e650",21900906.2283107
"ea2e380226005bb55c724ce1",4268097.81820017
"f40defb11ff73ba4e3db7611",11394224.6146282
"a4b2dd2771f49951c027eef2",16530914.5980397
"a949ede7227c8f8587715029",23571653.3758627
"83f402857435d4fadb27fa36",19460909.6987175
"36ab522893b5f01caea4cd0d",27000354.4031961
"8e4875b7ecd0898571f0b1ae",50675033.363877
"7ef3f8bfd0368696369ac957",1117183.1489637
"73ec13a5687c542137eb9a41",18232454.1733152
"6334eb4a37d102ee00c6e2a1",3924470.98347842
"fab91f0b03598c943fa425dd",2622734.24308276
"c57c3c7edd591e16c0b7c1f6",2426877.50721841
"03aea1b6ff072f117ec733af",62610652.1595013
"91b57e8d6c41b7afe949bcba",3315380.34191605
"ebbc5fdad817b304af3585c4",11114367.0786382
"0232a50c9afca03cbf4277c8",17111772.7961222
"05b12b1916e51a804419c654",45977093.8031628
"95c9cee9b36fd1d68f647aa5",72702253.1581541
"3d31144a77cb51647f3deb02",4247097.67048531
"ea87e3259c2b0d6263d39a2f",216196869.126709
"61f634438de4a10a861f42c0",15493676.5696337
"c3ca43d0474dea2f2dfb9791",7587063.50813176
"a13a3638569b89ddf1260470",2328678.32999652
"124959d1429de095473bf5a0",14770978.4227974
"4d85bbc09ae56cd85a8f87c6",15850029.9171127
"2c13f29a8b9ac9b464e3a582",4930822.9754805
"70215712bdd8ae7585520550",1855039.16420012
"3352469ca509e8ca652fad1a",15432507.1157075
"893caa7433c200e0d43e9f27",7621670.41933413
"767cb14f03c909c595c2a731",5045920.30479013
"11433baf7716402e8c58bd33",207217712.160397
"e07ca567b0678126a1aec803",148805623.799272
"b2286067a73bc0049328b55b",1027620.27181358
"c85d56080167254c7bc19303",1893926.22053085
"5b9ef8d6defdaf13dccc5ae9",10714239.3810228
"f7972b1936c6d9e95d3f632b",97947521.4767865
"defd03ae7d0c0a44baf80abd",10659245.2420601
"6fffb7958a58a73b0e16f2b2",18363225.2640085
"5d86a1db39e324770ae58efa",5960500.97947753
"c56163e390d9e5a7a76e77be",4269852.51053524
"fd5ba2795eb7b5fe338d6b4e",6682559.27192937
"24d6d85cd0e2dc3deb2db896",5359672.20747178
"feea3a2bd9f643219de51c46",4224689.71196757
"055d7c66464d7e327711b497",14637256.5960737
"046aaa4162cd410e92b216d0",18018149.369977
"b6bf2760cfa26cb28fc989fa",12877678.3744548
"3a6262eed8967d695182e435",116653490.093071
"cf3665f24927de548639ee4d",15511476.9964946
"4c243fc50d5511a1288bdc0f",345562673.993825
"d753227b5c685e93b378baea",2169867.32335511
"149e49c22fa0eb163a36c932",2458366.79260945
"8baa01b8c6d29c82a6108cb8",8071859.41461387
"2d437a09b860d9d46644ea23",26106375.7615259
"66bd80fd26836fd426be5733",4353415.93312249
"a30e69524af9c1bddbc5de34",1661521.14782596
"fcc96840d952d32a7300366c",12193387.3547053
"659bccaa707b94f303610225",1273234.06839333
"df1c66d8dfb9520c6818a32b",7756548.43688653
"dd1dacc0c90022e5b40849bf",954094.925285391
"1a06bfdfaa9d9ac754ad07bb",3427374.61302626
"a0ecc8ce0592a40959bd755f",5701561.09831428
"739c2b9be0941e4c126d2f3a",24807465.5764676
"d723eb2516802250027312b4",43394285.4122001
"04cc75f46642efb1192f1875",3929759.18925849
"9f37bcaa95fb0044aeef6075",247478.696014905
"7be8abb5d23794ac47ceda32",587026409.870617
"c06c737cc0cef7fafa3fc4c5",6552182.02224931
"48e71c45f41778f8dca24cf5",5153579.61807829
"b41f7c1cb9cfbd188f8e0233",21151388.4748214
"32ce96d8adc8e549b90b4a8b",64811016.8687385
"c6bb4ca5a0c839d38dd8ce19",33160429.0977448
"1d91edf33a141fa2181abc4b",7789491.44618244
"aba4e24dcc6998e5020731c8",64811016.8687385
"00af33cff3ff7c6927306df4",9529260.01356987
"6d2328def08bae481705e20c",16692630.7121225
"7815163b8e4a54843d121dc1",41491550.6721664
"c9f92088dbdc0d81412968dd",48754436.0632043
"8e1bd01ce4b7910d42f59be4",44524465.2713811
"5fd89a857727753eae6632f3",3566812.85981514
"332e395d4ce62523a2e3208e",2858235.47855843
"4fc89ee51cb0e1b9d6459819",4804589.88426078
"2571fe181b6ab939eac19d2d",22604823.2280481
"af98a0e223a825cbab78ae49",4735581.11907516
"ae187fea3c46c3fbee7e6e8f",433613782.989484
"c681519ec1ee1a28f6a3607b",11823128.7822493
"bebcca3e75e747b5a01f5485",2268006.50463068
"0842a0730545c623043b1d8e",50386280.9284841
"973afa2d67c20297aa108bda",13544765.1711489
"64a9f0bf04f1c890cc6e31eb",311725155.68864
"9e92b27f554068b7dfb640cd",10612222.249614
"57b7aff18c444fa3c577b079",29978928.9739976
"6b23f191d2ccbebf9166926c",17964136.9987174
"b80c961aeb98d24d968c71d3",4348772.61301075
"064c1cd5e94efdf8c7262fec",9031557.14255127
"723078b6cbdf02c88286c596",407945028.863049
"e239ff5eaaebb287beaf76fa",24871614.8966644
"b3b30d8b869eaad2382c5447",3953165.61305874
"3f295e6c14e23cff1468bf82",11740342.7258586
"be78bb0e06d5768ac1908247",11851690.0226927
"4daf52564456895ca7f4429c",195215.061453451
"c832701653f1e7f01913660f",150189990.151977
"82433a009defc21498037127",17699363.392055
"b53d3d578b1d7d9e00c8a00d",3141400.66135081
"36fab4c38cdd91de650e6abd",8465918.44495507
"bed932e11a599f7cd4bfa31a",51897837.1548184
"1d9addd835c9fe8665e01500",23708545.9655193
"d8216aa4e029c0d3d646efbc",12026874.7522519
"c1b0ddd3c104ec4482d5025b",44152701.5256671
"bd0f754b0fd9b7af284419b2",10899250.2379697
"01e907d7672006fa2bba8b0f",7338004.79640643
"7ad046b20064565644ebfaca",637712.317488356
"1ac2b23683ba89e9175d1b99",240235580.36398
"ab4c55e78eb83d80c153f50e",562756.06695201
"2ad54bda875fcf8c6b675bf5",165286845.141819
"07e76c765d1137cdd7c2ff53",1833640.6318182
"5531b9663c5a37a2bdd97e9a",10210600.4301725
"c740655aea4eab7066446c42",451287.671475599
"3b6c37e7e6ff1c03ee4fe995",8786689.26147346
"1b5d3ddc71634099fa1f04a8",1578886.08727677
"1ad916edbe6fd38f40289a04",49667030.3746013
"a1368aa4d3ae850bbfd90bca",12471383.9785194
"0f728f676325ece6a001b4d5",4363062.79652171
"0f98c4e431100aa87e6fa6af",9421241.21557013
"91a08474a18644c43224c62b",8250820.53101384
"185dd9366a6dd1e820880917",3754214.3267597
"e364018f4d994cd15d4af374",113973386.221
"77348acef84ef77f6a076268",64025530.7962695
"7f8f506137780f4cf12e73b6",26921008.1256457
"809082a38e6fc3faa66845b9",29404299.3714141
"2072a783a44474cd0dd10d7d",19791670.2609498
"b71905255273cbb0af1290a9",61236266.8678393
"c7d5f021595b58c507f47d3b",2698605.3456504
"65ba1feafecd7efdcf214ed2",39893054.7013118
"72eb64cd02ad2a54b65083eb",41223270.5280091
"35d79b2ac92083bc439124ac",5529057.66103354
"2f7d36523df4a5eee3edbe05",14796045.8268388
"b0d20a04106ebb87e2cdea37",241375561.272471
"43650eb8b70dfa256ca64979",9331019.4053715
"311fa1bf3c405f9bed13b38a",37178954.9953094
"d12dc721a59af021e8ac68e5",37178954.9953094
"36f9a0ea831710344f468bba",37178954.9953094
"1eacbf36422a54f1327fa291",37178954.9953094
"9567966987eb1d3117677cc5",3024702.28653303
"e5bc85e227ed7dabfccbd005",37178954.9953094
"d1f39f86c82916524273bada",4817092.1104607
"deeb837c2c6bcbd01930431d",1082833343.02749
"57aa22792684debb8d4079dc",39896402.8001887
"5b0530f544da162b9a8ff772",9414702.55432208
"b7d66c5f1ad06dfcae5b33ff",31998282.2469704
"bc353a421fc579770e432176",193391812.49893
"45ae1e929b0fc88718151191",9837040.84656757
"b04449c499843cf46ccb695e",208858078.147644
"e4d89c9d33a0f2659df21185",13634422.4482246
"b2a7a8ccbbec39b63e4cd028",298756.94695877
"3be69554b1cb31ed5732a836",25730376.8585587
"de7f584df6103e8bf95f4a37",10695618.1412302
"0f4de499e5bd2c57fcc75013",13193226.0896478
"b4fd0aa09f993bbfb1fa8abf",26662946.8306867
"88a83e58eaf136a82ab1fe37",14558960.3493171
"379429ee3675d1adbf816cc5",92566261.5834776
"c6084b85c8d95e0ededc25d1",6382127.53840814
"8eae4346936f8c6c67be81ba",2398070.60268657
"a13fc9e9b4e47340a5d53bcb",78114556.5715429
"7b8a4d701066372dfbdffbec",1601029.80457887
"a62a6094ffed3ea7a54fee73",8424336.23787333
"bf0ad098fbccd3548d834ff1",26662946.8306867
"0a231779f131c36d8e6910f4",25161385.9929502
"51ba7338f5900d8ef12206fe",6224376.53912842
"81b14dbf863114fdddb38579",4273787.92202384
"adaa406ec9ac311e9f9c0bbe",74136459.4236177
"4cb11f32806c0e07b4251984",24894538.4142246
"3fee486268a1451a7b9fff7c",85974048.369453
"5666f3c36f0ce4eab2c39299",5371205.6534905
"8a8dff62516671aee2250cb0",16921513.7710015
"ee4fc6a146e888e993a4412a",129300349.1841
"5a16b30f4d580352710e92f1",76164281.7805117
"424bb491c71e913e900db76f",2709149.30275801
"100bdfc998bbde3d00548bdb",125633084.657006
"d793efed9a723e77ca8272f8",105326958.033683
"725c029b7c5807a4b0ba2bc9",62409513.8175674
"b6d3345346f43dba053ceccc",6883622.58002077
"888bc3c4ceaa108e048ad28d",20062089.5239403
"267e000c89d3416e551462c2",23750321.2141357
"0ab4a4b8adda35f634812221",33517541.8913092
"823ed628bddea9b56792d108",129372876.045505
"a189bd7e4eecdd18ebc7d353",31716464.7445374
"da16828139a19aa11bd94ffe",28077050.8317852
"874102a58234cc7888902d42",6613220.17704832
"789e5d19fa507823cc4c5296",212069033.438542
"174bcb77be3b7e408e61d7e1",37802994.0356758
"31a1492e589f317a58a79df7",924413912.403908
"0825f2ca4baf5b34231ecfd2",6056542.36080239
"ebc96ea800887a647422b8fe",74357803.7624774
"969b956eb7769b6f509d3ee6",93100289.4208717
"6ef9135481d8fc882a1a735f",81351719.3191635
"5f501c4532ade3f412359a1c",90636250.5223579
"c6d075772255b1efa52317ac",105620673.838266
"535bdffc5b79d62aa6179c48",201992504.835503
"e95653d504208e8da19fdd03",28077050.8317852
"e4e529e778dbc89f854252f1",9924372.42093441
"ec5866fcdb9afffad2d7f5c6",15671587.6078714
"814694a725a50c306d774342",19860759.1158934
"1cd6531d8539468cd5f4b315",12765770.7224138
"0c3e734afaa6b7c370754082",76164281.7805117
"f80eace37237614562f942aa",124781477.44313
"3aee70815bcf6effcf0e5fdf",62409513.8175674
"ea21ddfa37d60737492509cf",9693956.85444261
"67c78ce1b8a64f36ddf90cf6",52472648.5762399
"fd2efcb61008dc9d11756381",30737661.5657975
"f51658b9fea670bd943d6db7",8296339.56148051
"b83b0a53ead29faf9dffc0fe",75022089.278886
"c1329245f57c5d9019105382",5839464.47184831
"98665b825fb3a06b914d39cf",69836039.9821523
"24e90a7d9a2bd0c30a4f661e",45339112.7276091
"6e64677f8d730e1f9ca240d2",19606100.3546573
"a742819d8e4cf8fdfda6e094",23982433.5245269
"ed75d1c40109eeb51fd636f1",17300177.8661974
"cfc2ab56604b4e3734d7cbbe",349236825.713866
"ed5622c308bfd10602e939ca",235643381.289449
"5f537d233678443192d22642",111913359.043894
"aaa79ce67339dc53b4f41dd2",3910673.62442772
"5f467c6c80023b0174823d85",17783928.1519654
"46fcc0d53b263beae95b8eb9",77040478.5756183
"2bd47c19e5d29a3157fb8465",57721676.743861
"9c9c2f05352c92c02d080e96",50742930.5883584
"cf8fb8db6f74c236cad0cfcd",33704351.519927
"f42a53a05dc90e617e0e4c38",2923882.65098216
"bd612d494e2f21051556ebe7",151296649.913218
"ed1c8ac25a3db5120c92525f",3975953.02497008
"2c30c2736472590fe45277c3",15792061.4060756
"bbe2c06e6f90c4234a7781ab",56561852.7867108
"b527813993b7bf4a10c05683",113498734.619164
"2f610d2242d583654337d468",14767598.0010107
"dc25c9240c67effcf655b02d",4488751.98219137
"c35f5ef73168d03cba1b1f4f",26582513.2287544
"e88009be52bf5803ba3665d3",5369295.34521038
"12a63d4fcb56c1d690e1bbb1",5984799.92555937
"1d58ad85a82f7731e0f198dc",1742328.96370872
"a2fdc7da13d098cfeba13b76",4909061.41056875
"1969ba34b72e61337246cb5b",8062965.51673163
"8be43cd8653accbb8fe8a270",12339637.2403495
"10092cf2f8afb3658ae475ac",2751166.68639484
"0fd313e5a0f02df07eb6b104",8088218.66470294
"9b5f013e795f5fa610d03238",14704133.7719218
"b1ec4b8badc955f9f4fe2131",8490643.94460235
"e491adef93281c097ab08dea",424596399.599234
"9a65fe451b30c59beb3d62ef",7919072.89705695
"0d3245463127143a8a52014b",4401805.721204
"a0e3198470f97f6a169044b3",4885382.75723922
"33e4901b6e72593513a02207",4677942.21522123
"f45234a3f0aceb12341be024",84665848.2452289
"a71d53ec4fd0d64f8c06da2c",145570240.549531
"f1b30c4ea99f19a81d12f73b",5499634.24070448
"a52e2c893f85b49e2499cbab",5779578.90904184
"b2fd7ee866066f3ae0dfb3c0",7789922.31909874
"5acc9d767e3117bed0fd8464",51701127.2451534
"0449a82dd1667c8c564904f8",10905821.4378073
"a0a8d63b5f43b87c0c7e1fb1",1688185.31838769
"03de77e22e987fc3fed4eb78",5954455.87020539
"3fed1dd17fcfbd2b86e73143",15571771.3842255
"04fe204d03bd1c9876242ccd",25448465.007824
"32bdf33933c29b1cbf89539c",767543644.878196
"3f6c05c97778fbdc86304bf4",24618403.2738374
"478e13e8c1cb5bc80f1080e0",37840362.0998798
"3128a4896665d38feb72b456",47033666.2546956
"fba6203abad5f4b3b721f29e",2440799.36231289
"b25f461b3d48d833a73316a9",2939121.96897671
"1282e129e1a355b161621dd8",118035318.362242
"293320b55fad21ea3f4a5899",10718817.9759696
"de2f5db1cd1024a9734871c3",61517813.5040555
"200897b1f8bcd7c116a85306",141518161.111794
"7023f5a68e1ce9cfd23fd021",4057384.83341266
"13faa4142e9d60412abb4184",33215057.5004554
"d74d0241fe5222f5c5b67222",26495044.1886562
"0e51111c47813a0b0dd51b64",5012031.8593856
"25e3793214088669aaaa4ca5",38729889.2669007
"43d7b77a99e86e8bd21a19ff",35358053.9342414
"38b87cf007043b76670207d8",14126270.147906
"8fedbf13ebb7cd3475fa3074",43585153.1861753
"4be510fa977b93e34a789f26",80507526.6336124
"8f165174bc07c28f9fddeee3",121720622.65052
"7ff6f389e364e67c4238df8a",76453192.9566913
"2c91099736f3158f7f09778f",5374008.3267893
"7bb1bc81e6eb3b4390440165",84102043.8793094
"74e43ea3081841278c76cda6",43925906.5996364
"9b948f070b94c18e00a857a7",3930729.96614109
"99340b6cf8f818392d501e9e",60513031.3010418
"b27088c3ccd93e7d8d5571c2",16341440.1945728
"4b45cba0d601f29c2b7db97a",278961601.571539
"362212de783981c9ddb767bb",156284026.527965
"5aa78a2bc8ec5e2be315fbcc",5560955.57561969
"92fecc04105a999a622ba3cd",26606201.6673742
"5098115b26f2473c812b70ed",2058599.84152724
"e9860f6b4c3e6699e62f6c31",6240317.34397667
"71273ae563da6bbc66aa87af",24998504.30755
"6c6e7af42a6ddf62b04c35fe",180792976.645345
"484922bbe02cb218ced0e779",920968.395983717
"76745c2648b66151008f6399",60336466.7989412
"2100201e0851e80488371b67",57195412.5483237
"5885faa4aac834118c5e4351",63296872.6906736
"f340405bd7f2c4bf524c50d9",19587149.9148817
"1951c1c8855fed5db8031e5c",38103919.6597006
"7dd96ddad0fa88f5c5978e39",5415077.7668105
"db7535339826028d0fb3355a",16823777.2575894
"4317746d5b88142780e6897c",25488784.3629762
"5796e37eb1a995db5cc06eea",11407141.1889524
"817915cc3582112fb5541a49",79149544.8749506
"ba524c4e2f13109ce814ea38",193754008.409867
"c2439ab65fe194d1d60eaa07",210870693.436451
"92e4dcc5911b42e7f70311d7",9529750.76797488
"6bf86a580c8b510b7447071a",4975632.314044
"975482a692bb98df98b2f243",3840421.78424346
"336888717766096b24215b26",10017598.6918567
"ad79f4fa23a28cc84487517a",55964764.713314
"d925c1d4dcb68990c7204b33",21450080.0952996
"f4658aee77fa0e35a71da7f1",9304574.25999295
"210d58091ea74bb902915250",49972911.842832
"186d4731b3af01bbe4d08b23",2853058.37806799
"b760fde2d4df27a168ce0e80",8830607.41152305
"2e653d2567a47067df169d97",28642400.4791797
"8b63358f3cdf8df0eb1f43e2",47043714.8030491
"c09d691e4c7d7b8c8f6a8370",19797711.1210991
"4502e2809bb5bd47b2781212",22207767.7101197
"d03101c7f823dd7d17e49a83",43024982.2988984
"f5dbd7dcf63b08f711561e58",3735258.12573716
"9855712ed7be7e865656de13",107522614.001751
"5a6397b85f45fba27dd9311f",1190329.08836896
"4d1b0315b5aaf21bac150d96",11663785.6864698
"32c7a2d032ee21f8bbc6eccf",64587778.697213
"beae197df95b84881128790d",5403687.16463096
"0cf7a6d43221664a060ef681",7669545.72696567
"c431fd6dbad57351a497fae8",82437774.7520534
"b1f8fdc8e3e25517ab80c065",15187453.6105254
"7b346d5a5f5ec7165d1f8644",15562804.3264207
"947ba86487536d611f548142",2228638.45284125
"8398ba3b03595704b5897704",761995.134767694
"3f895518a7fccca44e534578",424596399.599234
"232e859fc353dbff75c97cf8",84665848.2452289
"b234ef225690d57e7c2af4c0",4885382.75723922
"393e2e7ea1f20eb6b4148d60",13279720.5281826
"668db5244c4d5b5c76b0b395",24815084.7004336
"646de9441934226c2ffeff77",51701127.2451534
"de53880a3299626eb6c2cdf9",5499634.24070448
"07f10df13b244dc33b464582",40276399.9063986
"e4aa393309860fd5e30f49d9",2662050.27111587
"8c714badfcdef8ccc73df9cb",16448448.7486699
"0f8ded86be8d3543a5069b6f",505122.834484481
"3e9d73530ff24d3f4a543091",11484028.6984459
"076ceb408227ab2563a663d0",5082601.37791468
"e0ae474a5307ef4057da4994",9422840.6449692
"d41fc79d800458b1691bbb87",10841197.1183924
"dc8262e1493ed593103acfa6",6256585.37087235
"bd6c24498bf413b6c5adf81a",3227569.18524933
"885c77c839d705ca7d04d383",7603114.52493598
"b8896656cf6f5dd7c33ae46c",8359471.08690144
"34a9e3ca94ac06347d879942",17234144.2820596
"ca3b5cd3505049f1471c47e8",213922774.464392
"8c05c66be6008af7f6dcc10b",4933132.39415783
"565fb93190cd34ac8b01f01b",4933132.39415783
"6c8119e00b901efd2dd40f0b",13989443.2960215
"34c92caf68dd0cec9fc383ef",4791192.46125501
"68939c438c34e79a317a4f3b",47456291.746673
"dfaba547699e319462abfd6d",6686856.04470176
"dd1d2e305d37d9dde55393b0",6641896.38651055
"c32df77def9978a84f8ba7f1",6206067.13059396
"62103a85a8ddcfbf5e40e284",5142395.77317021
"93bcdd2a8ee1d5b61d00d58a",21182273.4518075
"9700892d7133ff2c0d1763e7",29103886.9009445
"fca6d7455056792cd61e2ddf",64544552.98279
"4e84c5953b493be7ca96103a",28032102.5602557
"42fc4101da60fdb41f41f0a4",6350786.38196473
"12d40725335f83e2fb9b937a",5187890.76332873
"2b9681901b216f2174af0089",14108094.8380258
"9ab74e81283becc00a779172",8906863.23374369
"8f378dc1215f9213f187c02c",2802270.64150961
"4a3a6698b5490216e8f8e6f5",11973361.7403846
"0dd795526c080e8efdf8eb0e",14296412.3665826
"3e7217f628a1d0fc9bc47071",8038688.12042484
"157195fb2358bf2d5051c439",500955.873915391
"37063e689732880621e4e733",13052136.0008783
"3bc68bc2d6a2b81f9e3b9a50",351428536.08206
"ce21f368495d385fbd98de73",27960708.2621795
"1a6af7fd6a5b0602052c4c27",15871932.666423
"e38259adbfd953bf085a69b6",191824616.397651
"0cb6801c9b57e874102ca349",4362154144.09226
"79f1a5bc0be914956d632658",13426676.3565796
"f571f85be35a72b2ac358d27",1236000.6386612
"163bec92a997aa8263f5a909",12418758.9283563
"9ce3000cd80aeec2c5188e8e",14142931.1857339
"6a6178c4cae2e92a08b0dd0d",6315743.13438383
"d52cd6eee468311666218625",14702282.8584019
"8eccd2a6352c33d8c7abcea7",68551940.0220446
"53d3e32b1dc782308e352a33",19986161.9530779
"be26f0523e5cb13846539384",5708813.80469767
"ad7739088e8febc68abb42e5",94956810.8915899
"add4f9dd26fa34829aa25eaf",8700452.99477953
"17005d6ec889a947397ab980",4533312.31070357
"3fb3a581a9a74146dcf9b71f",3589224.54002338
"51c4a8b438bb0d97f712af31",54742738.5530208
"0aa1332c56bf357f492da2c0",6692776.59708956
"6cc06c89c226a062fc46795a",8450003.95470938
"682b38de3539b2a584446922",3216102.3212941
"1cfe9cba4c2015e7b58f05a0",591248095.637104
"17d34f9cb105ca5010191142",3311945.2536262
"1fc0faf46f3b533f2cae2c06",7616184.6080774
"12f9e1f78c630defe302f781",8696437.98056856
"87bd6ee6f17d2bd5b61b0ddf",31257042.8370785
"fd4ce3ddaf79d1b97043ce0b",8919596.70869069
"97aacb0847561f45a5540f21",45521774.2530752
"a6dac56445613d70e49647e5",53317681.22645
"8b1acd29eb268fd684036180",5034053.04733436
"656c13ca7a1974df58e1b826",33704351.519927
"56f72c2d672b7bc3c264f7fd",26569587.3317515
"3771c66b9ecd6db0b201d4c4",5843492.20915381
"45e2395bee937c187e3486e2",2031266.24359504
"7c6880b05c212c66b8961b71",6848394.7609472
"e0ae8d2a51c771aef5f245e9",8899102.87493666
"3573093e56e95a982a41879c",6763562.57945002
"0920b2df9df4f0e509a7efb5",913812.692231609
"43600371d44fbbc81f6b6fa3",9540717.5373082
"2684f67bcc89c8a5b95e5592",11866098.3529776
"ca463fbe3e5cacc152aa70a6",5843492.20915381
"0935e87627068206f6d9c0c4",49972625.8963548
"10afe23f1f58f96422c97934",2087517.28376301
"f3c8cf1fbbd6cced1fba0930",425580.862834664
"abfda926d174a8da1d946e27",14119104.9356457
"fc9fb2f209a4b5e66f89712b",12651794.6336434
"15d10635d71919d0c9663fde",10786497.6742937
"79733fdf8881b0d25412abcd",33854729.3985449
"7254c91fc9b51e76c6fd2a99",9371114.09731879
"b732021729ecf88d6297b48c",46534232.2087639
"edf4e11d1f1aa6f8080c3156",10749036.6081319
"0706ce398b2bd64913e68d39",41747161.9125746
"ea4a797b3d73d1b2cba9d651",24292128.3128987
"6c598362e322971968739673",26737503.3800551
"130a119701171ed3c439c527",5930970.14227976
"849c918d78991c57f32f2031",5185917.0631521
"036fc9e01b2b1e3ef4574372",2192579738.417
"e4ee1a81aa121aa5f55e20f3",5065799.91712222
"de926223fe4296d96466c685",11986614.7472679
"340ae520163a220061bd7f28",10991985.8039385
"11e36a3effeb0119b8bded5b",659678016.827733
"2492a7a74edb57f784f6361c",3319657.84320518
"1900e7808046a5fe89d8e440",28126362.5908573
"fba35c04cfb7b6db50cbb57b",33561874.4229881
"daff79365fd94d1d3a2bbbd3",44057557.4786499
"51230c899cea0054bb74cc44",953118.197458913
"5e04875f99a5e4476c0b4186",2262674.64698746
"542db19bc6b9a1366715dd7e",213091207.22621
"a117f625c794b7d52ec67cd4",27646185.5474916
"4c59acda820b7b75823fa277",128243727.250711
"f040a167241599987e7b0967",621807.843483943
"4a016eba4744dd01954f137f",15101835.3878318
"0d995f0ad226dd21bc96ff6b",16945026.4561325
"3d44c742b1aa4c022a968ea2",17868453.8856114
"e47aa2541fb576b9915fd625",13171251.0037757
"61fe9ea90c8a777971db8384",11659492.8238622
"4a611bd82c9216a3771ca7b6",16556979.0840935
"0cc5caa9b48a835c92da7653",20836418.558534
"9a7f24ba55c92696d377bcb8",5211981.76406175
"32366fe92222b329e3d03b29",3155449.67345329
"aa26461420614755c2a52db2",10274287.2958128
"53a447ad5e011909080c0ecb",10135528.3181921
"9d790c8c474c9de2afeb00a2",16357219.2324163
"dbf200ef5f1e15211e2fc6d3",112888603.290627
"b96c9e2591a4cdf9c4e0c09d",7394816.95831441
"78eb6f51d94a61a967da24f4",15621748.75257
"fb338e93dda9159476b8382c",53587345.2233693
"72536bfda19f78d370d95f26",34859709.681597
"7c581e2b9daf20131803eed3",6461731.85259728
"50cb0ad562ab5ef4e06f84ed",26803524.836197
"a24901956dac4ee0e4b0c91f",2504213.37658516
"c1b386f478152f9be1f546ea",38204128.057857
"1f34129d15f992a3b62d4b21",4251656.75719624
"299117d35bcdd48afa4c2eb0",25705899.1861642
"4ff6c53c0bcfd1d24bac7ad5",13107345.0134187
"2e52008bd11000eb776bd80a",7554947.77917561
"56b78bb57b2d1f064c47891f",14774697.7805152
"ef64a8989a6444cc529dd1cb",676556933.300038
"078f7c6532204fe046b13d14",1259502.62022163
"28c0649dd8b294574a876e95",9852513.43929517
"6b9b9d28723c7ad176a9306e",6064159.87419315
"a640228932682c0c04538ac3",6846083.12825356
"b19efe9cbc26d61daff5ae90",4401944.25372294
"dc69d70e4d2713fcdfd93dd9",1259502.62022163
"358e85ba765ddde3ac31be33",10663698.6385159
"5e6b2661bb7ba0ce4776d483",9246527.94984379
"0b6dcb5c1952dcea931e2c20",4499672.74278949
"cde84d2435eb1d0d4ffe2a43",20382025.259789
"bac550d41b2cbdc6a110ec7c",11068608.1566547
"78fbb49efe7dc0d8e144ad83",19980254.1367167
"606affed5c707249158c4b49",16807067.2922949
"d44778d36fc789f8b8c745b4",258741927.844829
"27ee3504d1df34ee8ae5dbb2",160914122.203102
"60bae7a45a084f117eda823d",8901445.5526909
"98aee6a36f208227a992f9b6",2610598.90264367
"388a6dbda422f886e503e685",3845171.3338293
"2869a2d2689af65497775b1a",3189613.99081717
"19993833220392781bc15279",5342158.62208608
"f0efda3f7fb18af1b44d6aa5",5733825.33188561
"cb915d1ef92dff803c5cceae",31233442.9919439
"4bf02d040efe5358d4a5940a",27392769.2989717
"1382140d8fb634851d4d210e",35245876.9914679
"b8ea07763f2e1a3d635eb23c",29133322.7439195
"8ec00d454698c119085cbee7",194108367.132922
"30d5185ca2ac2fcda2bcb79c",185579130.413366
"d0ea7bcd8cef8588ca50c778",26152026.8966447
"fe6c19c6f54606a611d412c8",1139275.19510647
"f22ae3d17c92427f5227cbf7",2747527.37639502
"92b3b7d8dac6b2f6d5fcfd9a",38321919.1790507
"8c44d216517f5c59e2611aac",117190946.701218
"b85fa4bc59149a7a25447537",4375730.41085907
"99f10097f39b32a478877340",191576347.108793
"44f8d5ab70828e06198579f3",4589388.00221068
"1f674965c913f9fe282d07cd",16844680.0465994
"60e768892afb284b0e5042bb",17777518.3988094
"8a6d013451e46411d35c2b6a",4132496.10495685
"6f953b9964d60f6a74c81226",7272815.17957289
"05076b448cfbf9dede72904a",5992327.20611949
"47051c25acf866250b5d3ec4",8815394.41627978
"0952c73b02dd5432aebdf2c1",1073677.78426291
"cc3ef2f4fd5568aea96c257e",2241470.13111813
"834fe4a1e9e4efeefb5aba08",17941229.086795
"104cd052884247b14d697673",10242023.188967
"8bf61f106e60d6be03799de7",4931594.22926577
"c13e387f56342f88c993f0a2",2867589.43034016
"ae664789baac0c47d13c3c19",6451461.16100947
"ecd1e3003c5d74a3c7cbdb11",82322286.1037382
"561cf254aba002fdef8258ff",2236857.59732331
"98799228c26c9e4899bed65e",2657108405.83044
"03025756be203027ab75aaae",31377224.8667659
"8997555e7bea06f7b90ce821",96839270.4192717
"e91a3f962129068a3a76d209",10580753.439631
"4bd0a354d75759510ab6bb46",2847089.55926265
"f6c1705a83c039f7a7d46255",2383289.86140132
"0c4afcff5f5a90cb79807682",26916387.2249484
"d3222a7545e302bf10894658",12028044.7207541
"03463535ae93b8b123eaba8b",2754658.44399833
"360e5cc9ee1282e5a6ea17dc",1342044.78972863
"07f24808e42c9e11a7c20232",20500394.055383
"b80d0456fba49a40fd774e5d",187147052.523976
"f865411c20924c43a080794a",34825351.4913399
"c578eb2dffe903475aecbffa",3726946.04262263
"d639498fabe1db1236656593",2150762.86994756
"e6e3bcae6ba114caf108049f",25979709.4488732
"7dd9760286606c45e6a15926",863565.605149309
"2c5f07a9402cc93f4c683759",9035158.16283862
"e3295e732bcf306a2d338387",392923.629279231
"240ccc45a242f80f817b04d9",1667645.60176676
"a7ff59863f8719590146e71c",1917589.40558371
"e6477c2014ad081d22f12b9d",893321.27768891
"807687fdb46614d9aa139b20",1265767.76210992
"317d8f9d18599b346639a4d1",22901882.2629244
"b85acd44e18ab485d3ac543e",721511.298825136
"e61476e47d7e7be706d23fee",1841233.40838276
"270a97e07eec2be02cd89a86",732686.859927467
"4c9dc4494a3428435457f575",1182720.51690226
"26e58d0b13e7f7f5a54585d2",3784525.10459021
"166e1e60acca831bfad07736",7217704.33097499
"aa25d9f8737f142b8cfa970b",4258750.27643078
"44cdcca08e1e66a1496fac6a",2716587.4777075
"d75b7730e8c291ed41d7caf1",104910724.152723
"6d1534800bf0ce97197efb6f",7539559.26900157
"8b13054b3318289aac1f13db",2070948.16839419
"c6cb6ccd3f5876c9b9e29685",4521529.35507709
"0356797c1683d002bcd94899",34603540.2007429
"558cb38bcb8de04588bdfa30",90319062.7123254
"0685f2225b939147c8482e6f",6078241.02126309
"cf1ba56710023ede80a8381e",18873244.5370812
"2d4bd56e71f90e6fb387a2b4",600547.672462013
"b96b8e1d636f0c10c63e5c6e",3837738.10134067
"534be635a841fe21c7a702f2",133842899.269264
"dd5b4eb5d20b8b9c813ba52b",30665575.8509472
"46941e09b153ec19f86c0c2a",7984860.13237097
"9f06ad3793ede2ba7f39de43",46958639.224726
"b3df8c66475021fc04f107a6",12455242.8716606
"468df200fa490e667bfaa31d",331280153.424272
"8130ab67c5e0d96a9a67fb12",2766508.19685044
"f7ea437311c0d217b0d572b2",2003970.65531333
"ca0b59b35225b44447967ef8",1052992.31406341
"90961073d9887bc1023315a0",14122498.5304062
"a1421c30fb33a249bcd54394",3508076.97569604
"c87d9677bed80b0fe06308b7",4505143.08254084
"d331a4d58875a393080fdc48",1296070.07075647
"2f3281ef06475d2114fbf9a7",6236301.55615263
"487ede1f7f155194b69c531a",3413882.31396333
"04308f869d7c992ed3ea646a",308843013.379668
"912471caea3c71e3f9f70877",8411363.174945
"1baabd705f72393167dba5c8",10088256.2028799
"aa4c66791884ea2a8357924a",2520880.94666435
"1ce08c19161bd0545eef8a16",7499164.99616917
"01eb0a2c1033c30830161321",69605184.2843674
"b2759de47d28e8cc05c94e36",2671653.79283545
"bcdea05b890394a10d24601c",9769726.61703808
"db9f66f68aa772fe29e37edc",138389479.151435
"bd094081331ab259b1076261",410078.048682114
"81e7c8c1894e0c3a9315ff27",507659.188580443
"7cc9cdd32c209a62908a18ad",19361500.6487656
"1e18024ab7d931bc7ab5873f",154197453.830905
"baa146a6537e8630180fdd35",8361703.60456625
"8b788f742021f2438ffbf528",4775582.01756219
"66d41314804d77ea0f440695",4317696.38793957
"72dec1e6e65f6117e10a2473",2815619.16953536
"4066da904062a0041a809b02",23961309.6308802
"b7570bfc5ddc7caaf610908d",22725045.3855657
"f6c6eb3fac9658c4951c4222",22725045.3855657
"5fe25ab9cf4ea071cd6287dd",18672052.6297196
"0ef36d33e6c378c946b8a65e",19451001.5184135
"991a94dd1e99de493672da14",22840242.8741755
"798d87a368f073efafead25b",19451001.5184135
"9e8cbeb53820394a460f0879",23961309.6308802
"7b5582907bf47bb9e873a513",2141393.27745695
"0f21ea53a480e4363b8d7aa9",4269799.57423062
"ee667413d1cc49427ad448f9",4969671.25586115
"12bb70a95996dc6e286086ed",5733262.13474582
"9e9e3655ffa5921889cd8ae1",17871044.2575579
"f2bfe55b6188070fc5c3f59e",414758261.323626
"1f00fb18ad48b32c666fd319",19155542.2810738
"86f15ce6ea8e97837e6b9383",202691435.468274
"7002d00c9acf8b8a4a5865b6",89731988.0881566
"3e85deb0237521f1a7a8fa84",29414508.4768303
"1bf77cd1c4037f4d2ed28036",22696499.2487353
"ce8e1e2e4a79fa55a8547457",6651759.72742126
"73a8efbc036911954c07b91c",167821860.393844
"9a2051367d6dcbd90a4d60e0",3619107.39009237
"3804d5b313b742228ef0f1d8",45400639.936182
"fd7b741b96080ca5b964cac4",58671716.5397924
"c4cf9ab3776289a412684892",20445998.10247
"1c51566c7dedd4a46503131d",275533385.403012
"62259b400be228a30a655a59",21150460.6045205
"e5092b4a94f1c231a0c47680",41212500.0159049
"6f435cb10e5728ef45be9f29",22680963.409218
"04a071d777e60627223e28d4",5279417.08050866
"1117078fa37ed101e9120923",7192575.80379263
"d56fda10944b088d9cbe1162",5005406.59564158
"e01c49250329331a442615d6",18242785.46631
"30ab0bbf876dfa515b266c9f",2883217.17987667
"6aaefcb58913bb3f49954b2d",29884444.8341889
"629a6122db92e378f0eab96e",65768262.638761
"a8549fa4bb56a2bcc0e15b11",16618547.8223077
"34291b30d129222905ffdaba",22325452.3276076
"cd5658fc146ae4b5d78fb565",15500474.9845728
"ce14bec246191176c16c4e27",3080149.87754873
"46529f0455fd35b2f4a489d0",13190860.8780004
"52b3823c59546a6ff3de4d09",2782725.98146825
"959b7ea50d93bf1c36e35005",34270266.3447571
"5c6edbdf110bca5a66a51585",16618547.8223077
"d4f6cc3cc6e923cd37d0fbb7",10521004.8349616
"2865962bdff8929888a51341",13797693.2195232
"105bcd15e02d39f70ec2ecb7",7695467.24544554
"b2357bf117ecb5b9082871ca",2782725.98146825
"273cb73a7bdec0d291e845f1",5129807.48716918
"1f4cd62152d4940990ac6a9d",537089.558665067
"a13ff325f90eb49363f59052",29393028.5977391
"40871d7ade3e592560d0b3e3",80507526.6336124
"ad2081cd75928b8f5e506944",4482172.92638816
"1508ebe40f90f90a68f6dd69",5221563.80824483
"d3cda82d1fa53a7ca1b46a33",898673443.775172
"dc20d46be2470d85ad9e7e45",151403171.738607
"0a7fb26822c2ca556f62a257",15500474.9845728
"40a1cefb3cbb7e2972e30d97",12164814.7239994
"4c3a2b3e3d5999f747ae0d53",3420569.61697554
"a8870552db951bc4e76e7f9a",10353704.3249362
"cc48e66185c23195cf958612",8984154.53766596
"09d4b5b5c2f97ff88215708d",104384182.634246
"a59320023948e2d915c07306",14208687.997082
"a74214a0d4d40b898ee2be88",2916274.57083146
"dd9f28d722d43112651786e6",30494212.9841831
"275360e29bf3309e09ec41d9",2242064.4717345
"1e21ee2ab4ef88194cc85166",1641213.49890649
"268c1e17bc17dd646d1885cb",2213301.48191517
"33e22ea4154e8f71062dba8b",5155880.27494524
"5b5db88fa09ecd8f4b9cef6a",627285433.245866
"c41dfc0b917edb6e6ef7b1c8",5723265.0342029
"3ba6b07e752fa580f630eb8f",18452439.9916958
"fa6db64bd7cd8b0f1c0e2453",5521422.47618723
"2422ffac7337b402339dc550",2788038.67503328
"dd6d47e2626e2bf24f842f21",4788616.10441451
"bb433dc1bd769d684d8b3352",8491372.73369351
"812ad0d57e4291da184bfae5",401979.242703126
"51a0a1a680770b625579e25b",2447741.18816723
"a91fd5b9b1a791a6af59b70d",32914047.3329129
"094da6ca19427f1a943105f6",3249045.07756101
"7af0a604d1901925aa179436",7669882.18978956
"890df90091e14d1c3a1b30e8",6586036.87768675
"aac17b54a68bd216e2bd1d45",4295255.92347097
"fce26c7fbf0bc93937ea5198",19011004.7048307
"b4245f075bc41aa29b55d324",17970374.1059517
"bb70d80b0c6ad3022160c8af",8002950.88561807
"ac85c8f7605ceff58dcb55cb",2257831.13892798
"520415ebcdd1a4059d18e2fc",4599373.53463706
"81547b223494084af3e15bf3",27349020.8149808
"a0f1496a0b4a7cd8b850f010",24523921.9909692
"436fd4dce2ff0f71232f4b6c",1626580.48794133
"3923f0e655615aa6b52721b8",28684169.0218018
"afe03b938be9cf14e98d4a0b",67788445.1745462
"0f1c472b94feffc41f1caa44",1979032.0125412
"5b76ae185e6b41243777cb4a",697308.1893898
"d70b133f81d6f1c9d93e2ed5",1004788.57525956
"865459f5342a0102d255fa07",3888798.06548766
"fea5eb95dfad452d6786b042",483775419.479919
"415622d0f7adb1a9f7009a63",5796558.20870102
"543edc342ad39b149501aaeb",704570.358420356
"89e1d01cb5bfdf567faca443",27990002.2163096
"e86b99e5dac8ed0d8296e950",3168899.60710944
"2c85b19f02bb3768c10d14fc",2419016.50478848
"c17a3139c360750a6de5950a",3036369.78499252
"cf76e6077d47a14abaf0cfb3",2221756.44374254
"82ad4b3d5a215f17e745d77e",5832479.62378226
"dbb4260c89524c78de7433be",8057684.59945255
"5b312ebdf71ab7971f9fd2d6",21081428.5138758
"b3413352f0280412f53562e0",1923015.67190707
"28fc5f188c5e11717cdb4a98",10215100.1867626
"c4d7a906b747428aabd368cf",79474332.9587702
"a4dec2ce375ab5e4bffa5966",4678794.38840007
"546d570784c7ab8746bba80e",12219393.1621267
"cca9a08bc4a91f317b851f11",5282287.72202115
"bf43226ba66a3e2033d32fe0",9318178.44894781
"c2717194de73e1a1d8dce40f",9468638.03565137
"acfc06021a7a81313d85f62b",36428221.1889289
"2d531a26f8b1a8afa511e3dd",676038379.29058
"4a8acae29064919c68fc8600",812840.898276781
"691b030abfe1190802349715",7895801.01896793
"a302ef23e1d0d6a273274cd0",19167785.8518668
"a742f415d6c57e8493762c57",188527465.008611
"4672d1c9c3b04fcc87a0ae9b",13833398.8898498
"371a0ee537001f7a9d58465a",5206983.80561185
"ca5eecb01282d4a84017bd50",3397117.52525652
"40eefaf8c26b8b4736308bf7",1707972.71838211
"a7ff08f7e09b19c1546453fa",42163600.9928471
"07a6da2c9c4833ee4cbe8625",9997747.05234905
"b2d32589626abfc81e44cf70",3001306.97665178
"aeb68eb7eecc4aecd5529717",5690539.21514902
"3c0b438c7a4fcbfaff9f678e",96312632.4627281
"c37b357d57918c3a651a5760",1772709.21055779
"b65c0544e9deed76615a3138",18788444.6771121
"3a8b7b9048c82797fb01a8a1",1399804.400623
"7549cbd5c8003204c85ce1a5",30127334.8126975
"21b4c1ad11bb1feac4d02308",2284746.40688611
"b972611aaf1b68340de16545",1991077.7444984
"eb3356f3856526dc140be7f4",9929522.50953072
"93ba409ab36d3e10eaae18c1",76243059.8297862
"5717732a654405ba208c0f5f",31191769.6727244
"aebb556fa6c9275a9b5c543c",11427022.9968836
"fc72e535900c592d6053b806",22579098.0559176
"04d77c8ade9a55fddd28b00c",8568342.80219269
"028adaf559a05c8882893767",24777674.0933198
"95781f187bd3fffa3d1b19f5",14278753.4605054
"cc2c78d41e3fe29de0b4ec4c",43684359.3611659
"f78886545677e19e472fd0c4",770680.303964403
"3dcdbb92628e6a200adf48e8",5684030.63478373
"4993d1487d78cd9ae2c23619",11767110.3486537
"a8a2c61f2b994411af5d9bde",58011955.0004845
"57fd11f829e31e198326ac98",2847016.24990937
"59b9a5730cc8a41bb7a1d16a",41595352.1954985
"85b8a65f1b00f78e67622bfb",281621283.776958
"971c610e55f133a1d1e6c2b2",34226107.8454803
"0f9867abe3ea0b9c5363982c",4146593.60517663
"086521dbe18727963538aa7b",5602272.83984095
"bda3c74ea6f73407a3c0a17e",13043450.5461582
"257c765ac81bcf773473039b",3304827.29883789
"80d2415c0460088d69574285",466545.170308028
"1554f8aa4c8fbe17e9e82d0e",122392727.926952
"00f6a62599f25ac506113149",48176137.0457875
"ae26e4726c16cb2f6a6d3f2e",19750791.9519201
"8018df1613094a9e4606c875",3715221.14140805
"eae4a1cce7c039c644f01c6a",18549693.4525308
"b07cd6c30350efc5de211a8e",32371701.2620961
"5a2624a08494481388f6daff",63810839.9800667
"b8eb177e22c63e84738e7788",27794121.042554
"ca02c904cf5eb96ad20705ca",59115194.6740368
"8e6dfdcc28f830f2696de9cf",12292514.2510652
"99fdac6a2ddb1136f7117f0a",32542626.4450034
"22e9f1b4b5e887cb5f0dbfd1",239998343.242215
"d89f812c7edfeb3121bf639a",96966986.5831005
"19957244dabc3f727733527d",3081583.6915629
"ad1322132f3b533b4aced580",4920554.23826462
"40c2ea5f89f5b77cc09d1455",51805959.4065211
"140c4de69883df9f3fb3a538",5793883.2602131
"5529091bcc05ba5cb2156b15",5648312.41335913
"55c5e58ec636586755df3dee",24277537.6258046
"6049fb02c166ec9b4471a7c6",48093599.8979727
"758b4df32244a51b2271a891",52826732.8002813
"2ed1ae5e6fa77e447af230fb",487137474.904326
"527a1c27e038e45d2d1fcd9f",11960077.7625325
"1d0c3ba50087cf01637de6c0",83075943.7046776
"d0804da971548399183ecb85",7008807.61175727
"46a7d0f520dd1e78c0cbce0f",7008807.61175727
"57e5120d0b71ec6a67746a59",16036498.0036705
"b5292c1e1683d40be46bc2de",93562416.529077
"01e9c7531cf3c63c04b9189f",186310086.193785
"06e91b526821a6ad1372fc44",6834667.02336069
"34bca71dc9c74a2072f11e9f",31117609.9846382
"22385ae2b3e7640e8c40411b",32859663.2976867
"6e4adafdd872a2837921276f",27508689.9859077
"8cd3031963c612efd0049f8d",25699820.1712234
"43b2fb09efd1593a94b61b4c",54792566.4499805
"74448f56811e9562536eff6d",7733510.78435152
"44f0e088fee626993778e7fb",39550757.222503
"6e6f7fa167c0f617f50c86cb",8890925.31509965
"83da5fb4c15e3daf727a3cc6",161114358.0869
"b45c8a6224ae2656b4189526",11490755.2098846
"0d926a0b5ef567c627a7eb0a",12705334.4823859
"c73a1177d787a5ed72b8a9a7",26207603.4563764
"75c1083db5c940e626c02f53",2855241.36536269
"b925c9218f5132c6c81f3a18",17196842.6597991
"9a091c59b3cb4c730372b34b",19860456.0670715
"bcc704b2e178dd20497e073e",10192524.0125852
"6f65de020f663622146b89aa",869888.879757499
"9f3680d00c86707fba024dac",19013905.7752658
"18d5cc463455fdb4d443a6f2",3726786.10288221
"f1d76d78f9266d9552bb86f2",16569584.2725981
"74dbd25d407e51337f883659",26132281.4655772
"88ff73eb829a6ec5bfcc0222",61004626.6579673
"ed5559fbfaba86299e87ed89",11405052.6702333
"5d97aad3e83e26b551c3399a",4958456.17756181
"2258ec00dec6a2b85f439135",4958456.17756181
"6c94fd185169e708a08d3535",63176620.048745
"ddaa88a11432ca21d3eca774",13320613.8016885
"2749b5cfd2728ebdf124a0a3",183474800.788384
"a7546a6c6194506dffd65360",21251108.8246735
"6de7bfc5e8149ebc40ec0e4b",5558198.52223854
"6f83f14861e13af92a2b8cf9",12428687.7075639
"d71d0c8357f09fe2f77bedde",111727165.451084
"90b28f5125a0b8a0e3b10580",25102521.3517596
"940e08f8fc66ac29f6d76687",29879429.2502855
"41d2864e1f73e29f222c61e0",1597134.94682086
"f7399e57df358ae7adc9e08f",1735529.64628489
"1679719f26e7c650f24eee6d",35203348.5010965
"0803ef3270948a30b3fee2f0",6195990.08284494
"4a3defc2b7d2cd751c9c970e",46951653.5576656
"8bd2490f83568ba653cb74f6",19330578.7550379
"b4ffd0a2cdcadfb962578199",14006877.9840485
"7e5064603267b61520d8f83b",297936262.30746
"88964e1202647db0519a8a00",31810855.1287607
"f3d94d0616744b87ff139533",88659348.7907149
"60704a08df293592e4cb5719",2538150.78092284
"347d5081f7bd36c8edc1f352",4925296.05384412
"41d3afc1118758b5314db48e",4861911.04961774
"80a1dc97797c41b61f46ec6a",11765225.2051998
"c0ff8812c1e8eeab07c698a1",7843475.84937895
"a9a4a765b1daec2f3ed59a80",23319841.8984903
"33258f995a375ca192ca4d3c",7573256.11483187
"80b6c823bad5b4c0fff46657",29943555.2734356
"719055eed27f361071cb9eca",11920996.2972851
"9a354d8c526efc5bcce59dca",764018.027770654
"9850d970fe9fd9bae89f09ad",101889527.362712
"f2c87b07466aad7328b7e0b0",1393733668.1647
"27ca0c2320c520342717355d",1926084.44996425
"e958bd2b19db118c31f893cd",1926084.44996425
"46dcddfc78444011abd29870",75492618.458186
"061d3fd39da1b4b1397054c1",3383376.48022338
"3d1a8884a9687e53e5fb0bb7",258981.737085526
"1c0236d4bc291372483a9151",1942418.69362492
"c1420f278d45b85c56f415fa",4863775.35219841
"ce6fc507df0105c68c29214c",1875449.31938495
"e4f26a73bad4e41c375dd897",7594027.33734824
"719190aff81379902beb6497",15708996.161119
"da627dae6941b59d1eb98e35",1998895.38413825
"2189d3297ea703e50ec34d96",40259426.0129807
"c7205874bee601a7b01a0cd3",58427484.7607905
"a22bc19d0d83b13a53630b7b",9465568.33440443
"8acebaa9fd7e917d7e3b391b",29435611.042587
"4e104916ab915cf3c0bef846",4780051.92542501
"b0df95e9fc94d9aeebc960df",1377565.01702627
"ab419cd48b81038c5a30c721",74972023.3442581
"5b9bae6f556700e099fedf08",5017479.06198045
"989360149d9cc6088391db4d",50758708.907817
"bad7560aac04600e1ec1a9ce",592579.960014267
"08d9f04bc4ebdc74e9d80b16",13492165.0086617
"f4311c45516bafcfe8864c70",10963425.9620601
"c84e1db639ee43ad83f930c3",14774697.7805152
"f778fa43c92344cfbd700432",16799119.0519595
"2019bd32dbd09fa285a388f7",14600840.6041013
"4db834146c4e73b515d510ce",11598607.0717825
"9f9f2548425519863e2cd6b6",150764876.344673
"6c3bb7e1696df587990161b1",13505759.5434963
"82f08aadf1eeaf2058b50592",8470384.39461117
"753e74e4dbefeccf3e6b27fb",25761166.4186736
"a26149f589edb9a903782a3f",11747555.4629221
"bd264728a0464376e22b6bee",8495568.53609544
"2d5564a502635dce2d46ef8e",195297106.001152
"05bcc7d7db8d352216a4af59",1124874.19724344
"4794d9994512f01a4bbb6c48",1769743.02371506
"64a4528640fe492865ebc0dd",13426676.3565796
"f655ec98cd42b0bf2d7cfbfe",2694291857.32013
"b09de5f1e028d4fafeb8a22b",70038533.1287158
"4c79f17573007a39bb2b4b7b",35272306.7828475
"824894236c20b081af2c9868",9124816.35087532
"107e76f0c913e19217662faf",5471974.45624874
"d5e2bbb69ba3876b93af2d3c",61061202.422323
"a2905faba4c1177603e6cd5b",132506813.247279
"d13e3d432783206eecb0e192",9699912.38432179
"6fecee4b1e5f50c0b27dbba4",38673050.0367916
"57891292fbd530872cbe68b2",266864660.213422
"d0d6a1b5c60ad420ebf2ab8f",7782422.59225754
"711736da4f0e8282fc8c9e69",33072503.960551
"f32a3b542efba398907ec912",98303.254761122
"299a94a02e887c6ab1de59c7",3191433.53766862
"ad844bdb1150508a4c6d57b8",6945019.00515974
"78c17e6ceb87f7587364c873",12346982.6546828
"22e8713e2051c88cdafe2364",23817323.8589677
"79c5085c14068e492e402a26",130314712.946931
"205e9d987013859f391b27b5",438320259.919085
"36aa7d0cbfe40adf3c86a134",34966455.6454787
"d54d787189cc8f014ae58aaa",3506053.49393773
"fe2f1459eb0a380dc31e3a4e",34815389.3035272
"ad663952ff2ba1953efdc460",403838826.881557
"b7320c35e90f33fbb1c28813",166347298.072475
"8f90134b8e68948cb18fced1",4320027.62176086
"2dfeb06300828182d4109c43",53933210.0744949
"3f5a0cbba1433e9b6588dd73",10703638.4539668
"f952c40e24c9df4ab2d62017",4864601.06773958
"462c7546b358b00e617ce012",5139483.52067863
"e0df3391aeb8d3f4b00f418b",60823843.4240326
"1e48878318d35476c3e87520",26440824.8440784
"e3903705d5a48c6d9f828ab9",26814416.389431
"9e590ad7d22105456bebc767",13195692.4001531
"d0fe3d393eee5c0cea5bb6e2",20529036.2693178
"57b3791f2c5acffb0097f7c4",3574242.83050566
"e11f9a5cf9d6ab0ffddd6096",9434512.11215575
"9a3920f803b087c29b487cec",417583.084255122
"6cc0fe8ddc318f1bbad360c5",117397888.893904
"3e0c656b64d39ab38201a112",40004682.3836826
"cd55abdb54bd56d54b11fad2",117397888.893904
"7cd39eb8de56700519d8f287",29720848.1065088
"d762007a4ea5de370738e875",591248095.637104
"f4fc67d9b9c6078003f9af35",13701891.3168353
"dc0a4632d7378c25be351760",38335005.1063595
"530a3bae5a13291c69bb8474",1914114.26482953
"32b678be83da2a07b37f3012",6334974.19430587
"349768047d470d2fa6ff1930",24815084.7004336
"e017c3311e2fdeb50a686547",5559868.49708287
"bd0329ddd50f2dc4dafebd26",7399910.43401633
"f6252e878aef5f8a641c3d6e",3570641.68843441
"45ae8ffacfd00fb4a4f53d0f",6493502.86326915
"d186e369ed884150e71906da",14351025.6317954
"7b9e6b7eb3a5db0443193fbd",6269002.53888581
"1ddeeae13139b7c9ada353a3",1115870.24721874
"a1ae6f9f5d02548c89b23904",4375997.49239901
"dc298d37c5235e15b4cd68a3",167594107.58194
"f640753edfd8fb1a995f1de1",234773947.176417
"69a1f439de0f06e1143a0006",66907506.0130046
"98f253233bfcd16533e2a448",17035049.9082137
"ece6f8c652d4227370ef0fcf",60604050.2088399
"599506739a6544839bd97b81",128579029.751025
"a12f49f4ac3c5bb0dc7d8d20",3102455.07340951
"9da00f8ff8e19d26c1342274",6548165.37342678
"cf5213877dfb4df98f0dc10f",6587651.27561235
"84c7006b5a63add890a224e8",32844938.0121096
"88aed38ca59c09e1a6202672",9712390.15427751
"e6bda9370c80a5f7e5cb6b07",2620124.2540029
"3b54ab53b6e3453e333a0939",11913927.032932
"e72ff7414cceec6b162df345",190559217.361643
"f2d4c1faeb7694370bc65ec2",22863256.4140474
"e1ffd027cce28c44c0d2f80c",65829758.4441551
"5c5039602efa36222e64108a",2712856.78582039
"b50f2c871166ee1009416be6",8499409.75484006
"5e7e36116dbc08932f5fcbf0",657527430.011669
"325ce336d3df17a078db5166",2559128.93263316
"a26e967b288a1eb6d8e71d46",529904.641054571
"139331d23d9e3c40cf083a7d",5991172.94213554
"1704b2d5f4a33401fb153608",4847447.61823912
"ee70354146295365bf241d9c",13171251.0037757
"fbb0a76f05908c118f7a3df6",36525346.3568937
"2aeb794adc9892354aff7240",6818898.53301036
"b0a32581cbb586f9710dc3e2",8280048.93224294
"ad7f3aae29fa1e7ec900b563",111173621.924313
"1695225258263bd2f463b21e",4640263.51860721
"f72fb486fae49fc1de1fdcfd",99260055.1941457
"6b8f7074aed7ae7e6cfbb090",11463369.8826727
"619dab52b321ab297a604185",238419251.899464
"b5bb9af24f9de68e91a1df76",10135528.3181921
"ac3d21f51637207d3e031c2d",104451897.577926
"2aac28d03c2110d871b5f274",6181989.87878307
"9ef498b11563827597c82947",17233979.9252356
"4f2ca698ff03df0c6386e48f",10837186.3396383
"606df4826416ea0f146ddf99",1623158.98006111
"9ff08a6ca1c63480c563442c",4861558.67473088
"ec27554aa1c62314f4d46fc8",1830073.26930858
"762374e94f17a8783a66d598",10570929.7654479
"83ca3a41ca4b5337107c197e",173225403.970106
"c166a9293fa27e910e1fa9c1",3932683.49088647
"57f8a1e37c4ffb1b8cbd342a",59913302.6053474
"393d99ca47315ae98fe9e7c8",18147833.3530267
"9bef4aacc63605f2b2b62292",43548341.2281208
"a266efa4e41df357ac4edda4",7147541.53716508
"adfdb0eda9aa97f0d3005c4d",43699443.1205616
"f05aee3e433cb036653b4375",3446966.81591437
"2dfd1808bb95170a088deac6",4150443.11925745
"dadf0a00434e8ceefb3e26af",21246610.1075716
"4336ff9b2dc1d97ac8f9694a",15304147.2951377
"eb14a5813f860bb74740da2b",1280158.27161894
"3d580d0df1bf9dd124c282c9",9493720.41005731
"49bb5311607e4c7600caa03b",32788604.304701
"78a39ae05ac53535ba0fad2c",19990317.5281128
"936e18fcf06ca3c46eda7c8c",1112940.16548512
"23f12add67accdc9ed40f59f",6228022.32764816
"eb1b9e15dcb88964f79e6a4a",121195906.194966
"e2b7f984616fff25e3dd6a3f",17234144.2820596
"b8e2b98548a234a245d7935c",3695792.09790487
"79382c56606e701e44d55033",29103886.9009445
"983874e637a1a5782f31089f",10282305.4518716
"3da9de8f610e5c40401a5b78",2672257.71044413
"cd69a049dd8a3822e228ebaf",1171963.03905006
"604f1b5149f770a8f370fc75",3043684.45242731
"0d24fc1c5deb78eb1a0caa51",267511.470456311
"583af1118e60e46c347ec593",90619137.5201884
"13b181b46359620191e6e4c1",5438683.0778043
"50d8333064f0560cbe549f89",21184051.2135378
"d9000c1afed253d05de7819b",1106104.71217998
"792ac070d1a314f585f09987",152369899.296672
"3e874c25176a3abb336b31ac",1535185.23476201
"419ce7158ed62eb6897cf09e",6175690.68855636
"b6b87c05c4238be76d94da2b",3787370.22656523
"980d809e549333b475477bf9",2022671.83475207
"a7df3d344010d5bb7dc70bf0",4862013.05764117
"3d474c6a88ceb86e00f68b3a",31673059.5251614
"be4bdb73add69f12f7aa6d06",4499054.84920275
"fa5234ddf23dd0d9cbd3cac2",13229764.5112312
"91a08f81b621333ac58c3845",28766462.3312753
"702aaf395bc78986a008d70a",3893295.5441658
"86b0c9c1277e9143ee765b43",4661069.1056936
"9c2c22e70cffe6836f554f24",4450398.07240328
"31f56b841b122b35615bae2c",3478536.94403979
"41227dc9c9948a5f0688e426",268056346.275223
"781989d4b732f961f91bc3e4",834020906.462742
"cfed0221146f4d83d641e1aa",27611931.6912098
"8ec491780efb2c27df8dc08b",9947208.38545289
"8a5866428508658b4a2a4cb4",23263244.3579319
"156dc81d6e14a71716aebcab",6770073.99982146
"c24be8293c8f4080562ec0fa",268182149.905709
"7fa11c05ed1c123c1a457b1f",33502330.0904881
"a63c36f6e7e7ce7c7e7fe457",7001485.6436739
"f9bca38d3e08176649504e74",7689378.31095482
"3d389130627ca7bade643f47",9464124.11348683
"70314b0bd995a4b03c771ae7",2212385.59781846
"a3c3c9fc04cf2e2a051a12e6",496125197.517323
"4cbe75a162b076c4c454dfe9",103196803.583091
"0c62d4d501a426cc8fde0c36",12536325.2313297
"533363375cf2cbc50d86773c",15523848.7897566
"21d0f28d5f30a64352e60ac4",28261231.0363873
"471b5135fced50f7cb4197e2",9952427.27247726
"1c7586fd8a1a38bbda9c92cb",21202403.1967034
"a0f28aaedd12f3d0eee8c6ea",15514317.4928083
"8923182b6dcc9f2d8be1ab53",7232580.77031361
"67f694b29bfa494bd9d9cf44",35902807.9064224
"b721a5846527d5338322c9d6",9369005.20481284
"ed09fe201c9ab02a91779dcd",51342247.3143416
"f49045b312d12268eefedcba",248336580.329884
"22ae194316f34d482bdf404b",268182149.905709
"4f450ba5de4766e5ecb8a4a5",35497863.2589043
"235a2209cde8f8b0276c845a",115948085.104303
"f563f0899884de7f9bdab405",15007680.2859792
"5b462279f602c5b67ada82ee",15030081.6431281
"fa4af69aa064a4306cb110d0",8461963.24195803
"a70d32ccaa78ae9417aa7e4f",268182149.905709
"77c9e5e3a6d965ede708cda6",24762177.7717544
"5637f3d3278ea049333afff4",32430473.2071179
"1b1c220eb91c9448b520b76a",58944170.3038845
"f4a6ec71ad7790df9578324f",47054034.7428097
"217e1715fdd5db76ce93cfe2",146112115.029782
"2cfa1397c901b4e940d9f673",371392128.47148
"44672de0d6d9d0cb3b4ae938",340207167.984443
"1c50477e5b3a67f3d8fec62c",43477298.2795215
"0a2a67e8b310471b115c60bf",27555426.752846
"06220a42e68510eccb4d790d",15509110.3135074
"611a3e1d63c6ce5ff8779243",19083264.0448008
"1284d7ed08122731aa7c0461",11958686.3091646
"d44eebc871d1fa6981c32ccb",34059655.3755592
"43272151f217feab78190393",23152713.0977393
"6bff92260afd556a98d3e3a5",84502258.3798803
"00586a92b53f4a8f9f6b3022",42783982.3747079
"745e7f6a83b55196f231466f",2614937.00303973
"9c558e10e5bbf230f16968f6",27990215.7638941
"1b425a31cbb73b713f291e19",51050666.7185129
"076ccba20dac8bfcf184b8a8",122375920.997655
"c8fd8b729f4ac6270aff9c9d",33994429.4555375
"52f026e670e9851b08c70542",75415335.0148015
"00304df33a3c9a7e396ddd3a",8991045.81706638
"ee27eba49457286b5ab76172",8883636.32405236
"97b57932e5e20416bad6919e",19404867.0144851
"e570c5f58a20fda42bfb535b",3804017.91738944
"79acb227b5ea365414982957",14248582.2535439
"d24258de8d2ca10186660a1c",72691299.1685414
"8a8c202c069c20696c2de85a",547995968.514125
"40f301afabee5be092ba20ad",6382127.53840814
"afa842858299a6ebee166e31",245440562.674098
"7641dcf512a05ca754930bed",20868196.8762556
"8c9b472c55d4b99e44041de5",9796821.08525469
"88b98c026b7650192034535f",7636760.3962144
"9bdb1bc52a9ddfe92e6a948b",33221330.0094046
"4abef5720fd889512ecff70a",23777290.0992679
"58b139bc16fa2731e4b76f28",22857064.88803
"9ad9ac8728cfc2387285c24f",56548045.4261577
"75fd5603c4de9678627f81d9",21265462.4486922
"9f4a25a5550f016ef2370229",16434180.2595383
"d4f4d0ed36ac9affd71f302f",63645650.9292377
"51bf7bc1c19fcd42e71f2463",90774656.0333422
"49ce19caa1325233d0de331e",8791651.40890027
"5aa1667bc8db26bac1c72f5f",17189824.8120353
"b43b36ea4f81bbfd4dc4d781",53326936.3116051
"2a623b33f3cc1f54620b5233",118894844.410284
"8745eefb9e2761ff7eef558f",28254655.5109817
"0e49eaa5cde9375b1f026820",79782038.8453897
"f5acbf43add5776430d8d4a9",80608629.860329
"ca50f7143937a99accef865f",8232789.70311231
"0e1bc8ba1953ec8c28e53b9e",15660710.9940322
"980bafcd065c8e3d6cece127",3907631.52891763
"c81133d5a58d7e8eebb10c8c",17562161.7998505
"09656004f0a7f544580958fb",12066349.355886
"edd342f84fc90478e344ea1f",6949630.34262646
"76974826c758eec5c255c5da",5695050.77405645
"63b09e45c1b7dca181491030",49345417.8138657
"89952b237fda041b09f0efa1",66712919.9779877
"219164e1d9b14cabb9bbb8ab",2824079.44257448
"ac8aa244c21a9b86de4ed599",9320062.57898916
"92ba222e2dd63a4453a30637",108577162.052132
"bfaf8b7796c8c57bb5997be7",28138704.0569232
"dd5a565f854eaef90976c5fc",9977744.44018099
"f8ccd21343b112d8f9e7123c",8596662.57334496
"a90991f865ac81cdb3de201f",20674544.2959799
"fc57fa9bbc16d1b8106c2c70",16433522.012785
"9ee3218bc61636cf0d7f8107",30531227.158808
"c00592c7c0c3a863a1bab9c3",27508742.45462
"f0aa18bf86a36daeb59946e8",102334365.537241
"e186499af986f1959f729b9b",53379649.712507
"18420ed4661539a2d72ff400",81499571.6316216
"957731b9940c9131d92a22fa",9383473.16134446
"9172caeeaf6498737fa0c6dd",32884303.7413326
"c798ea36d2e4a8119723eae7",33815233.9181531
"eb963f082209fc077aa72bc9",21521961.2849141
"07b7ba964a8e30dc16d66443",65645443.3158522
"7fe364ae771a7689d2fa5584",231024368.078881
"c59e06a2ed37fd750cf39976",112983382.942374
"ce03d8ae43a426e074ed35f5",127328029.218074
"b76c45ccae25a06dd5fc432e",18617500.4240837
"f855725acc115bbbf03bacec",4620467.24595707
"b0b0db3bbe07839bc2b600fe",132026978.956813
"cfc8dcf337e020b875ef1572",5645824.32899969
"390107256faa08574d7231d2",10427587.6965143
"fb10f3b45e865b4626f65ddf",752477.952380027
"75f167e2273fbecb2c81ac0e",31505319.4721376
"a7b15424d7c025d885636a72",9566209.80061104
"f9c11e980254045d7478f273",16525649.8902619
"e0b13f6dc213d05133252d15",9699912.38432179
"c12f362b9060344ad044cfb7",19625593.1817394
"f872f224d2af413cd104f24d",44438181.6033377
"092045750c36a8945c526a12",2987759.04082081
"5ef33cf17d4b45277edf35a1",1375826.71185588
"fc64387d7c3c91a6e6e876ab",133878.311917779
"c1168159d4e2fffdd5662757",49849630.2435212
"cb604e3a56cc847189462004",232376681.29775
"9e95710c61a4706e21cf70b3",1305454.43944138
"ab37f67a3afa274e719ecbd8",42296181.4521721
"970cb360eb64128037be7e23",5010134.61967924
"e42fc32db529e088f15cec8b",13445486.7856995
"8925028d6e7a6cfce9967779",7011341.35103752
"759e76e38d84a4188dff5446",30869621.2383119
"83a376df2024c4c9fbf2a0ca",1858006.55201728
"a8bb80d99280e332084b3950",546626355.115431
"c16ab4a11cf67a39fec6f049",19360577.442482
"9cd1127b1bc10db6b8ce5d4b",20657594.8151397
"ddfa979b1d7cdea1d7dd0a86",33385213.7298669
"d78f7a1592c0779093150ddc",37420914.8223198
"97ce3e0ef38ad12f7fa8c4d0",40740751.3192377
"5c789f2834a1a69aede6316c",2406893.94867625
"c29ec380fc7295a9a770a74b",26595800.503981
"5987f6171a2bcb37062ccc94",227852555.096113
"1e91de6194769980800b4de8",8180376.43027475
"0a0f206f04bfb10c137388d3",17947115.92312
"34dd15023216e187daaf5a07",84183572.6254338
"33d2d1db291a13affdc209bf",246295468.643641
"6fa5e5160d7c2bed824bc0d0",3557470.77647051
"8c04aa7506b8c80c1bac23f5",4015116.4017748
"e5d445e39104d9ee6b244822",34840898.1967351
"2ca6b3016a89139ec7590f9a",14585698.663091
"e567e9e5862b13f0085505d4",44821923.051489
"edd1c4fdbef4e6beafbd39b8",264638452.461446
"039a9029c4341b1528ca6b46",10383606.5851107
"fa1533051ea4145f7f710ed9",141311010.876383
"9c99a85c5dd878568582dd9f",1424595.26645227
"9ec426691c80918203394ee1",7042751.29297209
"66f58d9d1e1eb7e81cab24a2",54334342.1964773
"0d0f8ce05ebe99dd3bb7b23b",7392504.18303879
"6a65986cecddc5c47fbddb9e",18061434.8305903
"a82fc744f537ddc6fbd16883",1269444700.31212
"d4c40178c19d6cb2fcc88e48",5293700.08083365
"4034cb3cb77e9cb39cc98fc5",238974235.418905
"41ae9d3d280d4eebe510606a",4384908.15089843
"4aaf6763c105ddf2a6eddbfe",9827645.24054573
"633a7038a23ffaf4b3f7896d",39459056.7635509
"2a531aa9576c5f91891cc8a9",9311888.925251
"85d58cf85a179e167428ffa5",58253449.8349678
"42f05e5d4862d653efda75c0",23273141.2217051
"256a46a6d45d168169f63aab",91205231.6509627
"4b0fba692104472b36c38c3d",13544041.8219633
"253c85b226a15d0ec2fbbff4",18453108.7133005
"b0bb2299d5f456f800993a11",2224722.66810525
"47fe78f6299f757b231be10e",2342863.41835632
"4d09ece928ffac7e7d270bd8",25758857.1524819
"fc762d2d172737cabbdfcc75",7239971.79511776
"2809252a96f47776d12021af",7321486.98347917
"29eb473852b36dcfbda0c702",7123166.75298841
"231c050bebe12f568ef92afc",3172019.94767242
"acaf9e18bbc7295633d92e01",6843785.32930918
"860435300909449c0443c10e",78911227.4885691
"f967ad5e086f485c27f09990",66712919.9779877
"678927546243e932b48d6058",10827145.2320887
"c537ea2620b8c3a3f013c0b9",11763923.7347893
"10037227b2a24d9a72ced322",1157916.0675002
"1b4b3662ca18e731acc18928",9029386.88599701
"e6717956eeaadb3e95840256",5449393.83955882
"ccc4457f68fcc1a416e3acf3",20357897.7866693
"94d91969cc4b9aa1e856d801",6394055.98234779
"2cc821cd7b5fa82b27308f87",90939980.9271304
"f05b3779581ac0015f29571f",19498844.8572855
"dfe09a5f848e8e819c361ac9",493369729.417689
"ba87ed2a657b0b042a05460e",20587775.8768361
"f967aa89a4440cc1c44bdc54",12042299.9414416
"81fc8d666c8735e1095d0d4a",13695516.0352407
"fd8b9540f1e9da778d566d25",18095779.0977126
"70baafa9789d2fcf1bc212bb",27227644.2308749
"4911f8879e5bc9c27ac13bb1",54587070.9664013
"ce53f3477814fdea2889cd2c",7028754.6195536
"62f022e19ce6608919eab5f9",24965769.0066701
"55657bb933aa2ea3083e0b90",16148099.5735761
"808dd470aed6064f02aa5103",12759831.0034915
"39bc028f3b42d9ea48808ad0",5072655.08403466
"c0c01ecbb9189d77098659b8",55714370.6481437
"57c68d470f6248d00b6719e4",113498734.619164
"26c66cf2f43bea00e6387326",15510411.9444608
"b5f0dfbd34392f6855bb4b52",15878957.6283029
"25202264e18928158b89278b",3493763.82638331
"e93abbb49b24717d3a0767e8",14325154.6799379
"906e1f2e1bc5cd51a55b0266",56561852.7867108
"eef1d35ffd08dd161a36a2d1",19983951.0818071
"35e0cac576415a4e61acec80",325899748.570419
"53ebe061b85f046ed12ee9c5",6020848.50045564
"059d77736dc72013de7767f1",3452408.27367808
"17d7986a62e0b066e4e5530e",42475008.3504529
"8236c798dbffb3db51d5d744",9860635.00573044
"587e67078115103d184970be",17287016.884028
"7569fb4aaa9a52d6a525e3b0",16938402.1363188
"db122cadb7a9c33f420fe246",16862874.6973754
"e852246b7661d30dd2e1f0ab",16976244.0472222
"f04eb16931448e87aec205fd",1298332.74009945
"90e858d3740d4aec0fa21c12",2777836.64829319
"65647ca6e47eb2b9ba20058d",32527670.9802556
"d0792d22549d1b3f63baf3ad",46859236.2052034
"76c4045b5dad9a8226e9244a",29894478.5278963
"fac4f0bee67523194fd4312f",8841477.86208062
"ba89ed56d156579ce288dbcc",4461587.17306065
"adce397b6d1473b9b6d02865",13365583.8053284
"f1a924badef699637ea8fcc2",24744000.855713
"3bdce823d3b96e8f0170d96d",8001348.28227124
"439004dc23f97a878ebf371a",78533448.4392518
"192e05cd731950f91fef1d83",132506813.247279
"5110c49047db23ac3aa4ace4",2518823.87731995
"f4f7bd9d03eecf35e9f37619",88920321.8393397
"141dfd80a005f7b32bf70375",35617363.3345481
"08513fe1cddb2cad74874a59",15347468.5846649
"6b23aa3ca5edd20134811cea",5768389.70345387
"0fcab263453a9f196468e552",35272306.7828475
"127e08fa99afcaa339eff684",133013505.669398
"d2c46ef63db73ba3cb7e32a1",8010571.45584396
"7c50c93bc9e8846345892c12",66712919.9779877
"63698398738ebc7ccebac817",1131294.70451143
"417e974a3f0d97e502e49800",9667257.50388004
"6483f2fcdfbd26c621a527fb",19125241.1454307
"3b739666f401ca6b2135652c",7543658.845052
"1b750e6e2e92e8222482cb46",4126580.87730227
"dd34882ac55c57480663f7ec",35203348.5010965
"026c6384ceba017c5f2cd66e",23837593.3404256
"3f4272a3a4b14ce152fc3abb",259046.949131405
"5cccf025fcc0a7d9ea01b170",5170953.29545644
"c8d179013c5bb6379693ef03",151645.419497732
"8c258d10ce32150f5fe5b712",20239965.7108057
"eeb6fa8f820ec63aa0aaa303",25102521.3517596
"ec8b305ddc2bc211a8a05d0c",139307650.500097
"5a84e6d2ab8db0fc60775d03",20071198.7563151
"015d17895f32e2a8b616ca1b",55884337.3447528
"6fa35f1af6d51d341a3165ae",57088058.2072142
"17821a9cb766b0f3ecf24e83",18358287.3927875
"23141c17df584746755dc508",989122.098080189
"00076c8f390d5dcccc133309",9833701.65881931
"25488b1c8fedde6250b413ba",21558321.1108756
"5ba6b4953759b45cb83512c7",6586250.43291238
"8ea02baab0c59eac6584f62d",294618007.549366
"b5c34f90096fc88b8ca758f2",143869630.839533
"35bc25d0f9de2ed4f714fc8c",33415665.3308755
"8b0e1911b8ab8028409dc9fe",175556734.844764
"2ba1672e49c023258d262d1d",606003821.782775
"2d778563921376962d126cbb",880654683.589517
"bfe7c873b2fbad871327994a",6422823.06664981
"72d0f19409c85dbe32cf6ec4",28772333.7713632
"d406baf5cc9b4473ae9b8426",6645685.32200323
"070912b7e5fb205918c1f4a3",6892273.76653628
"659abd72d12756ba0670f466",5865837.12220791
"7a464b948b65544159cd0db0",44653566.2208932
"e89774d061d50c83b409a071",10597234.1089876
"fd6b2efe5da2c35058333bbf",6464819.94651138
"4577c1623c8407e95e893e63",32481854.5288042
"21adc839dec9e8efb128abf1",17382968.0017941
"aa843a050ebe8e4b3a04e9ef",784481540.7095
"0252fcaf7bcde09274d34be5",16777760.7757597
"46d77c92811f0c87d2d4907d",18213059.6851585
"a8c662f906075eedb098ae5d",102637940.82318
"b8b46931b93b7750e0d1ada3",19666624.9841571
"efde559422ec1dcc55abc686",268066572.008374
"339bc881458ca34bdcb771da",14885352.2082635
"d7ad6527cae719481f849927",24664416.0245336
"df3abaff81c430b4ba85d4a3",2687756.36517616
"bfd2f20a7bfb0d865d7f7193",14767598.0010107
"fa3ee96e6b6ffdfd00aa335e",18811429.6743437
"163228979751798ded8c3fcb",198334754.953994
"3578144f12e13e98e8cb2480",206857175.321165
"7136cad475a0480044707984",10755865.996108
"93f5694b4854068f42ffe55b",36033635.4728361
"51608bf64739db05c47a3bc8",30745811.8598688
"6a01b6d09d516d67f4a2fb43",2090033.19372814
"5f26f33bd89fa7563ac6873f",20797031.4563178
"aba54b001154ad881dfeea6c",557907.720667188
"b2eb63e5da917ce649a72142",29337131.1885209
"1427aec89ee9564b95e93cd4",67856747.9546203
"a0087db5e9e2cdd6073021a7",41693766.7790699
"4396f94f7f3c403c43d3ede9",16866220.0207847
"aa703cc78a1ce659901e711b",60346825.1289496
"0dd1bb83f0f18af30da139f4",3504081.30526356
"37efd3e2a5b6567957c62081",2695387.70357953
"ea47ad6335e74dea06228b16",120250687.912767
"8a975117ab302b77ac057823",7665304.63572212
"ca5949c4bcf0b63e5d1be784",5671695.65176548
"e9f3f41366d5d784c2928937",6129653.35843732
"7a9c505db21b777203d34bf6",11022533.0455005
"238cf9f99c4b01777a97f82d",3922775.92141681
"385fcde12021f4bbae6ac2fa",51849356.0519027
"d9eaec557a7a6674565db1ac",8482186.47164998
"30b0c440c0bc8c6005855ff8",6127268.77965178
"09feba43c0b8f3560fe09be8",5453230.53640165
"2547bcc87b618d3d7e22dc21",459195.993497167
"1240a616080d6ba5459335a5",10625792.5277478
"7cbc8fca4f84908ed4e7192a",23965286.0844874
"151a16e94d538a7a6d658ee0",7637328.48995895
"a8ecaa9120c6da21229cf145",19575683.8984583
"3ca34fa833e6ba10cb4b1944",46090534.6178707
"dca2e851b82c512f01611ade",6880222.88757729
"3747996611a842c452865a9c",12785045.139827
"3528df61a44a9895248336c9",1440347188.23415
"398a67970cee5dc873d71bbc",155949631.820985
"1ba2c2eedb352ef9bb59c638",26153473.4866017
"f6f4a467f40bace72ecff598",3446480.33225642
"b2af9047dbf58867ed0c42af",19532382.8435674
"012b8d616667a6dcece0dfaf",10469378.5440896
"0b117f10e699f10f97a7e7c6",284110631.435046
"8d5192b6208902ddf4804839",1708034.61579283
"b86cad78da7bf06b5ac39f99",1823966.22675335
"4cc8c95dee29e43463a8dfd9",45678329.453103
"76846ed8b7ab36821b848f2f",4257592.91740515
"5428bf7f37a94ce9fb2dd435",51550077.4071406
"b22c39c3df7d8e32cec2ba43",7110610.44758444
"44f5380847c175a42becfcdb",11729889.8851445
"fae53fba5d405b2e6a3abf01",2382205.94308756
"3b52bd5eee5ef8e3871dcb3d",12642435.1206498
"21eef7da02b0f2a2fd987135",5210888.36147614
"1dd6b0ade195edae38a4a20a",357967718.72519
"f359afc7bb50cf6a61ac63d6",6492518.30069995
"b0de107a8cfad95f09876eb2",21027135.1231357
"2e8c76f4ed59cd3924f7136d",3934461.62939218
"06a2efde5244f7d653ddfb8e",151821901.164485
"f72e2f6cfbd32d97bbff3ac5",3916869.51241935
"9705748d2bb061678a80826c",13793246.3613567
"9620068cef0622c404e15960",14064810.8839704
"cf2e8824527989d3cd29c058",42892980.6800803
"6e606a7c8bc632ba0ba37184",3228797.56082754
"63fa384ea296390350f23d7f",18363015.1147754
"4d3f5e7ecf4d361d7eb55f5e",42560077.7928265
"e31a209077a3e47712588730",24655620.4324928
"5f18524e839c2987594a11a9",7588720.63863818
"def06f49a0b8230ab613db94",22068467.5371815
"faa72370e4c7718964930805",22068467.5371815
"983503bb75d84c410d1c5d3e",18801314.2477744
"30f381306494ebaa760b990c",8951757.66726998
"5e72dbafa642e4f416e6f01a",5859385.08389112
"3d5ece38670c1c96df4cfff8",8951757.66726998
"1bd6861d451d128c8bdb72e4",6540445.08931541
"072a6f084d31a5a4be4060dc",21044949.7637277
"4d8deb43d663fb079262708f",26435580.4496497
"f00b8eac1812a500d7a732ff",2485730.35502294
"77a62d5e2c89da24f66a2118",1325832.79676767
"961886897eda4b0ce54d1d82",4611777.1533639
"6f6c83ff891e43b7c84728e0",1416334.56751259
"ca8c85e8100f64416146368e",17554023.8747347
"24297f4a3e14c24c941e7720",3295901.07210333
"98d7f0935f021acf313630a5",13907209.5768938
"a362533eea6c235049bf3359",1407521.62559008
"2ddda0ae748b38a6258f660c",16121971.4871583
"b18107a422b9eb6da9fb692f",6052373.54664883
"11cd643195dbe5dd4567b62a",41408222.1093496
"c9ee7f0666429c0c15c37499",18777016.4337376
"c386d1ac4fa8dcec4cbf9788",222571809.195456
"21e0bc9789139640ea33ed09",727408502.468054
"cacb91ac1b835d62422b8a8e",31834830.5436581
"bc41e69def6bc7490800c4a4",136672097.917877
"7a13669d2d7ed2e50b80b4d8",9602680.108176
"08dbbd8d672fd09463c061a5",128710057.316615
"cb93b0d5e9a26628b0462b14",14091609.2264704
"d6a43f209f810455fa41dfd6",8327150.60057926
"ed5dfe95f82f4c087af07045",18998353.9616468
"02060d2f56e979a61427f806",65675500.2939978
"88ffa9f0bc3f6c9f2e589a75",6800169.62456387
"b48093abeaa178d1f7fbd83b",4187242.12740536
"b42734770dacb7e580a6d742",28770083.825608
"d3aa845e96d22f31a3656aa1",1534602.64677498
"becc3ae7a71d597bcb16d261",1363735.44585329
"8dcfc24742ba669335a2d65f",3521961.70238364
"45e2411d38589a2d85774c5f",1462916.90208871
"9761b0f43949eb5307472ba2",28905998.9492865
"e07035cb49625760c7da85d1",1683495.53590684
"f88bb9c5a471504c13d3616c",1525375.25572294
"4bb5265c6e63449e5fbaa270",2992127.43397961
"ac73b8700744cb7835f328cd",909916.791667633
"a632ececd6a023aae8a7b730",3081807.05052601
"858288683063dea9d5c57420",3550658.0444629
"d04f549fdf8f34bab19a171c",77559310.415223
"6ed5fa8f114431d158d35f43",2796213.40038719
"f849dfccaa8163d24ed935e2",79081186.9142103
"bfde6e7200fc27e6e6f1497e",173881166.927555
"59c11d3de7153d2605cc2273",17291303.8233332
"33ddf4e1ed8c864e9db16887",714205.959658113
"00f5ba660a4fcf6ddb96220a",2479153.60732884
"a13004b87c6d7e7bf6b75730",23195986.4166404
"eebc02ff14b6d270746ca055",2877432.2279158
"65ba6e178f3565a84c6ff973",6534653.0602272
"a57f40f00f80abc7450aaf9b",2058407.4536056
"df37b916acdce817865197ae",99603322.9753964
"b5c074ee2e2538aeca099fc4",14452386.0964109
"004c9da9ef1b3b5e309e475a",4916881.29912246
"c5b47ac5c4b7476d50bd56ec",14935063.4722291
"778ec765417db9ee48d697de",63736032.5101388
"b287339babba162e290d0fb0",2839619.01201505
"4d35e00e86a9d508d82ea90a",5030343.36006772
"0dc2a023fb6c5e0b92d86ae2",1401206.80804189
"5787d7c671378e596edfb58c",3580588.57126162
"8595b5517cb3f1ff8094d67c",11545546.1140863
"f4d53276bdb5899c6f059c67",20151638.4929342
"9562ef63320854bc6f94b5a4",1079449.82865567
"c04e72fb6244d9a9b28322b8",64752572.2986554
"3d141576443a97b0202c9672",14266802.4924009
"7caa4bad394586a46dfad854",22754886.0345285
"8420bb74fadc0c8853cda025",9122571.48448615
"b274adb68a37458cc5181fe2",3406652.48837758
"8561bc940a91f029147430f1",227852555.096113
"258a968e403e747af5693a3a",13492036.3379629
"0de34892fee879f449facb19",10603097.3902166
"9634cfebe7e6b095f0065ee7",32097306.8018386
"1f3544c9f47bc00fcdf59d74",1842397.96274872
"e3077f6e47d130106e7165c9",87504846.8558174
"f0ce47907c3c30b6b5e990b1",34762637.265979
"1432cf7de2beb14fc7603ae7",79137015.7072976
"60f0df18cb4324ce5f4bf650",129086213.183188
"7c1dc421f5a689aea5babe4c",43750483.1489429
"020dfae44183c65b708727c7",8626935.1123383
"92a9c07259efc617e7d58f9c",14763486.1977031
"18531c57f6dca78763d360bf",3269965.25355292
"dacd62440872b6e94ea56fab",11568691.7340782
"b607bd072e8293d6594f3829",48814825.0501511
"eb86c1da60250e5559fc3cfe",7805084.88703543
"fae649fc7256b9a3ec036583",54171672.7021986
"b7fa81aa571906a93e9b6cba",10470237.235761
"0823be832fff81b3f1291859",1855039.16420012
"fca3a0fe5db369235960d285",13859888.4898124
"496fd5c93b2a578d970ed55f",6247242.46460149
"9c63c6c27c74c03f071385e2",6219807.4753407
"6ebe90f7140b738b3696f086",195215.061453451
"7110d6374f3fc282e4f4bdb0",120556353.883083
"d33994c75d98941acffeeb90",20842420.5122848
"b8e8d84450f5e0bc8a721c94",320367717.426502
"cba57e3b393b3e392c7431fb",10666587.2232001
"fc2ceba651bc629e7f690849",3007237.72630458
"857761b5fc5c7d101cb765b6",3109113.4370681
"55f67dd7302b68477e803399",22270461.0948984
"19f538269846412f3e150a4a",4624814.02037157
"75e0fa8e5c83c49d3a0dea48",19876069.0960983
"fcdbfb9e15352cf210cce7cd",1832850.39157004
"c2b91ce4b1bc8c576a0ce1c8",2987841.67308623
"73eaff92528288fdbcd61e2a",510643265.196207
"f6544a1c169aafe6c8142907",137930692.209646
"cba9aead5bad82b31da51e6e",3856103.62684288
"b239bdcbfae846bf74791728",86261661.7117652
"3b823e81c5378ee3c977e863",10769414.5450745
"1b4db5fcd1f92d3aadd5c28f",11832423.3750945
"b50a6b85399ea2c6b5c33405",105388851.942762
"1e6176a558f301d81bb050f8",3515310.83967764
"8bcc1b035ea93a5192256b37",38351606.5358895
"71a3f0980cdfea0ebb869935",24610046.5462528
"8cd0345dfac13ab380240b0d",10769414.5450745
"e66b2c71519ef8756db69b97",12334977.9941352
"c843044c1fb30819300448d9",3286854.76054992
"4ae10e7fec364242c88e511b",15244278.5448234
"c9e92b994e48df83dcf9976b",7282962.53349338
"27f41f09ccf8d182c79cd48a",22004160.2550506
"d8a7c0b01bb545c414e12a23",53995070.053413
"f3e2fddf1dbb400788a5517d",12870729.1412566
"89a066b7d6a31dd066fa0d32",4044904283.92682
"c245bfa6587eeb55227c8a4d",61105708.2643581
"500d7c5346ca11ba934e7ca5",23762600.7261207
"536fa59adc007df763949045",36173425.1972203
"223813dc0188fc229b63e8f3",35304210.3042142
"7c972ecb7b90537b1da0deba",337112479.711123
"98d8411005ac05d77cb12516",17164139.0223288
"d12c08cf48be75014a149873",12904971.3226759
"955544a0bc2eff312e965c2e",123781141.189398
"20488db7a62f765ac8da0a2c",71046829.817815
"3f370094239ab6fc817e9ec0",357814811.082599
"ff54bb34225682d25c551178",12904971.3226759
"d0c7294b2184d0b4d0e2fa07",357814811.082599
"104e960974eee31e7e0eac6b",37540372.2623953
"0d477acd9c95e9ec63839a53",1659710.99388286
"6d255e0026d70dd44229a2f7",21312564.8919742
"926cdc0242544bbc850520ff",12577160.0918833
"e75a05dc0018f29517948ea1",3715965.26922569
"dc40c56571cbee9c2b7770f0",18100888.0327824
"2f76a2b53e091df35a125b13",16823777.2575894
"a4a49182c79c72854732594a",44811152.4755249
"50287f73d47b4cc4c2e1840f",5067326.78213378
"5efca36c25884a2822bb7a81",18168856.367284
"4347bf26ecd61ebc7a16b4a3",11676384.2343024
"7c979648ab3729b2c0cd2106",8812788.62675973
"f40acdcf5cb9925c09c9df7a",11427284.543677
"6ff3eaf8b5a2f16efddde1cc",1687217.99826126
"d35596846155e74d1a637d7c",5648958.84840529
"a389a1ca097a820fd9af9d15",4025963.58953082
"ef450748c440c4958e5db54d",7190970.88916928
"02779b92b2f9bafde0c75c11",251394.378347236
"77e5e0b64140fa00b0227a3b",3529900.7741691
"eb55b0778607da932c3b311f",7190970.88916928
"9fa391febd5d0a8e4c6ecb8f",7304093.78487433
"6270356f1cc3dff186d0ff4e",16183620.2475651
"ea7d5c601c3f8c86ca8f15e1",6021951.05168108
"072efeafd082025bbc5a25e5",8258944.91902631
"d8bb6151d30573c7595ee7c0",200045.432413308
"f26c43f2304c8c694c818a9b",10088256.2028799
"14ea4a7c57d830eba13638b1",3426498.74039103
"c1ac42dad98d2f23dcbf140d",152848141.054926
"aa6af44635b5d51da4b02059",10365718.1488768
"291a4ea1a695347e1901bd4b",404636834.883054
"024d2e34a561efaf4811c17a",22135158.0609372
"e5a40a555d11d4429b9675c3",28103571.9482425
"3a10398b72905bd710ffe9e1",34541291.3000408
"340d1313fc2dc8e5b6918262",54593943.0929028
"699bf5460c63a4d0e4542ade",6039423.52402893
"e98bb3a89bcec8650e33e730",262663172.563049
"5de86bddd492f76596b17a0d",20089621.2197832
"95dae083200a9e43a5aaf210",9770024.7699828
"23fe512fcb21a0b84781a318",2836252.16835268
"a9dd62f527cb0dbfa51aeb7f",33318546.6331717
"8964dbb5b0cbfe509613a63f",13585671.3024748
"f75009356c700f7da7106cc7",38290648.0294686
"6f502f363fb55811478e3b88",9063464.85452929
"a48f29071cf207b27ddb03da",1026969.74780414
"b46bbf66cc82a4345c5da177",2449553.3125908
"a460aea3370926825b0dbc13",2035035.58816176
"7a21a8d99a85171334695004",83961480.2231985
"279f6f594d3f8ca8e8a5e2d5",5410638.35786668
"bc3c509022e3f6104cba5203",1205085.27519271
"654d2a3a0e02065560ba2484",70820886.3614463
"02a2ebb6eca5772e3526d78b",5517569.37364344
"d4646b7f4dbebf9785963cfc",1164044.38880635
"68fabddb27fc928b57efcfea",104881913.518458
"53688de79b052b3185fa9435",13492422.3537408
"bb962a9e3861b06ae1daf833",7554832.50070058
"d80c5f0b8ba55e7cf105d282",2181900.70887002
"ed88c773fa9ae8bb29645fbf",4697232.09982763
"0c3af9e0e9c80a68acebd041",15669375.8165567
"0faec12daf0493a512b2fa0c",4020177.84810784
"1807debb0a0b590b9ba4ebcc",22167098.9984884
"20a2a0dfc963fb8a355e704b",65057606.6425571
"a2c033f497e62ea10ff8ba3d",24662675.4712646
"985e40843a30150e6892e4f9",170395755.342088
"2ba0807f8cbdac389424ae04",21876399.3964575
"9a565e7220cbc3d5d340e8d7",51480707.4014535
"33598222854631e92fb72baa",93497659.368091
"03fb5bfbc1895115a04e8116",9345838.68663631
"5045ba9a65b4bce4fd305f82",11255701.3561975
"277f6440854cb0c98728e685",3958481.15939255
"12c7037cfa63de49e984a789",89790711.8085815
"ed9976e922a774cafb601f5e",219758182.664139
"ccc70d1d8e4411331730bd7d",1176808.07146176
"30d38a7bab2eaaef1ff6be0d",2399786.45000527
"31a6c440ca9eb29acc0f1086",25017631.6474283
"7a82ce4b2dcd2b43485f5047",68176405.3497919
"a74be48ad396ae4aa33ffed6",3618058.3014451
"4ea46b833575642ecb2ed1cf",17196842.6597991
"b780a0ec18c61b0760df9433",3962526.3589368
"b83a5c303a2b079585b9b94f",16597799.0121625
"a3c45875c0834b144f834798",135121306.850943
"c3ae3f44bbae215f7f2fad9b",7757132.839362
"5d54a0a596d49d9f85f1b5e8",21147475.5588291
"355d1fb69bcb4e8e8ed9ba1a",32730307.0252108
"cd791a46ed616911ae7d4fbd",71507700.7273888
"d2d2f335839ed35571b19bb1",17775721.3695945
"0823b0dc92805ab05d3f8650",7220637.22921987
"f92f4d135119fa88994929ec",5203102.02368035
"401f0de98764e9fdd4055406",20999800.5607437
"68a7d01e50462f7506f8c8d7",591749013.725221
"e4434407771070783b97c014",30087424.2564528
"7e1153d411af129357ae5c10",5409482.64426306
"f409c701e200046f574f4e06",6583537.54022557
"30a8b9c197bc42f088d0b873",8818976.53236902
"d5abd56b5a8ab8c2f61a07f3",23198641.1385206
"805a27aeafb3ca91cac56d14",44157249.3479927
"1ee04111d277e8758f740139",1329574.40590752
"b9de7d7b9a8ef7c64e5f6bdf",5954086.77188944
"5a12a15af3c0585d81ba8f5a",1549168.88403036
"abb63383766a9853c1091c5a",359590916.451844
"1f95c205d5094c674f6e45a5",52796916.5548411
"4911a6285f548dd30c8061e3",495121261.341628
"0b9730cff49bcaeb4d703c06",41470979.6716406
"f033750cb9db15e886b156ce",29316211.055818
"fc7e93bffb7fbbdebebfaa2c",87363261.5138265
"4f500afb7f7bb42189820a18",10821488.2978729
"3921d7b508fa1591d40802d4",312226184.622759
"caddb9dce27a7e8012478da5",127386085.737029
"4eeafa126ac5f301cf60f9ff",11025666.0388567
"59afb00a84b4f2a9ffbf71c6",6494227.44806073
"7baa3608aad1fbf357d789a6",64885848.4449024
"a5b8869e9cd3d0cc32a0b298",93368457.5618455
"d084dce4ab9c4008ffa3bbc4",93193918.341641
"e3ff13537ffb7172336ab5c0",15630719.960021
"1bc2ae31ed1970ba52b1ff60",2575874.57840497
"eac7136b26bccb3c5d2b6202",14537538.4466492
"073fccba71b28afd815be434",54709962.5338158
"9b1c23d616e9407fff6553d6",15203626.2302978
"4122eca7b73c1347a7814a70",19504498.7232739
"cece8267e60c2461d6c409a2",10600691.030724
"ba4e89128058d5564987dfc5",15203626.2302978
"69843aedb25a928097a22a89",7364266.43574467
"a45863121bdec787e119b14c",2259907.81245589
"02e8811bff38125bcf8e1a6d",1672200.32809931
"d709a76487a49bf257489c0b",108018.764249945
"46c42803286c800351fe633b",96243585.3599924
"2ae3ae7f794d558ec119287d",4384908.15089843
"76991a35e9c1b69e1616659d",27976285.198585
"3de5d35f742cb4eb68d5f314",25007040.639164
"a53c748935206f61751dec1f",1384780.56204449
"ddaf8a1e5e6922cc3dee5caa",20041589.7507059
"841fed959f036a03697868e8",110882439.492669
"ebe1b5c9471f3441a388f7ac",43045585.204201
"f0f9bedbcb57383511805d17",2244469.0963147
"f9402b785deedebd3ddbce6e",25497925.8094805
"d1f92e6b18faf07ab70ca1ae",52893880.9319166
"6e794276348acc39751eaf47",9572853.68606075
"4b04e0296820d04421db5219",5778812.81462082
"ea0ca17e989ec57a480aa464",5601621.06302429
"cc6fcb8ea6556f676c13a76e",6519819.23126222
"2778de5e56ad7ece898249e9",3893117.3273185
"9f0bdae4f8609ec93588de3c",5434965.46186651
"90dcc3f9428a4e7cc396a15b",9490117.6347453
"2d7bf0032580e6b6dd1ce36b",39408362.6475666
"c45d86d17d1d0519b455b7d4",17233059.555987
"4c7e7cfb286d82aa96356fb5",22131654.1228311
"edc204c3e18368e0a9eab593",27331707.810204
"e789e801fb5d4501b5d64e2d",194618475.917606
"3997c10ceccd2f8c8e43cda0",7838376.06518176
"580d8eee8dc4b7d43cb193c7",30395379.9038122
"c823e3fcfbf0c43bf2d82586",30541711.023368
"30677852542c78698083d4f3",5449393.83955882
"8fc78c514a2f1cdbc5ae6e1b",42969788.9003558
"73c618d704a2e1ac2bc41954",20520267.1921737
"4ba85374c1d1f1d3f4632ca1",302396.238533164
"9a471715e4c4865b822a6b77",15813491.9413789
"4e9f1e21c855f1166428fbdd",5216223.35383446
"f11137d27a5d7fa57f94e97f",1151242.36416982
"5fe5f3c5919c0ebd57ec8e36",71779906.6242244
"e40742774df7d2b614f32de6",7310421.4039321
"24b28522c72f7fc359f2a718",180424723.330852
"26ff1e1f4a6f6bda702fdabe",6601814.61034354
"9e617d1fd8a4f33d7b66098a",116322437.409871
"3b4e889562e4078f8f369172",235872264.50331
"3a50d40f15b1cf5bfb338092",1133158.39639914
"cb2188cb8e534973ea3411a5",10121271.3490396
"fa57f96bc6affd285d10c4f9",107311.01259113
"c0ea6c76eb977d83c163fd7a",1668100.51556587
"367cd12d7f4aa93124047eb9",131811595.646789
"54952b5f463c64c605576601",8954028.8136525
"57eaaaf24cf82d885f0f1dff",33821039.1860254
"f2ba4a7a0765c3ce737b5c81",10196568.4797319
"5282c3c48495dc31359e70c6",8546316.53035579
"552b01d72edb192663998c4b",171707293.57963
"5f3a1ab21669ad9234d4dc63",7008526.88434755
"68f431548c330f84c46174f6",20345631.3273848
"048051ce9bf8f6a48e9451fd",8097318.02695663
"fa4028ad48fb2082d167989d",8775668.57252203
"5b1902dd7768f5144ae7704c",19455045.8214919
"be0a8f4be774eeaa42fe460d",44307590.5659507
"16263617308958055850aef9",5733825.33188561
"729f5fab1578f8cae4fca8f9",5834059.52695502
"bddb9388922dd56737d8847b",5330179.19823986
"9847a4ab995b7b1c30196704",2963643.12609358
"d19937a773269962c7f9e8a3",36033360.5590634
"b3c8714dcaf5322475ce2c60",2341610.29522045
"875126e5776dabde40e29b09",6160408.45380335
"3a36f59d7c0e6c4eb85ca0cd",33038961.9980493
"630f00e15cbd7826475d1509",194618475.917606
"434782c3d1dc2b9ce7bcbbd9",41976236.228473
"a470bd174fc7587dc1449c89",7488273.6289988
"99c6f87ac92cc323c8caa005",22131654.1228311
"ac9ae945fe25a46184057606",51732002.0396409
"15d910dd93e0aec22ccc2083",31233442.9919439
"6e1a9c8457d3ac6a57598052",10078178.5252315
"14e179618d1a44c5c55e23e6",40128713.830326
"2b8b979cf1952fcedc63ca9e",7770260.19555355
"7cfc3061c0b2f3bd48375ab9",157302319.67578
"7200e3ba2013876cdbbde972",3512090.59989019
"9ddc1924043ee8361201b39d",5354563.26226528
"f22d6cc8c9611a7c23fa8969",139412378.89977
"b7c0a0a4f5c5b986a70ff249",5638458.06255849
"adf176b63ea23e08d252b5ea",1621599.38105439
"77069fb9fac6b61aa6a89ae3",67273099.9638897
"7f0f27f6d30c743acb3e867f",5008715.74372841
"7e299fd8c2d53ff1cf95aee3",8871317.97309004
"f309733881a4f89d9c8a8958",66738882.9672773
"0f937643c067371018c8deee",958684.524761742
"8e35609c1265ddf59e1c015c",1437152.11995983
"c1ba606f32ce0337cbccc2b1",14968543.9452124
"15f02dd18da12f4d7b0ac2ab",25578346.1656072
"bcbe8ed608f233d5ed7362c1",15192378.9297074
"14611fccccfa2a6499b2acef",21188496.2706497
"b10b428245022d55db248b72",31244346.7656423
"13e6c5cde1004803fed93cfc",15177752.5075977
"ba31c38eada33f680d44627a",3425561.02050277
"3786daeec4a4fb40ef07d8e5",62953848.0379418
"7736ac030d8b587f44f7898b",685760375.87194
"98f89d21e5dbe53f8704e745",7518750.59409105
"981fcb79db3881259eb303bb",1053102.78314743
"08bb88dabf0070f72a801a4b",7917305.87558334
"32d56542ab5486bdaf4466fc",2253803.87790527
"c0f911fe7ee2113ec59cb5f8",3037913.58962325
"3adadd50e603746e5e4fc082",2707635.70911562
"d117e9672b3ea0435e7a894d",1053102.78314743
"020473766363019ee40d6685",5323245.06944432
"b04d16faf40ee02eda59a9af",1053102.78314743
"bd6f3819a1c0e551598fb9c7",2186723.13475528
"5520cf373444931ed8630635",6791290.77453393
"40355fef059659469e16e3ec",21441735.5115275
"deb844a2812586991b3022f4",7466816.03607163
"ac0b895f523b53b4abd013dd",21183081.506826
"ac208e250f5ae3e5e1008351",44749912.0187205
"0064cd1c55914cc8370a096f",534859.945839813
"165fab7a9f8dd404cf4e9d9a",32917625.9055398
"df3eca0f59974a812b4ea9b4",25323734.9701056
"1b7c062b606d0560e850a2e6",34807023.2681212
"87ddb3a17b601cf7c61e8c07",8642663.54991687
"837cb6389640f3919bc73e9b",5878807.37214257
"77bab76414ecb20888cef7a1",17669916.4333669
"a9268ef5b7133cf6ed1a376a",9301540.00638487
"cf7cbedea50333cd2dfb0e30",3141400.66135081
"b0cfed2d25a5d78c96d39d20",10491227.1594848
"ec0c283eeb8db461c20af1d6",25865840.6307365
"27c3b7ba2991e7bc0c9fc322",18126834.6643032
"0332c7ec0d3e547ec6d61664",19479292.15119
"e58b92216ee6438a921ee0d4",78347030.8736952
"f7959842378c94c9f620f561",60273894.2905621
"cd0236af88ded6bc15b49eb2",685760375.87194
"d40e0c2222c0debe89735e88",60273894.2905621
"2bc9bbe0f0216ed9d865a85a",2727534.62506009
"e9bbc31499ca187c6a492175",6128098.60131728
"f2409d037bc8b3e63ca69fd7",43356807.6874293
"5ad71b7cfd356a75021174ab",742898.244107681
"67dec8c47ad4de9605d56db7",1630002.99014584
"c6d679cc07ce4373197748a8",10011658.1604137
"a36ff3637b7d2b1c52999ea8",125329844.951855
"3a384d68b7ddab45e01b6e99",177718996.167426
"42d34ca2252acaf6e777d23b",45375620.9211335
"c4b2a42a8908cc35e649fb16",101651158.519637
"18c38418824075acaad8f960",10832929.095793
"85bb6775065df76bda33f738",4785621.23351873
"14cee0bdd9dd5537b96d0786",5681077.11325394
"ab332133aca64315672a7192",26171537.6548458
"d53b60b0f2c65918153ca2e5",19025514.4847015
"ed1f81648083d4d2726710ac",2068739.31092952
"b6692a933facd74b4b11569e",6238675.0205434
"90e00fc58569167c00fae7d0",2083603.04083299
"8a514fffdec277cd46c7cc71",8979152.24365526
"7f0b4b5851c77d78805320c5",62395588.0774578
"fed1a608e3c0f2b79cd02ebb",119973939.99737
"075a5474294e25da55373a09",3789613.89178356
"8826b9e008064cea38855d35",24878684.2884192
"660eb3b40b2bcd07df8f5c3f",29133322.7439195
"d55cdfba22aae78b6fab5491",1567772.34725742
"ea6e83dbade169818975e5b3",8833959.81405342
"dcac44d3f8024c6ea1632432",8426336.95961713
"2772adb268cffadfb2917c2f",14200478.7902176
"3192bb7190b9130c4e67be4e",137109175.881689
"9d892f73b02f001c2f715607",22123086.5871904
"c27d72aa1fc5d37f4cc105eb",9117196.49198052
"6c0ac32bc8a66844197c5fb4",9456094.655587
"52338f4f7c8af6c649106a96",13054501.237667
"356815b8ffc300fe03073b7a",79349524.8076578
"22c780d56cb97fc34f29e9cb",8335922.51173146
"806907598158861a6958388c",9197821.6231194
"449cddc4dc3ef1e93b7f7c26",7539854.07641042
"b225270821758e45cdead76d",968371.40127872
"e07bc486c6f5541e4788f83b",12615119.9272275
"970c0d4928a9292748c0fd00",29299608.6369344
"f73f720abdfe4b5adfa2bcda",1279260.0383012
"48d3b0ef6e5f999bb90fbfc1",883320.555129331
"b3ec2f8af6e9adce047536b8",17956189.5389045
"0e1c66f843e06f14d7264864",17461191.2427117
"91c4f018fc7939d150593935",5786103.09057674
"102434eee07ed18268857a9d",91668791.8634756
"a4c70eae507d630c2f285eb5",4667136.22447001
"45abee1de734dc32936d0b1d",12903420.7162377
"82bdf442e186baa829e06da1",58595333.5366765
"019cd320e02a64ba3ba9a37d",1538142.56622305
"ba1b3c8ac8afafef56233c84",23543076.5587661
"3c3a0f57e030472879f454d8",11186997.8578977
"d520e90e7d0c44a6b8852e5b",6385342.00439638
"38328747d2e1e0e568c05523",71194418.9511946
"659e9ad0f593b644071cd850",441359.852701717
"3e6645f2cd377ba17ae2e46e",4423676.30387775
"307eb683db84db535106c445",4279816.2045737
"26c8961848e3a77d98049638",58181162.3490888
"52373e15e9dc1ad371a0c090",678179.914578638
"e5b2a446c12222efc187e02e",39099148.6800985
"156f706d1d30de19f7e369ea",3070388338.75408
"aa94d2ad36bc0e91bf561be5",90703004.8152261
"8ab41842b8e41b89d8670ecb",174710610.710204
"b19ab02a8e22f3e88a26031b",10221531.8506092
"a6b1ca7a4e91c4c0f4366984",13368515.8020959
"a277d5e8216fdc3d7c93eb2b",22424120.2774773
"f939b7271c4d399a5e647f8f",25076297.2248708
"941392f9a135909273422dec",25263334.026077
"e07d8e9e38e309958288a516",140440160.657575
"258f10f742fcc835d53063cf",1868561.70311761
"fb672b4cb1b66f2022f36a40",2034164.37293529
"ce9dbb6d009cbdbe654edcfc",15772464.8256306
"22e524f1fab17d5b8616d741",23621025.4287814
"7f0d874df9235245f47b04c3",27630792.4075135
"27a8a052b815998c771a1f55",23621025.4287814
"b80593fba07e21f8bdbc352e",85787638.683246
"d18d990404e7fd07424f5a77",6651480.61433125
"033599f7e7ecd8d9c8cfba46",3205440.34209225
"51cf2fa527c3db62914169b7",54947247.9783674
"2b2fa2ed0055a19859e78446",63314743.1349884
"a8e1adbf076dd737c079129c",3261493.97481899
"adf948af7b24f9b6f29610cd",3652832.35561531
"23473bcde48f634641769e22",5535357.11372634
"c90486bba327ede32dec60a6",19026494.2937347
"d254d88ea0989a609b71fb72",424596399.599234
"2373c595d24a7b862b518ec5",2803909.33447388
"ec401de1c0ab2dbc149da048",20863182.3100704
"17c0a8fd3a2c8b5b18d61e4b",3909786.10201308
"1a1016e7a96da2237b391be5",3260337.11011002
"c5b40b510bf7f121c93a2332",6071451.12824779
"aca37e216a27b4dd5337df99",552086469.974894
"96f59167d17d1c99f31be997",1966511.45911215
"062b36cb4a87cec372f9f91d",4615178.16394266
"0466a7e06b152c1860d44334",113161309.323124
"f44726680d0c594a2d430bbb",3280497.70043605
"8aac8946e7ae5725971c5557",2533874.8204113
"e1aa6c46135f4d1aa1b7a1f4",2739364.35836757
"fdbe5801070756d1744211cc",16797196.6553566
"6ec4c88b8d3a16148e2e7348",1386470.67792377
"57c87ce038e4e523b4ec189b",105978458.972523
"9bd500fb24eebd53d8262b62",1386470.67792377
"85a86e01443aba593f95dae4",3000156.56489614
"13e2ec0a12c8a48a753b85ef",11972356.938042
"b93dc01af5f49e6dcfb7a547",892972.051569075
"71a42155184509caba01a1dc",12877359.0695243
"25fb1c0c4aace859265de172",12903420.7162377
"6f63e4f866bda86d5c993c8d",14561515.3226857
"72bc42a5c73e7b1f9d54c835",8815394.41627978
"c06f36b42021a1512cb6e3bb",21441735.5115275
"f1a7fa5dc1996591ff97a34e",110695427.425198
"6128a8deb1f0bfbbf0d67769",10180710.9199236
"b5254c6c29b4f6984d328216",7944064.77342043
"6cb19c3e491a60bb2c166669",195215.061453451
"dda4ee9f3811c29e2b261a5c",6385342.00439638
"7a564ce9a4ed3d2b8fbb1103",12903420.7162377
"63b982fab95cd17211a4a58d",254086.682029628
"5272c50f1d8fded01f7fb0e0",46877114.9951173
"02b47e60ab77588aff6cb433",3883598.31339877
"ddcc7f7a087aa5f4797a8a5d",195215.061453451
"77a887ca508d924ad5203194",24510501.0476512
"b57ab7afef2b8aee016ce6a0",28454216.5098693
"640a801d503d85835eb65a42",21151388.4748214
"767ff947b16b2271f516c28d",20738525.466288
"1dbb46a250f504e9c8673bed",40995021.1381839
"fd6e9c9ed7679485dfd0b022",4785621.23351873
"7dc4f9de14c2924b229ca0a3",3290496.03380628
"3064379f468404110d594c87",6993717.76843222
"6005ebd6442c62f8becdd2f5",3166981.15572326
"b62e960eebdf95c2eaaaf9f3",140968316.205863
"7b0258f1aaee97661c34de64",28373465.8635198
"91e2f9f7d4ed776d38a3274f",195340693.325611
"d505277049a254f960e114ef",31310685.4666668
"32040dd7b8edfbe331773288",25367727.2215147
"70e427235490d7d9c9239676",13073538.3114539
"1a2aa38b8e18fd7ed5be77ff",10491227.1594848
"4883f7ce7086ba9c8ddd4315",27265945.4784739
"4116cde03803e63a3e87e847",6723496.75090902
"d6de5d741702387dc3f4481f",10637107.5846848
"2346533f4712f3bbd036d85b",20842420.5122848
"f6a12c0f02fcff1be042ed0e",3007237.72630458
"eba3cb8156e0115bd7dfb525",45552607.8830869
"ff27ae490bf03513b6bb386f",6898797.25240208
"e87779bf2f8af86fc4ae9583",10154975.5973507
"4a809b3987cff0290c1df8fc",3256763.37544169
"8f4241a17d1211687bf232c4",6270084.75648131
"bd8c1ff6f9919ec6f1dccda9",88972574.6188553
"081e008e772c6a79b809a87b",19921157.9456392
"0eff08cf4bc42dd442a70231",6237699.35192572
"b4e084d14962cc58d4089955",151296649.913218
"d02c3b5ac6fa0ed6db06e490",20739751.7260848
"e8abf103cbe9fecbdd758516",151296649.913218
"05308c4f3d0e0887e4a68a92",934046.991644191
"256a6ba3ff423a899229f154",20303802.4817893
"097314d920292b46eab5dbc1",110874826.061161
"4ce0fcf14266d144c82f8d4b",5010994.74010939
"548791b5faf236b1c03b7523",1964873.03240457
"40ef1682158d0c3cd07f484b",6451571.90863064
"7b473504c85e9cb576f951e2",4876733.88106416
"730c7382d76a07904f559b28",52449534.349075
"e05598d3c49f409b937ff2a1",39369821.6116277
"844dc89fe6588acccf0c7536",13206821.6941085
"ad1492590bf61d2cc83b493c",63314863.8983923
"88fce3ad9b8a965dc11336cf",1925415.94995495
"b76d853ea415967415ace0d7",18614233.7848144
"c12c81b3eb12bb329466e88a",5636533.33469851
"4e27458d179a469435d02ff4",3395319.94324673
"8d15b4bb1447eba7a680ef47",11766437.0484621
"482c7150c7555cb35558398c",10015478.0334512
"e5d6be06fd53d317c8e5c7c0",1341655.76453505
"f798e7105aa8aa66750a2c85",22388947.6744889
"eb24e0a0ebfbe16eba466280",36689080.358459
"618dede0dbd48df4fe610af1",11170409.589806
"6fd936b82bcfd3cd2451bdfa",17747636.7503148
"adbb5c4ba7be2903799a51b2",32415136.4924633
"3a99197868ce338c738a3b20",334860.053172833
"d4c45f35f214fc226ec85b36",5997180.9753694
"c3140ab2134de662162af508",3765645.68473958
"0fe23ccd8e42605f4d9f78a7",4181575.52848681
"8816e8101ddc4e704053e23c",4384908.15089843
"64ecb100d7882ddec6bafbcb",18368619.9174406
"9151a8c65e1f01ce591c595d",331872.235359296
"c8a40314be3014c2a218f5bd",7971651.5056827
"29bd4cbe11f44759e07487fd",3668843.18865183
"72ddab9ba5f24941e4dbed6b",142443776.867283
"1f18df9ee1b19359816ed13c",1701263.66705913
"fb82175fad61a81e9b665fd3",10011448.1096696
"dee2e190c4e2539124ac3ee1",1426886.34763561
"0cc2f3a49dd703e7554ba638",6697948.60506723
"ece0394e38b152e6c1571324",22131654.1228311
"e14328c988a27176e9fc63af",6263116.39603914
"a91664b9f15f9d6f262e7b2e",29214898.5540566
"d54270fd6b09b38a978cd7b9",76750811.9804751
"40c74dec061500aaa78f78b7",533787605.577335
"cbf6faf7b47b43b2a77b3654",1124895224.2358
"52fa1eb3cc7cc2f77ff98764",43548424.2900691
"bae512bdd3b04405c519bf4a",134395708.804659
"e7fbff0a25cde72a38e7c7bb",238890837.260438
"d3f297fadece964afe5f1cc4",11068185.9308153
"2679ba671751ff16e76f1807",1659897.77759458
"8059e45ca26bfefbb18d8e40",27115235.0806423
"9e7ee8e17b1e76965e96ef95",143693293.657225
"9039bc918a76e486041842d0",26278180.038449
"1d7912750a5e345f7edcdcbf",7549682.78908514
"4fe0482ad622080f55a0460f",15986169.4509348
"953fd7541735fa8d9a342642",17368849.5464212
"0b3021c156324d1e7974ce3b",49832138.4782542
"b0a8e4b4ef6678e6b43865e2",23458180.2007617
"bb47fda808b52f30364a4d6f",20579806.0024378
"d846dbe691d0ee3ac5c3bec6",700864095.896278
"21932b5a5fa65d237ddb6293",20579806.0024378
"07481a101afc1d5db45245df",35079616.6784296
"d99c00c516cf57b6fd9e877b",8291348.5875758
"6dbb494acdc64c03742fa730",15313111.3550981
"35f69c7a9870ac62735d7639",37901037.4939848
"2721f5495ef5dde16fd29cf4",246471695.906929
"0c068dbfdafa3429c71189af",119596048.045251
"f3293c4064d71f9322ca97b2",92598753.6130934
"5eb268b95d7b6006b064f9af",37840362.0998798
"e13a1c06ccbf814945dbc768",55591343.5426097
"935a1e8c7e62ca9d3bff398e",52342401.5173952
"f0c7ecd3b2261873d3664748",81834627.3349473
"d2f20425e236285124eaebad",28573811.5127884
"05926b977b5df59857194ec1",2746424.47412661
"f548ef815603ec44f4629a60",33498943.5286187
"6cd147720319f60ed2599361",39435807.6024187
"6302477fe8172d08f3b4815f",112616339.650182
"b0af9b1e84a1886489d46b91",5356458.11246621
"5f3a2a31f6d1838e0a9531fd",22813335.9942985
"96786aff35713dc21f6bfe5f",81589158.937987
"68de232e27aa83405b4a19b9",238549800.485943
"8d252e9b0912f09703110b81",2528554.46688358
"f4e646df504728ee1e6ad0d8",7673028.09973412
"e89cf4cc82c5283f3db6f5f6",24121343.6583002
"1bc2c099466f9a989266be0d",23755485.9918916
"bef2008b362c4af1fc3be566",6644063.0382759
"7988f76ba063d25a4f467730",10507408.0504182
"391a98a344e894c6397d62f3",3248980.00906487
"5ab0b8b0d6d93c4654b5cc14",165252170.219299
"305d6abea2f3e496e3b6fcf4",26505355.3929735
"f512fde4fa3f1f7fe885de83",71476746.8727344
"c7b6e7a287602275f7854ef0",13529918.4251739
"3d11a16b008c26fe43deca03",32133202.2203572
"ac7f21d22d013874c362d440",8869972.87972524
"c933750eeb53302db0245782",680122.98113154
"766a8ff17723a5c34324576b",1620226.69019592
"802fe3175a2059f12d7edb99",5358322.972551
"508bfd077c80b6cdfc5a10e1",4117193.80119913
"ddf8733adb641e15837bd728",12490261.5621567
"17914fbe0c3634dae8ce9d71",87805452.2567403
"09e4397bf9794fe24d87d07c",62105878.005001
"302918a3460b98acb64fafdd",2405377.17206422
"a7e57a8be8fc8d8a844cf9f0",168325483.480869
"7b50b071f4d795c9b5ad7531",119328544.922025
"91a7bcd95c0c960e4cc22d91",2516509.2807516
"5d4a23137173c0e2288ec418",4383779.21719391
"751ba0c00d4fae1078c02fb9",24028678.3441595
"e6bc998ad1d87c5be3559ab1",4035065.70003363
"53aa9cd32e2a6aa346d3d789",4035065.70003363
"06f22f7a8e4e78f45ae81638",21594248.1054107
"2105c17a4e2f97183e24aa4b",34510735.4430333
"ec13a869c212c39b6ba21b57",5742373.02824892
"0b49dedfb53ec812962e31e7",6295957.98640783
"69e6fbd4d3816c4cc37b265a",53145079.0175075
"ad46f8bd482500f3bb935737",50922589.4901501
"368f7a70a62962bf31ec9583",19098193.2408623
"07412230b931192771072334",3554167.85158682
"e63d334d9ae8b672dc7b7d5c",19098193.2408623
"3e1c2c5b0831edf78f7b7082",3554167.85158682
"226277c02e8532922a1c769d",29492258.6049074
"7902ada9116a1cf7458933cc",5084540.60632749
"b21f6e217d6733230a8eb7b7",117961722.333146
"09ac622c303bce9ad5514442",7303745.50684563
"ea63bca8e3a77fe88d88fafc",6364391.90468588
"a3c7c54fa12d5b57dd997210",22784200.9143699
"cdadb2607807935a0a5597e1",41301106.1682972
"8d041784b65d33c76e5245a4",28875746.3254831
"e6807209b634455bad257998",8829192.70891023
"b1e3f1efb232cb0976506cc2",9253143.94779325
"dea95d98e8bff87b905f9172",94468154.4711851
"44b6382d9195ceb3f12d4939",6970771.60760091
"41f33deb9990562def18c917",1998888903.86225
"0a61250b2c208d42a3077bde",20520267.1921737
"c714b30713eb7877ed3cd92a",4847447.61823912
"bf120b883bfaf7641eda65a9",115062886.947236
"90b34ed38e0f18988f11d77c",10354612.7784829
"feade1f4b3b06fdc12ec213f",9186810.93065329
"00bff9be2d524083e3b3149d",672323.685388578
"f1e38e53ddb8a9d5b641d934",12119723.1513285
"49dbaf0bcca86f32f86e641e",10931478.6541976
"18539b6cb6884f753e0ac18f",25381181.8460629
"7586a79a0151387a1c0cd85a",88498845.176079
"d533a334c2ad9d510865fe54",26092934.8535186
"95f7bbdcfb59b4cdb41b0394",81385863.022233
"4a2ae08359e1ecd39b43afbc",4437391.57266028
"e8cf39cada5b7755f60306d1",264761642.025887
"0489a476b376f7f6efbc193b",2709030.45764381
"7b31b5e53015f8116fedb0c6",8878656.12820187
"4c0892a39011cc6a37fc1145",2972162.66266293
"92d7d4fa9fd09075bec14a3c",61708191.6640981
"5e5ea93675900efebecaa19a",1030110.56260227
"084de1226de9a6f4a6075c2d",317652768.557315
"54f16cb9563346e15b019102",13213523.9377106
"512a6de80962ab797ed2bf72",15455748.9498104
"871befe27fa79fc1e1813b19",23105862.3303108
"4e0b1df5e05ac505c701f519",1379708.09214096
"37227e66adec69299f853e51",328112680.434772
"0a0e3ee960f60d04ffd6bc0a",10264983.1034869
"82b15a5da307865c7045dd56",210497376.829113
"44d596fa36e3992208292ade",1564778.93959404
"3569024b3ae4865240973e6d",13081669.9085961
"31d3215c8345d48ce9734c65",17118171.0628365
"147e7f5381d3c951fc446376",1853000.50924678
"77deea164a3a622df41249f5",12529082.2482222
"3cdee5304896e4cb9604ebe3",6603615.50650653
"f5418917530b72c9fea14f66",630110.857234975
"ffcbce226963f10da8c53fd7",177019044.943525
"2fffe55a1584619bd7c489f6",1367452.29852319
"3920eb3f72b96fcb58ef778a",1131853.70588698
"d10bdbfbd411ae625dc80611",20602585.2616399
"d61ac80c0d4737c3529f4a2e",82106670.1776643
"f8948886cb4cb018eca25d19",3496196.96960563
"da5bf7f1c7b2f4ad670e2382",1954314.258116
"f406c9c3c92e9b31310a50ec",84630005.6558463
"171b560236ce760573a990fb",38749026.6864333
"4d852bd93332172bfb081aff",38749026.6864333
"2e1f7569d134a931098a2ede",15086346.5339492
"6d8d2ba62c52445d78f687ed",3434379.83304136
"65ae1a893abdc2eaa63d9271",13284939.3390864
"c9c51c39725d7df94822fb20",15236953.1146874
"56ddb54e50deaf650a25e82c",1272795.79936315
"aeb330dede55fb66654901fa",30395379.9038122
"4f4e3350c429c6afc0bb0094",5791540.93128784
"39377d0d271da03ad85c7bd1",33821039.1860254
"bda2fcbba2b412981e708054",194618475.917606
"eb89d0b7914010148e6bb597",230072779.628398
"513d0ddf1ce44ca671675fe1",5601621.06302429
"14cd5f188cf6d2433240b5cd",131811595.646789
"dbbe0b6f5eb07a5f9ec873a2",8838898.08007153
"f9acdd3fa50068bc0180d008",279824365.703204
"4a85c36fb854e922936b57fa",10077294.3244196
"937876bdc44c3b8fe063a9aa",15236953.1146874
"001399d3861c5792ccb8b515",7838376.06518176
"f28514aa4d6ffa36104411c7",7682136.55853655
"3b185e3e31f7f5e6a1b3193c",65324444.2304151
"f4c7cc4a249ae7037aa0b35e",2361849.05484195
"b74a02ef5cc838952bb9afd4",1784957.36959711
"75f5aff9fa70208ddd843779",4310595.12499401
"b7273cac93fb7a0034039600",4481993.39958913
"b73bcc0cbfa173c9fa404369",24423560.2248339
"3c4c18326318a7207b589dbd",11766437.0484621
"29a230f7dde5753e65b661dd",20753759.964477
"c083a5c64c4d6952accd7bdc",59880857.135935
"1cf29f882ee8b458b8f27091",168247806.007219
"94c15574aacdc5c3cf5a406b",30449053.7305188
"661f7eaf134a5b142843368c",10513943.5427417
"14a5bf235097782f468fbf23",310896835.028401
"d2d46c70dc048c92c8e4f09e",35165096.6149524
"f6faf74c3f4e02a6b333b7af",20098359.6035373
"6dfa362ff7a0d55693793db3",2231735.17781053
"b070e3747bcf22ed67509efc",129134233.533195
"7333f19416625d6f4244fe02",17405262.702257
"3c86651d9bbfbb335f15b544",3854048.4706499
"9d8affa93ce4dc7c1a21b3a3",11127581.8886053
"eb8cc67810d95d1b102410b7",11702068.5593134
"047f94605add5f6f84fc3f90",30461426.6363832
"56ba332c82c36f07ba6bd271",59600776.9903341
"5814a1dd61362ded4f1d8d8d",37365569.0001271
"141ac7bbe9637f9e5142135c",37822106.2899708
"08db0ce5cd15db2404ff3d28",2805888.80494187
"c38677ed0876b7996f596336",279154.918745055
"daa4d7da8d7df8efc1adc9d1",2936583.57934372
"f15c6403c6d4e3676a607780",14317096.6432124
"4d0cf77f8cfcada2265ac585",18379764.5420552
"4caab3951bd6cb6dc71ac8a0",6289980.54946515
"7cb64b94877a9361f20027cd",15326961.9427083
"3f438d6202cfd4527bd8f983",4987157.33316652
"b7763beef728bc2021ebb841",1578991.49281272
"4cea8ea969dcc433fcb59d96",10172170.511499
"24fadbd1dec637edb728baa3",12878046.8130589
"63cf422266e7c39a6c895b3e",17921426.5398194
"dbaa5d47ff63125584bf7ac0",167163440.007479
"da12ac932dd8a2fabade4bdd",21044708.9247688
"f35538e95b4a567f9b834034",4419033.9016857
"6ee1e976768b68cbc8008950",2259067.43449283
"a910019b3d18da92b4c6862f",1193717.89340845
"a09413ca0b723170c26652a3",2181330.6379442
"2b451da55be3683c33e4de31",6137550.12625234
"561840990333852ace562b82",7593708.68596535
"b6695af1ce28eb50d7a2c25d",96711722.471648
"9327563b40f2a0f888c68f28",5183805.68946331
"3438e5d77044f21743e56edc",2363976.31068404
"63cde4fad1be942dc5ee695d",9883230.05628589
"8e712705b7de6e791c8735de",15696177.4302396
"85de01c0aa787152c77c6180",2765278.99992467
"c9b0673becdedeede0209697",17768433.3969843
"15ee6357e02b76367682d6bd",4503648.16976054
"5f284a75ec8e9c72abc76695",6864329.65472642
"37e696957da15625da71146e",6095952.39263757
"96a478c359fea0014fde607d",7698843.9120004
"1a61721fb7306d55dd77b6ba",7698843.9120004
"a7577260fa10bf408f1997d8",19640384.728123
"b3f8ffa761119a5441a44ad4",14876610.177022
"a5c85b445f503a56e0e2a924",4661687.02137151
"5aac1a1d5da10b76ba4b690c",44040838.0605993
"1420543e2eb5f38e4d38ba81",2447741.18816723
"a530e3ff6d7bc1abe333245d",24101292.590764
"aa9988248c7dedb016d8b6ae",90919515.6289517
"fe8ab5495cae81b5478026a4",34431377.2531911
"b463c62e3c21e339e7acb52f",305811314.766241
"00a5133e7373eae3f0be8f2e",40586872.3321397
"38b424cb0e54f0f7f2745781",767543644.878196
"c43530f324a3ac90f53a8849",7508152.98995164
"abf93b2418fcdac14293c9a7",150399255.015489
"9b1be976725ddd512cd222a8",28199632.0662011
"9b7f17ddae12105d47fad7eb",21260149.6672074
"3caab5e89722761d5ab2498a",24505873.2275992
"a2f40c8227b466249d6cb659",30798577.1264229
"e6a5007ffb7c1321d4fc21a8",1088156374.81481
"0d50b435188b7830a6949026",5778217.64589264
"d4bee60a74c2e2235f507ec0",1796231.19658263
"b474103c4b637ca25b5d89e8",21784420.7425411
"ce6ddb82d2ece3b8d58fcc63",26430841.2188991
"28403f16831effcb75471738",2988115.23068356
"03f518e2e5861002772345fd",920891.108483194
"011a6d0f12ba108ef15076b4",3497080.65307738
"93ac0b004ca60ea56cc2bb9f",9746201.26370854
"1b70fbd3e46da8c47c3eed61",8610644.03201026
"cb40d6ea6a1eab77a60c1ba3",8674868.31925771
"87c73db5d50e8ec3a22e6ccc",76143946.4382724
"9aea45bade274e4ed91ec301",391752.500785231
"43c22bfa9a14df7b0126c12e",1693110.97607614
"6d848e54ee68e6d8f23b3b1a",1378449.45347865
"e5cd7a2aed48057b0dc8d970",8996809.74763783
"bc4b94c892fea57ebae3eeb6",3929376.94138867
"e7bb12e99318573a6e6ce1cf",21655250.8047561
"4b52ebb0f0a8878def4170c9",68831928.2346257
"3e85b447edd3b23b5a0d3b79",1413894.56649858
"15005fe7eb24aa25b9e3cee7",205974878.545206
"22e00f8057294350ddf4d42a",18726371.7828641
"ddf2583bd65f02abf7ce3280",39053460.4858607
"704e5657734af93d19a0e5fa",2378954.8762914
"cc1a11362066152d21d4cc60",20768094.5580019
"12062de068acd322b610fcf1",2864683.8679421
"e9804af0513b2f68daf182b3",2193852.27497682
"f13d8f4b2e3114d71e5ed941",11314139.639515
"11bccaef3431fc17953eb81c",17488122.0894822
"ef2b9c11f884cc5f31c26f60",10704434.6908178
"25986c851e13c92ede6c6d6b",19332459.2242985
"37e28ed39a51956880d211af",510643265.196207
"9530217ea0b5d2395adfcc9d",153714990.250194
"d8607e3261ef1546eb0c30f0",2183305.71634457
"22a025ad47ba22ea9fd1a094",1331437868.13928
"1c88ddc21f3e8e4ca633621d",6581942.9814925
"e45ba581daff88707ad842a9",30045847.2845213
"d7e97cc158c6c54b02fe635c",66223432.3901941
"04bb7cdebb8b66e783058248",46247546.2598769
"d60cf6dcb7b4b40077536604",21901574.6011261
"85ceb648cee9f6f3d221254c",498959.528287481
"f58528d3ddce3bc6c71bfce9",4588184.5451241
"c269765ece36cd93058efab9",1105773.53458088
"919bdfeb16dd0bf67787d53e",200045.432413308
"ed8eacb8746dbcc3c2ef3aa9",50584837.999077
"15ec532ec6fb73074b9b12c9",3951299.88737455
"58a724e8a0e05140b07539b6",3290354.82406633
"2b7a5be93795a65d29970b02",9879762.12403887
"6dde9af12b6597425160a47a",4409830.99618491
"f0ec99c13c61e89310ca9b8a",20738841.9134879
"65c83da72c07b8e74bf581f5",11924862.2983434
"3ecdb7a7d178b48361340ea9",52440331.5181548
"af22669e3ed10470623fd8eb",25905487.1304327
"748c981380925e1247b9e64e",7422053.40608723
"78ab6cb1f62a7e781d4c4d0a",5419712.05458607
"e80ba06329760362c7685ca5",56557645.499465
"3cecc0cc43ef46670a8e69bd",30535594.9982912
"527e4b1b06637b5362c8f17d",13575336.1036604
"cf9eb2cd0f20b13cc8816bbc",21800880.9501462
"4b3a6baf8196a59bac8c08c0",5858748.09278088
"9bb9864a6bcff25b17477717",5594712.62055188
"4f7d630c921cff500705ee5a",5752644.89115979
"7b7c0544ece4aa383fd5b4ce",118563310.48915
"191094739043620c72aad2a0",27687927.1807787
"a20435d582c7646db231e7d2",132809937.989486
"1555743ec7e2f38904852860",2514033.77110306
"1c7452cfc46652a60b7a4f05",6416657.86913021
"97439d5a82f970e7f50d51b9",203014506.366164
"7667cd57d0bec809417c9b11",2714171.39261128
"103f6eaf04b44c4013acf097",39517804.9523099
"e6ef433629e193042bd30f4d",15686091.5382506
"2ee7f959d069c9ca223115cc",92765454.3586699
"b46625b69fba1afc154471e0",1641733.22198914
"5cc0700421954934cd8dc445",31944680.1706311
"066f1b68f7c053a196662fe0",43511311.3869602
"645e1c7b799a489887086a1d",81834627.3349473
"f426c41d6d8bc99f359f480c",3273035.27997567
"d1be4eae680cb16d0c842606",33498943.5286187
"57a5f4f83a474ae156f207ee",37840362.0998798
"53eab0ecc3ff098d55666699",12509597.1958255
"54022fa49ecd9cf290aefc89",30894772.8675933
"545db4962e6294cc5ed07727",28199632.0662011
"8e17bc9f09099ba3138c232a",8361544.11924784
"3b4b303bbeece313f92cb85e",24095041.5403822
"d0119d7bb15452c473ed28ba",118140277.678982
"1a36f98c62f5126c8064314c",187665353.192572
"96a77e8e42d676b0da3fa572",34163690.7969033
"d7d6f668e3e40d957163276f",49692235.5711484
"5b908b8abd8dd0862440c172",15156489.7051163
"81716dd4aedf72a6a14392e4",6700146.32111894
"47d252717c4bcae3e1ff19e4",7008807.61175727
"4f0b2f7e4d787a108a4d2537",1757837.29694566
"90a43053efa1d292af692a87",10759579.8858651
"c3df4b9fdaa4dcb13723b5f1",5010297.07556113
"4b905620f76873355d317dc1",10956631.9684923
"ea16314310144a10c81da9c7",12400060.3661797
"0e5db1a36a521a5d2912b238",1493413.00951289
"c53c58dd7b26902f67c3becd",69099220.0116588
"6c17875f20f58b1fb211c18f",12121387.6563099
"200020552855ed39d1af999a",11515504.0601789
"b44b862cbd855d46954eca5c",21756682.6928812
"ce47299ee877638c4729f60a",11406771.3192313
"3a28bf9841e6a9d3f1bc293a",81263167.7107764
"3a488b9e24d9b8fc7c222e20",2347405.73750028
"5469c33200ffa87952b356d0",2417754.93008389
"b57174dd86ed451448dc501b",214160377.0498
"ebe09efa32acf6d680341840",72972325.1947692
"33f7d5aa494288cc90d60456",96829481.4828073
"de9a32ec454c2696cf75eb0d",7835550.92692814
"df4400c44a166c851ff46eab",19812292.2870088
"5dcc8f6a6854a864dcd27a87",4035065.70003363
"bc08ce9f24533cd644ef08b8",2101339.25855032
"2935cc0e053bf558a8b73054",4035065.70003363
"f08001f2590d7b734467c58b",5687587.73575102
"5a9892659590355b91442979",102183791.81731
"ea34dfefac91681864c2bfe1",2457208.8916356
"ee3b5d47d05a80c07751f7a1",19098193.2408623
"448ad01af4c5cfba3feeab26",19098193.2408623
"bcf43ae0b4b15ae168abca97",53145079.0175075
"8ccd326e4f515bf7e817a14a",2571981.44233645
"94535dcf38c9c6461a73db02",243723836.753067
"9b3557302e940d4da341cdab",1048982.11856904
"edf8c961862a4ff8e1e44f1a",99121945.1888784
"6e508fb72f189a4fa91bde58",1632031.30863559
"7d0a4771afb00cf9a38ccb81",7308295.32600775
"8c32b6b31d1a1d5736c4df61",24279389.9255912
"da782fc0c8a79e3e250f0f67",53896600.9863004
"c86e643b7f7b57b4482020ef",2428646.39192245
"4632f1e8fc93e268ddeba07b",219037580.985541
"2cd372392fda500e6526695b",125140662.094478
"a05ef49ad8b2d6c466ac7412",4500775.72208898
"9f50ed2b7e40847ffd877f4b",27765138.0103797
"c00083aa30ba7d953361674f",32401475.6123144
"50857161c59b991304f5c55c",18909240.6797658
"3676f63aa0ab23ca7cd344b7",9973159.01418627
"3710ec95af4702c45f165279",231730475.385277
"16db516a238934a730ced1e8",656622.818534159
"d450dd622183c7cc43a20d70",9370863.8649165
"ba84fbef80c8a82895ec599d",141383532.878224
"ee85a12b8f764bc15164dc7a",9380556.31337184
"0038a3b703f4ec779bbcfe6b",17353186.8552057
"aa643acab634ee591a2a43ce",13279720.5281826
"d6438814f4ff3853bf6cdb13",40351678.0601934
"a37522af63bbed2f4d10900e",2662050.27111587
"0b715ccd3b3e01444b855857",623852.90559953
"fbdb9caee4455e99259cf921",101266253.421402
"b3c02569b8fb721934f51c52",1412241.05353904
"c07e2ef0bed4be12e41c783e",5280278.10911957
"1b4e4016cb766bfadea42f73",8643347.68675192
"ecf4e968c925cf8322f8a0bd",17869817.1924604
"6cc0e6bfd30ed93fca2bb217",874435.261787809
"3e7f514983daa92e49a7c87a",15099012.8140601
"97a22807207cdfb341d5c50c",27810878.2249009
"3f9e95762d2f2056e9716039",2546262.94154816
"255c5b92d71a00c3a73b9aa8",15230212.1800932
"58d24ab99d74ae4c449c90ba",106924416.125613
"51d1df6e1f28c40dc9074b74",34749842.8585994
"16261339c3a99635717fcda8",3484955.37572343
"1475cdbbac4aa486266e439f",18355591.3853824
"2a9974fe07b1e4427e386e06",7582896.95415448
"cf76689ebaa20c70d9db4d51",4566402.00353071
"f9379319f992cbadc43b9189",8622098.82403453
"62313cfe4272d263173e1ea9",9924202.05925312
"b2c62bb0cf8d210dc4635653",42049798.7364751
"5d2fd288d33283826210cb90",153714990.250194
"3454ab4ad567d2d22d990fec",44724313.2382366
"58be66aeab226c35330d57d5",20550309.0072894
"315ea6fbd6b3261cae7fb900",5708454.48896513
"6930d8e260fafaa5c317dc82",803577.136917171
"0fa99fd0e8cebb71a3bb0871",4153939.65625498
"fba946e4ceea37176170835b",581355.671101125
"b53d4d8d0bd4a0ae84fbc22e",3042015.86684272
"8bb1a2ecc997779d1addf12c",1461052.78020552
"6dd97377cbc262b07ea2eb99",15251636.5869478
"5c50853824c890a5a7f0cd70",22980557.099198
"4c3865a97f5877090e7a9649",538427882.972197
"a3cb2a035f98276076f2d848",23735059.9713564
"40d04ff9c405cccfc82ed5a5",16281208.6268533
"22caf82aae904c79057fcb3b",966352.866064778
"eaf87358d89af17c3e004c21",4228486.71459698
"9ab5ef2c5650c4bd05248990",14751945.473551
"d96e3063ce77ab1235e2ba26",26064532.6099255
"665d62a8019b27bf5ce6e6b4",4812059.78589977
"56234f11aae98489ae00a8d3",5016263.80878149
"76a5158e1a5c1f9fae8ee882",9256480.20470447
"d974970034de145d469d09c5",3486630.82861351
"7b5db1e4f4f47b4bf7c827ee",236143254.217981
"73ff6ce99ba5dd8cfab0faed",10570929.7654479
"e1cecc8f17883ba6e2723826",29543379.6931034
"857870b1412b84f0f19ed751",29337131.1885209
"d89dff35fa1944191aa9ed98",27629474.9000725
"86b89233e0176e034ae3cb7b",7020260.17156684
"dd3d529f3745159d9e7746b2",35772455.3365476
"af10ec1529a63d0bc10b056d",35043237.0273661
"a2645174e4e15c49331f576a",3770011.5211123
"311dcf366691c44243b7b89c",57081634.2457201
"4cbc74a93e33f7b4812e1a7c",40965787.8339163
"6e0140e1d667cecd155c6e23",9318960.49441998
"dba6308e2358f30b7ec33f59",7552728.97748284
"761ba98d35074faee3594dbc",13947427.8269048
"b961220d34be930fada80887",148941921.799517
"c9c3973bb37b5c688a7c0157",211082358.863557
"79a0bffec81b17d606a606f5",3770011.5211123
"135f6f92c4ec95847e8840eb",35114694.5516813
"05858b1e4445f56f22e1f4bb",46233963.8848656
"623b7d96c0fa09e50148aa7b",16808477.8567039
"e61e5d3288f02b904d3b1e38",12904971.3226759
"0d173e7afc8f8babbef6ae97",22695114.006632
"7635a792e5002ab99ceef583",136332331.799979
"4da93e7126354a474d435a4a",57292695.7972105
"a4c71322f79dbbbedab3191a",655741464.769792
"57ef53ecf8b709ddc05aceec",104451897.577926
"65c3e09ee6f1ef0500ca4316",25584640.4401651
"74d0b6e87c2045f95fd493c4",11333989.0590562
"4a3d0390e005fa5b4c9403f4",8190485.50367994
"a3aac701ae444b6d91b7bb0f",3653337.51433983
"4afa3a1b63c076123e7a5279",51843917.12328
"c97adfa6f5ad3e3db6b80edd",12426127.7404667
"58cdc29143b85386c76bedbd",11528470.1621652
"1f81176d8a0c61a7177c6c2b",1722930.40792563
"1c2e69465c75fb3af2d57351",19856441.1067004
"7a10ffd970cc822108ce7cf0",267816664.625679
"3bfccc757ef82ff2774f2db9",4587274.50356494
"3c753ecb3a4f8ce43077a6c1",24353505.016871
"100e9e2623cb0fc52fb08813",7855647.96194021
"90a269d52e47c1705f9b6cf0",49631234.4547256
"34f4df9fce2ec05633d0cbd1",2782832.1360649
"1e4fd826fc8693b17f6efc3b",18025849.1986556
"efd9d848677015f13688453b",118873983.040131
"07cd866c871333283ecb2d23",39215884.4303873
"76a307d6b36b8a51115e91b2",23732253.3331905
"080969c751cb94822aeeb755",25915272.3155298
"1e37fb708b70b6b5e8fb5cd2",7431792.3448866
"4e47d2c8ccf9929ad9c84544",5527481.28262999
"3c877a0fbe08cda958ff8f46",469318903.567936
"ae59a0d6441697841d86cfcb",13431338.0678682
"2fdb80ee4f9a35663e92b3b2",73395132.6944501
"3a513410a390c75fc14b0b3b",27991657.2527047
"0616401503f2ebc05af7ce4f",54290729.5706336
"98b973c8597d5805f87dd074",15398047.6248273
"7063abb555d919d5300af3aa",46946191.1319381
"88c4b21ecffe12cb6c408a6c",215776667.950215
"75a4421cced1111492d00298",10121271.3490396
"0482cd89d767b3b7de976c3a",999667.414834906
"bda9e5d8048acbbe5a9d49ea",2016464.30876378
"2152ed6b2b2eaf16ec272cb6",5684870.90756122
"9bf2e0c1bc82010e92da2540",16807067.2922949
"110af3c21ecdf156898c7c0d",6803899.60675495
"2790ead3eba9370f00024472",20382025.259789
"9b06c7cebd33cd26cd6cc089",3845171.3338293
"fbb89795386c14f5088fccdc",19758779.9557752
"e8a3d9d6134ae8d631791e52",35245876.9914679
"5c535b7d92e34c0fe4b66891",88647005.0370828
"d88544e4e85add30aa795ce6",10318454.8201526
"01b78983d268b52137e5ac1b",1247387.55458791
"25414034e50ca33fcdcda4cf",63323076.3502554
"2212e0125cb7f75390020951",22293283.2161399
"a4d5ea1b907e98be72b5c49b",702134.127958075
"2df90c0a3e2b9138fe276a75",7534829.54625618
"c520b7e8de3796450ce49a30",9008022.24322247
"35114fa32397272437e67a54",22897732.8608544
"bb5726ac16b4ade709151159",132583667.479956
"b4dc6733589bb35444b74c55",29709172.6684651
"3b0b0bb06d95c5ea1aed2d95",41658949.5720783
"fb7bd85c05cd74d945d22de0",8652114.37347538
"6396667677a878ff61e1b536",17134634.736231
"47b5804ba1a998c3e7544092",70208127.587397
"ad4d91ed26c1fd5702b94064",6391190.63648338
"2b802261b8bd839aa0b04b16",21579014.0104859
"0bf9fe130da23aea7142bb7a",2073378.85613435
"90511f2411d4a37a7224b995",45012373.0914876
"1355fdce5b97bb36da15734e",3517356.43623779
"775a6affce535c5a19ea5f30",116055394.139995
"e36d70d72c2758d7fef242df",11415216.0392048
"2fde05df6a3aa9f57385e6a7",3243497.25221346
"5e0100ae728e347eedce5b14",33498943.5286187
"a636ffa140f80412f003734d",197210261.814336
"74746d24b9bd86e23338bcd9",37840362.0998798
"99c539fecb3bc233288ff905",19953481.2449405
"44760087930212643641eeb4",6584404.0372344
"2c5d940b5ef2276f1fac1ca5",81834627.3349473
"b26f22f1fd5a991ecd1e07f8",8803682.82357929
"1ffafa78622c45ea4127ce82",86244223.1820482
"32a555016892e7a74d231545",34163690.7969033
"8d06037db08d0754bb67da4f",43511311.3869602
"80255211d99c72e343b32798",11172391.2110419
"070062cd1c769f3be9255af1",6584404.0372344
"0451f65828e628c2220df77f",24095041.5403822
"d96f6225db81dbf3d1a0e9bd",18901163.5061429
"b1527eec2e6709dc51e03f9e",23965286.0844874
"5464fe43eded098294d634ba",45012373.0914876
"ea37ad89fbe4159940586718",5128105.29599955
"4057a676e7012fd37af9c3b1",12577160.0918833
"51273a81121232e7f30cfd1e",2792991.24592781
"3cfd9ba5c6993718c0c532ff",109400152.553491
"8567e677b30c410df80004c9",60251135.8489384
"7a34bcd9f86f5036b526c3f4",68137665.5807683
"3dda25226646e1e91f4c948d",68137665.5807683
"a2529027db6b525e365e7be0",2468416.97099692
"c6115d5e908e04e67915a581",17001227.0961672
"8d0ae601094562744c8dba4f",37381037.6103212
"55209683056fe2f9faef7fc8",153915074.626206
"e840095310907e82a159d683",68137665.5807683
"278fcdbf16e3064ba42c6785",145834250.20689
"74af10afa02e7724eeeef108",10428920.3476879
"b763f71e8a5bdeecf0f3f0e5",5193137.8266643
"5472d536d1b6b731537bb67e",23361912.5218729
"995ba6d1fd63d5160fb18e71",2261385051616.15
"f424ca724e7df1c37ed78aa9",4141005.71090043
"c2aa451b62293042b7244fff",25818669.9317361
"d4ca9506161d3f4bb3ca57fa",3392995.83391294
"799862427c1f335eadedf4e8",926293.076634042
"1f3b3bd08063993c23586c93",5136680.68817926
"817422f4c278ff27a22b05d7",82993904.6589102
"db9798a3f9ac287754f3ae01",5610490.65829709
"7ead45d1f505649429904307",1849730.61928773
"ac7ab254166442188c6c5c25",6476970.89154178
"67250a8950aebdbc67f7fbfa",7740926.46439974
"641f4319c315cbb74872b8ac",624167.119619015
"710b0541a025b1b6a5a80c41",1244407.59926442
"a10f459124248ef30f290cad",7630492.32224931
"1aac53220223d0d823e70d0f",778455.643115001
"9d0ae0c4dc11d8c6d94e545e",44905696.9643682
"be685d2954b8c7337ec94942",11882223.8439344
"e43151473292e4e98f121f63",7166905.92404542
"e04fab3d74d14be3b8dd2c8c",14234837.3183321
"c77509a6eb6665bb8eb07d95",42329109.0766775
"9753470e033b35407a2eca2d",168079093.45393
"825f57ad0527d4abf41cffc9",5331770.49454507
"0d8074979d302868c2534262",128737555.688261
"15a3e60c7a5d55243057d7df",2780741.63622214
"6de06f867a28393a9e95c7d4",1441240.8683886
"4d418d0079828e244dbaff5a",198455088.784293
"2de93fc191360ae22b0402dd",8333529.97882721
"86792949f2e6a347208cbffd",4208592.45839267
"6d8a0768adedcc1070d28390",17531471.7461415
"459963742bbaadbd9db97723",12577639.8816166
"235b10cad7233d579a966948",2965412.9496415
"4443407341bec8b7b0af40b4",24815084.7004336
"d7047492f4c53a0cdbde60e5",5559868.49708287
"5541cbe23acd6ffd4aa0d939",50922589.4901501
"1d0853f825cc0aec6f5544cb",5779578.90904184
"f016623361c6ccc5163e79d5",7399910.43401633
"d280fed64d1c23ac9d79ce20",7789922.31909874
"7e86f11cd63ff6c8a3c12fe2",38925772.8180926
"9d7f161ee660b1bcb54574b1",30177714.7671711
"a0722c5527c6d3cd5cac9477",3004342.51624087
"278a2cd98528eb1341a6b685",22719887.9653639
"b755f88ff3907bbe2a417e07",2406260.50359398
"2bb55b0a92d62454867bb158",2946795.27478762
"960c9349b6ef9b747ebe5829",100707088.312672
"2c8352c418097f82a50d9bbf",12924579.1701212
"47d7ba800f164f397fcafa9d",60824655.5153761
"610061a0e67aea7d222f08cf",226523113.478867
"a33de2559b5f56d1b3cfce08",3680737.63193832
"f020fef57e9069e4dea2d71f",169728207.908623
"883f095dd3f7e972d7dd3c2b",40189915.4717826
"b0b784bfe2d3c1b3b1320613",19074639.5645519
"1ea66dd4a72d93f5967be730",1359175.52154739
"90b04117887941ac898a67a8",773475.336661233
"022357a3d48ea87d58ffb46e",3969345.68427438
"292224fa68b0303a90063801",42446419.8046476
"6cf924390dd3ed4454403887",1913232.77956296
"555a293dbc104e00f182fe34",9608396.29437586
"e13ef02a57d35f71a4fe6121",51190879.0165232
"c82929467d22589ec62c0475",8503252.71036797
"18a74c9a49ad381aee5e02de",971955.699717336
"da40d46cb91d9e59fe12e6ba",6903608.32860022
"6320f26d77fcd56675db6b97",7498785.96241261
"3307731f3bc518012912f1b3",2050466.56726395
"ba94572d1e050bb92522f112",2842041.06048704
"6e0d6bcb01e99fc4959d3f7f",2505914.35524956
"dc3cbbb2fa00043d02958219",4849112.14302309
"495aa774f4db66db6df30e93",790685.881052173
"6ba298925ffad32daae55385",200045.432413308
"8df5099d856c7f9de43990ab",50779915.7239858
"93c5c5d9d1e99824178be9ff",8056447.50492449
"ffbce3ccf241890ec95104e4",81264562.6974761
"2c03c38782e365e68b32d6bf",128180390.072446
"7734421098413f27fae86fef",3169446.6540905
"2b50969f1faab80655bb9104",12655101.065119
"025a98586386211b1519f9be",2341424.95246734
"6013b8c04f7b9fbc74ef1ec4",2074549.76490894
"11075db1cf9899c8640e1b90",34153657.311936
"61ba09084039a467410aeadb",663047.592917713
"eb2880c2433c4b2500fd40ef",1530628.51478152
"f7f8607535159c82dbfc6c14",3617775.37566708
"35c7a7c0ace36f4b95423c4c",9806505.19225859
"c71123c31d02408cdaa74daa",3951299.88737455
"dd8aa138623604829d56ac2c",2505914.35524956
"cb94eee5ecfc75d0fd5ba6e5",19754747.8708688
"ae6bfb4eb4770f2266e3b961",97588179.9769601
"573ea1962372999346590c0f",53994967.0660881
"9f7204b4bb3ffb8591e3164d",4658154.00456553
"a4410bebf9843297fe32d63c",10284894.5540315
"2afd9dd680803e3c12d5242b",13703668.5633765
"a7618c242fd918ed894304b5",3790777.79697718
"5ebc5cc2c1488f681cd119f2",10984021.7817627
"cd53a991573ecb5c53f47986",12225384.4376445
"75ecbc0c0e8e76bb8d734f60",23999181.2569725
"47c2934aaa5934c68dcb9e51",52005448.7424751
"386ad1ba1cada9649f3415c0",916100.571258417
"9ca0839c9c294674e86eb691",16747930.3566276
"bdbaafd11259af6300321a89",543308.670760187
"2e41ceccc918145dbe7de0be",7545371.25748037
"11df35a3fbcef34e47747e38",16541859.2049072
"b0bcb64f2f2ba69cc712e0ae",10828611.5623595
"bce0a4447db2d54d36661011",3577397.23544723
"ef7ba10407cd74590ea3fff3",16833406.6548846
"a743dc3903eaf3576046ef3d",13227064.7729923
"b3d072ebd7908688d908d350",17312127.0753068
"a48abdedbe3d132276dbe403",22135158.0609372
"c6b7e739125907c86a8997d3",24406283.5836586
"813d9415d9abca46ad4d92f0",4950574.88887433
"c631f8920a2fd1160f6b15cc",6038145.01860517
"16194707d4e85fe332411bd4",3426498.74039103
"31e241881acaceb02ef915d2",4355546.29731884
"a3f1214ea44063ad10956fca",6760737.96609208
"ab086fddcb949e3dc0ed9b5d",5713045.63165917
"ec4df02b32d90c019125d108",4321931.43465543
"09eb808ca3859318d6328db8",20891893.0612207
"f520fd12dd3ed32ba78d357b",14991887.6681994
"0a2f7379cd1bed7d2d2d5a01",6644272.13855132
"30652905d3eacda34ff61a9e",212011199.315972
"0509650d34981639b9c64a22",66686203.9215031
"77cd6b199ee485314bc74626",2024995.648722
"10c836c2e566dfe9edcf3d8e",25701682.9423696
"e109ccb29c02c9b35b789c90",66430020.0984632
"2d60a221b478264cab9816f7",132100531.308768
"d34c48ffe935cec3358b2247",90181695.8666811
"9cbed1ed72b444c22d8c1614",1069983.63871998
"735c3aff4c151dbc32f9a76b",5442948.24336594
"a4b6ceedaf89cff74a292ab5",3065500.46354969
"052957f95b6e7b41bc625009",35010500.8889457
"33a61cda27fadacce0d1aa7b",288217818.374681
"6c3bc8c58ce67b8bb9f5894f",57512435.3457328
"1988513503246248b80c7f17",3726651.04800221
"57c29184563b31f5f752c5c1",9174255.91997204
"bc6a7d4ceee8bbff9ac5eda8",5133605.21279502
"f1b7ae24195b4414e6d6a001",9600757.15656728
"e7b3ec90b47c9e6009ca8a75",133241526.299524
"39b62c6fca161b80bc6726c4",45080593.0406729
"55163359d7cd910861059389",4609389.58516325
"df35908d6ae2847dfc73cf9f",2209566.46543912
"ac822dd448e04e9f8dd1721d",30425425.5797362
"7e86148f53beefced6e0f3e4",18288842.9644762
"6eff15cd6372aeaab2e665d8",4720385.94886828
"0a1af9bb571b90233856289a",1160144.4269693
"b3cc5930a3cb26e35a45e09a",9154556.28599021
"0c12f73305bc7d72bdbd9789",928618047.792696
"ac048209de77cae737d60545",65942356.6596369
"9239fafbffc066dff0811302",14414010.4964121
"8e0ba427ea909cb7943929b0",16854835.7689078
"b3c99f30b16fa80cdb4f213c",40632571.89711
"d1dc16c82942902c668a5c9b",19351790.7227162
"5cfc9e48ab90da0f4e98a7ae",12616948.7285871
"9abad9f79352ed42d1a9f099",7955141.0978929
"dedeafb60b4a39950e7a984d",7955141.0978929
"74cca5cd08c4bbf5d0404d74",7443772.79460523
"b6aa1cb0187c4a1715517fca",7955141.0978929
"e22bad460ec1bc991f14bfbc",5731769.65653664
"594d46a91315527995cbd807",40443601.5134688
"2c0b4c8269cbe25a4e85e049",22537104.5323105
"1014d3a98e886e1a7358e29f",19099249.6505489
"73d6bb3d6ae08921a6117f5d",227991232.849436
"de3b619a7c80549db6ab16af",66211812.7817685
"da34d6cd832009e428d2b467",10744957.4524324
"104722434c2deed04a901aa0",5671711.87864011
"cee66eef685e4764b9553a02",10570929.7654479
"58b40969f1b73182cb6d30db",10570929.7654479
"964e9c3f87176e761484543e",785574.884975122
"19487167081a9b0dd09d7975",10028438.2512582
"7d8e345c9b16d0fd69f848ea",79672094.1967235
"7d4ba999100c8e694fd820cf",4763128.47366749
"c6b157e7a6ca08d04ec4de4f",1483997.32599529
"84ec2d5245cfa146dab05065",13319800.8007548
"c844a386941b86a3d4c0312a",1244407.59926442
"0648aae13097ac649fe714b9",19248312.6432671
"34f220a8ee1f24bcc5790364",6418604.13401025
"d12eda0ba04f846d73cd7acf",5837899.80732098
"c12904320223ddd043f39c63",9973159.01418627
"8bce0097d22b34a804b502bb",52572827.7186662
"ec1171cac1eee089be6f427d",38134965.5754912
"5d85d77a06d0f0324d15d162",6803899.60675495
"0349908483ce628a0a5fc164",19980254.1367167
"d74da3bb780515b1273d741c",19758779.9557752
"64cb8fc8412c9247a5c243ce",35245876.9914679
"3a53919313bd750f2b1af906",20345631.3273848
"91d265ffaa6b407e9747b15b",160914122.203102
"1db1d1b76e09197dd915a8f1",683368330.623726
"6645a3080e5d10779672d139",1757970744.77412
"3ff6e77706eae698f86eec29",21965917.246847
"4670d21fa84e40184f03d5de",5337814.62762139
"ee8bad3fdc93f7fb79c9cbd8",395448182.62835
"b624f0438025478c9f66fec2",3475323.87667236
"37dba4927e327d3a4a0c1d36",104041106.191897
"8d16b1bdea35630a3b09b192",15946579.9953196
"d54a4c353cebf18d452be515",15270586.0616557
"c402811ade75f5e3dee73ac3",149173630.446439
"dd926903e87d691a0f15dba3",24380554.2909384
"cb01687abe09df6838e1b224",8405805.97270353
"6ad3e1a47d1055b55d14e091",13833900.2161084
"b8d50a94e8166e471fd8282b",116109639.547307
"a77d82703468f2f9e8f2ea0e",21955654.9625724
"5d2be469f69f31090769efe3",21953519.3349332
"c4e8559ee733a551649a5dcf",173967086.017521
"5996fc90f923d6e8527097ae",201199024333356032
"32d5772adbcc785ecbc2c55f",23947968.1956731
"5f088237d263c37e78264bba",6079562.80397661
"799afa0396b9f268f239db51",2434445.96592615
"bd23b1463f0936d2ced5fc67",115895462.534846
"8f35a5d800d98481d7a8b6a4",2563217.71898418
"371b5ecf08973fc6e6849d14",14582471.8986301
"fa70a55dd0e2053a1b566de1",22624578.6532574
"584364cece0bc4d17f0e7fac",6065889.30757746
"cd968f8973a267790a38f2f2",9130439.64141316
"c46b122728ef4c9ae8be444f",36853970.0964466
"4056182cbd8c12cd87ad9e84",34234203.661699
"6ac747618b6ca674e86cd275",44338362.8950557
"afb02897c700dbac941ba8b1",57812025.5756003
"198cd3f4e9be65b83f01ceea",11793849.0205406
"c92bdf97d7f0a9a12c024406",8961717.41734838
"e00e5934d1941490834c3145",19751470.0531889
"5b139fdb19ff722a846d71f0",13867530.4956221
"8b554961129384797391d1ae",245917123.848972
"854e27be18fb8f24fd433eb7",3155449.67345329
"241d9f8599ce6cadac1d6609",14264870.5878126
"b85b37ae83ef95baa03752f9",164952063.647881
"5b3ba9e56e24e08e1f81e220",1275014.1888088
"58c6518f9d2d0526d31e7566",2687118.19314155
"38a1e2050dcab9b4c70c5e83",13110370.3959856
"da94e4a5fdebe3ae7bb1adcc",98618061.6794976
"49fb2771ea6c1e8950cc9a57",48905875.2902907
"f2b67c40a560af8729bc6072",10427866.1468639
"13fc2dd1cd32d9cfa457a5b1",2097401.09867408
"b6ebc3b8408793f5058cbb90",23159779.8232889
"75ce506dcb994b10497e6816",21025129.9148815
"6dbfb281abaa9a6956c080d7",426899.529381798
"af67a68803a18663e4b03eb1",2507001.96210334
"a9c212f77a048ddc33ecebba",2667048.63770054
"df89fa06e32e90b0b6c2014e",46958907.9249837
"f20a7f264a8285a75dacdc1d",42900835.3385073
"61a363a73f3c93aa1775c4ff",3109451.47474932
"d8c1f7303b205fbaba2890b9",198860142.719661
"70962daad7cd15ee8af564fa",284391473.325677
"087caf4bce7b0a3fe3c47dc6",439710268.329798
"5d2200b04fde91f830478aa4",4134506.53207981
"821eabfeef3dcc622fbcbfc4",8795072.89834254
"3d722d960b860b4bee79ae2f",47918620.5448974
"4d3d887d2236c2f897f3bbd4",1839222.20380067
"7fcbcd9e274b75a157cf5d5e",94098960.6381633
"88ea2d2d7cb6d641df3ad76d",27697593.1946163
"c06088db17767866b7f4ba7d",14516203.4387617
"e4a9626b1107b9397d0067aa",10533212.7844837
"82abb1fb693f34877bf1327e",19252828.9018772
"3279efb86571efde18eeebef",8528111.64728668
"afca7b219d52b22522abd00c",30916288.74873
"7712f963ee37e91abb7342e7",3550390.54700041
"2a2f455525c8e0bd709db91a",6250305.54231208
"833ded72a8cc9c0d606a7a74",2549397.38339602
"f3bf0be37be6292ba0a8736b",36816452.5466547
"c06c8b6425e3a7c2d7481e42",699045.347448986
"27d4f17375f76219b446c092",1623366.4206296
"9b7de95ec90da0dc8cff7011",8010265.88262206
"8fdc9f203c3de5d486de7ba0",9469288.21775057
"ebf2d540aff82f1aadf95f9b",14264516.8871393
"51c48d17e774d6cd84f4c355",410078.048682114
"5c1d1ee26cbde5b766cb4ca1",3005483.06807204
"2d26b8360f1da9a677670fcd",7499164.99616917
"ce1b06502cb0c5d9846cff9a",2500504.85631079
"3186cd0a3125adf3b25587aa",99416370.0602248
"f839de5370a225ff993f5b2e",50554069.3085522
"2900dcf3f944a7fcb33aff36",53314833.8311053
"3f54091296f773f5a1bb240b",41544290.6384411
"499f6f4997474415f0bd596f",4611777.1533639
"110539d2ac34e5180e3fd95b",3924014.40464376
"dccbc668caff517f649cadbb",10440145.2392131
"823c9c7abf2d00140766a2bb",5801314.26346814
"94af5eccfe170cbe7d428184",6451621.13040585
"dd21457e18f07d7a927c0104",23161723.5509226
"5219cb469fff40cd9606bad9",37178954.9953094
"5a83bd697db5076016c0671e",5617359.65499106
"2a1edfd6cf74573521ed74a1",1794751073.63771
"40aad45bb7a980c9c5e1884e",129372876.045505
"a315b497dd8e80464bf0480b",205373886.47633
"7095d576a0b963eb340d8fdf",13193226.0896478
"9d6288cfead77d622f5f5b95",14017408.0440303
"4caf356c110a50c6c94f3eab",506014615.306651
"23101b0002252f3d4b3e1d5e",64221587.1335226
"8d1f7b0cfde7e496e7bfe972",6768466.53570941
"28e572584fea1555e2a517ed",23984171.8162694
"6666ab486afcbc162fb560c6",25290525.5449068
"b0978c973ec3291e950185c1",112283893.449426
"d6cfd3ddca2a59f0b6999d77",29474207.2333875
"a77f5c03a98636d90f50e11a",13084315.0143322
"e6387696767d20cfa4918ca9",1416429932.48074
"1dc0fe5bcea9d08874871326",1794498.45707331
"ccdf0abddccb1a670f31c2f2",1682044.78352441
"3ba769d65f02217656e0f5b5",174434577.975223
"628b3b56449724e7d945351b",3311540.98810902
"b47713520859d58efa95bb06",4429138.73159024
"e6c6625db90e519f9dcf1b23",25980700.5150421
"3e1a1b2a518d3ca2fe3950b4",298756.94695877
"24849579dc9ba7fef1b24396",39896402.8001887
"6103571d9525ded3c09668c6",1690901.92637187
"a678e89692df9b14da9f19b2",10978282.88316
"47bed52dee0d311ae0016b08",8136362.65866968
"36c0d26b83e575a500a6c30c",29449706.553484
"34447730b60ad12f4775894d",13911162.4972459
"aec1778ae3b5e60cac280b79",33517541.8913092
"d95f38f5d1293c74ac52e823",13911162.4972459
"5dedb7b64b6ad0b514de2bfb",2709149.30275801
"60c71a98253b5550d773a529",1416429932.48074
"099ee1a7c91105ef46b5e7e8",7402070.22312506
"b56533bb19eefcb244e69470",6929967.36293006
"62f46b8989bee43db86ff589",11793691.5567191
"4d485ae48974213b1594c905",349236825.713866
"c627c6287efaeb6fd9049312",31998282.2469704
"976945e68af6a66f6fb0850d",193391812.49893
"93e443a5b3864d52765e6484",19606100.3546573
"6ef9ce7a53ba3bd892e21f1b",341569971.425452
"6f3041147f930cd6cd4fae05",8005851.6505112
"3917b95a3d05a5e58c117f68",663282609.299573
"d61ccfd4239026feb484cc93",4970121.52380235
"b443781523fa0b5be4ad7739",17269056.2801437
"6f0fcd78c473e4e04fd411c8",90024789.2815957
"7f134c92e20aa9c6f084edc1",2798694.51001377
"75075631f0fd84fb0ff49417",1304538.45686463
"eae4243c274735d616c6b9bb",25423916.0740039
"25d233d2779009affadf5e91",53954816.982701
"1990717d8c7aa8e732bb1165",138636763.558389
"71b99de83d83dd970b00f07f",373955330.702403
"243ab5db6e47f3536d04d312",29425282.364193
"61cb98125f43429f7f93c898",16777760.7757597
"6ed772640e5a311cbfd17c31",21939245.279256
"d9f0b4c92bdc9476f50638ed",17364609.6222274
"796eb5ae3ca5b63c9fbb240a",268066572.008374
"e6f3eee9f5048005f24f0943",4454202.52799472
"291ff191bb029742387a72a3",1127950.79195758
"829bde7f8716daf76f65ffab",27100912.9212116
"110a2f124bad0f9381edce7d",7846079.36365165
"76b719681617ff7f28d33df3",6045866.23904203
"eaa6d58e226904e9993b3493",14338139.0163851
"af3e3a83257eb507b96b2a1f",85789438.5984167
"43969367322e86c68b51c2fa",2947022.9165004
"50fe589dea73e764b7735938",6315152.89208871
"13c9960a03a1c446aa5515cd",10088256.2028799
"e7834f52ebad3d3cd00d069b",11568669.6685708
"fae37ecd6046e53ea121b1c6",5880119.43195547
"8a0d2f8860a90322d6c3b61f",254974.864817453
"008c7a02d158f3b17ee8e015",85481060.043119
"3ea6e8da2cb0bf83872dfd8c",4571526.19215974
"9b184e58842bcb14dd42103b",5629759.00792968
"43eeb2567c61bfbb059fcd4e",8299148.79910932
"ac7f6087e19c2d3502368fac",140477131.355048
"73494d52196ef9838b1be34a",292415611.70699
"112d996c4c0662bd13af3ea0",34880394.0875306
"8c3a02c9ca043cf0f322ba84",19212110.7592956
"a757ba01a02acbdee50462b6",16837035.1566908
"64e3401f22d18b573ff0504a",3811712.98588811
"acd7394afcee30e084844c63",3118824.38800697
"35255f80583ffbd504250554",23919756.3632906
"370a0d0da794efd58cab251d",69649275.0121177
"cdb5f8327360c750469cee74",4355546.29731884
"dbffe8f46b3d9da2e57c97fc",1367350061.34522
"25b1ada57fd1e5c88d939c71",14898588.5549679
"05f79195e285c126125d258c",10517995.1818883
"62c017eac96743cfbb61e86b",445047899.812234
"3ca7f183cc0b303e5d455309",54001764.6508926
"a3dbd504524f980ac5325150",11468115.4921996
"5703df84eef7ca9bec5bde45",3887811.69054488
"513aa9c91c245ee4be31507c",123343725.804963
"d41d07d1aa700278cb81ff30",263174680.017405
"207e39d9cc4402edd48864d5",425708161.540209
"7134b03f54b10f282ac34fcd",10905821.4378073
"6d860c215908949c4ba1c536",7953115.72989379
"f35f884365b1bf6fb303d7b5",25045991.8131717
"4f480aae78aa068901ee9468",2375628.94982769
"39a12600317b58457f68b5b8",335270.026691778
"5f0c7a6b4f46203648a0bacc",1591226.95342612
"d01f6c0b2b338289e9fe3768",2358027.51559954
"613ad83abcebf6598f0079ab",76007694.652237
"effc32659ff9bf30faffb3db",42404017.8941966
"73fbb3e6b22b957ba6b7557c",7143337.03895653
"6c8c5e22025ca4f450a428c3",974089.976708813
"d6e333e793f75c2ab34fb127",6534061.05362016
"b82e52830b51e823ac7187fe",486131.511734017
"35ed4187f732a1ea68dce712",45546439.4867538
"0c5067ff99e15fcf99792cbf",45546439.4867538
"0ad01fb039a198262ec59b72",12570588.8151769
"906014f0ee3f3f4f0576d4da",540294.753564402
"13477d8ef90576ca84258984",7030370.262617
"3083a7ab1deb092f7aca6a54",8103034.47495557
"a92ae34df90cbf8af7695ed0",6307749.43822081
"82d22ca21e31222068e1ecba",4409587.08146229
"11727589f7c66554e9114407",4335682.69752177
"9982169d6f3e9ca61dacfed5",2381785.68816589
"2de0ad9bf15232d6056285fe",74331428.7577484
"eb6e6060b78676d13d6bda48",14284201.4117318
"6f37300b1fefaaf746f53907",12485045.3526165
"7698775967b96e3e7bf66e6c",3286792.06936846
"863e5cf88a808b8ca96907ff",6893936.93224381
"77b5c9a5f534a5b80cc16d09",92118015.0461857
"ade0c9cf1f9106e342c69bd1",1480078.0220298
"6fb45859693c703fd9c812c8",7943170.8497556
"45badd183bb1a4c630174f3a",20406259.1715042
"f66bad2cd4b09ac29f540f63",873806.707258684
"fa3017d74586eb4c3b5b7db9",28762457.2700074
"f09bb33b65b5ebb8fffc3a21",40490916.0177057
"600dc823c42aa64f60fc3ab9",2302318.95424158
"c1d9119fa7ae7d44362f18ce",21418804.640774
"a1305fd943ae63715529209e",13778311.2081892
"8d81b4681ad0055c274e7da4",6581516.1572942
"cbb10e7618b1385cf922e815",1506767.54964532
"b09111ea69c4be8ae120ddc3",22019190.5046077
"099f07f9ec4ff6d835337f86",14103521.040173
"c70f6bd5ca138bacfdf8b5cf",131537842.686212
"a6c86ab7381f6c43fdd61a01",608963.323611011
"58c2b87098ad454b1fadb13a",3382547.3355491
"6afff7782d129021eebee968",3489917.58576008
"ad92f3ea52673dee0a56902a",3832233.82422278
"3e040e87b89a043564f0d0a2",18800668.7669564
"49d020d2056717c2108b0927",8625470.77964262
"a4ca465294c114b1065bfead",7986299.48877442
"ca9520c7b8432b0521b2e8dc",21504604.1870906
"4d20f253940a4492b4f6a9f0",367498.349267183
"09b61cf8ff3ff09ac892d073",13208736.2738834
"86e81141e429bd81d7f0e73d",5237363.26186316
"b9826d7a6132b16df1bf58e1",157085247.606096
"a90c60e05e29b77963a11246",9931302.94088461
"6e9984a3c3daf63fce5cd3d6",6968804.12294132
"a9eafeeab4ba51d3644f4052",2119105.19232252
"f74eed3a7dad1bd8d92854d0",7677485.79412087
"5b377636fe30946fff973f3d",244779503.529649
"5bf6c1862c0bc967da2cc484",15780047.7123327
"cd5111edd2fe80f56db29531",5740664.66007517
"c76c4695ed005277a59451f4",55476100.264587
"7dab6cd1002a8521e5825bcc",7042301.30244991
"5b57258272dfd1babb29e7fb",4522344.40908214
"f68b7dfd0579838324895097",31190817.7899812
"812646c7de863919cae5edff",57639164.2545474
"0da10eb6093728074b34fb75",4720484.98754578
"c64346c8b0ba32a55292e66a",5642411.72874822
"ad6317cbcbb8bc27b0774fca",8035622.18908279
"9f43c80d2fa31a09592b030b",77241906.4789205
"5b84f5de073000ad4d4b1a04",23562842.9880799
"d94d18cbc812d560c1e38ffb",39089380.4827842
"ab3110b5dc8ce81471f69c16",5598021.62964275
"138a1990291ba31024455eb3",7368425.29178898
"646bb3de5a1cfe4bfb7a7ea7",1862102.4536129
"d8fde541f142e6a7f0b28099",55594312.5199361
"ef61986cca74fe8585b1b287",9773752.44961358
"e1d8eacecd35515eb19f9135",7851056.87374534
"8346d64ed6211083fd420ede",4905588.85817602
"4340fcb9c80733260565c24b",3546725.49268497
"ff5a27ffe7de039e65170f9e",2838027.11222258
"ce407c1e25333d7c7eba1b0a",17353186.8552057
"f927027bc766ae6c111fb685",5637393.46705171
"3f9a3edf25152433969f98e9",27585453.6079084
"987476ca395533347581b2df",3404781.67215738
"17d0e3208fdf10c77e95bdf4",5479055.2945822
"b485036419de03f5bad01f35",129656713.24851
"d3f7847147c88352bd3b9707",10569962.0122239
"aabaec5accad3f545f864a3d",25240022.7706662
"400a103762ad652e81c8d3c6",248155706.415979
"acf15357c1a919b6ee78f676",148078262.903228
"8d983b9ca65f19ff3d69985f",16448448.7486699
"b9a80a4d84eb918792324dcd",3201987.85359336
"223b3c04803ae7b855f9fd10",19002811.5721007
"e5c8f2d536c3f931eff2d70c",45881606.2590997
"f976ec33e004b2d4d32c2eb2",198961440.441914
"cb00e44cea76a92e9c44e793",1304530.99225706
"0e6dcbf136294f2a99410052",19185562.0795889
"102de0a5ee4f19454b922b96",3016452.11894331
"cb1c8ab11838d9f0a1197e25",176564494.82123
"2e2f1072d8db7372b2c2419d",660381.997371981
"8c4cc779f5034e9c10b2e698",2076463.80348895
"85734fd69714897264ce2214",105370762.300013
"5694c1f689779fb5ca95686f",2136322.40219449
"f3bb60434cb36fcdfe218478",2830283.4200286
"cf8bbd3528d3e7e2b8f50c29",17388273.6721743
"7db1c8214f229d865da455cc",1402298.98644299
"f3478cf008a7ad268a434ba3",11803030.5451768
"5440ee15bccc4eaf827fefa8",35423801.6793163
"78e85ca7c532a77700bfae6d",121200067.197622
"eb5e382e1372c4e94f467673",3233755.83107562
"5a11cc89d3b01eb87535ff1b",1413758.3851689
"d0f5cebc2059ca89aae30c76",2520880.94666435
"883371e374936fdd74d09fe8",20014467.4474448
"9ab4e5f8cf2b807603329cdd",3475884.04309611
"c37c7859956931d77cd5c9a8",5068931.45251809
"730804efcdd755786bf734ff",85323380.8174026
"9d021f3fcbe5f82fa1c1fd94",5947384.52230876
"975ea2f56001edae07f28fca",1913232.77956296
"8fea95d0a70b1ea918803f58",663047.592917713
"4718488d664194a3c0c5b446",24745983.1434316
"1b87ffa033dcbf4e2805dbb8",12655101.065119
"1a77ac51e03c77ad280be447",410078.048682114
"228d165257ef052ad50433c7",128180390.072446
"513a83ac5bfe27c5b813ce4d",3792810.06563332
"73bde441e18a9548c034372d",776284.94805189
"26301269301b6f96862af599",8411363.174945
"7b30dbf2f6d835ea0c14b392",1173865.74037011
"254de3f3fc52b8cb62141baa",3169446.6540905
"f566603aacc78da47a283804",2050466.56726395
"990c8d65ca11a97a1d34c5e5",8299148.79910932
"a9878134c12696d8199a1ff3",50584837.999077
"58185ef7646efa724e904f5b",8621630.14434372
"37d5b8f329ed1ec29d4bc035",4178099.55905006
"e6f948282e81570fd03e4df2",75452023.9870716
"8b801b4cc1d254d0277fba5f",3790777.79697718
"33a334a16c4547b9d7842c3d",543308.670760187
"1ad9e105d9da875001111075",41708163.2073475
"08ad96681afa49c74721daad",101269537.025487
"beb73d27906bea7a7d880791",53994967.0660881
"bda5b2e5a87a4905a30f3b8a",6038145.01860517
"5cf70a67ec25288657d6fff4",13227064.7729923
"baeb4e9d612bffb63ae3564a",4950574.88887433
"1902f509aa05287ba42f546c",56860070.1031693
"c0cf9517f20ae81c79ceb0ed",2763578.54473408
"2ca8b22013c529b412ad764b",52005448.7424751
"b38816ece917027a179663d4",10828611.5623595
"c89167e42af0d42c88e8573a",1921990.77788197
"09254c66d93cbbf2675b775e",16833406.6548846
"89f8ccb0c1e2136adf87a10e",1313158.60005382
"cff851746578050bdfd46090",5133605.21279502
"d53ddfac67129aebbe054024",3065500.46354969
"53b5ffa0cf0dd12e4eeb6a2a",5442948.24336594
"62db5fd2a4eb831d281ba8ba",25701682.9423696
"59b5fe8d4f5ae272dbaa5ba0",6651759.72742126
"3c1b7a0a306e16e8c22d78c9",57512435.3457328
"5219c3cae1c92b52551a8571",10378062.6214498
"de6aef9a5e47a614b75ee576",9933121.5832615
"d168181ef0dcb853171cdbb4",56972428.7667936
"6c8e27967ec63e6dec4bd6ac",4609389.58516325
"8544bc14286a51e60ffee7b0",2209566.46543912
"ed48916725be6970cd2f273a",132451.020661431
"9ff3268cd15cf039ab958413",2464470.00740852
"16cc5c280124618cd5d00027",457730.854464569
"ac028c1580f6e4da4ccedf0c",5364443.24889399
"673f2b913006ee8b33e75b5e",263531317.210018
"191f96722301456877893b22",662774.481990008
"a7d8e636db44cf5d3ceb67cd",21154656.5160864
"1310e9cafc0b9fc21c212f73",8354692333175516160
"1bbbe4e1eb264f5c69467e50",3652832.35561531
"283c1142d027be336a7bfacd",8088218.66470294
"4d09c2354c67243c968dbbcb",18784897.2367373
"db3edc43e89840a65749cd94",3877946.89783946
"0274166db611aabe4e946a83",4749357.47034926
"8153b36347669087e363801f",2762113.56520892
"e04473aa943812de1d662058",3172497.94536891
"7742e8923a4b832e3d94f3c7",8490643.94460235
"536b5a8aea016aaa90fe744a",81569553.3036376
"d2c02052de9c97c531a4453f",5271156.33545589
"48378a6148532f71abcc2f98",51701127.2451534
"fb0dbfeedbab00cdc7eb93ee",2571981.44233645
"699412bfdab1157487c81725",48372719.3856745
"a63c26369cfbabfc9c2603b6",4401805.721204
"34e5602cb58501859e32dc9f",30073769.2006467
"da83b03a6c9d405f55714b0c",13165574.617421
"d938d682332fa9e5c4986024",40276399.9063986
"e9e39766e2c96bc783d580a9",5499634.24070448
"fce89a9ffaba32f9f7c5895d",41031239.9305334
"2d6aaefe0f50db8acde6fd1b",16448448.7486699
"1710873f951e7f695fca3568",181692121.587441
"0ce068461fb3bf34eee000bc",142751662.143641
"b5606ddf3a4e60e2a0e0d6a8",69856422.8124439
"2c2e56e3e5210c111c7de708",21090517.8500142
"94118bd8c3da3f14f9c7836f",4768214.21445109
"d20a5b3eb857e1f4b548066e",14745812.8601552
"ad37e23456bd4d90010f7784",3681376.54832466
"c5602c608080e2546dea5463",49275630.9734401
"e3bd8bd5884a55fc1a151687",5341628.80169578
"aa31e5995379bc38dd40b8f3",111080360.447316
"fe8a10fb4031669a9b21c919",144689423.692628
"08eaca41f26eb387b67bf30d",4661687.02137151
"23ef4d57d130e4130205f30d",842339.20178311
"d6f1594affb8db7a865e3452",219271.74687688
"abd9cf3c36309d590e58c2a7",5930466.76060608
"1c177af5bb41e26ac0135b4a",2942091.80848331
"a05da8df13eb4b121d536912",4988322.71965344
"5a5a581ad5540fc82cd3c2ed",45664478.7580706
"b50ff8bfc0b4c4b165c5ccf7",76795620.5656662
"2abbf26e80643dfc1b75edcb",3154155.9520726
"ec903c33a379d8d2cc04ab36",8474982.01712575
"c062d873af3b7cb98ccbeec9",32918002.620028
"927de0269795dbe0566a0326",414215139.370816
"ee703dca75c4dfd5d035c9a1",17968728.9443753
"b8a42b02c50438c2ad7598a1",7553593.36818008
"f7216fd19f41ca5ea66a9169",7553593.36818008
"f487761a658a4247563faa38",25382924.6933479
"caf878b42daeee3c7de336e9",328222844.172304
"29d0dd2d4b120dd54c34b13c",16556252.7616025
"1cfc7d60ce613536d23b093d",287331367.416365
"c6c7409bbf52c86461aa1dd7",37391519.9844118
"312ef52e0250429a5ecb3b27",20177715.0938876
"48299e52748ecff3b69f7a90",1321426.07175497
"a02f6ef1f148659297d46b33",109183565.097443
"67f664c8f9250a22c10b4f67",8396608.17992527
"4977af03eebca1aa266289e2",13772924.8524835
"39af71aaea23b5c1e987de32",2457068.2930376
"d69b019e6d54faa1cb044d39",22926838.2001171
"024e94e72ae88464621539eb",40405820.547734
"b980c778ecb2709696265c10",5825553.13151852
"8780134f8b40f0fec4d1b661",154040773.760832
"107f29b67164ad6861cb7059",30073711.8395389
"c8958d280d0cf2d8a0b481f3",11085256.680181
"1f8f74ce8831d5532f330925",7008526.88434755
"7be46b6dd9891ab771fc4be4",28315402.5248982
"4f4f7d2b14079ddf8754d6ad",34359147.5435966
"5921ce922675f6517f8f0007",4257856.84879145
"49f0323d28ef0610248c87c0",32080903.8324063
"3ef167ca6c4ac77f6968d17d",20382025.259789
"8d2f9968ec8aece8d1a20137",39110112.846138
"4bad47078442f3416b2c1ff4",2166420.46293808
"5e1cc2905f7a701f895123d8",2535141.37831118
"a8633d3336d097920bc8a9b3",22737488.6867217
"72fe83366bf13a53937b7034",72171711.2266921
"ce78e1dbbf0f7aee98e244df",179116279.869133
"11be39d287e5a8bdbecb5994",45476820.6509274
"40a561bf79fa7a08155e1183",62494087.1275786
"3dbafa8cd5225e261ec9b6ef",1285617.32916718
"68cd88b657b59f5671f59e04",12360083.4003027
"6a2ce95a8be0654f193592e5",6313159.72638494
"4e613cde51f9760d3c051562",21864343.9283743
"1b69d2c7fa8f802c4af1369b",25795436.6547363
"f126c4b36c00d0ca11c21a2d",157787013.864967
"e6a7e6b41e6c6bbdc16e1e14",39196292.1549225
"5a69ebde2e113923ddbcd18d",10717489.16436
"72f0540aab38ebaaf9a389f6",37428909.6460699
"75b5bb7b5ff8ebcc863fbdcc",8556208.68923503
"096912698fd9a59d94935478",32754600.5698712
"f0ad965090221d2349e90d5c",21430532.6981672
"1c224347a1445ae01184e0a2",5179002.67613376
"0ee7273686a0a92fbf48a383",24973103.3212865
"e2094d28cacad3e2a711c5ca",1453355.26061662
"f50e0ea2c3831235704b8c72",69324034.0398094
"1e64759f297a66524eb07b7e",75635592.4920536
"7636a187e29abcbd8fad6244",21971364.4882451
"9b858a70a031475e422e375f",125160235.94854
"56c2e8e14f9c6c9a9f046a08",14036885.4327647
"1bd7b990be19afa5acc78bc0",105097785.363368
"8b36b7364e4a4c80a6e50bed",29299273.3314422
"d348d38769937c8f350297bb",17031476.1874183
"f4350916cbddd5a544c6ae46",1019566.87043875
"237bce11f35d32ff029498a3",15599001.0941628
"faf92fbca9baf8cce4a00063",5907171.42020755
"812c9b5407424f956d308b06",12509191.5796287
"9fd4adb5c63fba5a11661b23",5768389.70345387
"168f81689afa1f055d8bf7c8",24776634.4025518
"2a9bbffb1b98c49d79bae509",6443369.42763619
"b95ecad591e5c69fdad8763d",471799.374498595
"dc51caa89a74da37ae644ff8",471799.374498595
"d97895a836e6ea22ff3265d8",4467569.31598121
"de754bceba2d206a9cb4f116",83740452.9086388
"036177aff84b1901e0f18759",2613810.04913702
"8a6cb559a488d6ce1b641585",27497096.8551171
"74c4f233c7f385be73168e0f",131811595.646789
"27a6f3e8f9649ccce7680f0a",10146360.0141171
"711045fc099712aae3fe4d14",441140.611210286
"01e033f5bd502c4ad398ece7",33821039.1860254
"a99261116e0158109b3e3bc3",6090786.33405951
"2d8d64261ba659302da4a481",1272795.79936315
"9adaadeeaf6a403e1c8754bf",89212346.24398
"2ab24b9c5349427998338d21",26722412.3092851
"09ce36a03c52d6721bc5276b",1287468.7859417
"80b37d5ebdb325edef39258f",33221330.0094046
"78a080fc98669c0cd9153904",39030078.0792668
"2d14ad8ab9573c406e203ed4",1650710.22746714
"145f33a8350a080231306bd1",5791540.93128784
"b0aaae3a435fde30c4c02fac",30395379.9038122
"b3f5af523b5d6d938693ebfe",194618475.917606
"25d62e6b1a1a52cd8080354f",7863458.22428561
"5a06a8b33611251b62d77e72",6628500.3997371
"e93a9b257ecd815c860d0b82",3801653.33080055
"610f192d22864016cc2df1c9",180333551.169075
"4e665d479b3bf2e25cd463a2",12856326.9612004
"343be18b0f77260f32ec05d2",6585471.61786588
"33dbec39ef8c0667e4c3f039",39716991.7390583
"b24fb90a2aa5d9d0c7e1541b",97943224.7093976
"b56a3a017449fc4ce417009e",1642831.12978258
"e0dd5e6879d824a95c3c1773",454631409.040336
"156a20e2bf9e48b9a360f9c4",9851010.17974464
"d5583fa23ed97a3b9413e910",1285580.54788652
"4e6f695bcd4d3c0d8497c1fd",2931717.46893115
"da7a511a5f470d99ab2bc4a6",10380616.4368957
"22a6058ffe790c98a8922258",8347600.92531586
"0c19c54de06d1c139df99ab0",11474088.5657453
"48e687093fb26d29cda9ad6e",7199616.96657162
"3ad3c519ced4b63ddbfdb0a1",2796856.1433806
"0b221ebf810f632568c1e2c9",4354998.03384047
"7930f32456e796e40fbf78ed",41895609.9363473
"f084bfc530f4039f6631537b",89703068.3681949
"f9793063f561dc76c0b49a9d",14749272.690922
"4d2ec23fff8eb502a9d93353",21030664.7541596
"a6f570e11883e74654898d75",71636159.0708096
"cdf11b53a23fcf9b6032cc8d",4221185.95477279
"6f968f62a6fa4dc255397bf7",20307249.4266089
"d692ba46b098c6658799ea8f",1519396.50263977
"774a4b48d34052a978b1180f",3843092.68354947
"acea4c7aa1185baaf6d3b60f",837835.83661217
"07ce6f95a7719abc9a204b6d",6922740.9618239
"b371665aece480b8c1602773",30665283.4026208
"5edc37d9746cbef8352f0fa4",185504812.836919
"26617e1fb3b4f0e4a70e1b0e",2238419.66951755
"b1a13541b37964b8b85f4669",20449274.1672124
"94213637892f5fe643cbe8ca",20240120.1300785
"742acc26686d04596ba60a34",13571659.8099095
"acb1d16ce30aee0a39f01f09",15254458.5962483
"e0d837e6d5d74fe91d39d23c",40775812.1711618
"29028322a6d692edc5ca713f",742088.889265791
"03d54a6e80d48c96a7f6a1fa",2193203.78246512
"8616b310e335f539ab1109dc",1639833.58778901
"6c21f6a3513869f93b32e9ec",48712793.5726076
"10084cfff54a17bcda6f19d3",23012093.8794323
"169c742419c0d4335d09fb45",1459584.90765083
"0f06896d7502890175cbc4a0",44835860.2563854
"7d2e3464d5f2f79ac29e6c0c",1279579.71756744
"de9053a55630670ee8e59c9d",2017297.16145724
"8d54b9bd24cd9da341cc942a",22619530.3203488
"95570bee1792641c7c12e4ef",13184748.5189833
"6d0c5546a498fafba15f2e17",1167901.76959959
"ed43b0ac46067bf886457c01",10001847.7687743
"8890eca19a9e1cdc9e0f0541",15570607165.2147
"760a5dbccf4eb4ccc2622b77",2901673.91308748
"20fe2d7fb3910ef786cff965",33830845.9014769
"602abdc140c40112afc1dc98",4221491.91424438
"b7f906741cae6861bd5fb922",8088218.66470294
"4d45fbe5a5d39188b5eccbfe",43466850.8129259
"08f74ad7f06f2c409903ddf9",119328544.922025
"7be186f4eeff5c0efd58e424",22560716.2699033
"3d1a767dc286fe1cb86ed9f6",2784844.53131813
"2ec9f5265334241fc594976f",40351678.0601934
"d737b8b7b39e99f7d877b7ed",6109647.04301127
"8fc50169e6ec98a3f4229ffd",24926847.5054837
"942133ad6b84f9d08e1d4e7d",32117270.9738971
"c965b03014d21473b27072f8",19187977.4062822
"f1c8da86597a427e24dcd557",66706685.2743013
"8ed5e7770d03c43ed19abf42",13444358.4428904
"68ea36e3f441cb6da8d36198",4143498.38760122
"c97715bec6032974060480d6",4282012.64232289
"e6eb47d050702ed49ef5c49f",4111520.05015798
"5a82fa348f3b97e74cdd3a61",40888818.0981401
"cd05166ab9bf3128c23fb8c7",17660852.7348865
"cbe4318f63d73fea6238079b",7949559.30934389
"efcc8d268982e95fe2fdb311",19748042.1132035
"c45d7f326a2f279760d1a4ae",30073769.2006467
"7c5ce0e65cb26773edc9ddef",17334826.864307
"357fda0abf79ec95f73e3584",16604796.8583642
"a1e8f0c7cfbfecfd1549b0b5",4920066.23142105
"3f208f32cc24d8ce1506ed90",90719268.4848547
"87ca8a2b3251a38d45730f5c",13492859.8516403
"728961e03bfa6e3242f06d8a",26636311.8426458
"b9f9dd0d368df912e6e0ce70",21776195.2997751
"429b049255a7edf227a980a1",9289731.81568767
"a6259664a05091ef92129c7c",12838071.4188533
"674c915c52b27df2c06b8bd3",31887396.7993693
"f8be64dc83c5923983fbb770",82365791.3874791
"445fa7f5e8e9d7f12e8991d4",31026045.921666
"0842816a5ef4f24435c8df22",23661337.6449162
"40558b62d83e4362efe1fe26",1404530.09944802
"bc474096496b98177e40f590",39151685.2428317
"2b55989b2253416428ece917",39151685.2428317
"7158e3a6d456211d4533e246",89170326.8582213
"d4fac54e137f5d27ce5f457a",10956652.8666293
"faee80ca0efce20e731823bb",21093816.719555
"8ec09555f5a47f96a8683699",11222024.7497418
"2d7a48a6b9fff20ded24f86d",4411193.80251084
"514b09016ef85b9ddc4fafb2",21392184.9569166
"a1c975ab16effc6f97935e16",8716165.8443505
"e803e3806630c6579f004610",24093019.4888723
"26526235b34fa5b7349df00a",1049276.27367238
"ba762cf12cc038e5c43bc6f5",19843341.3178245
"45aa335dae223bccb31ff7cc",5629946.92454593
"1dd3d7e197075859c1ff5b23",4353611.06932104
"2db9b3463f85dfa87347d6e3",5907160.15318296
"f72cc14d79ce15491a96ddfe",1531228.57774735
"4e25bad08182b79f5ba9639b",269936225.999855
"e724a1db86d8d0c6334041b6",23139115.7210435
"8fa53bd51f5d54be50b3fa29",11297125.8178379
"fb7048ba61e9e6b1de829bdf",9913910.07085118
"4bf70f19da0bddec9241d310",564024.610221577
"13c7f3592bd432c7cd0a42ab",1264787.9518067
"cb64b363295d36b9b0fde3cc",421638637.09097
"bdc17ea3f30318b11df30508",7551771.06002989
"cb7f62ac4c1afbb4256601f0",237010526.1634
"5d6c275d9d3326e738c875c8",12825075.5750719
"9865836c04a9582688f50496",15327371.2222114
"55a615b65a28b64d46ec63e4",56102634.426102
"dcc9e2c9c1151bd9f93f44b8",4885485.25772384
"1a2c0e46bc18bf3224450064",3105569.22107739
"3de8187003cbf6c4813bee45",1826340.40733102
"d62663a447beaec69808f85a",1167341.66359661
"1ae17f134221d5d9ee69ebd9",5470633.47084416
"35e55d060b1c4239a85c0ebb",3298699.72206025
"45917f1bac415feac7e41124",6478305.24386119
"ed44705c17c414af8442b6ae",11272072.282569
"6f01f2c67343ebb8ec717a5b",28926791.8734052
"8f2218126da9580268661c70",6732884.09239889
"5b36bc6e78872d2ca6d3d1f9",5713296.26286142
"c5c7631ddb5b485d0e992f7b",16836938.8146785
"43c88f1874dc7f91c899df36",17446543.3751939
"dc544c90e6ee38346a6002bd",18360983.7961731
"02990998f3621fc5a3d0ee63",114911774.849331
"dbab5ea45ae910567c97fbb0",83327474.5589711
"bbf80c409ab3a6784028eb6f",4297779.970349
"40e56beaf4a7f28f8108b132",4297779.970349
"e857db57a89e165eade00770",2730644.80673268
"41fc4ca2b3f48508d840bbb1",2240546.86408048
"08c1db1e620e975c4d476b2c",11259179.7981206
"8a1d93bbc83f4728657317d1",4604653.28691626
"6be0ddd4180b5eb92908da05",8274089.24320633
"ff1498465e4db86f4f652e87",4214432.31933954
"6410d336f6e61c4a81403c61",20525786.5761253
"169cdb07bd175b4325fd28fb",7465078.73600566
"546b56fbf616a6dfd1ad9d88",8893774.73143404
"666af58bb684c2d8e7574e86",57033314.3965446
"9fe75dbfd537f9ebc6653f18",27928621.5342352
"ef961c130fa3b9015b103154",3418877.00112207
"035ea0f13f2ca01c902d5388",7570649.27003
"7800f742ee14c4b4142f8b58",5537162.80152458
"0c621256c4d7ca81045fcde2",210353290.579098
"50db9d168354ea3d75a03a6f",31983881.9645885
"7bcd1fe7a140b6eeb4df2aae",7187419.40314445
"49a4cebdb22fc2d72bd1aa78",25073523.2823178
"69ae1f2868fe714ad8e2f114",17160210.9122307
"ca4f4a66d83f2043a7dca261",6335010.44342269
"c0ef32a7a294e5891505bf35",6335010.44342269
"5ad6f4091b77715b7f74587c",549954018.573652
"331e915e2a66fb70380282d6",136752150.524338
"3a00543fb00cbc044a5b3527",2609381.74218556
"81df59c6d8be19568d16ea3e",10173024.2298447
"88a4da0d72977b0c56b31061",24655479.3523047
"3ff9e75c6de41de517d1c4a4",2169840.42201429
"147f80fbae69dd577ff19950",9125773.63241539
"78beee9b7fab8600d420fd27",5040528.75076144
"c3733b88ebafc0a05f5bdc99",6738883.95818226
"568509a7aba60f8fe2d0cd5a",14491914.1918903
"f6d3f7e963c9aa1783b3adab",46902246.22058
"ffcf6794a400aba909383b41",23319930.8567971
"fa0aa00078cc178de0cc7d96",15653036.173265
"eec51f949083f39691e37e15",14109844.0350553
"26f3d5bc3adcd1396747a414",143869630.839533
"cb9e058f82b10cf80990beea",4750227.1832973
"22a0f3315f7600e5120db131",12452392.4190259
"bf6845aac15fde9b89a7208b",55979497.36796
"6e3cbbbd3f4d0578144cf021",31790717.6075483
"98a0289e513d5ba036b24252",841703.214725202
"597d3f78e2f413acabf825c0",7833451.41786416
"43a91a731e86b9a0784f717d",4032738.24773023
"f34ff57e272cd08056e6a243",7852045.26632716
"6f68b289516faa0b7ef36a34",2149797.0059246
"8bd8a7e19b6d3b8bcabb84d9",6171286.84048046
"74b64bd536ebbcd7c30ef8fd",645699512.664404
"f968e756cbe6504fa0f32458",20768966.040215
"e99d9dcb9880cbfd219b4297",2323024.38389309
"4c9e6812520f4aea4ce435ae",35702246.8637346
"78419be95416d2991ade8be1",1133253.49882694
"d417ff438d2a418b1f9e50b6",1366365.10808734
"3ac77ed776aa4630c7293240",99927191.3809236
"95173735a8f6e554f083c065",22651090.0910853
"83da39bc1a2eeb75e2825c22",4283695.43483501
"4bf89c9e50c5417ed669c481",7813731.58697602
"f90fd39477c8da38e33ba0fb",5813432.1528429
"b45bb2d0d137de6984d4e1ec",15156229.5289601
"bb812343bd6cd66e9cf9a9ba",11838112.0183634
"e299f614cd8ae525fc8fd0e6",7256880.0991674
"521e9326a2003c7b56fc4365",371101.949909898
"dd59ac4f6706a1399360bd14",13867530.4956221
"d6c6e7f923ce2cffba8ff9df",3155449.67345329
"df07a34d0ee2f78f115c45cb",17140780.0017164
"db6061f876f890071f7ed957",12448711.5498404
"b31601cf48b268f3b4107564",4025963.58953082
"3a9b2ef74c59e96a6b107357",3422697.1736828
"d600310e19c926cda14ac923",5893514.68364861
"183f2cf1a1c7eb9700b6e72a",28415059.0139516
"42556b1bae874a5c09777873",8847221.84443226
"57c1ed738536d177d66fc52c",3316787.63843388
"26cdd114566b7cc63cd96fb8",17707129.6324277
"0f679cc583a47b30ea132bbb",16605556.98304
"32ea7e13e8d9391aa9b7ab9e",9469288.21775057
"0a482968c7cdf212401d72b7",27935920.4254982
"85e4ee2583c51592d68ef5d9",9422840.6449692
"f4ce15aaa352d707b68cf773",4224085.40848079
"7d383abbb6ac49c6599ffb0c",3005483.06807204
"6c67b1b0991a1d79251855c3",150451186.32933
"9e52ce2cb6f6b7e2a152dd54",7499164.99616917
"bdeed3a7395cdb9b175273a6",5142395.77317021
"423ddbfe2f575e6bcb22e7b8",19421788.8023048
"3247399a31df838ec5fe58c5",24922663.9680011
"bd57e5cd29d935cb26006835",66988846.7705949
"bf00f36c4dbb273d7ba4b7dd",39737981.1828252
"48b9efef82faf72bcbdf66b2",34880394.0875306
"d2526a3e39ea01f87c99d073",6092447.82781328
"651d5cd65f80c4938deb7da4",15160161.55598
"0be7803a34b11d89133beaf4",15458225.426329
"a54b0b282edbd217e9509287",10014580.232302
"550c5061428d09afa0c409f3",2653295.92752525
"7538c609fdd115c9dac551f4",2794123.5070789
"d7e3cdd3ac239a5c318f2e9b",5043683.14433302
"9bb193ea939c5308a738fcef",9116431.37850679
"33425419e1a8e854418c5180",6040604.36629007
"fedf2e30e390f5cf74b27e97",863114.411994087
"024c5c787d005adbe770b9bf",4532447.732455
"13f681a090b36edf38a4abd0",68392737.9353793
"442c6bda79f63bae28674b1e",45678155.2044369
"47e0c773f65485ab7c78d49f",5420869.95366091
"9e30b310c820d0426f504d90",85156246.5316977
"8cdfda9067e0934a8ebe0894",5925570.91707863
"0a8aaa78f68d43e3b1bf6c51",18556806.3431249
"1101f533fd18cae5d32c1cbe",48640190.3284968
"9f6af9ac2404a8d55f24286b",1991379.68290331
"75060f295e0aba8e1224f766",1199734.74661573
"f0e68102ff84f49d90fe38f4",2636233.00642112
"3c45bf3e3e31e7804ac91704",238367.961638019
"f908e1de4c4be0d77411a998",5465288.45098995
"ca643c04044fabc6fc566d12",3637758.59971346
"8aa76df8fea21a42fb6229ff",2462099.69355206
"c214d2383936dafbe0652c51",30833078.9444451
"993898470c6676ce46ede92d",6589768.80954907
"18f6240cad6e92f9151099c5",18847811.2042871
"1e63fac2629793fdcb793f1e",9641992.50078253
"e0137390f0186c98f4e91263",31646610.3085342
"e35f95823a486c52b0f4c2b6",9067839.56836022
"ede10672118071a215ae09fc",56636557.2319403
"fcf46edf6d612ff1f5ed6134",312826453.762385
"df4be33c0931aa86231b7a2e",47117439.8283742
"53fdb16ec08e794dba9a10ea",4887391.22659563
"74c24c5e142e5267456b24a7",57941293.3445621
"f1bc08407f40396c094e0499",10822499.7223307
"496ce19c015093e97144d375",5580687.10564591
"a183a1c009abf7251fd725a1",22223530.460961
"6bdd97526b1a9cf10853df1b",1203113.61240141
"f083a8f187e2227696695ee1",21444312.1688233
"2621e068043a5019aeed6c8c",7065058.43048803
"3b43e7acfab46651b099b1ed",11332022.003734
"6565b3281cc2d632febbb6dc",20910949.1498521
"09e47ad8508e7cfee83c6d68",5931960.06231464
"88b02e7b20ce6db956afcdd2",2616808.02078217
"bfc41facefe9428865e4c29f",16896357.8119013
"569bb17b961fbdadf7106d56",26044853.2392216
"2314e3ffc7242a429e00207c",3256682.62326161
"4bc1e2cf5e5ffcbe1020df08",41931504.6851921
"949c4a5382aff4750b4dff83",53984669.3255272
"a63b4a22614d334b4a61ea16",7962754.11196062
"734fbae84cebd50aaf71c48d",11369042.4828025
"f92935374a7ef86314223c5b",15060701.1252946
"6cc8e22f11d382206273af23",406161657.82638
"701768887155444b77c4f446",3899456.46151156
"13c86cdff4dd32a9f8b9adcf",26814723.2578296
"8002e2cd1b70ddcae88ebc4b",5035877.69983548
"d0d77497c8a7d567f01d3afe",19137465.3487688
"95a7b01cd60cd10e7364a600",756131.580173928
"d1e38d7cbd32567c874e194b",2707816.46933345
"e674ba41f9657ac8f30d4f7c",92687635.1499578
"6bb760d54e5b0f54d9612a8a",43511311.3869602
"9e3bbcdba89c647e4ce53182",2447484.42336584
"72927abf4bcd53d6907aeeda",24095041.5403822
"aebaae467e5f01db3afe69ff",7166256.63851795
"3ad457c8855ab8921a7974c7",81834627.3349473
"1f3d3fbcb686ada1a96e01e4",67856747.9546203
"0775d831f68b88ca59eb871d",155949631.820985
"5fa3b0993cb43d3c72c30093",52342401.5173952
"bef19d0084cfc9f6fa37ddd0",26352314.0911244
"85a856b4d0dfb1fae861f513",34163690.7969033
"07fa1ad76017843232107517",6584404.0372344
"4049086139009c35dfebb3ab",5671695.65176548
"655120f80a39c19221623311",11213423.5136273
"71dca93007d6ba45fa40eaad",45012373.0914876
"9f41ce015f02d67e193c41f5",1926084.44996425
"9017bd24d173b2fcf564b32b",33498943.5286187
"e5ef29d41082025c42f7c921",3504081.30526356
"5c60d7880850970facc54bb8",150392944.144001
"f51fce25d8376d48fbe73a43",2790842.54442864
"9dc7b0a394309d8b76d0bb7c",1778612.40486565
"a12ac99bf63b547fd9180a79",11543652.4305856
"378d846a7af35e0c3efe53a9",290332661.85145
"0872198056be7edd5eff220c",108528919.753788
"efddad1eec775ce61d3b7b64",15258619.8303296
"70c19d59c6b9e194b6bc09fe",23575969.8696781
"b0d3d98076883f346cee8d04",30252865.6730391
"c7694e92a97bb66794e62fbc",2613002.53148324
"7b4fcc72822460a428c19282",10791930.4754556
"a6baf4631223d9b24de8b590",17342003.1414713
"a6f616d63d134f14ced205d1",11015870.511059
"50c123baa5783185ddbe29c6",302611914.092348
"24756921525595f1684929ba",4739683.60655975
"caf9c761d21329c993a0bdf3",22306638.8289935
"193d70ead1ff1043845e7671",2081928.60665287
"62ea31859e01c2f4d4e97baa",101351468.42734
"272b5b5c28e46c6f5ad95c22",1402185.31744537
"552ab0964056c1d1d1b7398c",55585194.0225251
"23799891583435710f66303a",1626865.93894393
"34896afec0b639648c527483",234341327.755164
"eaf53eeb911ecbae638409e5",3493673.86589514
"b1fdade0fbf0470060fc2708",53753283.6205354
"8a20478528e97700dcc84abb",23735059.9713564
"702525f05b47353c95b0905e",29860799.1709585
"b84c837c5a1fd0f1ebc5f8a6",204457355.238118
"ee2d16316e6f4f2388494c7f",40291459.6639096
"ea4af07bef4ed93e81ded95c",382234625.641187
"1a71d0d3503f9eff28acef6f",82439032.6622662
"1fe392004a09aeeaa6e8bce7",34964721.6647184
"46d4b0cdc81137aa56f516df",20846237.2228822
"4d666967b74ccdf5b04e9787",5622547.75275317
"fcf79745f8cd716d3ff9d27b",439527.641346535
"aa8a19a2fd3e2cfeb3b7dbd9",13007625.1720274
"f055602beb49dd6040641c9a",18202918.8222652
"7b1377c8d81755bb9b501064",1383502.78242377
"17d0418e4a439e9de8006f5f",144485898.766693
"48f1c6e343a4724ed865533b",177433472.307999
"353207faab3dcf10feaac8ee",45400639.936182
"ff188e88378c8e2abed8119e",2256289.94850735
"424b41f5e01ea2e2ccd3ca48",1256527.27497653
"608cf4f46a188cf84f853c72",1740498.82651716
"f9e7582dd99d36bfada56249",82800215.5940135
"d52f04fb69bed41ffb10fce8",36548817616.0026
"ea84b58f733c8e491db98a52",8419284.32126738
"68699eb9653684fdd3fc79b0",15361526.0458246
"31f52502e89beb1b2e0dc3d3",5901900.8004029
"fd41747287a480d5c4dcb56d",24142148.1559703
"b7afdbc1b57b52e6fb03accf",10338548.8687641
"48b270a493af4fa28dab9211",91555038.832262
"2a787b39e84958ca6b7001d0",44652203.5229908
"e439c77c0d871996bf06bf88",104451897.577926
"91b8b9db5372a2c3a5c30c58",23515431.4118477
"038272b33c075765464761e8",13273491.0417874
"fe8e45caf7605fb91d6bc5f7",3189485020.64251
"d354a2581dcb183c0cd70540",27607139.539311
"9421ce9f204f373a50357fce",66826009.1014029
"56bd3b61805077405af098a9",26856694.9928245
"0a606d19ae362a58922b172e",35305287.7196503
"ededebb1a544fb3246d3e131",65153721.3252724
"6b6c365359d20be719ce815a",7729558.66021278
"b8b22c1afac62b05ad389dc5",62325887.0955141
"3e3717eda8ec9a68c9d83027",98779771.179328
"03be8ec62dae56680beb2cf3",9540972.30535342
"fe6c8cd2e792d62a4c324da5",18704703.6727189
"f9c133f7a12f2b8c1b2beedc",29138268.6625965
"4ec47b8100d224499ec608e8",8550930.90347352
"143ca16847cc47d4a4c01ac0",16866220.0207847
"22127243f7ba3a68c3fc33bf",428948024.043508
"835eff7679889fcff6795d8a",19561500.7305163
"4ed3eb724d4e57a7b35ddf5c",1324260295.63083
"4d743a1250f7d91e2782708e",73161302.520897
"9f5cf735a842860e7ac753cf",689100.17910439
"e54a8b735724b2af56c7a36e",1986503.00669132
"3b39471f854357b7e5d2853f",14036349.978293
"91bd11b5a8e0c0124be78f46",6179302.06738999
"6121943254877ee48716c4e1",18038093.1971828
"3f4c2c98a5a6cb78d7d26327",3041322.58477083
"2b6d63d6b072901effbc8e1e",147459891.164999
"7e4b240c601e37977faffeb0",147459891.164999
"ac29d71a80307cab65f29ff4",1281259.95575944
"70c77552b1bb67a2a71c2ee1",438320259.919085
"54a09a85767156b072c808c8",2037183.20243332
"244210fb4bcc0a04f2cdff95",17707163.4061294
"9a2b53c1c7151a8b26a71edc",39455820.6226077
"918c48a512fd6ff22fdce5d3",83027945.7749982
"effe4219e6cb56e5ab70ff6b",7926885.74033363
"936e6d2192f28a2b40939a4d",11826940.4865719
"ad9a1b23979f0edd2ee19f38",3001427.19437331
"8a8e4996e24142eb413c0d12",25489464.9960357
"31c69cf4d197f97ac594a896",264894993.684587
"143f07eb2a8f0a9e26fc4c56",5625009.48594663
"e5fd3cdc6a19653275c7f4a8",30681898.8881408
"5c7efb015b8ff7f108c99723",6157342.45484785
"394718d9d069a126e13be804",86420250.7267014
"56f30ea777f5493139f22384",71538395.0891373
"37d5a902f1036cf3d80c275b",8645359.19782064
"3f418a8bcc7adfa87e0f67dd",2643448.29515089
"051416c05445860d5b4095e6",2554325.51242625
"887761f34ce0996bb05ac48a",16171586.2796278
"e02fa06a8de8a603e417d5ad",21789698.2933247
"6f5929e67fb8da068b91096c",6883622.58002077
"291479f573955e063f2d8bda",201992504.835503
"e60850405ccec092b8fb5d02",1579963.06074046
"464864b367e16547fe319229",924413912.403908
"4c14547b7e02e75204ca9f4a",17696359.1088223
"6183257f16bce94113879745",3019644.081215
"46c34a4e5987c20eb1f5ff99",13611089.4102116
"3f39b25dedb96409dc9d1947",3910673.62442772
"e7a85e64ee07971696f555f2",33920204.8500478
"33043b254b9085fc82ee1f7f",2680248.87449225
"bd2759d469829bb8926dbe09",6768466.53570941
"affae17b6cc59bdaa30e29c2",46026404.4502379
"e611d41aaf38a58acaa0bf23",48645014.8053709
"0de426088a306321990cf60e",6732312.64955197
"685982808b30597cc013e2c7",8655572.35870692
"4cfd1be6a93641b110fcaf67",3197880.27278126
"68fb3b3cc3e5b13440eb014b",7239771.56520718
"532bf5813d7e70958f71a480",32587409.7975981
"06ee1d8f3ea326a0e3a9791d",133607223.60096
"1862e0c4d8e89fd2302ab376",14092711.251635
"f3dea3d678d959aaf6b2849f",8808276.54952696
"2478e48a3c6bedd57c13c72c",187235598.223719
"efa36c7738fc14a11cc352eb",4154482.41797304
"2f6dfe9443645d6629eeccb9",104663690.216994
"bc7e867cad6f221dc44754b2",29955779.9071776
"e4f2fecf58a038d7b18f7160",58190817.6933276
"a7620d5599ec354541c8af13",122149253.210815
"484cde8e47fbf62a339c8219",4781574.74460111
"5fcd9836a3ea537fe86d457d",10077505.7566867
"1b288024824312c8b1681bd9",4082419.53410563
"44e4574527acc86977f5bc41",2426396.14920658
"8b716bc4d6d833f9bff3e729",768405.236777472
"0ab85344c5fe6ccb0edb6313",7053815.31879302
"03ad99f1799f2a20c8cc0a50",32118925.0049745
"6db318f828d464be421eb572",124448956.795497
"c3e648317c360c76b94bf541",3044601.83869852
"19cb65620d2330624252d01c",564654.29952755
"dba9fa9642ebc97ccd765db6",16780417.0722566
"1d2467e5f991b935d676e906",19113608.0425229
"4091a115125eb4a67f494620",8319530.35531263
"d197410ebc0e3b9937464923",1717053.17576139
"722699e593085cdd72102baf",14164663.1431293
"c059affd0c19f6d4d76f37c2",16245380.8035973
"855dcebac302ec5760f67121",27109133.0189808
"f433278518a80c3301f26cfa",2958238.42574608
"66a45b0aaf5f696d35f5cebb",4660331.27054421
"0152ffa8757aaaf417e9f997",72390089.0242172
"55b72f6c7163a9b0b3b0b262",30109526.4454966
"c8346a875be8391145a2f9aa",1341697.98878672
"11c86230e62bd2c9ba44131f",18507673.4269575
"c4b97a459e2c6d13710fa273",4137022.91411787
"8bcebf3cdc54d4ec99ba0d88",7359653.69655817
"ad159116d166e45b70329bd5",35769794.4443088
"6f060a8ee8d6d15f46289759",10349084.2950513
"ab5f089f9d2ac1bf52222ec5",230794466.372501
"f4fc2da675d6a2583054fc56",20680420.7319728
"89eed91bf5148b5645408222",7164056.33985444
"0761d0b7c6e319a75b06d420",12156441.4891113
"ce84187750fa7aadd141b5fb",13018546.1875056
"ad77298955813089bce818a2",28010082.8123449
"3abe8f334f0f20f8006ca5d6",4269331.32011653
"36445c32822146606f75dfdb",39770130.9151214
"f9798cc6285c9fb3ed7cb668",4108047.46620307
"59dd396f70b8458772307895",1716560.35613458
"83e91710343450cb0812a6e4",5378566.43148916
"1e7a931100be734988955242",174539412.344543
"bedc5ab20edc896f814c3f06",10510695.3361536
"f884247fa6414f384480bf38",1935231.60872804
"f34a38cdec7eb598e55fa41e",12164350.6819957
"106ad411e13ea21ad68e5f59",3862747.1711592
"a87c585acf2a147e381005f5",12366922.0380307
"ad755859e7b6afbc021fcf6d",22892492.5854433
"8015080cf97316a08453a9fb",34065372.6554251
"f56d8f5cfaca0691c6ffbe00",38993320.0800001
"8ad016d414e2d2be053d7612",2246352664.70703
"8b91a957eca1985938860c28",317398403.134259
"20bce83e2b75fc535a148dc8",10746535.635573
"5724ecee1b12e888d538c1fe",11138071.5736607
"1e90d068f3c86c6f691649ff",58816479.2199453
"0fd954262ee740999c31d407",6507501.01667762
"a6d7b144058ebc326b9803bb",3465008.4584486
"a81abab882910584371c7b66",25132224.0519174
"9e41c4b41cbdc2553d80e362",15059006.3861996
"b6fcc49ad3656cbd3f4c2ea6",8421348.09275782
"9a296eb9b63ffbdf2a07cd0d",1978558.3438826
"3fbc0746bd620a0baabbd859",41264413.0440793
"3043d0b025fac4ed90b448e6",2959748.15072058
"219555efc5b4291791143252",5880001.67103821
"a00863c7c53b2c059ce22dfb",4008975.37585553
"28b838c94d10823ceed62e0e",2773955.70582197
"7e64ab35f5e336d5bd2e1b51",30174549.1649513
"52f24ab479fad35c8bb5a8f6",40382321.6476307
"0d1ef14606c58310cae371f2",20342643.468466
"a465a567a4f60ac534505bdd",4688191.95837175
"8694b149f7c0deadf820f0e4",18548136.7656253
"16d6b756f5ebcacf221918b8",15573018.86766
"7d132190218425df1857b8b8",5086461.17129181
"7c7a3f51a58dfd1588d7c088",2710338.04069308
"64d1c45a2968b0fbf0eeacaa",96190181.2913717
"4fdc382b65441412fef509ad",17775721.3695945
"04ece9352b3810031f3f9a90",14518833.9858539
"8b5b351e07a26c25cf51e176",16432863.7923967
"f923bfcb8cdb543c23bafd52",4829728.19989854
"a15a12446d2e5993a0a6c423",10844257.8858707
"ab3e1642655f7e705cb047a9",4829728.19989854
"b62fc917b3e8ddd64bb81018",315902390.305927
"835842cdc8ea0a2206c2b46e",7507615.98420643
"02ce5bc5d5d286a4cc0928f6",2235384.01846747
"d8e51f7b40bf1887ac007163",12829185.8311519
"90f320e94aa429856e37bb35",1480114.72180709
"967a7676754d6f9aa3e14473",7195711.22128568
"9251f3dafa0e747b6e78f295",8289877.97021871
"17b5e8357e17b516d947ebe3",81367392.6039359
"f943cfd29effc9c048b8e106",22914509.8044399
"41719542347401b04dfbaa59",6117261.34101412
"bd6ad9a9ab28aaef9b4955c8",12887654.4988595
"bbff88040e5b20e874cfad9a",39074471.911265
"3d6a9a4f2336a46eb62e6a47",173307032.302412
"493367258be5d63dc8db97d1",173307032.302412
"67cf2149b4c214da77694088",2237634.22915948
"8d2e85825e95f6941445cace",6163834.54475101
"01afa737bcfa6b1ab530eb09",63505231.2917925
"25813f7204a2e796170c4836",405961062.18028
"3cb1773d90dc240c4ffed5c4",414215139.370816
"6c81a0b90366db9f514362b4",278270758.278674
"44c8131b88accb3b46b79ba5",4411193.80251084
"ff185be4fdbe3790c72d00cb",12620125.697931
"851f50292e30b0a464c0804d",64291568.7130506
"6fc2a4f29e3b896bce631ee0",15696177.4302396
"cabc4fd04b60a66bdbe2cf9a",4503648.16976054
"61e9c2375626a18bc9920c5d",4502437.13878058
"396c8060d9767b4debf2a54c",254242684.583557
"92ba019bd942fa33ab742924",12361356.5152264
"ff71037ec8e5a91aad6f0686",1613460.65732183
"d162a90b37622c1dc6550690",7218117.34314588
"e1490f0730f8fdc36993027c",57715731.9005103
"5a066d6bb65d28c2094051f6",4363137.6941013
"9c7bcf000cb37f48d9f15422",17620711.7358056
"528a6345df87dd0db33bf822",60827323.8918466
"579ee47bc31f5408314bca28",3337882.96293522
"eb61a13df1c8d8d0efc4db3a",2787028.48335571
"b649d315ff3c97c4e8e9db73",1941414.93339248
"d8dd26eb78ff22272358e302",10604695.1910539
"6ae2221c504027acfb7368e8",32809624.2441599
"3ce908c9b70f349158f7d04a",151296649.913218
"7cf74cbec871e465ec2f6a61",151296649.913218
"02e9b077d6cece81387fda35",13197479.5049528
"865ed399cc344e0638e45128",30845019.5704389
"d9ed55fb72efda67f5144330",5955177.09755803
"9fdbab0b428f19e7e8dc35b0",63867094.5595538
"c061b886b7136a1b00c8ea2d",3219520.90211063
"fd0f6c0b5234ec1f6c7d1fd8",2053008.30633632
"9df90c0644948ea5539939eb",4728180.33666951
"547661e79bf0c62cb8de63d1",5163182.31424729
"68963f5f3657cb64276e3beb",3890578.62347559
"cab0a460167bb64c037cf25d",2300348.09339975
"31977cd5d4c09eff149e74ea",36293884.185332
"23264fdd1059460e079e5810",33210053.0146377
"4769743185eaeb0e4158e0e0",791386.710243942
"780c809c52509bb4855a4efc",2953158.99634231
"f64d4e029592761bee698958",3969345.68427438
"be364e85b988ef8627ece74e",443583.650712687
"c73c38b652e9418f06f89b67",1052992.31406341
"213032fd36fa1a6342570158",11403073.281561
"d519a8de5fdd1a84ca1baac3",50779915.7239858
"df91a494d5d244f20dab0eb0",17507879.9620764
"9be92b361ffd3ea2c69be23b",6903608.32860022
"cad16b2ea432d926d961109a",3422697.1736828
"56b22bd973f94a4bfaaf6b33",8503252.71036797
"84114798ccd01ae3dc97cb27",3792810.06563332
"fe2bf1f402addaf17a213030",7498785.96241261
"e01c1b69abb6a4c1c69c77d7",3005483.06807204
"24671f63cd061228ec0b5b9b",410078.048682114
"f54c16df774e70d49355cf4c",9806505.19225859
"5537b994e85c2688fe555d5c",3552924.11592748
"1e5919cbe4373aa261d672d7",9469288.21775057
"cc125d0f70d6d0819d6d90ee",9608396.29437586
"51f94ebbd6d2533862a1fdbf",530525.582295569
"fe409f9ea8d18c9d9ba4d02e",2505914.35524956
"753b47e2a3b9fcdf9d7fd9fa",2074549.76490894
"6bdb3153f267395eefbf588c",51190879.0165232
"9bde9f216ecb90814670e87f",7498785.96241261
"7f5280804c59f56fba3d6201",2520880.94666435
"ceaf16e097500022498950ff",2842041.06048704
"aef06b27b0a080b5ee539b6b",2341424.95246734
"abc668bf93ec7d1951c65cf6",2505914.35524956
"56822f406646f93fb39d9e60",3617775.37566708
"2690ba8b22a95cb837cb87b6",7551295.7476019
"180172e4eee8ba756207b3a8",9769726.61703808
"c11cd2e00942ffe56db5ae88",7499164.99616917
"75a287d87aaf6ffe7b6db546",9248415.23213292
"08f35bfbfe1bd663c40d9e54",34153657.311936
"c2bbdb2e5d0191071e6db37b",8411363.174945
"b129a508d1d98a1b6dd2f61f",4849112.14302309
"335626f385c28e8370c207cb",1530628.51478152
"898ed7299f0c7b8a99e4877b",42446419.8046476
"a98022fc80dd6ff27de693f9",790685.881052173
"a59f1631e721d231eab4d146",4965819.5781366
"98c9c866109bedd605ab7dbd",13703668.5633765
"cc9743189c3671adbb1be49b",4355546.29731884
"e22b8126863c9ca8fb04df9f",12225384.4376445
"247715511199c5b680088b56",16605556.98304
"6e51ca1a9c2bba9fa0cbe5db",14693592.2904024
"ba8d6800443dcf95bf9c1037",3577397.23544723
"5ec6e033b9dcb454c57050c3",10984021.7817627
"156ecfd8ca6004281b191db7",2631267.29815713
"edc3879a1102740f2f96227a",6644272.13855132
"c02ce25a3334860d3bad53e8",20891893.0612207
"d041129f83f1f13fd7b35e4b",17312127.0753068
"6946fb4c877f35e9215ef4be",4617018.30622773
"ff2897a56a0fd08996d19424",916100.571258417
"e1b64df8e809ba220c9722aa",60039824.7741581
"c13263f9c8628bdef086106b",14991887.6681994
"e2b8d1aba0c583984aab25bd",75452023.9870716
"3786baf40b31a20f3bf3aa80",16541859.2049072
"bcf12785c25f6e600eee8fc0",7545371.25748037
"f85d09bb2ea40bd4b68465da",9205368.40205315
"1f40dff9a973064aa4737eea",4321931.43465543
"79beab95c6857412ebbbdedd",6206067.13059396
"5ed8cd2cf2c6dd5b5241d6ac",17234144.2820596
"ca8dacc29a57d39640e3e59c",4658154.00456553
"723655990d58df33d55009b5",16747930.3566276
"79a675215fed2e293b27f43d",24406283.5836586
"57999ba0ed9089739a1f4de1",23999181.2569725
"00cea81b78d6007eb405d5b3",5713045.63165917
"c00facb3e4cbb27c47a621db",6440979.51422939
"d1481d9d2bc9d1a3811f2faa",35010500.8889457
"26313750bd29b2c59a81b58e",133241526.299524
"2bbbe93b615c46483056bfe6",9174255.91997204
"0f8fa0a074b743c92f0fc56f",3726651.04800221
"b925f9ef733930be26417458",66430020.0984632
"0183b38955437e8d0128a013",132100531.308768
"1c9f65b631d2f2856bc97079",7311815.88914335
"c11d82cd360eae99c04009b1",29103886.9009445
"4a80ffd8e908a3291a32fb6d",9600757.15656728
"1a0134583a5854d5aa9cdb9f",288217818.374681
"5f5346deedcb7cf5dcd1e9be",1069983.63871998
"f17c8b14e56a76ea84a45fd6",45080593.0406729
"b8ff548543842246ad439703",3703794.50109924
"53462704cfc47d32492b4847",30425425.5797362
"25f925538316d3cdda8218c4",297795365.089862
"ffe653c61bf13df43fa22190",39002692.3119738
"228d98c82021e2325263c7d2",671864.118024126
"f32a7d08d176bf9177dbcab1",5828231.58502808
"f2c86c1edac4eec6c01ec11d",5715241.75276018
"06e350e3c733e5a0afb613cb",972129.978027366
"e2544529df4efb7e90afcd21",1361465.260129
"a639ec3b943cf90cb28bc1b3",17868760.6205839
"a1320186028a726935bc1cc5",309078731.807408
"97337d2f347a50e0ef518516",25875067.9540805
"8f619dd7fcf5e1a17af301c4",627254.565192858
"72569ddc5828fc702b2fc773",13323866.301685
"ec674ba8cd16c2264d270901",9756151.67065521
"2b05f001ed1a84425a45d0ac",1917443.11070325
"0a7758f69ddd8fb27a839661",85147963.3794048
"e3ec7a8fba3e1ea07a135dfc",38226140.7117134
"4163b665043ed27d7bf26c00",17138001.2842911
"69f7b81b70ea61f304ccd36d",11677854.2085677
"ff61104cbeb37f077c565fd1",3947586.13603692
"883ee78c03efdb4bdc57796b",75569836.9612345
"fafaa5dcf66d22bff322c72e",13808303.052239
"eaf0f2b00b6994a9ba8c5ed0",13803194.5713298
"9b1590945c0c7f7b0704d287",3415709.26822617
"766d34ea891f3af53f1391ba",37042626.6742951
"b8680f925773229571014e61",7310832.7494115
"2fcab31c752b699af5e8ce8b",78355100.7847957
"96d14697ed6847ee757d113f",36628808.1362779
"ded79c11c30167a9d8accf77",33068845.4767945
"ac50dfe70b599ae93ddee4fe",27767574.1759594
"3fc7a0f9c30978f24d688fb7",14047116.5350187
"083f05fe52ab15e8d481ad41",120327318.554172
"075be16d8d9ed6831d139b2e",36333710.4475467
"ffce0b151f293cad0a6f770f",77036511.2153856
"5997da918101ff14bddf20eb",10035575.4323383
"e102f1d841d7cdb596d50624",4570636.89025748
"a2c3da753f0116aa5842d4ec",57520663.154087
"43228eaa1230dc0f7f1473df",2905872.10102226
"4349d6bfd5a518fcb231cb3f",40351293.2384385
"c6c978051fdc655d21a370ab",332470.956048986
"f4cdf3ff86fe70fae3e59f4c",772962.107090208
"ac154aaafe98dae45bf9782e",2452463.45461112
"01f6c99999c154461765f4c4",20824697.8735066
"d7d30819fc6ad6e7e41453c1",561684039.645924
"383b3198861942064a63184a",2282433.58228689
"3a2f110334251e97abe3583f",1418094.29971654
"9b9db425b698a4931173b5a4",481254.840001575
"3b51828a1e891f3a52a4653c",27126925.9148738
"c94dc49efe0a350bb522a56a",11476627.5167176
"39e4765ae5c8284e1f3f618b",8755054.54774481
"04b28e63fbba92daf83865ba",141149116.537788
"b9643a26731cf2a9a243ef33",26044207.4512302
"19e03fc1a7ca4b0761eb9ef3",76147722.5912588
"c0224f0cee5a388014db4f55",7053889.31664868
"c4074029fba935dafd82eba8",16528991.3666654
"0a8d749a2336d8f66a4f19ef",883221.999813019
"e84da6ce78339d50a72cd87d",1133536.69195118
"e9830411c3092327f4e66a99",503675.889065402
"17d51fdfe8fd16185bf5feb4",70510613.5817977
"f07126d58455b20f547c4380",49205567.4190523
"8fe7db56d501b9c11461f62b",18679925.0080076
"1ae2058fbe26f384be45df4d",35769794.4443088
"e74a31e6edd4459d4e215c5a",6576659.84370207
"c91945dcab0bf200c3ef321e",4146482.88065996
"933018604a8d5a9020aac221",51025551.0724761
"876ebdaa0bc953890e323843",5437713.24533291
"4fd907c202de4f06cade3b3b",3941379.24679105
"e40f616637f6187024b34086",52640355.9310928
"f9038f7e24e0a29bd9f3e24d",1236913.32182318
"b27fc4e7f6042d70a7651038",150702201.038427
"e68b18b57fbc5fd6cbb477e1",22738269.3298455
"326a82671272d893ce699476",1490570961.80562
"d2655e69f5dbd09ddb9268e7",62402253.0012152
"440cd2efd45c019c7151902d",17079458.9718559
"e5099db945e4f04aa3f0bfeb",15604655.137951
"3477d85a434f66df58fbc094",20868037.6651558
"56991f74ed430ed942b2d6d6",29808787.691981
"7ac1b85bd87929705b7a86ca",4158918.28838566
"0e1fbbe248919eb71e53ea75",33472054.8826682
"75c16273d3a593752446c27b",93893680.8216137
"7e74469fe0b030254756296d",5836079.53334301
"35fca2d53ed17ea7637c528a",16323808.1595341
"963cc728f3bc207a7ad74ec4",80838658.0938459
"fa9dec2129f7218b4c4d4b35",45214066.0742826
"1d0a6bf40e609fc74a319310",11193400.9411806
"b9551c416341fb167049d4ce",3324292.74717825
"89131a0af2db172538723b08",254345025.286886
"3e66557e876a876c259c40a0",11529041.8854481
"078144699729ee0c46f36123",7128814.12403683
"fd15189b99da46b098a949e6",19405496.2260778
"d69209d7a26bd306bde5a37d",1382156.31935395
"89690c80b7adcb8a8afe531a",15871266.6675968
"0e0d19168609ac1d75253edc",13925763.5446845
"6cd0aca2bc40d83473a39885",37228130.3556465
"6ea0d50e822913d0f444d89e",4971458.34893816
"39579c195f288da8d77f5ce9",249558314.370019
"bc54f5dc4e9ce267ea592813",16790341.8988575
"1d43fd3f7fb4e24a0b7c9ec3",8574457.19631154
"2566d8588566312ffa4fde42",31042738.4616194
"8d27746cd9d2532fe9cfc408",2103354.23726422
"95b822f76b4d3d6ceb0c5077",458637805.752374
"eba86391ca00fb217ed1f774",12372112.4939606
"b9a0575867a59dc5dcbb9cce",16873041.3893088
"0845e73ae95dbd4aec3f1f43",9974890.19292133
"419a2f823e87ab67b1311bee",12042414.7863109
"552217c633d2562cdcaa81bb",3833330.39197236
"4fd7984773d2872e51574ffd",515862995.772798
"a87ed2154a2351cf26f0027d",7615777.87079817
"a2522c9d3edb7e7a23a42b74",170531661.230244
"357e58ef96c53f39e267b80c",325899748.570419
"cf0ca58262feb1f8b0dc7b68",4774056.55403151
"1cb79aba890b35f9d2a400f6",131835481.82413
"d5c79ef12f43e2bc19e22fdc",42779004.8220907
"776e1192349cb7cf1579056a",31661462.6279241
"7de63633c7666484bd098e2b",89001089.0758378
"ca1b1c17572f776fc1059691",9128106.33877413
"53e94de217ec45ad576fd83b",4739755.9289439
"ed5c3d2952d2575b1bb757ee",452399681.924392
"bdfa334bc331e3e547f7568f",120327318.554172
"9c6a01e3c7ef87d27185e9f3",14453543.9038176
"05d9818d3f9f2a5c358d3911",52079797.0356162
"f6c990e406b3756ee39b3b30",44719962.9020859
"19ace6cdfbd8bed6e99c86d9",5264861.30842071
"6a04f8684e083eb6319b5272",3068612.63461618
"179bf83034539c8a391e0310",9176023.43916907
"a42081eac6834da0560ea4ef",2045433.48948343
"784fa9e78f7cfeca4133e8ed",10217964.7006545
"978edd828fc71300e6723e06",91931258.56891
"61d6969334fc63611c810e2b",230124128.350865
"4d592a67596afbca92d26bcb",5345063.37881831
"50f8068603edac10c87411ec",5756415.11093337
"9965f598c5b95b3cfaac50ad",15417443.6643753
"66cf83769d16a4d659edba6d",128274306.583136
"9c2c2b01934d1d519e651786",55763700.2356165
"2b4913f28d07628bf2d3ed92",2303474.16241369
"9baf7967c49fa209de8dda95",2403219.53675722
"7a0f887a9426270ff3c24e36",23844550.7455097
"c1034173dda31d20c4efbed1",934046.991644191
"c4a3d64de5e401a86395a919",1581297.11525328
"c4cef41167a5e8354a61feb4",32308413.7399577
"f52226b24ca3d5b04b7cfcde",20739751.7260848
"36d5003f0b5ec7f80e89262d",18363225.2640085
"641600a4cbb13b35dc7913e8",19241888.8979142
"c31c4bd09d8cfba562ed2b41",2227391.19497203
"0df96c81adcd6fbc2f7141c3",1090982.08536425
"4499adb2aa3aee94d1f1a1b3",5947424.22551637
"4ec06163d39f96baebe11bd3",17511553.6468478
"692cc1c9949d35ae11412fd6",45581028.0433632
"f1da5388b772159ec90c3210",12152013.6604348
"e7ae63f81f8fad37bb9c1b32",59526704.0498622
"d39797a12d9a4aaf15ac11e6",12231961.9022265
"efc5412fb02ba9d8f604e493",3528376.1353302
"bee2e008ee41f8a711fb8d29",737186.561373265
"80279a7533c44bbae477ea4b",371811722.886437
"edc43e57b2905405a13f8f3f",8142347.38694866
"751795587d1396e0daa25783",9075158.53024701
"6d90801ea8cbc12f9e2131a3",7956135.00637781
"71fe067a5ae994180f530686",7956135.00637781
"2e99240e23b0542f1cc75026",26427514.1816106
"fd6112c82d5808311b08e29f",888941.164976127
"0ac639a7c5ec115b3df8111b",1627412.15871227
"af0cfebd54f32b9b92c5fdf3",7956135.00637781
"b0015b31facc48a49f1313ef",25867962.1302916
"2347f69ec1ce4a3fb6989eb7",121974828410.614
"209bf65e11bd7053d9658824",1821953.03263424
"41877a677d1856bf609515fe",8894707.77447234
"cf60297d9d9bf1268f35ad95",46604936.4438467
"a33800eaaf178e01558ee926",23273141.2217051
"69e663ffb4935aecb875854c",1103821.18303639
"595415e95e075b70c39d5c5d",1607360.43850346
"719679261d84d6b93035143d",4753082.04772078
"9f149071cf61295815e3f875",16354006.0593185
"3d24d985b95a3e200a734bc2",2949550.63948
"bbe705b86c6ed4da775b68f0",768197.880000563
"e1d875468eea7b2eecbb49c7",39196292.1549225
"0802b7e10706252dab8db909",25795436.6547363
"2f412384597554f3dab07985",21864343.9283743
"da8b5c8a320821ab8ca00a80",179116279.869133
"0f10d20cff5664f9564bc88f",5179002.67613376
"ab8699d3c685fa834d7ccb3f",37428909.6460699
"85956152686438c48c52e018",2258335.0522754
"ed9c4f4e06183b15b877f077",41368987.6902998
"12e32a758e15fbeefa255207",4278506.22729062
"22cfdfbff44541dba9091753",111575964.967412
"314a1e163d0b77b0f384da29",2342557.3353245
"23959a0f6e27c8c2b4a7f436",85477473.1903486
"6ab5a87a537d2ce326c867c1",2161220.24410186
"d9ebae84cb53d29bbd8a466e",544655.427388314
"9511afb73b656135daaceb43",79680756.527811
"9231ec89e58a3daf459c5b43",168171768.18285
"8d97cda83fc7353a86c9393a",522327.941982566
"3b380c563ed2505b7630feaa",27217155.8642871
"6e5ca223128fa2de422b4009",60673792.9183281
"ee30ab004ac5270daf59758e",21571935.8746963
"d6fee4f680569a54f4267215",42727712.6707808
"db3b84e5b3a9097392a57319",5852510.35967696
"cef379fa831f936cad745dbc",14338385.1489663
"4db8d32011163bc4fe01d02e",19481372.8751809
"f842221d74340270e757fd41",10399462.8056294
"f6173e36f95ad05b8e94321b",4111100.51909865
"5960f14f2a81075fa66568f8",18352020.6604975
"cdeba97450c735185e486eab",5929426.19688033
"f9a802cbc802d49a087cf23e",15081484.3557416
"6a9ef848f22fecb9569098c2",492220193.352618
"f3986309e4fc4cde2b5feed9",6155123.20132324
"6c3435048735371c36dd3892",40718144.9099797
"f019dfbfa7fbbddec988fb25",252710096.178684
"4526cb4a2b8238dcc4e496e3",8035070.44563775
"95561bd325f60967cb6653dc",15106704.1270875
"9f3e09a3461bce2fee7e1c40",4304367.49768753
"1034b1af0331daddad70f3a5",11246988.5002622
"3ee9cfee7b0acd482672ed47",7077527.54798568
"adb51a572f3198367e3760ef",126965956.593625
"5c802e198dc0906016741026",69127562.0276138
"671603ba1f755be5d7219a01",482792.05336484
"001d77bfb387bdf0b53e9e83",1259109424.06769
"fd9fda1abfcdd1066a177e14",29959951.1340214
"e1e78f3432ea2dff6b69c6c0",538532644.070498
"378e6374da00b72bcd7920df",172018049.821203
"54ec4fd8f49c897c644ce83a",145125288.576686
"a67ef3a182aa268bc4d9ea14",52743571.3954534
"8100a4b0288d5d9d9dc86d2f",4874009.2643771
"699ac8957d9b4eb7fcfbcc40",29855502.8299479
"7b35a3e9f3e67fa1974f5c25",4093635.93464653
"6e5383a7f9a68147c2788565",34003832.443888
"fca1c40a338288036b1eb25c",22269696.51242
"237da4784755f090c89f07be",139534.004987814
"21a7c5d6ea818dfb25077e13",7698682.38552138
"0cf7dd52e117832b4698b310",10805112.2625993
"677c8056695a5a539dcfa3d0",978445.381207322
"e4b85269ca413066323f66e0",1802733.56868431
"9019f1dd02ede61479b62406",35354547.2210827
"958f3e102c6ecf5f6386a004",2188394.19570427
"b05c741bc5013a7a6abd31d6",2188394.19570427
"2c58f2cbd00035febac060e1",31777622.9330921
"89d36acc5f617a6a97e02f23",62548465.0650914
"2fba6801eb9a7bce7ed2c081",99001775.8629193
"45ccde79aee811756030903d",17843864.0709582
"5bdb5174517b8faa23df9587",1708034.61579283
"36a11817b32bc24eda6ec8eb",67856747.9546203
"f1319a9332946bd68db250c2",2355829.22403214
"39f70d6b68b22668a0631f37",1154935.05652607
"3958d0cb732f3d623764be54",45295030.6491739
"f67028acda5ecaa4c8781ba6",61786393.333293
"76f50ce5f30cb96d48a69357",98779771.179328
"9e5efd4741a57b9af54e9265",14353516.7372079
"8c45ac143f5cc43e9249c17b",6848290.26353338
"2a66eb4d2a205bc4474c0afa",7573256.11483187
"85cf1ee98e1a85ff4619e27c",8746091.80706514
"84c2ab0573d3cbffa0be90f4",30241846.4527935
"48976c41de22ddaea3f8c296",120772.279474251
"001c03f6103d35389825b62e",202640023.759645
"ceab390b6906d5cbe65fc402",110519902.603002
"79f989fd66108a2c38a9764e",44948542.8014633
"cc385eff95aa00310eb22111",15710284.6028458
"ed764bed1d05cb1e9a4e67f8",10220167.2199742
"857c5dae475eadef41c25603",3111050.23838188
"7148b0d9e2e1e92d41633230",2110620.14658857
"7f3e02524981fc7e40eccfdc",13994380.4749613
"ccc625df8f51248e3dc93214",6013463.17160127
"b38776cf09ec8e90fceeec84",59711603.6975707
"48ebc3d79e01061c926066ba",22694031.8450661
"9580bf8358095abb15a10c36",10064654.8964262
"d26d35e33a0cf88f735a9322",642153729.701624
"b4c2a0a1a63d35a9a08a6e15",907023.935088669
"1bf1913f806bd4b461233551",9017666.18915077
"34d1394dbb483e55d1cc2da5",3774519.20385227
"7bef2da7f3c160e94fe91ead",19929975.1059758
"528014ff6b7cdbfc174f4fcb",1162147.63193135
"bf1dae54bab00fcd3e8c9ce2",34744540.8578989
"f270dfd9ef449a02b6d7ae2e",55863129.7778331
"31d6f089626c4fd08536fac0",8764235.42634542
"259f4f7fd5d851be70d63633",6787548.28530194
"6b74ef5c8ab1df614bfba866",67096388.4830399
"7ee7fba3a30e0e7c2ed3043c",2254014.52844634
"b24bd44eefc3ccf053939dfd",1026969.74780414
"0545fc14aece3f37864ced2d",453813.7376802
"e07eb36210e90ef0419fa0d0",14935291.364951
"3991b04509fa61b36a8f7d2a",2727082.05733941
"387af5fb4b4a7f5c3fdcce57",7921444.64811363
"6852e8bbadc1a9f4fbcd695d",4915324.76321785
"8c3373f9c0372b87ef021512",13277213.1882949
"6123a0dd128e45216f832e3d",52053678.6583758
"0913364c688d7375d0f7af5d",19227140.754563
"8831ae77efac99a6c58ce05d",45165194.9995733
"b6283a5714e0b977110318ea",27657736.0299071
"d2d8f5356f77507f8839280c",10322903.6602408
"f36bb15462fb29f80b127458",9274470.79593664
"7abf9cd6b26e2e2bb6d91e5c",15467220.7312111
"1a5f6f7e8b7af9d48644f1e0",1848646.05241423
"8e2a5f8431996ae0db65d0be",40051025.051248
"29535d858fa3a11792697820",33788026.9493251
"8e4df02eee6cab9bd1011987",9734051.37321651
"5a4039f0ca12767138ae585f",1473810.10133518
"d84248b3ce8ff6f5fa480a83",2407050.04045746
"5838e86b74020a5bead56161",761780.0633491
"02091877f01c926c350b013b",1199582.58348951
"df298574e35dda90fb568023",427030.64315581
"d8b83253855448caa81f7780",3847174.05966412
"1163ab2c0bc8c998e121b922",1755354.62065173
"14f9ab54432e5f54a50be4a5",5076710.66419496
"f4e0fa1172c1d4b70b6c4d73",14548356.449814
"4345863fe83682f6091d8a77",7595541.11403006
"6c5bbbfa3a1515e5cdec9ae1",9769465.74067529
"742da63af109164c21dd57af",9761828.87850624
"fdc28a68bf8a5bc86288b4c7",20152791.6119287
"0f4b077de4ba5f5db6fb0065",5370939.29628927
"320ff6c0320674fd278f6fc7",1001501.44759778
"6acf9cef08906fe569c38572",20156635.818482
"853febf898a1dba351d6f917",421373.491180945
"8ae41ff6a828f175a9f628b2",4504739.23535317
"56ae6108c1b53c649da2f6ba",1069888.7442481
"aa990d4e5f1a0fc4f0bb29aa",16643734.5967456
"cb8b826e929f4f8a8e3687bd",6292944.55249659
"b85a7389bab2e651f05369da",668123.67947102
"1fe929afafa91bee53df4e86",61765184.2995602
"02e89c055b7692dab024defc",10845912.7145571
"66bc6e56bcac9bfc4a7341d8",32884303.7413326
"63cee15dc4a6808616a2c2e6",630110.857234975
"9a889078a0225c013570609f",62520673.9379741
"3548fa5ad26ba2ea999380a0",15993061.9472194
"d9d8aeafa748f8f1ff2fca22",4105564.37020162
"9e2c21d635fc25f7790cafa9",55216411.8107892
"f99adfe85d32b0a66f4d483a",1545652.23118716
"eb64fd330053a41ce5be4a7e",3984102.28299975
"ea8d704272b2cd066a7e7867",8128281.33807396
"e7c92ef9784a92c8b7fca693",16530914.5980397
"a9b83e18ae78d307d1b39b15",6067266.2659544
"ab8d6823d905f1f0ccf4a75c",11394898.3500672
"8447ca83d928dc34c2e7f9fa",2654824.71741787
"5bd24b842a67601630036d0c",4375997.49239901
"38d5b9319bc16bae99fe73b9",21900906.2283107
"e1558509b120809eface5b87",1035550.61669357
"4b8d7217da1b1f225f254914",14451228.3817507
"09e0c3a1b90d46c361007323",2608197.48483587
"d090a9e520ef74848bb060a6",18596880.504205
"07284e4caec09fbbb16adf2f",58042723.5855857
"f8bb20be599b79cbe29f36cb",4268097.81820017
"07dd30f04c5953f325df9aad",117196311.399812
"622872d345b4b0d9c1b9302f",1523874.73228277
"fc9151dd6f8850502c747bab",4822060.71706799
"0fdd03a2dfb18e323d96f468",188457717.918602
"ad7cfe29b56c915dd016897c",9248626.9139812
"f40a182d82c489f55c64ab7b",19460909.6987175
"fb06aae0e711d628b16eb910",23571653.3758627
"7dabee85f750266dce02399e",27000354.4031961
"ebcab2f8506c64a461591d1c",187112.859285608
"340f96c7de105aec5b7a28b9",1247863.4859482
"be1c6023731fb633c4f41f96",2098105.30048617
"d6b051fbaa13e3d92a798521",69679304.5555125
"bd04c8b6b5e381cd5f881379",13118249.667561
"2ca47f5c36ea5d1cf00dbd2f",1427734.36850097
"3f2c18ea5d8e9a25adca4c42",120766705.083218
"5bd59dbebb0d6fa71efa4c66",7686342.98088235
"bdac2f1c4b306a7742f60ab9",7066702.63638477
"a0e26a9d56cfb3b7228e5d75",3203955.01051609
"933740e21e9b61721b2c6053",1341689.03201623
"a3b9c1a3b81f17e6b22b6152",29516344.2988773
"445e241d8bfaceb149609d6a",2426204.0954975
"937f0b37f566f65a1871615d",5960063.29854215
"9a76a405640f670c6355630a",3882602.14911837
"7a0f351e8562fb7aafe6e714",15023489.5398745
"4c5b79f3656501fce2e2178d",80169188.1042328
"201053b106a0b89a0a47e2cc",19352934.9855036
"724a5f9542f86cc43334d3e6",1058061.68791852
"afaadd87a196e04b934e0b1a",563455.803489159
"a46cfad2458ac7ca4134818c",130129174.129779
"f640eb21bdbb9369acc4e863",1456135.51581093
"8b3350aaa66b9fa1c682c15d",20220672.576488
"1340b0805cb34eb9a982190f",2457068.2930376
"055d5ab6b22d4d0ac325fe73",8396608.17992527
"faed63c1287896e97987c4c9",4562049.21912081
"a094be8af52cf76977fa5083",15574504.0972925
"feb3384733ed8feeedf9ce8b",15574504.0972925
"eec4d59429b1d1bb75b4d686",2546262.94154816
"3e9754a961d2cf348c9ff7af",7922668.56814228
"8f8a92abd28c8990534e847d",6357439.99185254
"256491790d0a2d5e1ebdc2e2",10828157.1852687
"ede7995bc4e7e672fda4fa5a",16361587.6644025
"9e8a11484838eed1f4673a32",450600.015963382
"8aad5795547ade3c804c0ef0",1352671.19433414
"4ec4683fcf928d9fb33eb7b9",9835371.1109833
"ee18825bcf4065d29287b54e",14753408.6754691
"485cd615660dda11586f797c",10542056.3188209
"8b450ea6c21fe0b5157529a4",177718996.167426
"0d45e78397d4bc0d363be47e",19225527.2164029
"bfa4cb65827c4ebb91478e53",105245827.623302
"deb2c93acfaf6994bb3c0608",1142081.81003178
"571e1a8c252cd67ee0475974",4624814.02037157
"04e337d3c692f3429d47aef4",78347030.8736952
"cd2913f013727119158b98c0",32539647.214949
"ba63594585c484bbd20ed3a1",15543551.5279859
"beb7b99cf12926d8714d1c5d",124363296.604982
"0fbc9e52ccf1b7ea8136cbbe",380491796.007775
"f36031f3a3f77a3fcad337aa",36198617.2619163
"7738f18d533d0f0379e3a06d",27428529.95282
"20c3cc21b44eb37d0b359c1a",137930692.209646
"78257e76c16db549022fbf2c",154040773.760832
"4baceaad0b0081bdaa37473c",29051420.5981032
"6bbf67d88846e94a63014eee",19332459.2242985
"edb259013ceb62ad9b23eee3",5979682.44240622
"ecfe155a407ad2c2f74522e8",19051223.9485019
"6906a20be4962df7725dda7c",153714990.250194
"5d86b884df3627d93f206952",4388991.46264912
"cac3eb4606346268cea48e32",259865122.319468
"e7439820086f8d1cb13d7c9b",3957971.55345328
"b940561f2d48444e139eaf71",17543346.4791072
"4433060d0fa95ae1382f2de1",12154447.6074492
"27dd503d4fbf4d5f5d850d4d",2292966.91251922
"42a73bad238f2d3f5e376044",8813477.82518136
"2b53b13cd912f353cf9c4757",3033281.6361566
"4cb59b46927df31150830d5e",630481.73431329
"2f3d01cbf0ee0b985386418d",84899357.3108973
"d12e6de49fcca906c3586994",224893.746371681
"8f541a839df1ae79d563427f",6720958.06794995
"ae5ff2b5eb4f9ac44fef666c",39288506.0019262
"ca77a424800783bb9c5c0450",131685699.064562
"c0ec1e7ae2c6c3c2f2ae34b8",3305596.41017447
"2372f7c0499de8aa2e5ffa06",7106854.65139913
"46de3fbec5bc6c0e256e7751",3746964.07313874
"4d8b338266822739bc9c8fc9",25867863.4520354
"86d46a3fd9d7bbcac3319829",15880350.8779962
"b13fce1462ed87e57ddec917",9698395.41155489
"625caf4f4f56f3f6bfd3f786",2217837.94518832
"2214e2c62cf8d2d14f11d47c",36076685.3380483
"cee8fedd5685633435d77a06",20064615.1992449
"061386497cc2dede3ea70b1e",10570929.7654479
"3ce50f34a7974ec17178a79f",22187699.1124781
"855ce1721230ba103fc0ae84",14416622.5246575
"ff3b85eb538fb9a7dd03f459",27105979.1018249
"111bf82100a6fab0c9ded743",16665399.0501986
"8877941794810464749ba5d5",104451897.577926
"1122a042822658cb504dc147",16665399.0501986
"d7d924ec35768a3e6bd39b20",2260761.43918508
"27cf45528b4266162f7c9029",3936154.23331376
"916f946082d03023ffad6f2a",134936645.441931
"68181ef118970fdb1d83f030",12962104.0905808
"2f0bbbbb466fae3fe5c4f614",59806436.1067133
"17c8b228fa2591e3a234d55c",16340629.8252526
"e5d9afdaf318dbe749bf9950",19089744.0666386
"ce2cce355f493a75ab59b242",16823777.2575894
"b6825cfa2fde9b42fcf04c59",10669476.5903447
"6fb3e33e16eb81331d389ad7",66211812.7817685
"e29d9a401a246c00f5eb2413",11676384.2343024
"fdf103976a39cc12f5effaa2",11676384.2343024
"d1526bc5e5446680841a9cd7",192243269.332221
"a96cb9d988f5dc99bf5df4ea",192243269.332221
"760125efabf13246774a9f16",19124000.9165587
"229607e2faf76efeeadcdfce",56044666.4469952
"f14b11d270282b317d9cbadc",659678016.827733
"8a41638edfc5183469b6c43f",170162886.662793
"ba249dc7eae0609f20ccf234",32826274.585875
"0dfc7d77d3dca86a221fe62b",46219239.4539926
"ed7f61ea4c9095bd4aca258a",8680396.4433371
"d2ce77db7cade7f2c6189002",27657736.0299071
"9d18c354e8939c9f18598f22",15247390.0107774
"b95689add02915dab555d9f7",14962264.2118426
"1c35d9468cdc55670d48db84",6709430.67565694
"caa4aecacff2beded2e76beb",292263.221329212
"017487de3455d9f642a7fadc",1332861.26468043
"8ed9c13717d2bb274a81e460",233798887.239015
"c2eeb1cf0549df1359ef4dcb",470790.333148548
"3a413637f3108ddf7bd53bcc",10991985.8039385
"145a241c80430b1e4ddebcfe",2307658.40030316
"c954618c48b70cb00efb49fe",17358682.0889289
"fda6cee77fbfbce6ec0eabdd",6208885.00794213
"b92c9c464e23f8b987290769",4743382.50281718
"d81b170177769c0121b8935a",6319388.19885438
"7a832790d068e1e85182b5a5",3176124.60141661
"462ced9cfb28550c160e5664",72171711.2266921
"edd9a278b86b1c56e237a0f3",11323271.666629
"fe9b6a82fcc3266ddcb3e36b",22737488.6867217
"fa74fbeb90bdaf8eb26f8329",32754600.5698712
"a70b6661eda6ef616e19dded",28785013.5838174
"cbcf4d76223673724b0f9811",1153589.89071727
"ba16ae6ca55dc3c0d5480944",1007017613.55837
"3c840c206546c20b3e53d4fa",6784215.45192402
"c61076b24927a46ef506322c",55673685.3534665
"2e797c8302fb7ada13ef2d4c",5361134.26202541
"3c9e3b97db788dcd10acf0e1",267557.906111089
"28db5acb7b224d44e3d7ce80",7666021.0692081
"c7aad87d39537083a5620757",2225703.09139724
"099721566fdd0a32546fedbd",74574403.6619513
"bc67f29c8679adf31353bec6",91242814.7898805
"eb40a304997a6e66c550b704",11005390.957223
"3882da646752a82db088c614",23891213.2120089
"68c319925551b9484778bb65",1457131.53917835
"711b570ff195fb77229deb35",1620940.71536775
"e7a2e8e1c22a52f78ffd1b19",5428536.93169951
"814d93fc94b4de6d3a860bcb",925495.726138912
"817da44fa842fe304b93c199",375644.002128179
"5cb29f5aaad14b6c33813580",563455.803489159
"8a1105028a1a1b83c5080abb",1588485.65524069
"82b69c38d041325a4bb2fbce",9251767.43041651
"a57d01ed5a9641ad64f7f032",2457068.2930376
"90186e67d802be6d12eb3696",7164746.42291848
"f781bb1ed340e08b23258ceb",13859888.4898124
"db05818b6de8d77c1c3fd053",391752.500785231
"f4ed8924f5d1a3e6374715aa",3842385.39229712
"d792d1eec60822752c8d52f1",533591144.761439
"47a3c63f65a9794384c655dc",8396608.17992527
"ebacf31727972e81d0a0d904",6385342.00439638
"a759e4c03e49c419c8f0cd2d",12903420.7162377
"0648a4bd7ca088f4b3834401",2864683.8679421
"b25734bf3ca94e775f467e85",19796427.2840617
"65a8795e7a5b88acd7a469c4",10758676.9438753
"b799aa1dd2de813ccad401e8",3351787.64518388
"c01440b8ff0d80e7bbad715c",7541989.9767428
"a20cd5193779526b43612ebe",11109513.573896
"0cddda1c211fcdce819d5f8f",29541463.871379
"69bcce6b58fc3702580d3234",5178997.73705428
"ac7c0c806b57e4942d9ead3e",12878857.4150937
"aa9e131fe4e7982a374bbb84",1806556.00460945
"290725d6b15062397597b954",18482873.7455171
"5f0fa37b7c5cf77e0508abd2",10663983.393792
"c76f482d2a8f8db5eb79ae89",14540283.7930935
"f651cc17b051c962e4124795",3188619.45998606
"250d84aac8add089061d3204",3680677.95859798
"d3f9cf66c1c05f55325b894a",5979682.44240622
"7198cf5aae5d0d5ba2e43b96",154040773.760832
"766c7906cf0493736436fdea",19332459.2242985
"78f670c0d7a26c0323281ffa",4376540.05196518
"ec0eb8d68807f52b681f138e",3254869.3325493
"446138cfd3749c0b6715b0c3",9832051.24315911
"64b4837e4550ce39f2f85342",15744271.6465712
"1103c663f6b5ed0309a767b2",79663432.8073437
"b9a573a3f2cedd87c7dc6477",1802298.65831586
"de54862f5b7b8ff345c6b297",5428288.43868723
"16b3311b337c0cb9312ddba1",2457068.2930376
"a1c2003dfcdce97d21f9cd15",8396608.17992527
"262688a95a32f10fa070a887",132957449.093497
"8e374b19fb87640c56243088",5953882.3580517
"4032d6a6a13399797a794ab7",480184634.875883
"99f1712af0fe96f67d11037b",44673500.4300009
"bcc584e6a08822158e2a1454",6730142.89269415
"ad14f4403926de76de2604c6",9745755.12823211
"01f855427cbe3eb51b38288f",7582896.95415448
"4673ef4fa28aabb0fe61043b",8643347.68675192
"f4cf541f02d99ea1851b9f12",88580581.2031107
"bfe19954cd4680149c682587",76077458.7453054
"fed8f3bf4a2d7a426901706c",9135055.7647839
"480aa7fe286f4aa31f56d4b9",47883536.7486288
"1e9850a50070dd51861a5e63",6058350.50891949
"e26dcf5836f5bb53553cc413",8841334.52110652
"c7ac975025713f368bdb0af8",4716704.98535552
"73fd5bc0aee47d89a160f5d1",9822117.09596076
"5bb9dac6e0e9409e89aa6cee",2507147.80901188
"9b15aa6c85804621f5c42566",154040773.760832
"199fe72cad28e4554e359ff1",29051420.5981032
"b28ba88f3665a2f26c2f8e47",5979682.44240622
"453ef603a66a34f17ae22227",5956631.17570917
"d8f4955ed4fc363d6d9ea897",2387862.73632165
"f2eca7e3226f625807f7d6be",41255205.5137418
"361ccd7f37ada9c07ffcf71c",96805844.3581883
"e7d1ee027da436cbaa122f48",40591594.8191036
"554ec896fe4f9d8f2e8eabe0",3909540.01802691
"ba79c72aa8bbb0517c899b59",85393225.4638645
"69dd957e78fcdd4d8e874acb",12432291.5176985
"df91a3c7f364df5e6831f2de",13122704.17514
"77866048ba7b69532d0a18cc",240224125.311948
"a792bde8819aebc5b2d73a6a",9864999.35041882
"6293e4a72b5c84782bcdbf78",200855318.413647
"bcee01a5d6a36f48d99a5e4b",3904074.23860567
"c58b56f1202d1cdffdda3021",121382829.775011
"ed3275b560f020baeb9ce3c0",14758418.4269547
"2a872557ba401f4c95e0ad2e",30570968.3806955
"6b8c1c7c855656b0e56f0bb6",46915666.9806243
"d6297cc548b16bff11eea51a",56636557.2319403
"dadce7c7a446a6a177821b73",22608703.9362035
"f5d9d8082e7652e97973e0e4",510643265.196207
"2ef9126614eeef828f797e66",19274617.2826448
"c70439fc435337f1e8fd2f5e",19341347.8383216
"79631cac54b1e71c1022da12",14777741.587965
"6fca3b70ba2c68d9e0d2540f",25388831.8991931
"5b29d453bd368190e0e356c2",10787629.2822854
"25995099875f0ee622ebc31d",208154954.727454
"34bd7be0761ab3d43da7a81c",861222959.639528
"b8e15d182ac0c74fba332b8b",901074.992150856
"901e3b835718ccae27c8831b",8490643.94460235
"e1c7a101e5d518583f9a2a7b",14542863.2271696
"02f6ffcfcdd3dbba94dd7b33",145570240.549531
"2162e09e137eb5f4a1f32b16",6557045.27411121
"5eb815f9023e6eb97786233f",5499634.24070448
"d2ab14487e0ecf640a785277",40276399.9063986
"437167a9db41b677da7d5a7d",424596399.599234
"c3f889c41c1effea85bcc706",9496799.24107424
"155da5ad9ad19d57a7632cd0",89284522.861007
"43d1fb0646562c3f1dd6fefa",13581992.2098815
"8eb66c4b057dd4b07b5fbca5",4867023.35656012
"f9718594fa52500c16e3cd71",22879833.5371367
"d9c46d54ba6df0d21ed4ca49",3374273.4921591
"d3f688e0deaff6648f2925b6",3043684.45242731
"093a92c6846c924f88ba8750",160914122.203102
"9b1223cd8c9d7b348d6a5c94",27392769.2989717
"8209afd76e36d8b5c4f7a991",514242.748594767
"29fd909e7cef62de53430e1a",16250432.2423903
"76df3d616d8bc1de789bd83b",2371206.13590031
"8aa5d44a72b2a6851d14ef86",12355204.3409918
"eb4e1b72abce1d184dd4d5e4",24824836.8058592
"2ba24fd47c2ef8520bccf6eb",19824275.0059048
"1c9e38cd216595b33e283134",10869521.4803773
"2fc150cf6ea4141106bb8ac4",3383663.66330425
"8dd46fd8ff592358e4c3e7e5",49057223.4937249
"d5e001b2f1dad3962cfff9aa",18233810.473975
"6e73e42a0d2ef8d6e403112b",12079405.7693664
"2537dfc786054c61eb3a80b5",4035065.70003363
"19c77db46d23e0c07a06a8b2",9051993.4278595
"e6424086fe1cf2a2931f4847",4035065.70003363
"66526276a7e8da597683e8c9",18345021.2553098
"cedd20027ebbf47baaa0dbff",18345021.2553098
"ac7c323295addefb43c62acc",3554167.85158682
"a8e74eb5eb523143cb291cea",14605742.8321101
"ad393e9070779969b496fa72",12917037.9574513
"64d9dff81c79a16579cef2f4",19098193.2408623
"ea91281d5eaf6b8f436d47f6",19098193.2408623
"06e59cc783be86bd145a56c6",7557585.25468251
"7458171e4db497a4cc1365fb",106221099.620283
"12d73fb8f4ca87b19ca46231",3554167.85158682
"5e935d4a03c6abc86ac5adfa",13891992.0436522
"2754b4e12a7604efe8e03f5b",29791849.4925535
"9ea7a0d65493cb5487ed2084",37052166.084855
"7845cf57552577b059dd13ae",5849296.36255013
"6e710984bbf2662a9cc7bc4c",10663698.6385159
"47720fb9e2586dced75db114",9973159.01418627
"cbd48f3342e63a84173a8dfd",9246527.94984379
"cb83c138aefeadb184d2c7e0",14554795.593151
"397d4e490eb2db8a1b18051b",54679187.655834
"4f65732875c007d3c1102140",41208334.07638
"1f8ad363a0539a6f2455c3fc",10574216.7554755
"9535ab027f9f2a9a8fdc21fd",49704274.1421932
"248993a27da888a6e3ffefe4",2613810.04913702
"cd07b4553b6d3863a9e444e8",130772110.411529
"f53fe605b0a2857cf3facf73",215776667.950215
"ae48e30b60ec254bf0dc89ac",72535072.7392492
"2a0e902f3c07cc9696000177",2719254.65734355
"d57535248bb34f65ae678a39",231730475.385277
"9949cbc958bbc0114404960a",20802069.7995887
"841c57617a075690ce412083",6504684.08593331
"9fc4385ea76cabf741d38789",50138367.3643224
"0367da7dc5374f1957a1b7f6",103631337.392919
"7703f868650a8252e954e457",9020745.48493695
"4cb9319ff5adaa62386b713b",39408362.6475666
"dbb30f9d010677de2aee1b71",4384908.15089843
"0b54c51a787fe58bdf677658",23505207.3503883
"5234aeb6d817b8ad876e50fe",8347712.37855637
"77359d0d34ba4c9d825e46ed",52572827.7186662
"b84795015be5077f942f5170",38134965.5754912
"75f5290d61164d42b39d9d51",441140.611210286
"b46d50c84edaa7feba938671",39408362.6475666
"be8c05b72ee7867fdcb05455",6803899.60675495
"356712646865d98127b92a57",20382025.259789
"ab765acf8b87daf1673b3a97",48785039.9360287
"3a2cacbd3b4f9a23514b1433",14076538.9505728
"3c6d485d7b01ddd6147746c2",856383.718149259
"054cd21c3b12f165bd520313",16807067.2922949
"e114160e3ffe6a703eb42440",97823364.8853931
"a38b2d75349c56ce04f02a94",89212346.24398
"71fdd2b1214b9371ef149c1c",334478841.940823
"10970057efd092c98037498d",5498726.9547841
"7543d0e85e6328ebc8283d75",1133158.39639914
"db1cfd89dad114c11ab2d409",19980254.1367167
"760f24a443eb01721c6ffea3",32356700.9173923
"a1508f30ba87423e7393b4fd",36033360.5590634
"5814dc311aa87b24e26aceb3",130680103.858753
"f26c2bb4d5787541e9c36463",44438181.6033377
"cf07a5af6ee98d735bde14bd",19384410.2537538
"8b716c3dca89b7caa7db1aad",121295115.639549
"df89e7dea6c313b0cc262249",23321665.6116088
"3e2c1d2cba8755ffad9cff27",3325621.36521644
"6771a8c70428fec0f21d51a1",41976236.228473
"d8171d498291341094daaa39",30252865.6730391
"3d43dd23536f843c2c5bd268",24531734.7719314
"785dea91d94ab384bbd6ce3e",3434379.83304136
"6c316d2bb84fff36bb01f14c",7488273.6289988
"08ba99aa6a8ee752209de6ae",6343280.65930047
"d177236e8c725d4405025916",20345631.3273848
"9a6b537a7319b3446977919d",3025290.79827916
"e2e7b03feffb21bad63eca2d",45021131.0807956
"f2fa898e1bcccbdb92dd91e9",2000155.84249953
"2c340ee014e39ad0fd1309d8",21543482.1765761
"7ee83e5d70855ed21455b6d5",31233442.9919439
"fdd4b5fcf9ebadf96545038c",5733825.33188561
"512b4ad817c387bed877b7d1",3845171.3338293
"3ba644c7be754c21e3cc48ee",3748983.57879254
"cb38dc837baf3e0531c6c115",20793263.4147052
"5e931fda1e62fe41ff0f2ba2",6228063.90432148
"0ce9a7d4b0682dbbca68e070",10926913.4268835
"8d114cef336100a8d8c81ce1",19758779.9557752
"ebc3a6574ebc530ef715ea7e",66712919.9779877
"4c2b14bfeacd87b878cbcc92",8838898.08007153
"577b17cb350bd2a646725b6d",194618475.917606
"0dbe463995c605bcdffb133b",4114014.59508081
"88f3f39ea06fb882c69bbd10",212762.529585725
"e54567ced41a40938b85485b",7565301.1890023
"cb6d29f005078d4d4efc2d04",1860865.10491679
"1d0919344e52b315441aeafb",6866974.88357242
"62c39ad30e9a26d8cf3593b4",4978603.65399977
"a02bf67aecbac445a12da958",35245876.9914679
"06baade01a74972cc4a419ec",590812.055529289
"3943b64f9550a575f15d6d29",17261778.4916271
"b62d64605362afc574ea5b0b",27793113.8123083
"0ef45eb4356e2f0331ad2457",22131654.1228311
"6700ad4d4d7f70def59a5d59",2647714.72635391
"19ad2fa7e170c67870ee58f7",11567235.5008671
"919c1e281329379c4d130416",117477406.951574
"8a451ef547efb90a8fcfa6c8",39364039.9540944
"5c208e5c37aad07602f7cd7f",12151387.8671293
"164fb89266e40a2530400599",3043684.45242731
"5fc0f0c4fa019b6f1b2a016d",7506885.71803
"3b16ff50ec7fa717efbd62ab",19944958.018909
"30e6d4e1c53e9e81ff66df43",5498726.9547841
"cdae3bf05372c13649a2adc8",1133158.39639914
"170a69c11cf4f855ed015bed",2992612.57086935
"e14b31f8a454e47c383cae94",2742464.49050948
"14a8134a56af1b328321cad4",60346134.5182949
"ea8cc21bf7d48979bcae1458",58663324.0837074
"c287dbff188e95f833ab21f0",326024093.173735
"2cd0b2d7561919f0223608d5",10663698.6385159
"1acc5749203f964fa8b2092a",5558802.83616219
"9543c16bd5eea47111e6b266",38134965.5754912
"d415dc486936995f8b3704e3",52572827.7186662
"ab946dfa5b9d7214a3756978",3434379.83304136
"803711fede531ad1621a6823",7565301.1890023
"f83f29f28978d7dd76cf5942",8838898.08007153
"4bf284e6ba81bcaa21a437fd",590812.055529289
"d8ed50fbd5ed46d36b3d2dba",9717078.08855223
"b40128f5e17574a5d3da9a32",1654257.64788798
"506d4cc6613a07c313a12de4",19092948.4857143
"558b7d06789a1c8e488c38d2",6130682.28674985
"38410183814a757520143737",44307590.5659507
"560a750cb6f8683ccac4563b",7008526.88434755
"48740edcbe275bed3c82efed",490015.315170726
"50b2bb276e598c9cfdb42b0b",20382025.259789
"302adfed183564312f9e3087",5733825.33188561
"063e53d45e5e7945f1f10fc2",2000155.84249953
"6e2c39fbeb5392e6aee9b644",791492832.16116
"8d6c523d4100ab0c83a31fed",51881506.8252902
"6d6aaf30227f16b2be29e79c",36033360.5590634
"e73e5e75cb18f52dd7239361",41976236.228473
"dd625806063f76dcf53582d5",194618475.917606
"a4b16572b8bb786561baa3c9",7488273.6289988
"9446f801f30e8b2997fbd72a",36787602.6920387
"941569c4352c3a2e32c908c3",4257856.84879145
"8b4c54125d9165554e4123a3",6883005.52267787
"d50f33fe5acdaf5caf1c6ac5",22840852.7826029
"46ff039321805b51870c64f2",3269541.16752005
"1ac6c220eb690db798a3d4d5",2723692.78966379
"faf872c4bca132b52dec368c",1049238.24898373
"d92232d77f7a124e7ff13ee9",27076525.8006313
"f9a136d7944cb7768b598a88",57653897.8267776
"e03610db09ed7315cfcd64c9",58587622.4847797
"8c51f1b43f15b70d2a294918",465830.267711304
"21d141a84af5f0e2ade9b0b8",4709113.64041877
"55c7cbf5e572d2342d0d7071",5870678.01357713
"54c0e5e6d368ec51f6e75c1e",28208992.4755373
"434ff40bff8fad0962ec07e4",6623028.30081323
"0a199d5741b5a6213b39b793",1566372.02287493
"9931470b50580f51e1a4fac7",15397460.247129
"89498fdf642e770ea75be7d8",19843871.1992782
"aba39002de605f9ff34bd542",1931228.99805472
"0c1c0ba7d75dc4090b7183f5",2922026.14505066
"2ac425aa592565b44b25cdc3",18674225.2170629
"c0cdcb5f860e3a974c401861",7481142.79352529
"4ec741bc6ab20515070cf1ee",5070096.60685671
"3d4c48167a8de8cb0e4956f6",73277215.8594353
"f5741fdd9f509d3bb02e35bc",5153373.19907849
"c1d0c0846ec652774ed5474b",15613676.09027
"ed2c02ddcf0e54789d9d2675",10299323.0718281
"0e05eba6eed4e55e89dc5f14",111202888.241896
"b29e5a75740c8439aefc9321",8200106.55952733
"218445f989b2da5eff4029f4",97568265.5982178
"0c7da0c2613129bc322b1da5",15581337.9782534
"a41210034abe19957b317d1b",19716803.7335232
"0cb4217cde38e09571fa73ba",7653179.29715925
"9df0663317db1cf4121a222d",14298048.5547591
"62be98264dbfd418ba21cfac",24479105.1251419
"939ce1536f15c0e6bf203dd4",66057415.330676
"d9028df78f9b14a720dbaa8c",66057415.330676
"b05f4b5fae2f2faaddb377fb",39918248.4311505
"65ac61968819927b8fd9b990",2464068.13857827
"1e83b53963792d7445e19d27",12712679.3557938
"72eb1af691a950fbb7e8d635",841212.90132979
"94fecb92077ffe3a72aedec4",31684056.3389083
"f660a48b0eb17e98dd77c0bc",20148525.4012089
"27fe3fc3838695ce34c5d287",5897697.81473819
"9ff4b1fc1970cd5c102cb755",11090501.495936
"b54940561992090411749db3",7258617.40283238
"d4990842f549d8139fa94c87",28744030.2040341
"f6013cab49ef9188aaf87972",4105564.37020162
"cc2e8713dd087d3b842d2f11",2581870.60401017
"fb8aa6b6c5d2499d404f3f73",889797.815438907
"6a8b9fd89b745a52703715ab",589244.950793603
"4721d06c49413558bda1fb68",5685977.00428988
"0100b3a412accebf6a3aa4b1",433964.760452099
"215e8852679b9cb6c4029ce3",23704159.9863779
"0afec1b2e7060b99dbe41a10",1053692.48231493
"4ff17c9b88aeeff105b8301c",2257228.31345842
"6eee8548b87c9349ce90ac2b",38640902.7422998
"9b264d26a196a76951308cca",39804584.2293477
"945fad7539481410e8bb60e5",58587622.4847797
"f727924f0f35ec9fb58d0c31",1141748.57138634
"c7876dc81e250503076f43f2",41108085.7242175
"e4f3e425e9f6e393999d7a08",1084245.3029488
"cee1833e8964355b9aabbce2",3867428.43499687
"9a1819c45b01c341647a2410",5219985.4910305
"ce95aab452311a0cc27e0c7b",235762.156850221
"e6eff72b7c5b0fc2677af2ad",11323271.666629
"3b368c10d243f6bc9c027061",1577322.39501946
"510c03bfb80d92d180803887",33691111.2157955
"664934c8e209352d2c79c971",5094607.37594293
"689ba3a92dd7c12f1965031c",17529064.3301855
"93d4c413d2a1ac59f1b46830",718587.365944509
"08b09c586530266c14e611f9",3997468.62498387
"7157dafd306fa99e4c2ad233",290271200.375633
"74e15493f395fdd312d50cc8",2501172.65229987
"c34c94e7129f84267a5e4fd7",9498592.66739083
"fc0572d7185e132770c3bad7",14471860.6171839
"5c1bd88edef0a4146c871fcc",3953354.11917872
"a28a31f7d0e3fc6298606078",1232028.77963727
"f388112376e68ccb2290074b",127329972.104436
"05d1c33ea8c89ded7391ea92",1498307.54460771
"dfd84193c81ca8430fd27ad0",14471860.6171839
"8b89813a4ae5f9209f854be1",9270208.57016708
"d7b9566ffb28c753bea96f0e",12528006.9146159
"8062b4109c12a95dd62bd43e",1825318.29562778
"6d305d6f3e3c2a53515d5f6d",35196634.6355376
"ff143fed55f12a0105f9f88d",1825318.29562778
"0fd9a2a99c44c9e5565fc17b",13003755.3759081
"7f85c59323701ee0e75abb92",22344324.3119693
"19baa03dc4143a83920a7d2a",52587770.7738858
"bc23ec33573f28442b36f60b",9687524.55455905
"9957e5492f63fa295772246b",35864274.8256581
"62e376b22a4cf0d84b7f6bff",4499604.08375608
"0867853879129bfb46dae700",25496077.8059628
"92c5129009b7e377fa004a93",209988499.726409
"6b9d38e0b9a3e28e3e695be1",69832177.2403973
"b6da2728ee41d035da57c822",1666814989.47792
"adf5879151c7236f5e055e1f",3370536.2961085
"bb31607d0bc3ee4a37fc912d",4049321.23893317
"3ef8fee6a5cf42827d8bf562",36960759.5583104
"e6016afcc032d20fc9d6f2be",192375684.566664
"f3962b552d34eb8bf38b4763",22145884.4027243
"bce7369d51094d3a9d3495e6",88450244.6582426
"55bfd350162592f2571e3a0d",64068042.3183788
"3f226452520ee8f04e306bb9",10911647.3303605
"b16fda9be5edaf4cbcf07122",70598893.1383885
"e6f5ae869a5b7a30e8f0fd0d",19520129.7725176
"ab0babf6941ef43c35acb951",137436983.907728
"3bed16373c8ae820187e3d5a",28126362.5908573
"bc1335d419a1c0f6e6860470",45284578.2521818
"98575cb25b358dde32ad042a",53349419.6359567
"fb50f2f13a30fccc3903577e",16059730.4953318
"7a608479334951a3afdc655a",113641.095506937
"9cb40496518bb99a7a00a2ea",6866968.33471796
"a69ded1c20e05bd6b3a90028",3399681.12936383
"71d422db0c0c638e448142bc",10462571.4126241
"fad033a3c81708df7b6ee73d",56265736.1372712
"99fae85157be04554b236007",2492017.95280056
"dcd314dabc7d162cfc29c81d",9473280.59183212
"1c65d5172e53b4c7f1c4d6a9",4219294.32952712
"cb6d4db44c789fcfe8236b40",11791667.2091433
"ee2c509989c7155bb472c5b0",2579360.3161896
"73b60c9053ff8193c2dd2823",3241391.43964292
"2a487cfffeb12837a5586a41",10420986.6237804
"c9d285946ffc4c4b3ee95da8",9511827.38227486
"6a21be8a7a429eacb1de8c1d",553556334.974768
"2a7fc28219bee48a2368e730",2245201.26415455
"5b169f28ea1dc473ddf11580",30353551.0604812
"58b3ab31de2f9fdb0da0dc8d",13308094.011054
"2054c61f0162a18c6fa2291e",19212000.8270305
"39940234a26e7264b464450b",18454375.8312233
"550157aa4dae5fafc5d795b4",129211842.606392
"ca87bd8401c0c7bbc4b3f286",3038138420.82124
"a8fdb6fb681aeae4d5c22f9a",11635011.4946042
"998c864a446f06d114f42fa2",24335117.5145766
"bc57535516748048e38d4a2d",3912311.22165351
"ddd55d8001b809f304883ce4",9855934.20940248
"b9fecb3e6a507ba17764c303",176100027.368654
"4bd30aa3e2b4aa077ae27490",93445244.2715888
"d7ee2851bb69088f851970e9",84573850.5085004
"40eb0c78da8b51b53548d914",17379321.2925347
"1097d9a61690cc58a4b91e62",3284930.68630586
"6aebff5b1fb3a438c2c7969f",28749129.3707387
"af672710affcd7e44eee9ba3",11684983.980743
"fbe3b74f9e11c829d4dc69d3",20241239.7050401
"6b7219005737d8660d134ace",7954739.01752584
"042bd2cfb2d33467149ece1e",84073174.690004
"d5999beafbdc8acc8a6ad809",10049251.6602204
"4ba65b1fb8d8ab0a914b0b8c",2138277.12014349
"230864c9c9c5959f9f0d36ee",41043763.5820952
"8520fdd4f5fec0ba861ca9ac",15656260.931485
"447dd594fdadb1b12ab32e6c",66283583.8101951
"3d405df6e5dd012419f43ba6",8894979.22355371
"e120c33346ead011ab7789ce",17121958.9189973
"505740f7746e0154932dbdc0",2863506.62849107
"e9a427f23e80fa59d9d517c0",1657403.25991056
"97388d009acd9e5ad49e7c4f",14751945.473551
"a100f050c34e438070ff487a",29337131.1885209
"96d14a1d29b7abc2cad573cd",26720016.875697
"f69e25355ce3887bb1078fef",2181442.97590306
"86276ef138e0babab9863276",17413730.2268064
"344f3bcc1acdba48c12f8441",22169170.8342163
"f3dbdb2b69017cfa026ee18b",5494921.13231992
"ba32f2964e8b68ff5555fc34",259943943.159138
"fb7154b2dfd2a48c13ef70cc",2480811.5393425
"089dc5de66c6c4132734b9c0",32035777.7726724
"5c2ba5028fd94a6b9859de70",8379952.83564926
"e8544410d811163a13c6a326",33433579.757126
"74d8df07206df08e8f3dc232",12904971.3226759
"6fb4126e3ff41b8052fd0657",3733285.17723672
"ba35cce2e715bda1684c937b",284110631.435046
"d7997b9126bef50985bab347",94782.4118332865
"da3aafeb2d0105f8e09c051f",11090924.5730628
"5daf1136686fc538db40afad",24249492.5656258
"88f632cc304cd769e2d4be27",11524315.0257199
"c5dc941305b5fb59e66479ba",208650235.014225
"ec422df56b811a0aa42d8bbc",208650235.014225
"bc8bd1feaa8fca4c52e130f6",6784144.28304495
"60c116411ab3cca49f7f49f1",78222948.6652927
"75ae43992df8ef41eaf9d98a",18463811.5554858
"87ee5c7c49ced4ec99f44d5f",5779975.77485648
"918f56ffe325f21522cc60d3",2224811.77964642
"dae09210f48e5bbe0d31c728",52403336.435745
"c1ae2af40e1ea9da6380b8ee",29101389.0014942
"e7b717278f7c95cbfceba80b",2442666.91400332
"387f18b1f01b1aae536752e5",1459952.4336356
"c036fb38fbd2d1b59ed5b7f7",39595139.1100968
"76c510c0ad11fa67f0e9a4de",1604352.64381352
"ff46d9f7dd86b8bff7cc305c",1095098.53575476
"23d95cbbc056b4456b94c97d",32625035.6111722
"fc65a77fbdd07fb490ad870e",17160374.5655352
"8f0a61533b6a01badf43b6ed",72204480.938325
"c26990b034ee83450a4517b1",61849828.2024389
"53ffa19a09c447f3759f86f3",3044381.17624347
"86d80d3757377df6f2b8a0b3",11806137.6782754
"c757b3960436c23dfaed4f2d",36516360.4749607
"fd1431e595693fac0406151d",6243097.18754063
"42b6cf2a5225dc62342d3a20",527863.405145522
"6f8a0e8f1bce0243ea50213c",5501496.4811949
"02277f636716264116015dde",57519895.1755062
"b72459ea34fa22d1fd012dc5",357053295.109911
"cf4ebcab3fe4d12e1a20146a",96440573.79636
"ae2c10850b4a8ffca934cc72",13881317.907148
"0e22a41ec27869c8f83f9be9",21978238.319805
"22a43024821ad081e654c5be",3102579.34263055
"2054c223fcd48a48f67d02fd",1561389.1502749
"9af6ac77a9aa0c6da3cdaeb0",8643347.68675192
"6601706d2133f96aecfcbfbb",2457068.2930376
"ce011b7462e9be36184a2984",7890908.02096523
"f759f71e444c16a59187a067",25182751.2919336
"84cfb0342a0bf2c6777de39d",1815712.04194945
"760fd4c893a56a4586030772",391752.500785231
"fc174b19baedc11f78b647d2",15361526.0458246
"aff9e510eba008f3ba5c1847",5907847.48101125
"a5a4c0f268548993b61d65c6",35483715.3576226
"6cfb8a07fc1100569413b33a",14563792.9594753
"94301e20cb91669986c4b34f",5603186.52351618
"52c1ab7484e412ccbf5d57a5",27951910.0616225
"2538cfce1c108ebfb1056c8d",192712451.50655
"d57541684e5c00bd9354cc35",8321291.9169594
"123106a60208725514f3a343",8396608.17992527
"7f2a2959f5ae816761be658c",8397745.34032005
"fd5758238e7ec91e415779f7",12052640.3673844
"e3197263bf47b3d37f027e11",5901900.8004029
"8e5661e79f4fc282abac1f37",16664286.5519194
"cdfc387f8246a1bb3110d724",8419284.32126738
"c53f3bdfe8159bae98ab005d",19332459.2242985
"200ea08f57fa23013d0e661a",24142148.1559703
"603c736378e07570fb985ab0",33460820.4218919
"cc019e30685c91634d2fd4f4",154040773.760832
"b0d394d6c9b8967250854c66",8861686.86836876
"f7a79e1211fc72e06a3a82b6",3300889.98498228
"8a1ea9d91b3d8a66c6341243",7432061.67512718
"22903633f8c4d91158f65c58",6314213.43651104
"bb67d95fc94532b1fbe80ba6",576093.201355313
"a8e696037f8747f562ec98fe",4252001.42031302
"72e4fa00e8aab44cf210251f",6535874.63282679
"d70948f87875325380885803",4475723.02645183
"a0e53cdd1132bd19b8ba0c54",1839852.00441972
"882eb7115cd5b8b09fca0e47",2297802.52096728
"529d6599d8a64c63566a11e9",1591226.95342612
"e26eafffe4ca3c22b7f4a272",9125773.63241539
"4e4abc111c07656e5bbdb0ee",15692435.6159961
"46e7860100b0c09a6a475b9e",37084547.726974
"7bfbcfd0fb8f5b6d553c2d0d",79712830.5466887
"5fedc401fc32ecc4d9ba7e89",7125116.66282556
"aee8b22ecf19495fc5894a08",79712830.5466887
"313e17c442fa3040065b7489",1618957.05933189
"26206185deb023a344eb2e99",9845243.54983683
"4a9e2358d64df916e2cfa213",17979150.8452674
"2f6515defc3b21d82e0ca4dc",34807023.2681212
"a9b18720f68c7002dc71c3af",57286030.2791338
"af911ba38d5376a8aa53fcef",15198001.5395552
"025b094e1ea7248f4aba72f0",10406486.9087169
"f81aa0f575dbbacdbdc681f9",90957848.4697478
"848067a69d18a171e7fa34f2",7058667.18431533
"e22ca3f1c8073e246079d57f",4376310.49932416
"11444a88bb3b230b4feb5b58",81529267.6269085
"7a9264f3a12de839a42c1783",2459124.17670489
"6d825b439d8622ab90245049",301788.3526683
"d2d317f2990465269ef58c41",20064538.6589581
"2860e4435c857cc8a661ec97",17218603.0638844
"39c70622597e64c4821d0731",24685076.8312828
"2d6f5bc20de99dd0bd4e34bc",30570968.3806955
"37ac1ae3a7e2a3319eafbb58",36198617.2619163
"fe6fb32f623a9e3d5586a8d3",46915666.9806243
"501531d637608f7098ba6242",4558987.34782968
"69f59487924240bac2e75bd4",56636557.2319403
"358e1287e24c3c4fb353315b",758535.947604014
"55e307c88e2a943acd64a9a5",173664070.502586
"19105db21495d546e6792a25",2372920.86526198
"375419559910484b17782b47",33445442.9869729
"c9d254244e315974cdf5d921",510643265.196207
"adeb9a6ac3d357bd96c019ea",121317096.077829
"b08e0cfc5bdf5bdf5068ebdd",67009165.4540097
"8da2439f391c6db92b9260f5",4621066.55806969
"d0751cb5e704e28e03514fb7",5170139.67758943
"9051c6d14018b4894b560e2f",19546805.8757059
"54c3eff286c62f05ebe2ba57",5676446.69909153
"975ee5aeee84593bbeb331b1",8467428.36690895
"5102f4786cc032e24781c7ab",95872755.7858267
"cfcd97bfad6e013aeb57a2a8",1080815.73430045
"f304bc9e9edfc24eeeb720d5",85554786.8860218
"bd05a6f6ebf924adf92e5577",132818297.642743
"a7b459470ef58ef3bed7437b",67395750.7940769
"37e009a57645b845b1673b8b",230251013.204744
"b70082fdca35092802f8745f",2809332.12865683
"8a69b9d7461107db6d16d1a9",5289234.07351962
"adf055978a7a8e9bbd88e741",3718989.37809545
"6c02bbf7f6b087a1f0c8a47a",2746248.99370258
"d91017d9c530e058ace2e017",18798122.9198211
"89016540f8b3fb727d863bec",99249453.6426279
"506b653545eebba4c8821588",6318562.60335275
"01fe5add1e7df4b15dd73bc9",46487835.4408173
"4911d01ea0a4505d5db5bb2d",4332822.33963259
"68bda8b092d5a53a35dfaf07",27045505.3146213
"70bec150e1d8ac537cfd90e2",6917204.06547189
"0e21abdf04b36e5f6a1fc337",7407423.00412396
"f53efb47de2bca5912ad7517",10626745.123715
"82d6244acae149ed9ed88e8e",635091.639673641
"755a4fb96ff2b2276836f49b",1125004653.49383
"f15ae83fbc4e4ee3f646b4c9",906944.35808001
"eac458ffc1da75fa1a4ab384",9017752.18872723
"6f7bc7fd41ed908494d8e098",39862402.2282816
"12d1678bc86ccdcc8ad756be",50280485.3203794
"6e07d31b81f3fc9b9de8e1a8",22472631.782879
"6c618bfe55cac120a4f1e08b",16940696.1197521
"22958cc4622a0050d1aead77",14302303.5204371
"c7c3da1f12d872a3726736f5",22897732.8608544
"ce30c2c7cda56a69005300d4",3675970.32622291
"7a26e5936765b409b7b73cf2",31470725.7008029
"8d5a73b1d27a66b3f72fa662",76921693.316041
"3b8302dabc47048245acc09f",6391190.63648338
"909182c92bbc39b00536ce6b",27125735.9093599
"963da21c3c571d7bbc36f1b6",4663612.42048467
"a73504d5982fef268f5ff589",34779880.7030798
"50563038c05963223b459beb",27117355.6100242
"b9a0058c58cabd619e226178",16163722.7545794
"0037d98f6ac46a86e36def45",80827865.6890531
"38117bca778373247df86e14",695561.417984116
"4eeb8b5347526d721092a7be",5650774.64914644
"0b6cd71df4dde546e665f865",5650774.64914644
"bd066d5d19d41c06b904d51c",6994111.29351502
"f10e210fc04e3fb073568323",5650774.64914644
"9f504cc4e6b170155d38c687",5650774.64914644
"3e4c1e6435ea1a9c3150aed0",695561.417984116
"052c93502aa794e0574db9e9",5650774.64914644
"343f45e7d178eb780a9a9818",695561.417984116
"c0c4fa199f0ad751930cf78d",21747721.0619855
"5d86154fc1769d4dccac1269",20899943.9330396
"e1fb88779e55aef2b66f2c10",80827865.6890531
"c26af6fdd00a85a17b823d92",5650774.64914644
"be3ee4457a26c6b6ad4237d7",11115003.0660193
"9bdc79dd02cdf39f92e8c869",80827865.6890531
"1d4bafec52ec7575161bcbe0",42492024.8344562
"0f15a78ce3ff90b6894fe3c7",9800484.21677254
"afa5698724bea14940667231",50661213.5899889
"4d8e365b35a6b8ebe6d7a15f",189874233.555842
"6ff848f65f2507e58cfaa231",4525916.85396764
"e13947242fe19bc3925919f8",6248815.53097598
"c02caec41084656408c2696e",78114556.5715429
"d6fd079beb9f759fa4c6886f",18015846.9352949
"d14f7f939468e641c43abfe4",92851130.9533191
"8f6076f8ed13e87862d82255",4491663.87535368
"8d5e662ba25a71727f1eac77",353358236.7126
"bd2f9648ee9ebc1fdbfa53b3",4273787.92202384
"da8f986b6ee6f594780f4a91",353358236.7126
"af7131ea57639ce5aa1e102f",353358236.7126
"30e10a03626eeaf8bc2c380e",194965490.658121
"6caf180e36fe18078703db02",61701247.8117484
"a40861d6573e4539ee3c23e5",6551176.06719776
"d5f905cebe05262cfc44bb11",50104143.0283409
"809800b56b7b29399986115f",9672901.4328529
"6b2d7f88f15cbf7d998986da",14616304.9235723
"a0ede3a514cede68b721d994",23207669.4657414
"179d467dacdf674a66c7310c",1682044.78352441
"97f9cfef1e35be84ceea2a46",9679545.567991
"b7e01962fda2102f1402a444",26649016.0545693
"6665e5bc4774d04321d1ba9f",196177812.573612
"6c09a3ccddc797f77d63f1bc",16459935.2485077
"97986583e1c988373765eab5",92840859.7517563
"56807890f8587cd75893aec9",45756721.5684364
"0f2fb3cf22613a339c88f7e4",64055090.417874
"a967a4f0b1dd36d7264cb408",6544488.20898792
"08ead1ac0b9b30c2a72db17f",45577898.3499992
"1b989360ec91f5da55806bc4",37570314.0741721
"b289cd856f9d15493d31ef6f",204242593.836738
"88668347361a227b6dbba15e",5839464.47184831
"ec3f1679451b9c0037f89386",9768683.15338251
"9cd01a5cba1674559752f5c4",18154930.6607355
"2bd96c7fe678945fcaf9662f",8562526.73419129
"9f118569fb8b084f0615fa22",2076481.62599722
"033521a46dae036839ad6c90",4197357.28654794
"bc1ee1f8ffe1ac88f08e2459",5633196.18897438
"c62886167530efe1f84086ba",371739394.115136
"d58f191c74d26bc1fb02cfe2",23426523.5871853
"981b55d5c38361caaddaddad",9190877.03891761
"ef26c0f1cd9e3203ad16558f",2361481.93650716
"74cd885ec200a0c21fa9e03c",7541702.27814483
"fcfa51e5eec6829b9f4f2c59",1415128.88632617
"c3bbe8c09f5e58281dddd412",113790710.321381
"8f36d25584407d9e3c326e71",40360683.9370345
"51f4aec91124a9a96f4c5372",3177678.8526616
"b7becde9261820feb7cd926e",1728788.18775688
"65070c554133f2b4143fe051",10017140.1330763
"c2a2ddb94f60de25378aecee",1146196043.29546
"5ec3abf721e13b0d55829bba",147459891.164999
"502aff943d74cd4cbb976dcc",84183572.6254338
"11e6e5ee92c97e31d34db891",49906140.1400566
"b1589aa1f58f6dffa93a3a61",21700153.5607852
"783ecf989538582ad008fd95",54486690.8790586
"1770bd5b0a07a6aa785e0caa",101664343.500142
"53715a484e20d6152c76fdab",32417238.677479
"ef73428a38c201019267afb1",7080383.2285359
"932a93e3ee2093d7f806fef8",13646494.3863435
"00e9afbd1d27062a7bd40a3c",4072084.25108605
"a11a82cec7f8a243e2f90539",2723692.78966379
"e4a70600296b0bde6c28fb19",1049238.24898373
"0a1b1a3d68b04cdcb2d757cb",5814324.8248427
"7c06a2f06cb4226f9043578c",15485935.9210745
"5e113e1e878da12e312cf875",6875021.59155675
"a72f5204153b7c92f52d871a",27076525.8006313
"fc17f35d300be9680971f95b",1083708.78096728
"13ab6a062601d40843de37b8",14006744.4046876
"22abc78ce812c519511f8a4c",2421005.91666341
"faee4c33e892029b79b63742",891204.169710988
"c8d39eef5a5422e0da4172cd",2128517.32340537
"b13683c625c97c23333269eb",9930166.45849071
"00e7c5894c739852052f566a",18409937.9744722
"2703313a3e5a6fef2157928c",4333975.34930521
"8dd453e986d05c6c1dd104d2",287457.554015302
"22b34331d7ca2ea642d29946",7689906.31678976
"23187388f9d6e2bffb88b9ed",244054115.429217
"6b49a668de0edbe7f8110740",5818573.82537761
"ef0e5b23069a9fe377b77ccf",5590051.30696721
"c37348f8247ade33ac513855",30437556.6633394
"1d19edc1e0d907e5ab0899e5",8278280.31187752
"c73ee8d419b96c6e7c53f95d",3787933.72764416
"6251cda3676ecbdb6555c526",3058394695.24925
"d12d6ea066b67c3db9b2dfb5",20957586.1403933
"8ba4e8e071e458a13efd179a",180324952.40028
"9b8d798a2c455a960ee74503",20509741.4200078
"d663ca1a0d29b4cbc5cae9ce",8109659.78309047
"dc3b8d97b11cc2af4cfbcc79",15465981.7227822
"7d50144c4b2ead9b7b9f594c",14903590.751765
"ff9cb7bc0b972d4515ea3837",8088218.66470294
"267e46cb9eaec6c7009348b6",1871258.02959089
"1769a8ec5ec94aedc397b4ae",1178977.2132785
"dadd9ddd29102f529caa3bbe",35154098.510946
"251903f4b947b337e0134415",8490643.94460235
"e1b753c283bb9c6d4e438bec",2784844.53131813
"16fb51fd3d35db53eebbe5b8",15528823.9646396
"8f543f9c31af1eb17ef1e353",468683.058414794
"20c3cb2d4fa486b23eb81bc2",124412170.263654
"6fb9e9ac6d44d3a286f317ae",23218162.6698857
"15b57b0ad8794d64a2784ce6",9160425.03896048
"d9ce31250d4ae25c3b850124",66706685.2743013
"f90efcbfcafe544674c02586",21229799.0143698
"05a98feedbd3f422bf063112",7852359.78096982
"ea359d571ad0c986f826d31e",21058441.1452405
"b02f1997e6e6f97dc808b8cf",12823436.7331355
"307acb7b4044cfa5680e4227",11373358.562661
"ddce386b0ad3199ca09aac93",4545377.38432944
"9e28972500d8ca3fb3b76fd9",4401805.721204
"687b1dd576eb7d06a08c3439",12577639.8816166
"23b2b5b9f5bf3e1208f5f80d",160228700.692111
"dddaba511b6a18f49b41c1af",145570240.549531
"874e3e3ec6f67c160807628d",8001462.74329522
"67ade5109553a9d784886a46",5634571.6489087
"6879f05563a9f0748088cc65",29000376.379068
"dce05cf86b42124fc93d41da",17334826.864307
"1ea5db844a6d3a926480351b",6184767.33246719
"4e9acf6e9f80f65178766740",6391190.63648338
"a35450284f8dc27e0ed717f0",37097918.7043792
"069499abc4e393fe540777b4",30417998.4039938
"cd10d6e28fd7ce92518ea31a",388014825.793691
"3edc0e70e7cf6a21be2f0d53",26595800.503981
"2e2ff1e620063f416a387058",18312299.5039846
"1ffdc10c53bb83d3be84c327",45251336.6696178
"3c95dcc4bc3788b4cd5602d5",37290669.0062001
"aa592f388454d575e0006206",23940934.9515099
"f7e5bf5b0f6157ed1f604d37",40740751.3192377
"513c6ea5a3c2c560c409eaa8",64772212.6877688
"7cf15f80838e8edf4f9cdead",71101868.6215664
"49737c7682eff2513869b3f7",34523507.6627004
"4e8cdb49a2bdf68ad8d12625",25102521.3517596
"86af11931b004aad3fd27b88",12651794.6336434
"90921c9fce21986dd23bc645",9312084.29850525
"d79d71be963d418a4c9dec68",5814324.8248427
"c27b2b735106bd5a77a15616",35203348.5010965
"b6129a71f8e320aee8abd0c4",35203348.5010965
"26922ebaf11e35a7a320d30b",6875021.59155675
"23f859b889afe2639ad55a21",1827387.48947187
"ddf47d32045769c0596826db",38589934.8278712
"1d0c635770f2e51aed4c8664",2447741.18816723
"e6144e15d5cafcfe87c07c9a",4384611.25497597
"a7c7923f9a4d004eab43413b",8297795.49831445
"42b3b56289972176c20c4990",2180319.85660722
"b63f49396431089dd646837f",109228973.282144
"e0b041a39e732783f98bde56",10944997.898393
"409eb9b8f2ba87ca299a7f6d",15406625.8913852
"1a46c13974f3634ca6dcb51e",3330302.70752661
"4b068c79664179605b145a15",154959010.00889
"afeba13fa3f81249549cd2eb",1474268.37692807
"3a3ce11d981d0893ec732e22",12651794.6336434
"ed68664efdb7377c33f4010d",4361856.29049873
"93de58cb0d8fbe74b0cbb556",3574941.67485215
"faa204421a94ef95b79eddf6",35203348.5010965
"acdb13c4c8e2a48b0bdabd91",18362769.9437096
"5271cd1cb962066407490051",1301208.51317042
"933251193ded6df07c83128a",78823528.2153646
"524e00e537f841c13497cd52",4461280.83069919
"a9d4f256527be98066c493fa",93100289.4208717
"2207c1ed62f59d6eacb3c18d",13193226.0896478
"97ea5dc81ba49ade4f8f580b",81360564.2671266
"72488318dfb2181843f17c03",19642145.4769084
"76698030899efea431dbb81f",13969925.1548649
"e84888d2f22e14a5016ac789",3310650.51474679
"d9398ef84ae71419cb7cc82c",129372876.045505
"6d32649478d9d86d840969f6",8771886.54108676
"81600c1e6b6e3ae770e40b28",116697998.356777
"68075b0ac8e779bf5e66dd3d",12405288.3916106
"6d7ac64b8b9f27f61fb155ec",22212215.7408268
"d3bf3146ec856cc26c607d70",123077934.112909
"d12298e0d398e9d21d2e2eed",16825766.8813593
"97b69097fee8d8496a6b8c04",29269725.6421679
"fa6e53a7107c0e33e3d505d1",30737661.5657975
"7279c610bda9354e1c840b0e",4414859.48433592
"6f3070318ab65b867b2702f0",1958120.06881046
"e08aabb998103a941d24d0a9",12365365.3259146
"415e1faab81016a460db7a0b",115663809.707061
"8b871cc48b99bd4190877bd3",80827865.6890531
"7240bbe28e950ed75637b504",11047811.5873642
"831629494c6d15d5ff6a00a1",80827865.6890531
"1cccddc33bd892b44d7e4b7a",5526959.43698865
"f9cc6760b1112ce5197bf399",36384613.0437578
"0901e845b6c56d4761377a09",14541947.8917369
"2a33fa5b25963f3dc928f668",5036761.45342103
"83e9507b9ca2987a21d1b195",5233289.14042176
"9381bdf491d48236e84590fa",22845732.6363736
"c041a933261204155415c2d4",119655143.48263
"a1cd867286d6e82181e5d1bb",353358236.7126
"240d2474c81482baaf79b6fd",353358236.7126
"ddc1c85af165e47502447242",16571796.6984638
"58f02c785ee9a506e899b967",406642250.901831
"8b353ba6823f4f800635f0cb",4697026.04138531
"68cda50b602acb4efeb275a7",4923328.3502297
"96cb3c08c80815907de81e73",8109010.15527422
"f54dbd8f0aa752f79c581e5c",37055134.402477
"52a438d024af0d5c38627ad0",63334068.2098117
"1b5db6af0a1c0f7787064020",34541291.3000408
"84a7286c91f1ca3ecacdaaa2",5921955.33910976
"bc6d6249873222ac7f22b73d",54593943.0929028
"12501015fb631d7c10ff08fb",51441249.4845823
"85b633e09a41cf22a10f28c8",84356842.37733
"7acb92246dbaaec1cc7b423f",68421051.1828834
"bfba8fe959dd2e44a4202943",207663622.694626
"5325f16558ed6d2689bcbb46",335436524.025392
"d4653d505cede3d24e258d4b",207663622.694626
"5146ecaa8b7ed507c4f30785",21579014.0104859
"f5b9cbae30356fb3a1d005c6",58336285.3548549
"205ffcec56fd884ab24c5600",2549681.8607591
"ae7ce478fb66882a2c952012",32637981.4609465
"efc9ae02fd6c3f18db866cac",9585771.34376367
"2221052e00c236f31e6d5a06",48569455.4016994
"54673ffd4971d04493a1b1c7",22832141.3504169
"b0bbdcf0916b246ca95c4721",9904724.41747782
"1ef15e2b882a0da85858269e",17686269.8012686
"9881fb167319b34cc23da955",640275173.08221
"9d2a195e645a9e8556683b4b",19320626.3766171
"14acd96163e6b3e17177f35b",304995799.770446
"b2c5af8615b8899deb16c896",15540616.7548737
"4c40683e401dae89f6537ab0",93668658.2106657
"dd007a202a0a3d56ebc4868c",52711389.0964976
"6d9c89a406cf2e755d4172c5",4487549.23645461
"7387e7e385063c180f05a7cb",15540616.7548737
"9dfd5df5a2efca3fbf2c07c8",2334419.5030356
"2a9e75d221912230f98485cd",19476617.2611742
"86ce27f9ca03821d13030f18",18978470.5438036
"3dbf89c6e97182647bb44e69",15917650.5337175
"eaa4893a313d85fcf38dbb6b",55719577.9611833
"c57e1c323ddeaa7475e5189e",2005434355.93678
"84856812b63dfd9630fa49e7",3619314.48300327
"945202a450bea48fa7f2a95c",3195947.32439549
"fd689e54d5c418dc9f2425e7",592813178.158289
"eb90d9e9eb53b44b07ef9613",8351972.59968939
"79005399fa92d05558fd6f6f",33053206.8691246
"5cde51bd6de3759821216d5c",111433045.394156
"230cb38e035b85a4353220e9",174723940.580471
"a22ed42197987a8534abf76f",819291.87469893
"43a2ceffa8ed90bc1a43255f",6501874.5752341
"8f2fbced5d357bcd6b1c7de9",70519086.8551864
"6e895a15d402ea7fcee98156",18333478.0725757
"b6a2406025f0e1fa09690c2a",6501874.5752341
"f46d46ccc7fc415433e471e4",2619249.83912235
"71710d25975271eb32c0c8f4",21832964.1644489
"01b7bb1556b5c32df8f618cc",10702985.175658
"56e5afaecb2cac6293cde16d",2544947.14002173
"70209b9024acb3e5baa769ff",5331770.49454507
"efb0b413b3f661b23d674b3d",8297795.49831445
"251db9c4b7398902b38b4a4e",13189804.2183654
"e3e7ffecb903d2daccbf8a53",40632571.89711
"a92ed9a378272ff174ce2688",1234252.62267192
"40a53a3f3d49f7905966295f",5404248.90981255
"bcf2c303fc03897585831351",87379759.6589726
"4b0ac2ce45d7ee385ca369a2",9117144.32311299
"85c7e8ac008493b34e8e0176",21984024.0636842
"0ff24418ecb6888dd8ec734f",4019395.80035016
"3164e0ecd246b8ed6cb6d054",21696511.5677181
"5f52e316136696cdb56e65a5",1551473.8677223
"5ba4bb943139d7930cb91650",28102660.706754
"ba12ab0869d66e03df12b6d2",3709552.9490169
"1a111211207627bb4c840442",75646124.4566603
"9d2ec1ed9eac77d534ed514c",5252258.73596936
"9030f17b47b3940c2e2c4093",5252258.73596936
"3b224cf6107d815a2e78996c",19226297.2972694
"ab0e770ac42dcc82b472c55f",11187253.9108888
"75fd66abeaf040fa76eae2e7",1245750.54846029
"c31d98f67673691ece007a65",41574888.3267644
"60d5f19c16554cc2d8e5940f",9932079.6119931
"53fd196fd0c0558ed1219329",7200619.48547278
"27b06d060ecf702fc88c7956",47010437.2066331
"dc014623ed69c32abce2d0f4",32375900.1345562
"f1a8f09837660445961375c1",92848651.5937347
"b98a462d9782988cb54ced54",325899748.570419
"6ae4843a827b36bf189a32ff",9691146.81898717
"84e4f6c6b5dec0da7f7ca0fa",13245317.6506656
"b8f2b9c2e63f0091b6038ea6",24460109.5927343
"e54c7ea1f012656f7fafa49c",15265344.2218682
"f25f5df33f25576f805a95b5",3476686.33211633
"ce9474244dc2d40f357146c0",1053692.48231493
"54bc553b5b8abad0ceed4d53",23704159.9863779
"e75d4ce522cf587cd66adae4",41108085.7242175
"b1f0b12c28c9bd2d16b3545a",718587.365944509
"412e7b9e1de3df8c3dbcf198",39804584.2293477
"f52ce56f20251f018d7864e0",3997468.62498387
"6641ef09c0bf5f3180952b30",641045.253324419
"ada53307260fa34f3a6411f9",6384903.57280859
"51f0f76e2a8cf50ef3650901",1084245.3029488
"da482df3d0fc97f9f8582e22",9966332.34914745
"55d47b5f3d0d2dd7c2bf4034",65487619.9002156
"1a6714ac2350ad371d8280ae",22498707.6909065
"0006c9478f4e7edc53d84916",2022428.79911171
"dfa7461510c6dbe5e119d106",5094607.37594293
"5df95b44c73b249be0fc69e3",47149534.1242581
"76bd7a0b87bfb6d2723766ec",7793637.72927241
"8570a1d8156dbcc267d3b495",35864274.8256581
"94116b7517a06255bf4320c2",24804059.0234227
"8ba2d7afde20563e38892304",1825318.29562778
"f86ab537a2f5d8c2b223574c",14471860.6171839
"9d0d2774fbcb6fcc66b865b8",3953354.11917872
"9086e6e757243bdda003878d",26116834.5876164
"5a3625846567d06dbe4cea0a",35196634.6355376
"f51a78ac4b03665561552b0a",209988499.726409
"561a262410ca91d69a58645f",2277091.69553672
"08d90f931e7e0a6f43c9d0e0",321508747.232489
"f47c64c8ee69e744e654d4b9",64068042.3183788
"fcc4c878af8bdbda6e1fc86d",10911647.3303605
"8d9b143cd8eb71b05d32cd2f",69832177.2403973
"ce6a3868227d78852fad9f62",88450244.6582426
"d82f743ff414299f8c222db9",36960759.5583104
"9b2c7e6cfb2d6c66e1ee8a6b",4049321.23893317
"6e9009ad01cf466e8f8136e5",70598893.1383885
"a4bf0c02f139c695845c9507",19520129.7725176
"16cf0d7977ed97d6ae8d2cc5",53349419.6359567
"d96855b0ec427f041e7a36c3",113641.095506937
"63613a9290bcd9e1bcf2786c",796022.929458218
"32036c1eb131e6cc4f3bad3e",6518743.64333527
"ad47e82c9efcfa36ddac0a95",1492010.80202477
"d5af3041d95f5e89969c9868",7063940.05006407
"f2387712fa17435f56d7b102",1349190.08036403
"c1c8024bb6c3635ff655843b",3523967.47955573
"11e4350271e9cbb37bcb75af",2199995.25009249
"d012efd4a77c5aa5e8d6e508",7123350.1712418
"6240b85a47c079cd0efb077b",1145269.907385
"85e332a999931ecd0e04475d",8043143.46935263
"4ec02a406caf200b700f5c62",75297619.2894037
"f3270f2ccbcccf3046346809",8781554.04340668
"bfc5aa443994e3f3f78c6105",30833078.9444451
"aa09cc29ab2f2cfc79e5bc7e",2786039.91341807
"6eec5b03718975e5137d5e92",1754393.98658693
"6974d82e41437d61c627b16e",7524187.75208907
"ae3f7f428b49e6948ebe6fff",10752625.085039
"a9a710b78e776c16eec24be6",4763419.20083032
"249cf6f96144f769030d1b4d",8704619.28607273
"645f3c4490ce43ed68c7df10",57941293.3445621
"3413f37549869d2172b76d6e",56636557.2319403
"956600c9a4ed31e588f8c593",43501270.6055821
"00ba709f184e70be13e5bf9b",4470552.73597366
"275c8bfdd3fec33752493861",2947559.77090589
"3206523e850b5b5fbce567a3",22054160.8077585
"9c9ffb3401ab6ab90fcb555e",16179175.8938749
"4962650cfa3decf487ccbd0c",9845243.54983683
"a541b35c62878dc2c425235d",4388991.46264912
"2112e589911b979db6e05a6c",100273913.834595
"c9cfeb97323bd6a0564e1903",10213054.5970818
"30e1bd4619483b0e896b5229",8838898.08007153
"48aa146a36aba8a0270a8a1d",7838376.06518176
"678a80840673787b3aa64228",11441373.3184629
"392abbc83cfacfe87c401e27",59967493.7117468
"51744814dd3a7e60c0791041",5385706.16241107
"c6faa5d2ac8e74c26fdaad4a",49334313.0315794
"1f2c22839c470363ff41551f",194618475.917606
"5438c2127072b47e3af428d8",30395379.9038122
"32e182242a654ac03a8f3ea8",4008971.5526005
"0a45eb817938241ca988c2e3",21676532.8737717
"e74d815ad652f7046ba33295",22128150.7393892
"2887a0d34994d284759db20e",16799119.0519595
"621c3051ef29e8da01e6bb2a",24013284.0391131
"54de2275006e273686ae5fac",3784914.91873902
"b0a0cc38f73c9d90bff6ad92",135713560.880981
"f4df4ad4366bd794594c111f",15219728.983524
"763206de4c26e3825b69f4c6",42144465.213073
"d5ddcb0a54416bdadb4bf57b",4058998.70398117
"bf17eca5afccd9cd6299b9a4",657274143.731409
"02888257efaae858fdc7938e",8179994.16987624
"1f8ecf6c089ce6168b3be52f",25294433.1125443
"fd7a48744bf966e417f34a51",5810017.97729708
"655d6eafd78be856479767e2",11140876.1591988
"27472c6c6a801eb749b9719d",13771742.7635916
"18fd9bee381e7a8c29a44c4b",29905200.0582897
"da5d47596a755078a2261328",47342198.3126342
"737c83218f0e486ef4feba40",9506186.77803595
"2390c275fccc98eb4fa33af0",56250606.2809848
"35616923c84423b44d1d1438",7998822.92568008
"22fcf0650753e2b5a2fa3786",29843717.5721671
"9d8e7178912841c2a1232ad2",3520074.56006646
"36c2cae6de0add92f32d29f4",3244177.83641254
"699b68daa574a0f169436ccc",283582230.943642
"c3bd0b8277a37832f56be54b",606829668.434022
"6b3411cb8c50c1498572e681",864547517.94752
"fad4ecc419fb64b3f77971ad",11815013.2705414
"4034cd9a70d18fe0c883a0fa",3692202.29340226
"8f9417de118ef8486538955f",4714546.34327393
"33f4f9988387bfc237d114fa",2336805.06263019
"40c9f947e826f89c6ff3f898",7359218.54923505
"351701c5d1b821253e2c8c42",6696121.98297954
"f6b405af32c398147475dc9b",6182196.22840089
"45750daec6238508791d0d4c",36044702.4935589
"eb85bf9ab77f59615960fbe0",36089279.9153677
"0ab6e52af85ebf23432d7698",3782742.57754123
"9b13a371ed4724d2e2966447",38264802.8560296
"081bbc273db70f1d2cc84ed2",43539537.5599841
"e113c48e4e1b53adaca275f2",214325465.962774
"4bb0666c55d174e0280482a0",37460262.9717787
"ca516516b33dc09d712b3154",58091233.8226943
"631e6aee6ec1f720f3c78775",4419316.27008881
"c7746198cb5871bd687c2538",1649789.55394321
"58a5dacf2f664512c2b00ea2",11497726.8906057
"6d8998442d831addafbc878f",6897317.08991738
"7d4ffe0038b3ebc149d8f4cd",10929393.8389408
"55ae7bc854658aa5fa49d368",4768455.22868391
"042ff73057dce4d92d383cf7",8991920.46161241
"807c04729620ec60ef18598d",968901.641670873
"5dead94ad2dd86dd41448994",32788604.304701
"bb90c874275456d5fe0de83d",121195906.194966
"6ea5fbf037ba7e5c74d7ca39",7265529.20379826
"86dd7931177df94a649a4d62",11951321.1471123
"58ac250fa52a1ac7ce39f70f",13261546.7125503
"2861f1a224b4c879b845779f",903618.761607327
"8d06af8e439c45e0e125de91",19095643.5271841
"bb2dedf6198be0f3ce2c4ffb",16570405.9962946
"57d8cac189a13c180f08cd2d",2999201.08554209
"db575f8a4e10a29fe81b335e",6092447.82781328
"e8c79fd41b001fb1da0d4fe1",16605556.98304
"b81679b32ea288e9665dee49",3703794.50109924
"841482deb90d19ecb1ec8a06",5318835.2949943
"214df9371aa59f68e5740212",529153002.39833
"bc52abbda9027e10b879ed50",297580171.03777
"ce8ce41a36b610be164a25de",3971712.30390695
"a67412a01feb64ca6e772858",44363317.6862021
"d87896f889ddfe1ba210d74d",3383663.66330425
"556a39ca66e10ba3545f2234",1965978.91437565
"50cb893af4ad0e21a69f05d5",4035065.70003363
"3b5a5d6536a9fd24f02e8ba0",3550021.50130769
"121cc20fd81d6322f56d5c53",5499807.32380556
"b9c893f3c3ac4dce40d0ea19",9344234.50479056
"47bf8d322af3c13e8868ed0a",4035065.70003363
"a4325969a50a14c948446f9e",6187433.91785469
"4583a6b01449530079415768",19098193.2408623
"920e2bd03c9d34e36fc38ad5",19098193.2408623
"0a59b506798fb96edd7681c7",155267586.815699
"e8d2cdda77c1d885e21c7bbc",7298829.59343957
"8abe99f2b71b13dfe7d71616",17334826.864307
"c07e98122103d1546d995f9b",14404885.8614108
"29fdab43da21ed0d22c9c71d",26699587.9697343
"f2ba7982bed03cac394ef87a",4135654.09636101
"eac89e705cfd337a99417320",4485777.80675012
"40713332e88c6d3a393c8b2a",8051700.66955744
"a9aad230d22f7dede73acc8c",264533988.222518
"3b7fd4008e14e394dd09a0e9",14767598.0010107
"098327587a877bd50df27551",17382968.0017941
"0379b6a001e4018c34e944da",934046.991644191
"45f24dd99d362f49c0adb875",1942726.22214677
"dce1dd028695bfc5a47aa6a1",3078379.09847778
"cfeb702df06baadf29f12eda",4191261.27994236
"9ff5828e084070628ef2ad96",17364609.6222274
"6920e6d7fff656d66844949a",4454202.52799472
"31ed69311bfbbe000f4483d4",46027282.3426061
"d300473e3d2ced1177c9fbd3",1389313.76363977
"2cb64650b876ccbc7337a0e4",479868.027896456
"3ab2ed6d140698cfa41f2e3f",19291057.5364747
"9f8697b55cb665ebb054f9fd",1435824.64618193
"7e844f8a24422ec3b833b4a8",181834.50542186
"55a615a3b3919798d54e885f",12129736.7464698
"fd26da8e62b5d1155962f0c5",235762.156850221
"ee9171c496fa78b1461acf88",94006036.1573304
"d5182c47a954c964445f25d1",7635201.99704218
"e064b4dd7b4e64a3e0016f0b",25496077.8059628
"36753a5e31b0edb1eecb8bcc",3867428.43499687
"c2ee475efec76c46efbf1b08",27546756.0793877
"3baeb28cb33d048bcd6e42cf",5240300.99189883
"6a6d990b9b1bea0f844d3065",66254385.8593566
"e93dbc804920c0bf7bcf8cb3",305957171.736768
"b9ea1b9fc0e46ba0724cbc0c",81164494.4547878
"95e98113e39820523e95adf4",1081316.79306466
"942ed340950f02adf9749a36",47930777.9564082
"8538a41c0e0fdcb3829364e8",27306488.0026789
"804289a128775f7d1652cb43",32639600.0533223
"3dec1da01706b06f5d6a9266",18093018.1116027
"fe004acdfad6ac6b00911ef0",21900906.2283107
"6c679d5b6a1c1b74bf483478",4098511.0215236
"ba54b5ebc5d4f554bc56dec3",27028075.1335391
"5b9469c3ff6b197bfe3513cd",3586692.44966847
"2ca6ce8266afc6721d179335",2467532.00090722
"94160aa4e5c54bb479b1d0db",748446.443557783
"eea6a2137473c3ba6708b576",375644.002128179
"9969f6f4bfb29e3a97c2fccc",7037574.78172517
"68006626a3321fb0de032307",1546559.03711991
"2149d04442f73cfc78f93bab",15199914.8605541
"01cac7d033166094ab9f87b0",5766866.08197389
"15515ecdd35e9f175842a738",4333975.34930521
"86f1d6fc54152004e69027a0",4515027.12663703
"0bcf7987c4b0ba485c44caf9",1585924.51477865
"107fffd601a2bb7a3e4a69e8",64811016.8687385
"5a44636153b1d4a74d58513a",6153115.99451722
"5ae08e5999ca2ba0a1e2d8a7",1658294339.36739
"369e9e64898ea16b7ffefb7c",76058162.0634635
"192b505186d0bcadb46b7032",25674783.9119457
"6dde6686bfdff12620f198d3",58595333.5366765
"503a04e079773a04f2abe075",37135723.0803006
"42b5ebbca90572b9cea79177",4107021.14671579
"0b6f2534f862a7ef551a116c",24321846.286452
"05e06a93e9f01dd3984a85ab",3453916.55572992
"c6706db3eb4f0bbb0510578a",38520808.6229733
"2babb357d1d828c49bb89be0",6093528.62291725
"3951171501fc51e2d830cc82",2942330.31092847
"fb72b8e0457c0199e158e599",12303820.472552
"df865201353bc7b915b56ac6",9334205.703038
"8d1b3071f5396359c0b6cc62",5029494.30798994
"c451b61851c8ae1e6222109e",160443996.049421
"e1c33552eeab60683f2f89d5",20957586.1403933
"1d8d51cfdf78f1361710708c",3452447.78358136
"bdc8e1a1e06d387f9c7b026b",3452447.78358136
"2b36d797d32013a126e15709",5252258.73596936
"13b3a55d79b79ea89a73d21a",21832381.1691919
"e57ad52764215c3d54740ac5",5252258.73596936
"19e11b2d60326895b5e6ba01",5252258.73596936
"f6e1752b9f4a0a3c8573910a",21105326.5716611
"062efee92601be294d7346a1",6279030.66234465
"e2c3acee51cdd03b1f211278",10061948.5107533
"9390ae5c166e1a976e53e16b",5283446.49299231
"db3aeb3a96304f3c255e8a22",298483.551974082
"d353be29e7ed2c35b920f7c3",298773358.785748
"893c1b081e383de73b9f2e16",25623953.670833
"8302e2afc48d6eda16784da6",3982620.739486
"f1e9676bc91a76740f4e9b0e",44027147.9879577
"ce86066ad78dea43089d25c1",36441772.5658614
"c89ac55660cee4608bff27d5",59230089.0269086
"b183776d007d85bef0f6671a",78674978.2040548
"e8872302ba40e4ea413689da",7822111.85046711
"0afc6cbb60f34f1cf00fdfb0",12200808.6081692
"a811af7cf12afb1dd9b8eb86",15736435.8154269
"7947f71467036449efb99972",111913359.043894
"2ead9549bab6f1386b7a2c77",80452879.2811039
"b54e8d557263624947f979cf",6732884.09239889
"fabd2201750747891eb6af77",103599716.443788
"7c3f7b513bb20c918a51dec6",31943217.8926911
"0dcc222d83e1bf05f2c2c090",35891099.8775125
"3ee3ee47bfa21462a1fd455d",27297947.72769
"1dc3b6ea53413ece15bea33b",17446543.3751939
"f44362b932a8b70ad4b99a29",311669271.254916
"5372f93d988c3c917629f9f3",265754294.014678
"5c25ccfc7ae77f1d85981a79",23148165.0340489
"4df222356df121a41adadda7",11997845.5680707
"bf38bb7a2a7ea663cc8f3d57",228169159.476595
"ad0025f5b240d00936c82f9b",18236766.8634659
"2afa66b726ed0b1492b9e01b",234220676.759507
"a528312b77b7f84741c2bf29",678076.44043066
"1cbeccacfa11843a256b2e2e",22824521.5727972
"d11eadc78d95c96f50b41a10",7079019.37922124
"c918e02b3e6d80125a2db1cc",10447535.5754967
"b2af005e93b0242e0f62f298",20910989.0343604
"ed9703ed896c6118a3458e78",37963258.3342324
"8ed11c1d4e7aa1ccf0ea0508",14023638.936058
"9717b066e135a82feb422181",40632571.89711
"294985765f4d12e51a68a451",5331770.49454507
"edbeef6a08dd17a941634d49",14339807.3310568
"26cc292628ce4aa87cd287d6",13797982.7096844
"47f7065118bcd4c3878e50fc",591248095.637104
"e369c63f83c44329ddad488d",433646039.242776
"383c0948aac71636973507f4",21944560.3382371
"6bd1a412c01387af8810ce57",48660697.6602754
"4b92ca1cee4739104e620871",5834293.21092973
"0123237414f757b9c3809f88",18917393.4690584
"6e36550a6ff6fdb2711a88c1",7371834.2129031
"1b5de74aea685b506a952f4e",2773320.87040113
"d85fafb4d5ec056e6db9a79b",11138857.6362641
"cd097f6cd92275ec8ace1f20",993979.721023121
"ced1f52def08143f0b2b6849",36133912.4672344
"89a03e25c43a555b47c53864",355531731.151749
"f8d64df401009704c152bcb6",31678859.566566
"2a5aedaaad2d908122f28f22",56561852.7867108
"edd0b57b90629fb00d036e34",63009948.0143547
"f8731413b0d976c03b7e05ca",140030919.507562
"01abe3cfc94be46c1153c82d",38639133.9426323
"aa7f5d0d2fd5474cc67cc70e",1247065928.51775
"4912c91afa6e4aff6ffdc6a8",13831367.3852194
"9d805330fb0df9ae73003ceb",113498734.619164
"7daa9115f755a6c70411b9cc",93193918.341641
"f5896513d1cb044108d23785",15806797.4298361
"3ff2a2fd905d81f0422c54b2",381501.317483239
"02ed31afcba033953c79d95d",89001089.0758378
"c2164829374d5e880c1a1f31",107434464.41742
"3f6eba5c365508ac192f2b82",5888851.51977769
"3289958459cd87f24089cd14",21551907.4645513
"ecc3362a649cf08afef96fc0",2766811.62348747
"264e00a64cecb861d2c05b1d",8479218.23879648
"d5b5bbf927f763a43190fabd",40872209.7657965
"2691d7125e9046e597437f2b",15972545.6937591
"7cf183ed411cf82df26640e9",15070528.6248837
"f81107599bc083fec4a13ca3",1082689.19123764
"3c2a535f1df831771b859a86",10339101.0215855
"9e871ee8a61b183aa9051b72",34015119.4631629
"e066ee04cd3a597dac8ced59",4650572.62678702
"2f4ed160fe2a21722e6299f8",5011639.92733389
"e0ae53aa3cc9e9ba7ce65f74",58856654.6390706
"78d727d0e61a7c8b1cf6fb1a",11500358.8126336
"b42f936db049a74c7d24b0ef",71053063.600672
"62e9330888566f1f826e1ee7",24027532.5948068
"3fcc5ff04edf753621d6cbb6",3750052.74871762
"d4ae25b207949fbf0df3b404",222089227.045406
"14bc234ffb3ff7f974afc8e7",30373067.8812731
"64fbc9cac3f15c0f1a16f4d7",7058667.18431533
"5fa1c8237da8fc7683bc10e0",29700843.9708898
"7bf4beee26ba81ad0b884f9f",2457068.2930376
"72a47f70aa99d42320e54787",4556966.07408714
"07641db461323a5cfcda4f98",4476277.95052291
"3af2a1ec9efa6884a8254d28",2411015.40829293
"3adca5eeda4939a5ea11444b",6563251.46870184
"37d39cb7d3849a784497ed0d",21169106.5002279
"b9baaab70cb83475ac3bbab4",8502044.50548778
"74e178e2398895d2288e6fcb",8396608.17992527
"ec15e2a131d9724b012d68ea",14563792.9594753
"ee042a4b4a0bf9a1dcdf1eab",21367676.7914649
"35381d7a5b25317d7588ce77",4011289.11366831
"18ac3368b1f6d8f7171b07b3",5436494.71712871
"3dbb09358256bae5199e1318",58191927.6056782
"4662aa1c44351dfe271e3a9d",13569899.6837546
"034a30994bb2e0e446e35957",47883536.7486288
"4cdbcefc434b48ba3d51a498",19974538.5578142
"3d3317303679a6a5a381d0ea",2719980.87363098
"68f4e3d4355bb71db0f35a65",10897296.2781546
"b3c77f4a398b61d9c204f8a1",4619383.39354824
"3865974fbc1b412f24c47eaf",5018397.87395322
"84ab3ece52fe00ee50f057aa",29666647.1547562
"dcdb8d97ae65daf55570c88c",8378178.85587973
"7ea01fd99b389d08ca50c0a6",40405820.547734
"51df325f026f4cc5ed2e9a65",5825553.13151852
"1f11cd977996d909ffacadef",19332459.2242985
"5ae03c0e33dc7d3e0e0d54a5",10137809.7492775
"da88bf5bc2a7310ff382be4c",154040773.760832
"035de58d60807ee2c272ce82",3300889.98498228
"0cf82b1128ebb8d1087b640d",125123239.165894
"bd8b005383020611b8922147",10497932.7948851
"f5c79a564600bcad99c74f03",13326052.021147
"b11672f22fafd555f940a8dc",2397272.5800562
"2bc88a5c4bea2bd00fd8f13c",7278282.72060268
"b2b99019a929584b4904b98d",56241916.5013911
"678d0e011f710cefa49f6465",18740056.6673725
"f7de22825945329521642f49",10936150.0836054
"79b5a037bea858706838a62d",26073432.9621621
"9f339d547d83b4ef956a3690",17834779.181029
"127e197a2f70e7ddb5dc92aa",121363615.187905
"65b8c48546af394a924decbc",82605875.640942
"cdc0c282ee62c51e3a20459a",76921693.316041
"ec824ecd0319e05d1ca6a9c7",2634611.90558482
"95f27bf0d25bbcd0d1eb9cdb",11904681.9487714
"ac0ee54bdc08632efc0d771d",2021561.05304202
"904ad71e7d108930d69a7332",94019843.4471249
"7f4e6f790de012946197e0df",6184767.33246719
"473cb30713e88ecf782651fd",91654980.2008343
"59a309a6af425b2028a2ad69",23604766.7023888
"8a1b0f59f86e33a7aa7c2c23",16234074.9937302
"1e884932e57cfcab75ebbacd",40349292.2244714
"8e273f1dde4801825fb19742",16513519.0771583
"1f9c0f9c3c6460a323171d72",90975893.045492
"5dba98aa20e371c3947c19b9",29919235.1027496
"51516e102f8d43a07037ed29",43749982.4672625
"6eabd14e55ff090e8a93c727",8637027.66450105
"e224f9ffc7bd70369a5e8b68",14108067.928996
"35cb50346289f0590dd24d83",142552222.414602
"2aecb598de8c74d9d5108d8c",5271990.8779372
"69c7e97037c747b93c33251b",8664169.66112553
"b9b95c89c988f68429822e81",10786497.6742937
"fa2c5c19c86087f207c379ab",108426708.686092
"9bcd34e7a974c977f65925f3",10094165.1719819
"3611c89dc71078cd0aefd2cd",13216901.544098
"9ab273eca8cd5dd4b6339ca4",1025104.7171086
"4347966ceb1770f758cb6e37",202315233.47424
"2a68f627f4dc8060484cdb18",5829232.15316416
"55ff644abd72eaff17d533f0",374529234.236605
"db563e5a1cd9eb1be832bf5f",4870784.46874763
"a0e9310061ff0084d63dd242",11741619.1920642
"7ff62b2f8a28d60f6c4237c6",23022937.7787866
"c42c59e8a08e8657ab4201f1",7504294.56240201
"de28370454624724128a0688",744953983.865346
"514aefd8a44ca048a8088c51",1328690.91684152
"3d3a318662cbe218db0878e7",41895609.9363473
"2714bcd5c0c503c3bee0e0b2",89703068.3681949
"5461aeb15c7f826f0ce157e8",23624675.0466736
"db352cbc2aa3066ea9b34184",6956871.54340116
"22b066e6dbd0f2562a0554f1",226103972.877493
"daf8d6d3f4ba21513341eb3e",3862747.1711592
"523605d1fbb75b0c5acec5f7",9648284.15191825
"c59c2a19b93ca666b7c389d4",2143285.18228591
"61e57e5539c40e5ffeb77997",9648284.15191825
"c1fc25faadb151c73ff254ec",77112073.0878543
"63e73f1b8b385d89de1329c2",3095870.0175304
"80ded3bf4f2973a5ceb1ffb7",1837830.03988409
"e1f5f0e96e5865370423c142",39079763.8030566
"3bc1d407f7e7c8e67f7dd27c",208154954.727454
"d87c489d3572187e3280965b",6702050.73944301
"110d49e1d79a3534e146b300",271376521.219979
"7baf3723bac87b0b393ba52c",17254339.2192407
"8e9e35321545774dc1f85776",18123343.0071095
"e0d6155cb3cdac98f81d44e8",259625831.974107
"bcf775187c0f5ae1cc0e8ca6",487205306.919324
"a792122a1b292f482caf25d1",51962020.5609161
"09fe153b0027697e58bd08b5",3534610.10603804
"a7283f1587ffd80f4723475f",5195406.5955803
"67a10f161cf7215302b6ca1b",5195406.5955803
"f403b20cb52d4ad3f9469ee7",48289753.3402088
"643e13f00dfe7787a19b1254",13791089.2306252
"0eb7c68fb7ea1e58f3e76345",111173621.924313
"cabf47337c2cd619f12fe69f",74611964.3159373
"55c5eeb4861e8cd71731274d",6053932.18547406
"363c96b85cf07dacbb10b92e",2223746.91814681
"49b59d19432dbeb8921e57b8",61755171.4533611
"818ee3b0c3862d4aae6e7776",359906.003535388
"b15c662c56b19d3843737dd4",321747995.620917
"03243195c467c67e67a7823e",16712509.8675305
"5db50c50b523f3d454e94dc9",44326524.855456
"0798af235e9926b1e7e4642d",118234054.111845
"83852e78afcc4127481adccc",3868907.71296887
"7fe25ebd70b89f4602bee6a2",2618230.88956107
"175590951b6f8c6b8b4af9ff",56592284.0247055
"d4dd48521efc020762ea141e",7526821.66722755
"a681d6e9ccc7bc60eeaf7e3c",106076136.548963
"e137b5003b8c8f18892ee9d3",19322137.3336782
"90dfa0d7be06e7a1dc15770e",54297150.1338868
"7fb856eba0ae98a40eac3efd",61148030.5236958
"9f52855eab4ca5161f1fb492",6760737.96609208
"494580f4974c33d7ce0cdb28",5652359.23688291
"d972dc3dfccf2a48a6384e54",674515976.93452
"7cc8772ebde8902f55e14b44",4019625.79860294
"deda3ad684384ed67711ae71",1440743.39453224
"b288c52e4d0fab9f579122a0",3014065.39195704
"0bc16b384acd3f8263e386de",8905028.66541645
"b40d1d2b7c1db9cc57c65fce",5931224.67736677
"c2580329ee6d7a03925725aa",26714564.2426406
"7e73516d57a251061b3916e0",22145039.6203906
"7749f3bcfa8339444b0a8b7e",49224716.9873864
"557e40fdc93c1824b0bed769",49224716.9873864
"edbb5db63dbd0452c51047a0",7073836.44885184
"383af3a5794a0ec3efe78b2f",16846158.0305991
"90ae7af091c23957b88de5e9",5877641.3425345
"b1d9704dd39c6cef28ae3d17",21800589.878926
"44916ca9b874075f55949f87",2328209.78818857
"0515734883eea12cdacb7aab",3992477.65234005
"faf9f8aa50d936c1465e880c",27342136.0182052
"f37c9693e058492ec3715de9",118330.432699432
"562c7846b05072561d96698d",1407280.02922671
"4a629aaf60a113402834c042",303191386.181026
"ccc4e48073c3da10a2e2d08a",15693273.7048526
"8532c64eaed74b64b4d4707c",2969844.96609452
"528a96aa31409c32bc9f1f63",135411815.291384
"36fd9fc1f1d9b2e10c1c6463",55891372.7879243
"91561030d87ff5bc0a497f1d",8099326.04899708
"eb09010915ee68091d6675d4",15002099.4725851
"56c41a58ed5b9864b68fc910",1865036.67365411
"bf6005f6f71da582a6fab8c7",2317390.79546349
"86ee80cbe81724e6919bdb73",2623489.72462501
"0caa7856aca178f826fe90c4",181786407.702848
"9e41f25cf2e77f3fbe903368",627254.565192858
"019f4a25794ef01294845b51",446071103.47935
"d6fc6059bba177ab56d85ec6",213183.570109769
"436089e2bf605d00849691e8",53764255.0490229
"02a9c37b3d92a6da473c6fbc",7015053.36088868
"bde81ef5ff9edabfc7e30d10",11248146.9640398
"379fcab709c66fa146d3491f",7673496.43849551
"28ac1562ebb5050f1492f576",1199721.01681972
"e68f5a98070efada9b5538ee",43062912.4105757
"80aef024b0ecebb01913504d",548930.353845033
"f45161bb79292e974dc88b5c",8643347.68675192
"6de3c3d53d6aee18ccdee958",1658000.84307923
"5f2f7596a284915ebdb81a35",9493340.15314529
"291fc50c4ffe7935b01e5d9c",1456135.51581093
"42ac33321bb1920fe2a78036",8119573.05818166
"c8e00b4dcfa2d05d6a7fde26",3316610.50759354
"5c0e328a04f881674ae1046e",35483715.3576226
"c28cb417dd28fe4d4d41d114",307620.876276062
"8e160f094a0425aca23f04ac",36045596.2522217
"a8944be7383b5689b5039c87",82800215.5940135
"cb7ed5960f325114bd3489c3",5843202.43134029
"275d73c7dc0fda7cbecfea89",8862565.83292613
"85c24df2d836cc8addd9b7b0",3838382.30700087
"0fa87864632b7bbbd161f879",4725024.98909228
"c7f422224808e043753683f8",110332870.651321
"c51d1eff1b6d29b4164df520",153714990.250194
"b50e8c13de383e64711193f5",1397884.71430339
"1308dad458274c698b2fec72",1397884.71430339
"6a1024c5da689de67bdfa274",1642874.99869223
"6e426f60d25aa8a4c6f8c9e9",26394669.5815291
"b80f3a46440daae51308d459",64676660.8060862
"f59ed9b8ef1726f1a55a4dc3",59034631.0217314
"368eddd8b6d39bcc7124a41e",17382968.0017941
"391cfff759030283411dfe1a",2083064.61208407
"4f140229175de685a0999773",12695136.272992
"cd365053914fcde97b7ee9a8",12190852.6007671
"16a05fee8dfbe78d26664c3a",75658100.9377942
"c462f0736fdefd319cee232e",12446384.852071
"b419d977b283e33c0b3da86b",12822311.6793233
"6eb27e2a66d08a8a60567272",79875527.2853314
"7486ef139d41d91423317e0e",14016285.1734758
"e663064dd77e3c63ab9222af",10513482.3164742
"9a6849637f1b8332ab289e27",14767598.0010107
"498de85ba30cb01e9c686081",22779899.0365072
"3507f260c3c6e195fc444533",32700791.8468476
"e538d52c9b2dc994491be3db",1195498.56769303
"f016ba59a64f287099fc4af4",112448063.379225
"380ae516dd46442f97acfe14",113358757.375079
"c97e4d7e08db3171290e939c",44086138.0063509
"f7847aaf1491103fd931aa5b",4233328.60363204
"08f6bf438980d55b35ce7537",4233328.60363204
"a6a06973b5a4c990d5873b7c",8012313.44581092
"6e26918c69487a735a639c1c",17477918.1481284
"cfbc690c55e5c2bd8dd9d89d",11832784.4775093
"56fe5c13f11813b82dfb04f8",6082764.09997038
"296f0158b5cc1541cfc8419e",22696499.2487353
"6ed2970ed02a3e50ac984aa1",2710630.13654662
"4c9f3af11fa91e729384580c",6542747.11505011
"2ce779caef0637db97954912",6232751.96854373
"d743892816160218a63dcd35",24225730.5658338
"758efd6f99db309c67cefb12",15708127.2717116
"a4146ec09d782b08e8198e11",7033870.97871977
"f415c2bc1bc0fdca091285cf",2701419.74674845
"39ef4fb2a43fa3bba15a0b16",301823352.294925
"874ee4f1b9c6dfd3d2358834",1102609.15477449
"e9d514f90ebff0de1936d09c",222927843.120666
"9f15c77d67021f349714806c",4658438.3243997
"a600ed86cff36e636d204f39",22250378.2820198
"58f55e9bf743e2e3ad43c274",6153743.90990372
"af1aeb2ba89d29973f73511c",5559354.19740379
"bee721e93b8d8e7cb37dc992",71193061.0383682
"bd52dc8dc5398e5ca2952473",1727899.76633286
"b71095bf5e80bcefafb12d52",4217882.20063306
"a7f48fbdf807da68594e9ae0",12431248.2020524
"50de04936770f874e1eb86c2",1236962.86653901
"2ea47ef8f02712c32613fbd1",8277033.03008627
"27eaac0ebf8a5ee99d143218",24233217.2425101
"ee594b6bb0751dab39055b3e",475001.63831949
"eba0410242fa1e8dea90b194",22464017.9423142
"a619d30d6f2e2aa3b9613c04",14751945.473551
"df58a4244134d3493f3c9f30",43511311.3869602
"32dd96f4f07f67806146ec46",55438972.5894183
"a77ef77ffa731e8980d36b27",2758996.48375587
"a2a1665a693852185673f6c1",8361544.11924784
"8267eeb41ed1e68144301a3f",24050687.3295944
"887ba6b287a8b3ccdd5691b5",45012373.0914876
"1fc94e9dec93d52e0062e07e",4893426.25706441
"ffd3d51ecc85abff64258e1c",116055394.139995
"3eb79541c2ce9413d2c54736",767543644.878196
"fcefb2186b13c8bc39b17915",10995340.8037
"d4a43654382201db5d318dca",28580461.3133305
"15fbd295328ad698d3c76aec",51564336.3544178
"7f5e87fbb4952caa0cb658e2",24095041.5403822
"9d348aa70957592dbc56ef32",47033666.2546956
"2ac1105447a71f68a50105d1",5453230.53640165
"d8ba9eb448ce35ed404e68e3",23915468.156148
"21d42e80f6f818eed990bfc7",47018418.0950969
"81c890b0d7cf787a091d4081",3866816.23110708
"518858c561af5c13c8aef9f9",114001650.032647
"01cda25ee8545b9fe19717ed",2939121.96897671
"2c34c1e1655e87ada03f411a",7008807.61175727
"48f9e9a87e7fc0a678460e05",3345212.48094731
"76ae7be5da1785c37736fdb8",6584404.0372344
"3918fa99179953461fe07f2a",20377827.1243731
"305080502cba05a1c165560b",61975593.0762448
"5c3aaf3f75d6d3ae9b55cee6",12053720.8794101
"2ab263b5d1ba72fa562d64e6",30798577.1264229
"6d13129db564ad15e69fd534",10995340.8037
"7de7a2a651273df62aa6a21c",8361544.11924784
"59f9cc9b23cdea5bd4cc3ae9",46037467.1178574
"d4436ad417941fde0aed2818",10995340.8037
"80ab8d9f157c25b40f102854",47033666.2546956
"06ca01d3ff86406e896b6fa6",169690659.282263
"88f36882dae9a0487383b769",12053720.8794101
"da474e23f34cb63de4ef28a4",47033666.2546956
"04f968f1873a655fde8702f6",9086676.64507357
"1dc1a51628b8eb1bba214498",2516166.11412355
"e7cb4cf600b9d931eb295c71",17860685.0223696
"9052c644813d546987a72305",874386562.327948
"1e32a8825a7ea79c28e27a8d",2915960.31485886
"82f34c2a6644c4cb0649c44b",32838673.9347563
"95815bf7c79e4bff3f41b233",28742166.2183262
"f64f642775ed2c9f45aff215",100618576.725908
"4cac81eebdeb45eb0e8aa5fe",2445916.40862654
"c6da2874d2dfbb2ebab542bf",6188083.03955119
"e7c08555cb8f5c7d0f32fdda",26620008.5147986
"10b7c99bee9a4a21e1f32d50",3439709.56933541
"f21625fb82740d6f4cf1c325",3674046.21247838
"1c3236613cf95c84c5791bdb",11346144.8150689
"b11c3a4642f7eee2e443eb32",4224971.74984661
"cd08976dc2d69110375f8541",2071368.88827049
"a44c7ace8ab50de7ed8e5a66",3540014.36199721
"fa8f13da6d8be3bc1f05fcee",1312566.38361161
"77bd7837b02bd8f2c290c9f8",1713227.30966845
"11a79681fb0a3f6eedf11d1f",4035065.70003363
"70c3b086af66b0c9db4b0b96",4035065.70003363
"64ea18085495f759116f62c9",3604942.82004869
"ebf4bda17341de806444ba83",6109647.04301127
"54228579fd8812c3ea160341",10982010.7314284
"dae0265a0f2f79d3dc010ac8",19098193.2408623
"7340afa659775cc18d83aa4a",17890211.0356935
"5ba05f67a77cebe5cda31e74",41861582.3008397
"33dfb510aae260ccefa4d349",6722483.72709792
"82af190e32398942775056d5",19098193.2408623
"a9b9263f6aafe8531f3dadca",2905384.40096907
"9a38e7293e9ad7d8462eeaf7",41031239.9305334
"5852773a80f7f1b929c7dabc",433341.519819376
"52fbef3effd854b0ad0f62b1",21150460.6045205
"0016e35cfd881ee2e37b49b3",4317696.38793957
"380759598c614cbe10ae4bfc",1810459.06071401
"fb63e870ceb7ff355299f3da",62195733.7763692
"285b8cb5e9c887794ed2fd1b",13135199.8770567
"f003a46a1c8e04da0052d72f",116334862.650189
"a731b326a61043070c3c853b",24217876.6638211
"d2644b46136fd95c0fc2353d",13528060.5012088
"8248697f70c21fa361840755",7610165.66251845
"075b5c16441d9d67cf638386",3907847.67814949
"6bb2ac0cf2369cd8fd85bc12",51927244.7022798
"2c0b3d69fca6677ba9e95327",14950910.29674
"c73ffac843c155f24985e6f6",3355104.06962111
"78b57a58368ab056c11bb0dc",12049192.5725499
"90b25b6b913c1bf0396c149a",25301863.9804035
"fa29c89363ac9cb59667a43d",12049192.5725499
"eba756e88209c420d288c4be",56902382.1094684
"e7081fb59ffa298320321633",16734997.9747117
"db1c3ece26da7b342eb7c8a5",12049192.5725499
"f9ef8fcf24d28ce11e71d758",4731405.47418586
"2f854c9df6212c39091bcf28",60910217.8273875
"ccc66d77e5f68779b1c016db",19077295.6345603
"47d288f8f9227013424d6976",307466.309063075
"3e891afdcb568befebd66fe4",2673236.49965623
"2d1f036c96e92d9c557605cb",5184339.63249357
"dd9d63c612aaddbd86676c34",5084812.15734269
"13cf784fb3553f75acf25a4b",5184339.63249357
"57dd353ac00d0e99abdb3733",3370420.57991458
"ed0051ae106fd0df60a14586",490687588.257202
"0997324f14c5823413463546",1232415.4002201
"e2cdca1756b1635dd1ac2b2c",9263792.39996731
"7700df9486a1684157527739",5169508.59554229
"e790b21630ab963a65c53df0",33845109.4225809
"2bbbd9878a1e7c55bdacb330",2017595.37939408
"decb25b7fdc0eb259831cc71",10422934.6983917
"fdbc74fb5882051327b3caf8",15871932.666423
"39dee9b1661292cdda6c4823",4331231.77261802
"354e2de1e3a81a63e7fae4bf",40584859.6358443
"f80b9e8c51cd71c5be281652",2068060.74342181
"a96b19e82d9811d5de1ed0e6",2374102.44204575
"5e5ca2753a908aa1b7fe80a2",25947520.3704857
"495b6e61d1b887f8b4c1bcbf",21971364.4882451
"ad8ac9edabcf2d4b06ba9fc1",8063150.06547867
"359f6a66a407e30b40979d2c",38868275.4345766
"ad351bb6437583ec871b1739",35313638.8042146
"262b1c8ce7db2b4aca2400a1",2770064.33497243
"6808b10f5876ca36f569a4b8",123626360.51547
"54c74b36962edcc922573792",2813485.25754178
"e7fc4e6b1fdb38ffe68fb680",35127489.2913717
"1c9325df5599379a73e18053",18343621.694651
"8c9bf9031bd378c1105e3f3e",8427172.74310237
"be70989d473cd731f6d8e580",41334047.5024539
"46136f5f078dd31170c58e64",80202529.54438
"7055f85f7749c4646577a51a",3563943.08323671
"861aa922b483f9bf7884dac5",1296070.07075647
"45f18e0bb676d2495a227dfb",12420085.4657602
"9cca7c1e9ff65766c8dd2e29",4505143.08254084
"b2b7020e66872c8d83468cec",5982260.60468228
"7634d7acd4197594271c84d5",3386724.16021602
"11ffdf367d817b582d590db7",202296325.959289
"103687e73b0528ec29725f1e",4773305.3854387
"8b5369b126b75c497b1a7b73",9612612.32822777
"b33c9b03cc12a253e4936cc3",19499291.1555339
"ab177c5d60492f2ff087708a",2069394.4186121
"05bbd028f30492fc0a9f35d0",6071752.22543781
"2b9fd26383758104d567d474",9587782.72962444
"4addcabbe23020d3d0d46ac6",9864058.59562703
"d93ba0c32244c455e0f7baf4",9587782.72962444
"92b772a38d5e38bb51a3f621",4059869.76406566
"135ca1dc80ae4d9993ec46f5",9864058.59562703
"ed5192bd8038c77ed2e46f0c",2530834.2835328
"3a878d44356885ea61bd882b",6119817.1120238
"c29c69bc6758d5976024e455",410078.048682114
"dc486a3d7e9e2e608ab2a7b0",6119817.1120238
"1a34acf8e509659534a56b63",218534732.926691
"5716ed7d678cc2575397174d",5075665.00172696
"444c68a7a6cd0b794768d5af",4844485.25367163
"8a724286cf661794084aa87a",3732167.39841514
"ff9c4796bc3ef18ae7bb724e",61148030.5236958
"35984f749eeb84eaf938bb08",4337820.93131945
"0998999f12dfdd50c597c6c1",270237588.656247
"58bc65fd2e0e4430fb353d83",17648056.9193412
"fe483817d899e0044abc3787",11185120.3150256
"183a8459fa248605b8b5bc1c",202691435.468274
"a1f0d61cef676fbf798b5473",10387607.9977826
"d7d3cd587d291f389ba2e8d1",4969671.25586115
"ff8e7294270343a00978dbc2",159369796.428942
"0996cb112fc3919564e87c37",414758261.323626
"f183e3651c485e0001e64880",47423807.7356111
"e28474959994ea9c0c2eeac6",17871044.2575579
"682c0a5f5f3130a61b5214d8",39304395.8324791
"245663c600727f7c214063c9",79343168.479538
"dea79d1b25bb9c78d331e3e6",1624986.60695138
"ba212b5f12959e34b4887315",61275640.7534202
"dd4eb14b56cb00130955d021",44727469.6293467
"4c94103d4366bcaaee4b550f",249179234.789585
"7bd9cefba3f5dab498ef926c",492136.831543811
"1d7a2572b466070f08c6e564",18189175.1655974
"a38e7af984a471331b2d758c",5881201.82130802
"b6775aefafa4dcc161eaf6d5",33526493.2356676
"8654295684292e74d0245238",9357271.9947164
"f0ae62ce6eebc4d07415c48d",14266312.6890168
"969219d7b193ac92e7a008ec",8837380.91287959
"651d6af0968fc05584cb3d25",5256648.40449107
"4f992c2a0526c0074bbcd875",423194.594737376
"9536c686b6ec514d92493f9b",6929326.32618742
"5384587ecbf956275d86e60a",606623.910911536
"bab5690da7c42909464cb9a2",30693780.9671269
"bc91072d808fe7b43e972f42",6753385.32157716
"37cf2c5c1c6fb6e601d2f76e",9366593.07087763
"4cdaece5d1dd4e089a99f47b",986996.300147223
"b37af80bba5adc197cb51649",2652354.79304985
"552152b60bdc1ca16d2dbb71",13244913.4418172
"32354bff9df0267a5e139156",39351953.777326
"fe4a6d7d7ed28b85c5816fa2",1345956.65430285
"afbc7773755043a40a7f9d6f",3803716.82238866
"daf2efda70c6f3cd9257d0dc",4399258.33992886
"66fa7c9e82a2876216b14b1e",8058491.5025713
"e34517b1563d829104e230b4",360422.252802925
"222a35842b0bc09f48e1d0cf",157828551.099954
"c5a64fe5ed5901734d98a22b",34113487.7642344
"05db9fc492801eac98f69c7e",1028057.45149859
"6e4ce81e713a571601d861a2",30045847.2845213
"79fe5105ed7a7861d3c0187c",4404089.96533415
"70ea911907d320da1f7f9c41",2477815.77173064
"e60024d6e0b5aa52e27a3b5a",3131195.35495257
"bb63f086543cde77832bd4ed",3131195.35495257
"b3c2187fa96006fecc6b8ba0",1211109.75870659
"9499edd83df77bd6a90560c8",1211109.75870659
"a947158782fe2832cea53040",14616054.0202229
"2e1608b8c646a102e27df16b",5251903.11296684
"77fbf1f0c35c1025ea4803e3",79817655.078985
"f9e6a759b069e04b0cbf0182",2618230.88956107
"1e158f436f2a4caedd1563a2",44326524.855456
"67af004f80b08fae38f472eb",1438339.52822866
"386ee01c3f7bd8bdb91181ad",4694110.8354725
"36ffb5566bc35fbce9e42679",56592284.0247055
"b58533a6850620b0960db713",3422697.1736828
"41353584f956b9e316c6c67d",39506274.3774621
"b1d1bc7ea83d5c584988b95c",2357148.4025154
"6b1c0866e6f12f7fa8de94b2",4928035.24108328
"fa4fd8380dd2620c672facc5",5494512.39904019
"44394e66504a4d77587ee105",8295817.38552085
"d841d6a82425710e36460f64",3151900.73055773
"33501f96ba3b02da073d586d",3106407.49574713
"831693b6fb81df1359e45db7",10756994.3905402
"7192b9d32e4ad55f6af9e241",7820351.54823507
"4f99b97100d003ba3a2ecd46",8040520.57265577
"83d969bfc020aea27d2b829b",4064630.98799278
"39be6f994f2cd3d68b51126c",1236493.45106384
"712f16cf2506710d7f2a2e8d",378779308.674757
"7ba618fdb1fe8694eaecb64f",16570405.9962946
"d8735967c942d1a7b0cff7c6",4025963.58953082
"b4ef40e00d089a35d750888a",106076136.548963
"7d73a548c2a29ef2d9655e1d",7526821.66722755
"63131b8d125073c7dfec72f2",18859102.6801609
"a65655a4f42564ac48bdffa4",7059347.11569045
"033d3f8ff56907db4c453700",19322137.3336782
"05e8878bcb68d03e3b656eb3",14094834.9089975
"2ff0775d2c131d19804f2a2e",38089386.9399596
"9957ccd807718945178bb847",41750984.1543657
"7bcfd82ced5d6f1ae390d388",2999201.08554209
"adcc03f332b427be46f118a5",1487665.93574609
"b5dd038cf35169bfd0e62eb7",10477868.7055978
"35b789e1d63f8f25980d21a1",36367961.3012634
"c9a215f284e095850c809425",9688337.59809068
"d26efb0e1213e19c378edfbd",70472698.0726424
"9990217fa4eae1d1c4ed051a",7919405.20155192
"2e9390c4423db604e1c7c4ec",1738168.27224998
"6faf9b6c30b176e36f2f1d32",87748696.3760858
"5b83d91f4d6364d3e4be1428",3246901.60158081
"0d9616f0ac8b0c2e9e0a97a3",387874.753807332
"9c9fd309cfb505b628f84fab",4092367.33273279
"98b77fc0888335702d082f8b",24552284.4346861
"051d68945b95562009d4029c",24552284.4346861
"eb8021804e63016fd934c9b2",32530462.972468
"ed6c8c45bc8c1d160cf0d0eb",30424555.1137801
"9fc8c3523883947769b2fe6c",5787653.87263126
"3e9cdf767389ee551b5349a3",3868907.71296887
"512effa47a1c7a5420bdcd6e",1295992.20328515
"0768e70fbda0e09b88c1548a",28166895.0865483
"acfa7a1cb136e4474b7efe32",1638643.91662004
"a343e6ec6eadb287711d3834",14045428.6932722
"a698d80ede6cf6243fd9ed99",106927679.249627
"fa5c81237a94f2f78f05977d",21217250.0099922
"999c8da7dbed7412dcbafb70",58474978.1675322
"c33613eff66948d1bb8ea3bc",3322974.16702763
"a642351076b7706a733dc52f",6620615.94727528
"c69e08214cb1fbc09ced0971",653858.326506046
"48a20e676a060954308c9ecf",318587794.728218
"304ce5835e685778b1c2b6a1",52292407.9684646
"c859144477dcaacbc1654a8c",194721326.9488
"98865eb2f40b8a30893cd351",2916872.5850117
"68dd15c8e9b71171348ea24b",53770818.4690293
"3c660885ddd7e98ba5ea26a1",969620.793351466
"c670315562766401f92913d0",62950318004165.1
"777a8d05edda0a335d89e90d",135120533.682835
"81f5c32a2c2d3b32329a645b",3810484.50901521
"40525fc425906c9485f1ddfc",9788005.2841854
"8b6efcdb553f6e936bd90f3e",8177833.56432355
"94dc108f1d146641b221cb81",1868976.95508971
"1034ee7a5160fecdb5e8c27c",65283713.8815247
"48b34600046c903f0ae4e6d1",7136316.88876551
"edca31377b4f7299f8b45187",27657894.2891949
"b1586cdf68f36926c3bf72a2",499567.552371765
"70b15c2a38c404e62ad05171",2397290.86986428
"ce18358366157fa869bf3833",34380780.8592781
"6883fb90099426e6f3922909",4494187.61535386
"1b7151cf29b565b2f1caa559",29867805.4521769
"f2ec3a3598c99bb8c38cd680",1542808.46215495
"38026eb43ff9876cd5767ac3",102653407.528968
"9f68ff98e302ab06df4fc672",149156275.36275
"2d2ee255ed2144b9fa1fcc39",40951647.6517305
"029224b78e8f358aa9c38e94",585904.683562183
"88da5851280dbe750968c565",9023550.45111383
"1c67456195075a051513b28c",1025228.88186478
"9741ff1b895a038c32205784",7646511.2462639
"75fdbee42ec89d428143066c",9923520.64177174
"9f27627b9e439fce085cb01c",101636424.388517
"a4a4a57cf20ad739291aafcb",41725509.1510961
"84a074517742e09a7eb6f320",60860514.3528861
"28fd0437736c1b17c7ea1f33",18890026.9957449
"beadf1de0732143f0699895d",3469786.73750148
"b027f75411dce9c742c5d0f1",45163644.4022785
"182077fd9c5142d503309490",2126873.72934003
"b1df92683a593edc3f2b45ad",19782121.9123078
"38cbcd7f88c1520fa083af9a",12973877.7021124
"8ab5eda5b66a6c2becffad29",59431294.9848668
"e68ceeb098f60054c19fda0e",354242250.991615
"e6ac4d158437142c15bbd4d9",35771773.0376167
"a448d8246781ae78dae61619",18636721.2837597
"4e878e99ad2fc34400381c3d",3192072.75519649
"beaa09cb49a98e8025fd7e8a",661917.947659509
"3df855d8893dbc62eabd95c6",3302042.34456712
"cbfc3ca911ca23517da8c2d0",2018906.13676211
"a020e479dc5db78794a5fa77",13233903.497359
"6247fb0e5261d4225f6c9f1e",76399548.9607232
"93822a34ec8dcf104e7f49c4",2795253.56147876
"17d311554f40ae8b40234c31",1011949.0314969
"762e044ce9371d7b8c7acb6f",55489751.7260305
"2fad468e1c248f40ee3586ad",53967991.1535507
"fc25df25f4151a16cf0c90f8",2451708.12194725
"39c1613acc0ba4fe622c1f31",7572310.03693036
"2c15a0733cdb932ba8f2225f",19222887.1733048
"1db68ed64501f35c51d74c5c",15158224.3269653
"1d968cecf268a7f14def1af7",42557399.0392268
"77c886207faa6965238b152c",10614246.5634214
"86242b25bcb2dd775d25191a",35719751.9881484
"a8b457cf82926e25cd862af1",27418068.7944334
"fec1212eae4e6369d5555d8c",31327949.4179906
"8f59ec48e38092ab01c23e33",20297568.4838015
"490b89e972abd7e64b5ba6c2",7298551.17049718
"f8f217756d32f31faa784c2f",40351678.0601934
"1c2ec62e8ebba12c6146a04c",30751148.834403
"2afa1699af46ad8124f76e4e",2907269.14955947
"8c1695c9a31de0f956e4ccdc",3668066.51917386
"d88bba495701ae7a44eecc64",36785146.9365798
"00571815d5a7f208eb3e7737",493025433.329561
"d626a635ee75c23aee2fb327",23330608.3176643
"7e3937cfe43dc906983fd321",4966653.14441843
"ddd8906ea4a22b782c7888bd",18563036.785486
"258abe0fc321f6b24d37ad86",25867962.1302916
"f637a4885488bbd499199148",9427388.82074499
"97f5e6ee143998e0b3fc97c0",4384908.15089843
"be4b96920e3aa5c57baa13b3",8142347.38694866
"6e7f3a0cb6246f13656fc95c",4235969.76695965
"0cdcd8cd52bd1967dab88a5f",15501450.6540004
"83da19e7fbbca11083090574",13004846.7402846
"f0cb484eb3f6e04b5b1806ab",2715548.78970745
"fbf8b0f1159e89428778c847",8581934.45164323
"7c316b981173919b6cae5516",1332373.24567154
"d6496a3215daad9089fcd5c6",22131654.1228311
"e104567c1cc70000692f502c",76563952.6853698
"c4476befe0002dcd0c315993",49556222.5925018
"3008e821640b33a8d70beec9",6771423.53145992
"9eaaf577807d86ab64fb14ae",13601149.9425825
"9db120a76af04028d2f0ce68",4181575.52848681
"81e1f8b1c0e3b15f2ebfd84a",854661.37519458
"9943a2530009f62cab6b466f",11292795.588892
"a8052c48a500926214eb2e1e",738789.81801363
"3335313b9060ff29782906b6",5198509.17998155
"cb93bf58a01eb262cb003061",61901048.0255285
"0e04f84529d92f2832ef986f",1968598.02285853
"807d7f5155bd299afbb6491f",3176369.95895823
"76558d67def95bc708039f05",66712919.9779877
"bb19983466b1a1184ee7ea1c",4190437.95858197
"34067d9b2b4e45be1e5cfa32",5942140.35793678
"1c4fab7d9cf798617fa90a19",10290153.2216758
"b4d610e0ecfe007c133a5ea4",1653399.6435439
"ffbedc0873b99654d10188a3",1317413.36667547
"ac413fd87de33153899a1d04",8674711.13369863
"83349bba5fbddbfa2db5078a",37583573.4555128
"0a759932f763df64a463ac18",23271010.5995224
"fd9ebf37acdbb0e4bffd2fb3",2502310.70119592
"f725f6ebcc3fdeed22bee385",4631505.27480004
"ceee9fd6e692196b960443d8",2548247.6402895
"bc10eea54e4a1767881a2391",73613421.2594015
"4ed5718470ffa3e5b5f40bae",2355456.3023766
"debd031585e9527fe00f116d",7059347.11569045
"23b5f2af5d39edd25db6a522",23417142.1311256
"f51000446ab65417942e535d",10488346.0535624
"e6ed64435c659f236cf213a8",8913423.20675025
"b160d30961ddd3dac16184b8",130424869.605293
"0cad79296edb4b18582dd77c",3583376.06346387
"7bbf8e16cc32dec423afa6b3",28093978.5935889
"acf98212eb702c79f16bb058",17442217.9481874
"1747dd033c2c2769974a06af",13647483.5098402
"d54e80ee72354c70cb84323a",13647483.5098402
"de901d3433ade456e9edcd79",13647483.5098402
"3fea10126c0c651f02de7167",13647483.5098402
"f823f6d95b4340e8e4dd0d57",13647483.5098402
"ff6fa86afbf9da2aa8eb7991",13647483.5098402
"a966f298e8d4d3d580a72d99",13647483.5098402
"5b0918cab84af6fa6c464037",32754600.5698712
"bb1ece5366ebb2ef9d52708d",3750954.09192725
"fa926bec03068764c8545d41",48336749.9458817
"3bb987adb4ff573ef09b8c12",1913234.60416479
"d7fb188814d4c118ccd83989",1471158.83911983
"ba511b37b4bda08d191c68da",49520317.6284021
"3c2f62f464aa5c48c470bff2",122392727.926952
"3256c6c6f30aea9cc79b7283",14062396.7063839
"9844c3773f7a50c71f218e99",23619899.117371
"23229e392dbd8fd9d80637da",11271513.3023663
"e0f47a028df2dbe9129cde7d",34486389.1533593
"a12f0f00148e564ef78838c5",867284.552946343
"d3ace27450b980262ba9bf76",7420326.52091828
"0668a4a4521c783a2d817413",1017968.63377445
"768f69f0241fe339b6f52fa2",2712504.95190693
"e78ef4d2b165a8e8781c258d",12449091.4601646
"631ecfa47fe167bfaaa967e5",153361.285176443
"954e3065b1e8b31a68f6d4be",31152766.2907508
"e81c5c1b820636f691e5c5cc",692540.517623839
"b4c779732e827ab2fec8e8eb",79423568.1166899
"b58208759ce1402501f68906",9919111.48763312
"59805e5f4080246ac1d92b34",47571204.5489586
"a3fd38336516b98117e328b7",2139274.53126087
"c0bf06891690188e17ceeb8a",72068542.5752033
"efc8ccaeb09a5e1bb0bfe011",30013485.7581416
"8e604d41e0cfe9c93ad536d8",30392017.5637915
"f770b66579bf2b55a714c43a",14639937.0031951
"4e01f07ee4b1241360de460e",21031346.6829796
"dba1be42bef913f35a95735b",8747092.77511494
"d839ca90c5df85e5cab54ea1",1579963.06074046
"ffaca67ff9f0d7cbd5bbd295",87728447.2627301
"6f17875bd3ecf00566dd5c1b",11437576.8008198
"10d01825744060a7b777ee4e",28245818.6906716
"185b333862e7420f25622efa",4285137.77096185
"7f7141f5e1a7964ac6dc688e",9090368.9960985
"adae78b82caeb073d84f02ee",15945454.6545893
"4c0f9275581b5572635613a1",332650973.323687
"9d6810aa1035e91b72de6a26",117233871.1669
"069798704327652a899a189d",11445061.9471617
"2f34de2546f13e8a9dee1edf",19646266.9953831
"8147da5e5f53a163443e8506",85974048.369453
"6834b61ee23cf04daf4fb83e",138636763.558389
"59cbc0e7dc6e6922feffab8f",49876450.1917221
"7cfe5c3f5cb1bf095eb2c503",22470445.8688791
"d916219daa90cd2d99edc609",81529267.6269085
"e78ad3483c5aa5a7a4310720",6812119.26741891
"d048fdc255a5a7f474d48c0a",5334054.04630749
"b76a3fe6a49dcae6e6bf5815",21892469.7755945
"75fa60dfb737ad50073848f2",26528165.4863207
"83c1d0e2b8826844416abd9b",52705960.2702983
"8c02948b66db263420c20d3d",2542846.18178587
"33ab442cf58cfaa33eefb6dd",13199468.258147
"d379dc03d78685ad14c647c0",32053991.7607923
"5e36efb290bb265d81706bd4",33777188965.7913
"db534a5f57e92d29b9e150cf",38178778.2020501
"5354a816a7da90e205448832",44556238.0581247
"f0862f57dd6be5e7659c65ba",1118923.2827069
"7d58eba13f418d890ef563da",934046.991644191
"c2fc3f04c3870e14b89d5fbb",14660642.9187491
"15537000b6806ee84d4615bf",20739751.7260848
"e82508e88e3f62fc8e67dc16",75635881.0194918
"86ee57ce617b2be312a9efd6",36091689.2151406
"6bcc29a0afc735bcf3621595",16709354.3837591
"d79e2addf7c11180be222103",31559990.1417685
"adeadac88e573824f08efa21",117838714.723425
"922c37e46fe9e75e73fc1f35",6880236.01057353
"5d09f2d1cc5fec761ac4372d",151296649.913218
"8c5aa3c826f325a9a6c6f524",151296649.913218
"fd0c010fa0c4b84dc75ede86",47010437.2066331
"c23150d0aaaf932579561998",9932079.6119931
"163405cd6248bc3e832dc93a",3660954.70586146
"eed12d0c3e65e9989fc4f4bd",1189049.2867388
"e6fd53315e92a55c6b67405f",2252759.51403976
"7a3ec914a15b47726567af96",11191906.5606848
"7f02f056d5eb4aff92b44659",1231885.44356297
"2d5d9119602c228b333402a4",2304212.3934382
"43fefda5a3b0781578d9f2d3",8710747.85492206
"513211d9f07fd6645711ae31",3029878.76452768
"c3e1e0d2618556de7df13403",24145279.5885818
"b4a4d705930d9afe896dff17",6712579.53129576
"e44b023e39910ed29f4dde2d",9800484.21677254
"4e78d095988a92642a1bd18c",67915273.9461537
"92507b623f039b4ef5be8870",11176376.8254165
"e216fba4bffe753a527ecd4c",72412736.5606879
"24a4199c17f9c56f0b3ed12f",10049251.6602204
"6bbf09c3bbc3e3a000cd2afb",85974048.369453
"b3d45812baa819caa1400255",11445236.5862801
"2688e4cd1fd441d1da455504",60757288.817656
"5dc1fd6ec7ec8c8af71e3b6b",2403292.87831629
"f7b7e298ca8fb75e11e92999",23429606.8858666
"05b71daf88eff5ae8cf5789d",95449815.5336112
"e8a7ddb4e5d43d156692326c",45683382.9535781
"632820af2a0477aea5ccfa1e",15635520.6274929
"43a3fbb8218e73b956ca50fe",2583429.68746488
"398c195aa41ace34a16b0d7b",49767453.3123977
"ef3887783a12f591198d6c27",11952415.3733316
"e6653cc1c94306d4e56ba216",3436879.78099658
"166c21ff83e97c6e74169d92",1599049.16513439
"d0fccd2708fc7def00c72317",8425589.64651186
"d66bd7e4bc7b51d23af57de2",4099977.02541117
"8b47b76193159a21c3580a3f",2024516.77114163
"448d159391c38e4ffcc405b4",736139.079759724
"9ce7fb3190866e6a02e01e26",2508386.65426446
"c25f892c01420855f61c3dd9",212762.529585725
"2d5ccb12ebb6fc7d4ba462b0",3865149.75744532
"9eb4041ed9e159ec0d890de6",2426678.47261623
"c342f6492f90ccf623e8e8cf",30269315.4307961
"c3a78d9bb10165d9be188394",15810053.8651615
"1978d8fc2031af21e98a4e9e",3903515.79624992
"d6d581e852a025b61cffd6cc",23726957.8394122
"ea28f68a1d1d81d29b88531d",20336164.814629
"a3cc0422a37512ae124013d8",39459056.7635509
"073a3ae443f3333f0f526f7e",21207741.9982172
"57238dca767ebf3a842c5f10",16028669.5937681
"113887ac25fbff9d30fe8d35",9863851.64161263
"fed1a50c562ffd7f30451adf",13149387.7615386
"b1e9075645f4b374c7301346",171707293.57963
"6517c1efabdea4c1f93078b7",3934262.76808266
"b966fa606a3b50d3ac7249f6",6937095.45493342
"e0ad3e9588636f454e9e484d",20761242.813064
"d7ad46cde8eca723de6510d7",19455045.8214919
"447f51e37fda773ab748814b",111920403.372734
"a6b992c9bf4eb32ab3d1df4e",9973159.01418627
"3a9c7ec02f3e7e419669fee2",10663698.6385159
"c908280d0461c3585af94d53",19980254.1367167
"b3616a055e722e3720cca48c",41951663.985136
"45a8f6d942533794501d775d",19944958.018909
"b6da1db3aa02debd11e26edc",231730475.385277
"6d12669907d7d80d0b458a93",151431763.522609
"5122b2e9638d3438434fc56b",35245876.9914679
"6367a127b452cfa27043f74f",19758779.9557752
"fb3d29813052141c015669c2",386134.561502426
"5fb76f2095eb1a5cacc2524d",10448093.5489916
"95632ec6578a204881694dc2",166514.653331856
"846b75324c0f3cbb027387c3",9562524.79891226
"940dd8311f2b49d4ec212fde",74642425.0921613
"bd0261ab68cf56950ccdced9",273507040.340613
"f79f0c23b5cb96b5d022582c",19184391.1215448
"795cd68f9a5ef45902712524",19790802.038844
"d908973d90db91f772890c9e",3568360.9135642
"d670be6c848b1e92abbf415d",8088218.66470294
"87b940bd3dae37b9fdac5d4f",8558101.98073666
"8a7ddcd0c452e7993bc5087b",37978901.9369722
"8925e22f8511be30d50545cd",11439824.0125395
"1342c307971094041c9c240b",7298551.17049718
"385488342bff3d3587250c84",7422938.23653974
"f8e25b7d7e93c45df1b3a4c5",148078262.903228
"fa4f331f05b1488990a69ec8",41031239.9305334
"a71d187784b309d65cea0b14",93659368.4144311
"0f44b84024412099f27439a7",7579202.49964305
"0ea1a5d32324d270cde1993a",143525658.713367
"b13cdf9314a34852e8db4221",15956011.6465502
"75e0815e2ba7269a10d9786f",9398501.23098589
"f42b6680baf774d27fdf1e48",8504615.18757551
"5cde1a59393643d7ed4e909b",45558429.5302525
"8736dfe0f1c6e2181b0ee31e",17806805.0353431
"5859ec20de4a5036292ee947",240826943.58517
"1eee0ff52c53f04307cc3216",45938261.6154836
"b455979bc938acd34a580eac",446445618.378192
"6921133528bd6fa3675ce8de",2355696.67282562
"3d266736d0307404a5804073",9362806.3805189
"f4f6e48b618064ced466c302",9021743.47111858
"dcf606270a4612aafc5f9f29",4420614.55398728
"5e455623c380290e0a8e4e48",2457068.2930376
"ac3c9d9357fbe72959817602",8396608.17992527
"f48fb9d9c42b0ebee72cfcaa",391752.500785231
"dc99f2871bc05ea7e8a97d72",153864295.445165
"b5cfd5eba0b6297cefd6d3d5",5642411.72874822
"0dd30227247f145bae82f96c",8035622.18908279
"9f347bf53e4ca4d264a45241",14563792.9594753
"81406ce289219cdab015549d",15780047.7123327
"a085fab6d9b9d8c24472cfb0",23562842.9880799
"1fce0e993a57a3e3873b8d7c",19332459.2242985
"af67d51867f382dcd9cf34b0",5309667.16784543
"432f082ac51bb0d39ce45b0c",154040773.760832
"b6281efabdbff697d70925e6",47007119.7078496
"9215d29512b14aab6178da01",2934903.73339478
"6218a5d7267f02c576e5bf16",16133322.3123924
"d66cca2c8e08c89af26e7622",5436494.71712871
"ad3b4ae81c322a9f91381bea",2697416.6086859
"3a40bebb521445fcd32cf033",6106274.36505776
"c1ca38f941200a9d666aaedc",4334020.81475445
"a1da74ec074df16a1e8690b9",53005883.1087084
"502154647e351af240615b98",10850506.1869655
"b57cd3eb0290984f061e1053",6385342.00439638
"4db632fdebc000c9e64a589b",364095540.340584
"e380184391898aaa2d3dc540",253409005.932499
"dca45f1c1a79ea5ebe639920",4289565.87308368
"961de1cc8601447b03682e1d",10360460.3865666
"60a4f09c268e61fbbe423ff1",1139275.19510647
"c3191b6b40191009ae9f4b7f",2622026.48929178
"478ac408d2a5c603aa23cbd5",42357699.4020927
"ecdb747ee4a3ebf958252309",222089227.045406
"6c36e346957e336a33a7708d",9920549.45133696
"09b18e3f3cabb7d5469a8d51",75175928.9769115
"f1a5856ba56e7b12cbb9459b",10317470.8225393
"c378ef33f40f8be9263e517b",28373465.8635198
"b45911f1875da543199e97b6",84522891.3326236
"678c70903bcb6c90e3578d6f",12195550.4513335
"be22ce55ba31cbf7cd285e5b",53992392.446807
"2dc58e6aab9399e9677265a6",3121621.52372445
"dae55582e86b1f514a4ec3bc",60655742.3360526
"c119f62348e418d9ada13362",4970780.41040991
"33510511ff07dc7354cca7e8",3698429.42579775
"16b79a8af9d6376c73c2478e",69351674.594925
"714f90489426e80933ef31b3",46877114.9951173
"6c8e1cda487c9841c8d297d4",64106669.1872082
"6d9c4bf994147d8892d27f27",3312052.64494955
"1b300634b71b898299c54671",9849582.29561844
"181caecd269e115cb5cfd75e",8296481.97881016
"059516a91f938d2e8fbcca0b",14538148.4788378
"c42ce8f9f62f7a315e028e3b",244908396.292052
"bc23e25cc246ced4731ce5f5",65069768.3577908
"de44f54fd6b1b62f30956f5c",43081396.973749
"2ef897a38b95d7b769856e78",23614223.32525
"2280b5f7c47c3b36924b84a9",3633040.03112742
"16ef7eaf29eab571e229e537",116421432.389416
"48b1f800656bcae6a9e70802",419350452.018523
"b4aa025f8813a3f0b132b7e0",13786986.3522843
"3c6092e8458ee81aed0db0a3",11175481.5369007
"d919dc64995903c9120eb61a",12474143.6079485
"ef53741b01120666a08db213",31276484.374186
"c3dc5ad23dc8cfce0671adde",14233018.3311285
"a270fe47ba30ef0056ec6c4c",9852682.57034918
"f550bc7ab5992a6fb48eb60a",6898797.25240208
"28f980b3c741866e0db5b761",3290496.03380628
"c2ebd39857dbbacb99e6cc96",4887391.22659563
"bb9fa21902daecf876c0467f",18337709.7293219
"fea142787b18327108ee8929",65417459.3705966
"a1647603f732f97a99f5ec6e",7607669.45087902
"775f25d8144580541bf2746b",18551285.6538197
"527a8fb085995119f846a5d1",9930961.98251002
"8b69bb9fd7f0f19a248f5cf3",3883598.31339877
"3b14b48188fdbb0917414039",47667117.1329733
"02259637b8ef1311c69d3d90",66985908.1000917
"50eeed30ba674cb079689afb",290556469.374608
"5fc3634e1fcc96b9215a6cd9",8881366.09250895
"23cc24e23a1d74159ff78464",50642181.33237
"44551251fe345b31ed71aa5b",267557.906111089
"82ad984f02ccda30bd60da8c",9757938.23894028
"5734cd4805f5c055d36ec645",106924416.125613
"fc7ecefb27bbb5c3e25e899f",26220253.2285282
"5ecbd5b92092264f4e9101bd",16591626.8911369
"83a8d9df3a535fd273b27c15",15483484.5375861
"d76fadda8063e44483aa024e",34509682.2750384
"a15bf12a6b8749ac8f9de19c",4610431.52088981
"a3f32d81f4cd99dc85a16bcb",7224770.09329316
"4029115038a899d98dc93d3a",26732047.1786067
"2326bb628b4a571921eb7345",44520728.7863421
"471d6fb8037049e1e4d120a7",13171326.3704941
"b73945103f07da807f7a30dc",745224.285175905
"d6f4479f9226e52c93d70eca",19582181.7284263
"420b03095062d9571144a276",13717868.6722747
"ac0185c8f724ddd40bc0d235",110695427.425198
"228280554ba149e60f81d639",78784147.9412655
"8a44e15417d8e520a99454b2",110225596.777497
"8978ec4c5b2f02fbc1f57820",3680677.95859798
"2ab88dcecdb565b6412f5bfa",9788640.05547648
"1dd6f560c804c4548561cae6",4798028.34280945
"90e94b7e392f84e01a5f1551",6723496.75090902
"84aa7d1c2590f37f0fd6dca1",4291120.67733891
"0821fde7debf7cc445434024",14561515.3226857
"b9973b07c84b99dd1018050d",241765363.378916
"169013bdcc2ef214e0163ccb",3916955.42797226
"3c8eaefb3f5dd8d4c9f5386c",20064538.6589581
"42d91ed3f3615247f57ebecc",8056524.33756153
"a7f1397df30d6521c216e331",17557305.3824721
"f6c6ee12e338b1f9730b6e2c",87256515.5429568
"8f4687b666256e136148c3d0",17557305.3824721
"925f83e20a153a1e094bc606",13104995.1980755
"cd270a11dd8257648d1f0444",2344275.93971129
"ab11db71265771ed4d9de64b",920891.108483194
"ec199e33b7557dd669fe1aa4",2821069.9914382
"b47fe4670c6b065a9e1db429",15250240.3218315
"918947d51e52e0caf692f22f",23194836.1315051
"070543b03770991d65cc337f",6939490.76255101
"f45dfcffe189327cb0d303f2",25207307.7553036
"d2e7484c81358d4c79f040b7",23980512.4012818
"73ff3a6b0cf4f7ffb244507b",82800215.5940135
"b0cdf05097df437354564bc8",1845028.38194388
"33ea5de5e8f5c639a213414d",35365742.9456364
"c94056bc09a4bea0e853cc41",26663150.2536034
"6d5a91ae44cad7849dc4e969",9317894.08504809
"b52e0738dec9d2f119c75a9c",51157107.1183323
"0e35349077490a01f25e2ddb",17718886.7709238
"9a5fdeb5f389590eb46e7aac",182830625.726033
"337c81be4cb14d494ca69db4",5327429.86658619
"ff28f1a1ea72e21acb157f08",65382656.7129674
"e83ef75473fefbf8d7e52302",5455560.90563177
"6d3e508ff42615eb78862723",18482873.7455171
"3b7ddf527979726fb8aa1683",389739331.649884
"7b08cade91e2be20656ee856",8546732.21099584
"59cb7abb39785d5263a156c3",42739612.8377154
"bc48ec7245297b4cb85dca1c",29541463.871379
"0f366a36001c0766521b9dce",11388010.7406219
"6ea022e53741adac484c1798",31532372.3129063
"aebd6304298f84e7d440c379",68780876.7336597
"c5b333e454ed6e93ad32d96d",36358528.6968701
"bcd31d201096351079cf7ce4",21534485.1418304
"46cf5b18fd7bac0d3332d70a",7112611.18494345
"1dcff645d389e7b687a498f2",69451218.8892872
"cadbfbea1d03e6538af648e5",645040956.592997
"9dc0c6ef8389978be58daa59",29198743.3533642
"fdc00f6ebd155e84a387878c",241765363.378916
"99c1b39476ee8e2ebfff6ffc",6993717.76843222
"8930f231a5b9d8db14e9c656",7627182.0034411
"2dee15f1b082bb986f8d9513",5791993.85499198
"346c734ce163296a07526a35",20738525.466288
"6079fb3769f843e99b47988a",3132416.9246766
"f5802200af1d28eb48466c1d",5137293.06473451
"1f8068ab65469ba56a1f0c4a",4611583.63955335
"1ee45a731b6f0242b6d2936d",3048559.0549472
"56b7a6da82134b135fb7de2d",28454216.5098693
"340c4d762f830197fdaf0977",4427217.24859437
"1bdc0d441e63089737ac4c27",7580127.75173244
"b3d82ceeac64b64142286375",2210923.92342068
"947421747f33db213e6b1326",26318659.3561247
"bfdbb7aef98d4855d459ac94",6269361.26435158
"80e88d50c151d5534a57f61c",10666587.2232001
"d0f6e19e92c03b40a5aae3fa",413421108.409004
"6e2a3e49dd6434ed01eb5e71",8814906.82288091
"89e2d612654b3c792311faf7",18336800.3653251
"29425249fed4a74ada083dc5",725319.552999451
"fe0182e1795e2b87eef4bf41",4758152.52389214
"dc9cd30b760a1280e0318512",167719781.21182
"d22313a06e43b8ab8f6672fa",632313.466255436
"f91cc2e5edcbb704c293084a",4043289.84550867
"dae776f643e809387148900f",232582871.576674
"e55634fce84f78466095e730",2329249.14572912
"a507a938532411f06c57ed8f",5347337.32493284
"30f3b383f2d5e4709c9304b1",55005969.3260203
"aaa43db51d1ddea564d1bd2e",197936.887025869
"b3e76a0a1fcacd0218c17908",6605555.48254803
"e548ef7a5650696c0e968cf3",38876653.6321995
"939afc1f6250d528b0be8e3a",5217860.24685722
"405baee61afa4b08dc25e586",8461624.31055148
"0c4781c598c06d538c5fcdf7",2303364.32682503
"fc321e2d9b4e954e80805be2",1597013.09974273
"dce18d258c352b7edc60c304",479125.856244985
"7b0a2bd964c04d01387d78de",1805073.22577766
"43fd6b5cb01d05c9b1db0e65",4696515.41376993
"cf0152b0a5e886e8291ef4a8",99958835.3248589
"d05030b0eb8931161855450b",1009115.70018923
"281ea3a3fab48c028721ee1d",109201059.59325
"4fcba82455866a6931590dec",7380747.02330127
"ecc5e3781d5e004ceef8cf76",9677071.94020248
"409cb370961c60bacbdf7416",5126951.25788667
"54445913b2dc2d6ba35abc66",13475550.9127057
"51a8c190ffb673d4fc27f4e1",19250331.9775378
"80e7c6b194b3229e3e2b9aae",33245227.076419
"bbfc9b05caa647bd95b3c88f",6823985.78230851
"128cb9247755abf5f2801431",9749027.26269693
"ac180e846fda5cd7f1123f6d",38854044.0529936
"1e7173670334937dc61243a1",126860173.119406
"c2555955d5175b31e5f783ac",41419043.7716432
"d87bbd60fdb8b84a9fe23ba7",8184363.9248178
"825012911321d636425cd0bb",36710710.2018147
"54561e6ed5570577ea97eeeb",20591428.1309051
"3a2a2df4f07902b04b809125",9460821.28663111
"ea7e3ba584cc5ee45ff8ba7b",4141112.33988458
"25093735f186b70beb018317",1823491.41332537
"7fe1adc0a5873cbba4b021d1",541506.984733593
"461749398bbd48d69b444d7b",36927570.355955
"eb8f668912b70fd554c8c723",9730672.90586344
"e2f00293305c464b361b6178",17278545.062012
"02a0a38b45e1b196165b0098",3045403.32634264
"0e6dc789744b678028e74d56",4454389.43769246
"58954e79191c62ceb1ead100",6658176.2123459
"23aa0804aabdc61650b8562a",7919442.96430867
"ef64565957b5278185b2429e",55027901.0492372
"253725ec3d7939088faf71b7",2228026.42306173
"a9683df184aa8b4ad5d0cc5a",13986695.2431763
"3c38153bc36b364b92548965",9004517.91149525
"286cdf6dfcd95ee9edf73a93",588362.230731996
"df93a6e36d9f19e252fa9de3",1384886.2164473
"586fde402c82c1eb5a74d634",50790861.5188391
"5fd3b0299c0d52e48195fbdc",1113388.15902124
"06d33fff99a62c330ef2d585",1200262.31859394
"df98fd10dd8ae59956994521",1381988.92736428
"361715cb422c5fcd9125d5e6",1860716.03951001
"af68665ae8711d009e8810ff",19988068.0729012
"63f3295df28c02953241e2a0",2250135.69977713
"62d338c26b44153bb075b234",1485165.36679309
"41a269c661f20e443a7a25f6",1891817.76653243
"c5a8695b7aeba06e46266959",3577909.0228317
"17e5796a30da5eaf310d02b4",5122318.1617887
"69acab4a6f82ae943850b9ae",20201860.2113602
"5fc3ffb33090bf75a81aad8b",85761625.9451451
"02d89daa77bb313328fe0c4e",3925313.17394847
"6ad1fb94accb91bbc30449c4",6126123.57658837
"a1cd215fa99b8776818d0b0b",13193578.3914959
"0553a3aa7d961ada6dfcd52d",6717036.53414456
"c6ecbe7b57db2db74b0d788f",21873687.3797445
"a4b23fbdbc7bbd45c5ebf80e",484037545.329915
"3bb15c6313ee70bf4d88f4e0",35659507.7808654
"e05c52c9c8fcb792ace06b61",7041528.99768473
"5fc77edb0e5bec0ed8e72a60",623280.823764976
"85e15a0a63ffe482c68ec474",2732421.41187611
"859025f2f41efa521a74a00c",1387685.02708613
"1672a21e6b2d8d0525df1759",9367325.57921681
"7d4097722aad95158c51d24a",1193023.66032152
"174fa597347f2b1d3e9016e3",29774466.5921205
"3f081fb77ad08f8370569bf9",667064647.500576
"74cea4c9dc0e00dbbcff8b1d",8010220.04764415
"4f5de1bc90694fedd216ef40",1797279.87055125
"8fa4be9ac1ef719dda1f96bf",4968254.3629798
"3db3b80a902c10004cd3a3d5",10505764.7931153
"bf02fad806fde4e3575e75c7",8275912.21565732
"edd2afd07fa1305fc3126078",1046310.49085618
"bd5d2030639ef16370cca032",2597974.57824585
"87e74ed42a2c8c97f7bdd239",866409.088788027
"d1c6037d0750bcfe47d425a5",1088125.65733534
"763c9a528d0f99f34e5b0031",3569817.71803613
"8b674605311d296990ec72e7",19916294.9753361
"d7cc3d199e538258fcc83f75",898558.949784903
"ec6ffe86e9ece6fc03556ea5",931607.672903776
"9762ecd72557ad6728274e1d",3592087.26831097
"49a2d111903c77053d44573f",74437410.8748346
"d06ab7503c6deaf9cd405f66",23598734.455684
"23e7dd821ec2601ee2c6e353",5450215.01904243
"81519727c7ad9f60d2c5f224",7799377.80316658
"a4a5b6a844c14b4eca92dc49",6147156.92416483
"7e647c5e0a7d95ce87cfc8fd",8991371.65509046
"7a1bca1ed03e7cd0e277fb95",1118925.41688572
"03eb8da7205428e61bfb2845",4178741.12024673
"82780776619be0eade3d72ef",1107880.41665357
"4c03afca943c3f2484b8db6f",1118925.41688572
"85d731901b48348f57932240",85040680.0938491
"739de8928aab4ec77a1ecb0b",10263358.1832873
"7f45d3809b08bb32a45139f8",42734884.9773903
"cd14f8aa1613d754221c4735",721309.029664962
"537a9a2dd0ace0d0131722a1",22110937.3499644
"2d4a781f969a4fa2a4f04a7a",1743796.78714551
"e3676f99542f27c9037fca29",35391250.0545112
"bb33aa4f1a7732fc8ef19039",9767788.8446674
"9f11661702873852a3d65ed6",858715.329960827
"d7f22a4e6daa572583e02640",966700.366418017
"f6ce37c42fad91fce47758aa",763588.260311648
"f57cab248d2d832725d78135",38760558.0347832
"9d73758bf7569cab4837e49c",4011017.51496187
"322bad590ae06fb48f80c533",4076723.72198207
"5a7b67d4c79ecd83b7ab66e9",154046943.883045
"8dfd846e6df9a040ae1188b7",5592616.14869154
"44a587fc89d6b6489157ff49",156086221.297984
"f9ce5b7edb104d4e8407a344",1029660.72623596
"73786d11f1fa714aaa9f1f90",51747890.5041572
"cc72295ef156cb2d60d6b10f",3652344.68243577
"c9851396352bfeb05fbd7580",61069588.4782036
"b3561144c745ae3d329dfe1e",1768297.20562092
"7ccaf332cf87e07b38b340d9",29242884.8946264
"d63fe229354bef8b02b4a934",22264812.2994561
"2e0a8235637e98dfea862909",2490103.17054934
"0a1b14f320e330b405b27a6b",165876167.737148
"db41266d7b500a6daead96cc",1537443.02021998
"364b8b8759e3c408c4005021",149095690.657504
"73bcd7efb7a25587bb1c31ff",693758.150628148
"17060f24d81fe2661c7628c9",177405385.049565
"98318f22c00ab335d8aa23c0",4044782.38582906
"c926feb307c493aea729001d",7363191.97803569
"58d92e8a26589e37b7123716",10436123.5886594
"54d11dce9374378326f7ac62",357527.057602125
"8e79eebcff019c3362a76a26",134301665.137619
"02cb957c3db9ded3691a9004",1099573.36831678
"561689dc0f267cc5011ede3a",2830739.61628479
"1533da89d388196f19e2c5a3",197938321.773364
"069ddc5d1f3c855e6498ac50",5103890.88414887
"d3aee2a35856634eb710efa9",566773.479787286
"4bad966abb5e8c4121ec69fc",2981445.86393032
"f059e39d22124eb9e7e8e20c",7126346.67135956
"3360f48c1ec30dd1c3175101",63993299.4935481
"2218c6bddc994984cdc6e567",993013.29955192
"c2a9b4b389ae6f20140e21eb",8820978.44222865
"d135cfa351ed6abe4ec2033b",2030706.4796344
"668e5bdda1f4011578534f54",73882932.1948988
"d2aa3386ae240d7387424e07",623202.961323134
"e4f2ec7e2f4389c1efa52c0f",33660408.6017334
"d4f90a6b73b1e179d3f8eb70",2820106.99908334
"5738bc8873b341bf92ece0db",34015443.8581677
"2906d21b1d96a1ec43bab50b",67461727.7771353
"4e1bfbbd8689a95fc97fabdd",4758043.61966992
"78410b0193dc989de2d24da3",660760987.722826
"fd7f194d9929a6f28ea57cf4",18931831.8019728
"5e7ac1ffc0886c27471d1a54",532299158.380087
"879d9e3b4ef9063de41ddaed",8446193.11930952
"4bf620c6c6d4c916bea70e81",302601524.91512
"573bf87f57db6e037aeb94b1",98527439.6121131
"3ff7b739ce65f0b3066806ba",181301978.961829
"a456f85bbae3f189ff424e8f",725591864.962379
"6683685692e955a8ff172c89",11780314.8131311
"82e1ae440b386c7da3a580be",66732645.8372012
"efd178c4aaf3fc9d05b8dbdb",3269497.51472733
"55ea155410b001104518e992",3341501.09817352
"32a10e550bf7095627d17da3",3030950.96521046
"823124264778e5ed64d8664d",126530076.983468
"fb01d990afd25ef96ed048da",25704379.2976368
"df22426db407f4c660681c7f",10150134.4819488
"44fab96fa2ea501e0b94548d",35172877.8392065
"871204bd1b3505acfa632954",28771510.6000666
"3d63320260d150d134fe8648",1167693.50795916
"b8b9b90d5721a9ed5e72b328",1508513.03601069
"926d12cfe05643554837664c",654848.053489579
"cfba6db03f0e38d1aa0802a7",846235.437333727
"97b12012ece8a740944aa547",624961.691309112
"8de317591cefdbc375a41483",1688959.89591931
"46d34fc9a8edcc199a537b30",1160328.10389845
"262e3b4091dfa6b71af020ea",3825059.05763003
"396761edaa353e0828949bbb",1045977.26555599
"8c18d3417886c150136a03ba",2118030.32695849
"f053d3918234bad409410755",4234132.08600823
"8f5444b81998e52ad76b3ddc",2173251.27184739
"0daf89cf494e0f40a94d3e5c",34290143.1719105
"dd8c289ec872be3fe3352313",2459384.50807978
"f02f6c5b97b8e3cc5d5a74dd",274283346.464204
"5f39cf56c4e1bd43f61ecde4",415521572.265404
"5e187b07578d582ff3d8e189",5938559.97731364
"bd018b302f732baecd085ff0",2873140.86266609
"674cccf4c7772d6091166aae",72402654.7701929
"38e84c560b0455548ce186e4",247630877.59795
"d14173913bf5ed21e3ab50fb",8713173.89992001
"cb8844cf2070d8697bcccf27",11153611.904531
"6b44648a905e7f4c0de6c855",1115886.20998484
"148aedc984c7f6831c7f9601",4818351.01367848
"ff9d1cf7bd90c5e47a0bba3f",9446846.6772525
"9353136b0c791bec58f93ad2",879171066.193877
"de2137c70bacfd5087bc5c68",3063387.50949154
"12bf6b9badebc2902cc11c62",9684827.21708387
"c0706c78d5d98202dc24e46b",130453480.798164
"4394a27b21889bf78927ddf8",850863.468388419
"0ebbe9d3831727f90d677ed0",1335250.55866811
"caec584b5b6998684bbc6a70",12831779.8847605
"0c302f1c924f8efe0b6bb58e",312727.541490081
"e056ada7a37336bbe878f38b",9117109.5440338
"905cea21c0ce1cae97fe86ab",4009468.60632828
"e286b12e5aa7929334322842",14158315.5823526
"6cd4e68300a8bafb9d22700d",31378361.9862022
"39124b1ec419566a371af8d4",24245376.4659502
"6110b5bf07cf38c437c7ca8a",5987614.40927746
"6f8a22e4dd21f44bc6d383af",13912674.9853583
"71eebcb108c4828b8bd5b84a",10662986.7835912
"5d61946d53efdd9bd0af140b",47063908.1079026
"c0620585c12f3d9f1298696f",36379616.720616
"d27283e3c941f8fc256c3f4f",1973157.87142169
"2acc857ede19953734600dcd",10828756.1408869
"32474481a0f8af34a4edfec9",2438391.35279325
"6720db016112cd2a4a5e0358",5774763.57150629
"959d0cba47f650933b9a5168",33686549.0153741
"32d2c5f1707b00c93407a19a",12935874.5717521
"0ffdec8eb5272d9fe4775251",91730182.7761935
"c77d7a08d5b9abd4d3082fb5",24189070.0430521
"a3021c7c465dfdd38cda9f9c",245441498.957327
"aa24974831a0c608635bbcea",4984599.19484636
"eeca3f5c399785a1cf15b1c6",3035457.7740049
"0b51fb3a65a86d7799f27264",1169178.87977453
"1af16b7f14dc04f05edf71ea",1482776.46759335
"e0d7e4dffa0f3dbc40c7da53",926742.827179792
"cfeb42023e2737491b3e4283",8668525.24909694
"dd4e23681e00fa1cb9a679a1",119344933.329167
"153c89081fd85dcc66a02421",10215295.0261945
"f25b2ce0d988bf5490fd780a",1559409.96027791
"8700c9b62ff5a5c3394b0bd8",9203384.57915541
"a53b105919c7b46c0cc1b003",47606422.709293
"1c835128915211131bc561ab",8688057.22262213
"a0c6e0c6fe41e32b3bcb2b26",8349002.16000754
"4eff2f2297ce85a0a3964d2c",99784346.581949
"57062f248424c47282d3da30",16212600.1657037
"99e860bbf3033ee4654d393b",196358999.062087
"db8912c5c5e5e49431b2c85c",1928878.49763189
"3151daf55106dd159f27a8b6",427452.353088762
"3e8a4318d93b1fed4c48f48d",3246644.60335907
"4c8ca73cb51a58933de61f0b",2386990.71138014
"925754da6fea9c9cdc06e18e",274721.680691006
"05119815bd72ced29391ba87",65690158.0603053
"aae7cca10bd7f041c8e02d23",3357261.34488471
"4890edc33a555cbbac71795c",7970997.72959329
"902fbbf9f5037be8759775a7",6209092.25529672
"d013a0e910b1fe2e3913af7a",1701461.61765321
"9c38b9798313a3091d13b340",5693600.82195011
"f04d3ee8b175c8f2f30f4f39",24650824.1589443
"f0f883c45e8470e74280e8ca",1098881.48706227
"af820361d5f20198bacf839c",2074462.71516285
"01636da0aa2bc223af023a13",1033744.92503164
"cdef6e87c007bcd9b4efa9fa",18600356.9610961
"1d45332e2f04df18cdac590c",23179224.4421625
"db3dae76fed5fdbed29862fe",6695553.66025828
"f36a379e0149d4800e793001",244307476.82825
"30d2ac3ecb8150e4d4339d1a",70713713.9188726
"7f78955c480d050f2c8ae3c9",167462778.643278
"cb1dcee1f4ede0877be1ad15",57061060.6591575
"a32d2c51f2bd5f23bb519d12",26741583.5105778
"bcac2a4cacf13a91805557c1",23363917.7769637
"a21afcc258e50a538dfd43ed",11135734.9583752
"7202b83b651382e2630359c3",1441533.66117266
"77d6855eb6a30d268e49eb1a",3766371.17693154
"204ddf6ba4822d55ba80f713",3842191.18483934
"e0587d29cb717f725e991ef3",10608174.7801369
"c606665f3a3f70ef61fa5cf0",5835428.38052981
"44412a9e16b2824c4a520a72",39049363.8296971
"313abf19d78b719cce4b3188",59378834.2321389
"99ad7b36c3c916393e951507",38907958.0911753
"c34c2aabac06323fa180b24b",4380607.21582624
"37f39916813a58b844e17833",462303719.93022
"6ab7f97fb9880e48fab16a1a",6698497.96648906
"0e6c74a0056ee94b10bfa86a",12795022.716295
"7fdbc3fed9c9607e6d01e958",28684497.2879436
"01018b9796a105be650ec802",34109518.9499521
"16ede6f8833a93677d05a131",707337.412744578
"0a53b0b7c365879a6d2cce39",234703653.76631
"a293de027279019418c070b5",4868341.7367584
"973ab56a202e039f5ef37353",5652779.71228843
"3e18c851788fa8724ca8b7cb",1721687.01913977
"0a4b0a004c894654663bdcdb",25503567.9119581
"55d4b530b881abfce2d03e56",1970829.63962375
"405bc08707001684d19f6edd",6090524.95147601
"dffa1057472b06bfc0fa7a66",216834495.721359
"d061615fcc6355d79665f9a6",31083797.6535706
"6cd96d73fc58b1502bc6ead8",19885018.0100526
"db78a3ce9c6f6a7f4ecc6853",6934185.14448659
"1498ce1c1bbe2e89b84a4a45",9017253.40260012
"3035d7ea4b71d204b588dccf",7058990.31185196
"2b8e9560dd58d880dbe77c61",4204440.40441373
"e8948741a987cbb3759b7a44",5336226.61643118
"20718780218eac9668776956",9634455.28536891
"c0a9e3f5c57cfbb4aa9b2357",9847703.81603738
"5e9e9339fe1c3a06470cf7c6",8923067.99122325
"f852e0f3fb8563ea6918164f",4819688.3842872
"e38b4072ff8b856487864f31",333609148.573885
"8cfa1121fc87d9483ec63611",2439096.06026122
"1a805101f78cbb783e6f919d",17754577.5479665
"98502628de3c4fd3905000a7",5561878.43343502
"ff7ebaf86962fd0ab6ff41f3",25154907.9697573
"69442123283ab024a911506e",72427378.3721833
"ce6e91b53465250effacca98",17497230.633906
"5d42f42059617a5ca7ff3a32",2642858.44960172
"01edceb6c5afc2af1e129e86",279867.173375084
"fdad0c86eb89fe93633c8571",846200.73562616
"831725656d9df81b63c0ae38",403850380.968354
"d1f8eacef9bb4d300d086837",2054093.27023999
"3b6d88f864f6c1759f957c73",897176582.73726
"5a38f908d8d75c5810280e12",3865842.80525391
"c7c835349181bd3f0d964eca",12459282.1298671
"edd4d560363f7575aee42d39",11904182.4189176
"8f3924eb214f5194d21499b2",1331171.75269556
"466c542d7825d36d18a86486",25834679.5848803
"0b71d334a6db66cf6f1a8eb1",667781.605495291
"7a91cfb02df63e4396b15aeb",5181477.7473701
"6140125d2a94efe499a6941d",9371024.72783663
"080df3efe1fe81f97e74c4c9",303816.700631832
"e148c2b109eecef0175b3c5d",11177378.7809379
"40aaf6665b489033ba0e55b5",279316190.041251
"05498e49d0b875ae6aaddd83",6546847.84957504
"397d0f6319465fd7fea6f710",9075850.93630848
"7e6d8c4742b38854d819696b",15801552.3614641
"9a8d13d56d677379ebf9a347",15252945.7015968
"06bbc353bf62fda3b3786fd0",2368805.78903276
"09fd7896d5445f422892b196",8683352.28928325
"57c63e412f3fceedd3a7e698",2368453.40044471
"32cb6246cd94f962f780a1fa",2979155.02183715
"b0f9bfd521802b0d2586300b",89467779.6376873
"2a99204f0a53c4a4d0a2393f",208875.885713115
"7651626df0e2e3119b801466",4537473.23708607
"59e48259a076518d929f5db8",2278751.4054553
"e7b721ed96269bb195906bae",966839.585955897
"61c3c304eb8a06b5a483efd9",32241129.5133271
"3c26b2954be250bfe239db68",4984294.96834001
"0df87025a6351b435958ce95",21875105.9311629
"df82719238ea0e102c282c09",10048369.9972836
"57c74f7b9bc5e33cc823439f",1920085.45153889
"4195a9d13c0a526d7cc959f8",4108541.13102183
"0d00fdc440d7612434a6b91f",9087751.259149
"0c91369119a06c40623afbb4",806894.601779302
"5a6b30b4d33e068d421bc2a1",351632365.378225
"f4beded3c5ed9fd6cd5177c0",46966969.6477017
"95e561c7292d64305a2cf4f9",1033460.05191107
"67138978493b84ff42daad45",878515.982936181
"7da10de45c866c7d066d2586",3869361.56997147
"3c3cc027fb179e91a46f11f4",908504.301125987
"df3ada98307fc85428022d00",915260.494229462
"e029c89d59f2caf4af4bd908",2301236.74707732
"105d05ab3d5334b976e448e5",15174250.050653
"253fe7aef58ea97fefef922a",121866276.344165
"43e11f10650837933261fa7e",5612427.90294069
"b111b17ae1fc17e3491b7a5b",11825654.7448357
"63e1ff737ea11ec607ecee08",19050024.8544829
"ae703276c49b6a6a9c39770f",20275822.5697345
"799bc0f95ef9a23fc16bb1d4",3866993.24395819
"bb9fe73a8742dec9b2e79135",101307982.427525
"a9b3d963a14c2c7435f30fbf",28788088.3191761
"7a48bc2c3f4aad08dc7fd5a8",1966879.07411682
"7621f476bc8040270958de6e",2643004.63836583
"c49644baf8dc51d3f76d7e7c",14804034.5873615
"8c107da7487ed0cd409f4daa",60842524.2683821
"1bc8874a13914055c2759a35",2653822.29880757
"fcfd6f08490be39064aae41c",87625433.291406
"23178c72b063ecbaaa04b37a",9121249.18608476
"10bf1c2d1124f6d8f8b9497b",82971587.5981848
"c29b30cc5db2ffc273e4cb14",8992657.97312541
"f7d11c2601959921f536f804",2527758.82433009
"acbb07a2c7a0e39c0102b3a1",4651783.57536339
"844e127aa7802cdf75db074c",11835944.5937529
"e2d88f49873bbcc5476f4ff5",410784.165868561
"42aa1e6f6b8220a63fe165b2",1128176.71109652
"ab1c43d6fc4f08e315e322d7",24023866.5639943
"9299c976b1afe4d2c0bf351e",672180.076894007
"cd62ad28163c8df131a8f2fb",4307209.07081581
"e5e06913ec3c851340d7c91a",9886359.77877163
"d9b46a34e48e04b5a3e026cc",4856174.2274058
"782a6028457ec55d4fd5189e",14278372.1817436
"11a905e4e01e7d15d35cbb82",41105733.5679808
"3b3e423e248b23090a2897ee",6927866.04123819
"5915093d458d4b6589e86f59",1072948.9872074
"3d162a854aa05447e2cae0c0",4157010.95792162
"662a3e343a7e207ecc09d6b7",3782360.20139783
"289db1292d4ee40a1ed6e518",607354.444749767
"d43d2bda7b6e4d5177c0d032",78046645.89665
"b57ebf09cc691bcf009ef115",3492841.00842448
"21f5bac85d5eec57acf501ef",73810534.547208
"2fa288389b3031d595973793",9779066.85063301
"c900d19cade1443983274ac4",6935878.26745327
"67bd5b20df7f2a9cf4e04358",4611671.59936969
"e111bda6d24089dac82907ad",2820332.92307607
"7910ac9782a1a315f68799c4",13914506.1120415
"ee786b818284cb382c755e9d",13960522.4528833
"f9b0a27bd3619ae88ffe5455",1021082.89395446
"ad1c32cf75ffbcfc842e3959",1417553.44283861
"5648633b1f92de1ddaa7e7ab",724790.581230366
"1ba481abe0d3890c42884d97",4611671.59936969
"ce60e2ce2a420052e67564d2",70577889.8177149
"87e1b1170c163689d60bcd09",385644957.085814
"bb4c7900162be66534d17541",1603185.65562455
"68340674853f0ea101e32b46",1402531.70230656
"d10f89691119d4a4a2c1e650",4558991.6956209
"d414907e75a1c105ad2b74d1",20572035.4025944
"c9b6d3bce20b7f528fff8123",3015730.15041534
"be1695a7b8d3dc68c9887abc",20872177.5485481
"debd60afab03fd1552719270",22754495.4243743
"de060e07dfb0a5494c5550a3",1690121.62271782
"3d6815fb68ce959cb95e225e",5810283.94490085
"d93f6d8fe212ee3c0f7cca95",8105445.86231705
"1ac702e7c265717b34419fe7",10898460.2971357
"a157596804522e03efabce48",29479098.5694405
"069c529aaef7d7e0774c4a66",6915891.43482027
"0669fb98aed75d79f8decb7f",2515520.70370667
"7057326ac489bcc17d580883",11943709.9295089
"e3d6fe5d97bf4fe851aee9d3",2782503.0699959
"f80b20e0649dcf1c16003255",2095221.97253725
"364256d0881131148655e006",1790416.36245687
"0f9c26956bfe983c8c7fc227",25603874.4049896
"9756b47e9dd47f99dbb23115",9865752.01885142
"27d413eab7b562b984c5a682",3311111.51006523
"ad17072ff24e0fc0e61963b4",1171721.64696671
"473a59415b6214218a15e363",15525151.657664
"ef72df5586ad0cbe59e36e07",601931.253799275
"9129b78a741bf5e24df5379d",20686732.8586314
"964734d3430de94d22c927cc",4983691.32384617
"530b25326f39c347a35a8caa",17460991.4163797
"482f57e65a3f4c6792775a05",114935229.161983
"738e86beb569a7bf51fbe199",8644666.6575703
"c5788cd5507c577b7b585ffa",3278739.93968933
"be164f9025f346390b986668",16481926.3103532
"ea2efa1a857332559120b823",27754866.0981157
"f3dd24a17ea51b7a2b0f037e",111480027.003759
"7aa8d04246d3e84e5ac470bc",64192073.1149155
"6361330195fa7cdc6d5c603b",455130.895810685
"6820ee22d6fafc9c030cb286",12775879.4644355
"472601b5b5719855ae3528af",92133829.5088181
"3ce2c7f1ee7569e1b916cddc",11886213.2971524
"afb03f7cea99023ecea7610a",14007679.4869667
"404364fe956884368e2f8300",1452853.60522923
"c658639b590415bc6ea44119",311888.823730316
"42f1a529f5ff3a6371dccea5",17666613.8783203
"e2e4641b20d81a90033a536a",4655231.84742598
"253b34c2c5ce15cbd8b5826d",35921644.6182978
"86ff8f274b698e7757ced1af",54427381.9406193
"c4aef1d92cf264c548ef1f2f",2414121.49403129
"e8603da6012c2116a70176b7",19475577.1253685
"52b52aced4853a3e3d7fa058",7581674.90985847
"7d9a9c3b4442efdb53c24448",4610559.0313068
"a7bacd6f783756c9e7cdc068",8772405.21884059
"68a00651ead62911f850cacd",78603581.7679317
"1e7e26077db3bca2821a9b45",55027901.0492372
"8aa21f48a83be25f924f85c7",12261978.5130182
"48107a1dd2a3b027637f250a",9004517.91149525
"6bbb24fd1b9df3df4e939fc3",15548562.6738204
"aa45f8fda8801c3b4923f4b6",7919442.96430867
"ce164af02f76ab3a68b0f980",12806449.1537107
"c32249c7c0819b1a29fd611b",1646909.67139558
"f8d4ec209ad5fa5ba4a68e56",5765463.82590851
"cc03087e0f18d59c521b6ce2",13986695.2431763
"fa631a714774fc22ca15ec10",95716900.6633541
"c310efec13e312442f7e1a01",12004827.2413117
"534466a857d28dcc598e3a49",4103881.10570521
"4a81bdc14b5bcc4c84f5ce4b",22628894.3607385
"79ac12d8436c07b620190b9c",11642847.9166297
"f69962045e9aea6b8200888c",43098491.9832361
"9752758072e096fce6f7f4cf",40322980.4299334
"56fc1855dc6375dee0506133",21775364.6196925
"2fc19f73fb877ed8b88a5250",320563.436154754
"63a25d279fc5a9e8fc1dfae3",3179943.42081757
"71978c139faf2a251db6ff5e",3616571.46339771
"f4dc67569fd340be3dc592d5",1808945.47581721
"0b829c23806ff01a0c84e9a9",24166150.8240625
"a23ff4d1b2e24f537a75242e",17905163.097307
"3a103803cf9cf0451582d89f",14133978.1545875
"eff8b3fe996b6d7db10b0263",28329988.263247
"9d53330b44c300e396cdb402",16884180.3036858
"301b5da33d32c0632b16e8a8",71661851.0813267
"357e653c4bea02df1b08c62a",30446091.9495633
"9af17837ac2bbe7c8ba16e0f",8132685.51523749
"246576e24f66d495fe0d509b",1756582.11847971
"cb70f4993947b640317a07b9",1502901.33321919
"949292b23ece12b655122038",2448735.82240348
"4bdff22689954e5b1e575d30",1165174595.11328
"7c69d43fe2488db51e6c8da3",12912111.4382324
"6f543782174a964402b64de4",5751712.3213118
"a59e7f0e0596ea6633781335",20941403.1552583
"767ae7de1818d645a33749e2",11931892.5346162
"e667133c29f90c8fbf30ede7",4909702.8379427
"3fcacd1cf9770a2724a5fb01",6508686.47762873
"601193433c99337fe806b158",4637051.86265775
"42c282041583e6e2090b50f2",28797644.0569972
"3bc80c56871193dd782696d3",5728316.0327953
"bee9de3e2817bdd591c02897",781077.72748618
"0f761aab549e7f6bc025ab0f",1022090.27963289
"3b9971f91bbe4b8dcc704ba0",45381419.9492726
"8f428b58a5189effe993ca4b",3881932.01138894
"0af466463f2cf50d61315da4",3397577.60001806
"1a486877c62f2aced41a2ca0",9547635.08422768
"c9fdc3f80534b32f1a75f530",221641508.464345
"97419310c7e696dc8ca61f7e",8635693.38791789
"49d9cb2bcc98d69222b03165",687675.579299759
"99fa9611d644cf325e20e603",3266000.94958693
"976d317efade1dd77ef3687c",9860033.17869864
"b9bd63208716e4e0f2dedceb",18658808.8782906
"834263730047f308d71d4d8c",2622629.19334659
"d6bf8bfc752bf4580e99794f",87427605.2252157
"58bc2b0acdb0702732894fa9",1824444.64366525
"c3b8b774037044a2524913a6",15343985.4961525
"eb339d562b72b3bf51073cc1",1706092.43271334
"c8244d916b0110b1acbd38ac",51517542.4444505
"65bb6acd9be0f8d95fbc722f",15941744.634242
"5644b84ee2edcf7267b2189c",2858780.69570597
"22eb737351bd0958d3e60efe",16633610.8929
"0e2a5d040f6361adb9927388",6113511.30927217
"be9f5ade682aa1fced79b068",816974.585281092
"8445e5cf42307960535a3b11",17463655.9555112
"1b002164d34a71bd06e0445b",2368841.93441639
"c80f897787541816ad63bc17",419795403.125294
"673c72783eb4f9a02c511b83",4178553.82201455
"3b29177e99201cf4eaae612a",4380849.52753802
"91c5967cc1acb3f108d6e0f1",16603530.0612258
"334b5b9fc68a18387ae59ebf",5191657.22168268
"c9d096d4353b8eb843e793d1",271153523.138819
"92cade7b5347d1c00a48a1fc",12678947.4038242
"1d4bbb5b756033b4be28643a",81520870.8035333
"e1eb183eb261b6de96e20a56",516960259.751548
"7ea8da3b1481993b14bed9d4",5780058.45866457
"78bb43910ad6ed105610d9dd",1232504.72799876
"32c1f617f2b1f537ef703712",3694178.1918366
"a7e6d3c76bb5507e00ccb501",65617152.2371554
"6c75d7867807d942c975079f",99140853.0026745
"e9182661e36239f091259232",1605880.34055489
"c926ee21c2bd9da7da193514",594363.357488079
"27bcae7ffb9f79b8f59fe1c3",687531.970037192
"6cda1a7622d5577c0056ba40",5724618.8107438
"67c945ee31cf1fa0a874e4a6",7324804.3339892
"5a8638c17d14ec4f6d447b8c",29455155.6307236
"82bef17c2a4db1f6dc6eaf01",22350931.143086
"09dcdf0b8b37c1d537b9fcf8",60117632.1069778
"2cc9f2411f98d0fd41511211",20086211.215093
"aa1eaa63043c5c29ab6a1323",24411171.9587643
"35b03ab66c19ba2049ddb9a4",81047852.372166
"90470cdcdd2b813b39f28ab3",1722289.7124341
"ba187eee3858263fa664812a",2920301.71075227
"c06a1d212fed896b6ee4e1c5",1029787.40699579
"8a8c8f5aa68c4e530d62776d",39310843.539246
"662a221bbbd961c285069c49",19864471.8392652
"ee796b35e39c7beb6aee2b49",38977704.6978204
"53de17a986d62a44d7897200",1865395.99305315
"68925fb9f8f0c84fa0ffa9fb",3484912.17032959
"6a6d4f8251ff961609019ddf",29541407.525562
"3477646f548971044f8f0494",1523528.89084677
"c82434222f4129168fa82e5b",8339293.88951323
"4c00508300f40d74c79f2596",7332709.17167752
"27bebaf73dff207d7f6829e2",20973261.5816978
"d0ba7b90f6ba3392a165b46a",104628760.771171
"61974f593c799e5d5090c067",324266.053501605
"c08b016afc6a07105d7703a2",3067649.98127295
"011c2017b63235bf0ed3f241",12370366.3702339
"7f73a8e83d41ea252ad61197",8479129.28872381
"0c25a552c34e114a1780739a",932417.402831403
"21e96ca8dbe2f12b55723335",19517077.0124412
"30f6404e8034dbd513aa8a30",3791161.02409393
"f2fce80439462bb9231d7fba",14619120.9121132
"40d5384e2e8f8fef2032928a",1666888.74755542
"95f17e64d2222c904a7d42cc",18585781.4776636
"59374f70d5e7da97e3b8b35f",9887246.08503362
"ba30cf03fbfb0e36e5d415bf",32507017.6841691
"c2424b4861f2ef50f8876c0c",557331.263190174
"e7def7d0999433ad6d3ea412",34456604.7845478
"7f1a4e79fa92196101baa7eb",2723477.2043799
"37e0fe114a3c7406daa57443",2944379.42226216
"897c0578bdc8d59843bcbe38",3111990.89696308
"7e554b821e6955ab259a25f3",1767820.02458203
"23b0d67dc2a0ae6e5ebc9eee",15528883.2025149
"d43f045d046fbc8f5ecf465e",26772919.246793
"498d632cf0868a8e641cecb2",1840655.79572606
"6b9bba3c6afa1f999a9429bd",2640241.02372907
"12db154d9d29cafa574ad387",7978686.79066316
"61779f1bec05260cf10a0d2b",26772919.246793
"986defbe9082519824ebc882",25263189.4685338
"f72992cff50931d2e19b3ccd",30399090.503808
"0e2d6e5882fd3b4eeb9ef286",1458235.32239363
"9702737c9e4ecb12d0f9ea5c",7381669.16748466
"c36cf907ee28017eb1b40674",1114444.09826546
"a7ad9c8b5bae531abf68f8d0",30399090.503808
"6f3dd53b0935c9593a301bdc",580529.612395888
"11f8f836e5626605ee4b41c6",1320306.2197526
"16fe92ffdb7e1aeefcde80f4",5496792.26118591
"c1eace64bd2c9f6bea289c4b",20987747.7846885
"fc2ac43013ba8ab17da28041",4208476.06483266
"5e6b54654c98c2517c2e31d7",4239032.99357018
"f0e8b39d2e4644dade9d8954",8993395.54512863
"22796587bee45b8f64ee6e44",4491394.01763851
"dc8c76f5b3977f90839918b0",19144767.1050534
"27663c0e271e26dfdbf4d289",2138275.08092449
"2fc96ec5fb2c8dec0a5b09ab",4239032.99357018
"49d42ab711abd95fb5947c0d",21347390.1343893
"b8984fe54819f5fcc43860fd",14901544.1955661
"8d3f4ec0c37443eb3f953584",4790022.87931007
"001dbdd202e9908ee42713a8",23246832.8361656
"fc5f41aad1b4bdcbd8298037",171638531.160662
"34926bd7f9880e277e75a447",9195260.63565409
"00eb120ba4410ed8efa24a8e",217007854.576701
"eb0c6a8231b38b2a1e1f789a",77524997.6340032
"0f059b39ca45bbbcb996fa45",8645111.85564822
"06a5364639452a9d663a2dbc",2494145.89410956
"cd19dcd4aff76caaa1cffe54",3415644.11936345
"7272c3521b7083038ff0a690",2304700.2830191
"a480b654e1b8b7134091e613",12630070.9290518
"ba24834c9fb0e87c4ea7d1a0",36486632.2757824
"ac46e3eb688cb1cb17da2545",4148286.47656874
"3053732169b2260529f90133",13414798.8735036
"ab0c047373b5d1810fe42bd9",8650282.77893503
"698383c101fb784f8e1b1ee6",428391.386432263
"1b09c89b546d0058cb09c1a9",39195021.238625
"64edef308b6a9805f0846cbc",27816183.234866
"995a5799d9a1a7e4dfe4fe34",31469885.3529839
"d4f1fcd4c20dec55e977720a",5705983.44502503
"21264b5a73fd27b85a4e2654",3667877.62443297
"d464858ed94a1a74948f479a",1276348.78206851
"dc420bf2dd1759b7f281cfa6",3856294.85986807
"0a268e25a5f3a0bfd8898a40",430836.539869753
"a3460f00d48816ef66e3acc3",16163969.3952971
"9559637fc2bdf96defd2438d",31974915.5728568
"421db6a58670e53f563eb9ad",1983075.07008488
"7b6322fd5810990820167a23",90809.5848203084
"17fbebdfe6bc0618ecdd247c",1931315.56287899
"00f2621035b1969d53f03fca",1737917.98565938
"e97c998a6a0709605432ccb1",2087041.53400662
"39e306be57a992bcc75e089a",1689749.3320172
"55d0225b44a81e82eea3efcf",387455.137422527
"c7c5ee499c712082931032a4",5029734.13868521
"f15f48d4cf4f85a3cd68dfa3",3340854.25992171
"01db5867a69f8ea7849d69e8",2007597.44585953
"7c29fc3861c9f074e3a89449",12976501.0123296
"5ae2fec22f535ec2490174c5",1288020.19782603
"a6731fb85da65ce14468341e",12582726.778188
"4e327acca2e033c3fb305c5d",22903498.5492873
"37b8e8a194e4f2fed7ddcd96",825382.268247338
"a8dc954142c54e570bccdca5",1968853.36600397
"b427d767b071c3e5ac2a078c",2049277.98168888
"a9407f510e67bdb27ad59b46",21038327.6965397
"ba7120c89c8de0e57e30646d",21601209.9587715
"4f5bc448658287ffb3d49b75",1775551.67357916
"758d9f47824eb74d1b486024",19117071.706164
"84fb7e582456d7409f27cd2a",2377142.83696901
"0a6ade3bea1768aab76680ed",1161052.02975513
"f6e74a4b1e026352e5759b2e",144618.019379047
"639b98d0798b5670e7bb2569",3572699.03939433
"32ecec7d5c47d02969368779",876890.445869566
"cac82fdc4d960947bbc590c8",2284238.77866276
"c2b880a6bc90cdef9dac52ca",1589164.47453299
"dd8eff6162c32ecbc6972509",6015361.7182996
"6e2f79cf68ac0ba2b1a6b0c4",3743028.27315576
"a904fab9fa4f41a11f673fd9",4682084.07228636
"bf11c5dfcb321e020601e9ba",1390884.72027658
"488cdcddd0938ad0205ab8f0",12763287.3889033
"b92929668e884453d3a0d633",658455.767322457
"09eeb116cb0944a28742d282",1229198.04705881
"c16e9d9444f85bdfade710a0",4420171.91436058
"c15cecbbe717e72f09a84271",5840015.82365704
"0bbd23df46a4ea4e4734b680",3952211.90989197
"de28e62bd01870dfceb5d78b",2326713.75053508
"92c4faf0ba1fbac44db6d1c8",49435194.7092122
"91892eac5e9565b12b2a99f7",3949691.17082218
"ba72421716765ef6aad9b4cd",10423451.5956347
"a99df3a2cd4f2346c6e903dc",1191200.09476336
"59a3b1a44c35ed4936cf7843",11203738.9757627
"cd74b689350ef612ddf1b96a",151384113.548449
"5664cfe452394ff9376bcc8b",3508501.88791727
"d4c6dda51fa949743a46e835",12733452.178894
"b7f47484bbd8113c62cc8c1f",2421606.29239578
"d4dfddb6564c9f46b26e7aab",1214405.99839363
"aab240140aa4b6602234d88e",6120132.28100873
"29671ce02e285f69afeb3fc2",58136236.1405491
"5cd742ea274b4a8832114080",9575775.53497927
"c876ed979c9127674000b740",182869686.73338
"45269f56121b796d0392e2da",375284356.310669
"e981d4fb3a33f372ac26901d",93692244.1395632
"2f13a428281ffc425f2c2e38",3884498.41386658
"407e4196114b64578beac143",4245672.18727672
"342027b17940a0cc5cdbf8d9",15869420.1806511
"dad2bbb0fe138e426000a33e",6683037.26290937
"e77da26aa7ecdab5505fab60",28008907.487155
"8fddeb4ca696706f6cbe573b",10330230.7072669
"fe368a7d2e09fe88b1b972e4",236035.271061068
"6fcea2c6b9e39576e10581ea",11745740.6617228
"91d35b9421c4982b54dd520a",58196922.4732417
"eecc82010ce9803ebea6dc75",41800226.7866432
"b957548768ef014088a61b5a",6207813.35343267
"5790e4cf8102dba35e184ca1",49187832.5553955
"cbab68c32d78424452249d9d",47081954.7904614
"4e0b293ec3d5eda7d9fcf8b6",6567008.06598514
"1f8742e662666147955c9872",103978417.204734
"aad38b9f22ccf36b0fba4e7c",822307.122151019
"44e9224b9735235fc7271672",273454.460575875
"b61e9e4f3a2e894932b58ed6",1778685.34369086
"2b36d2ed79caaccd687f2ab0",4776178.674671
"7bdd64032a4f011bd4fe7df6",3824686.99394717
"0890a0d20f33b9af2bfe488b",37493287.3190779
"ea7c9e327eab66ca286f6726",9208740.12598911
"98510008e150296ca9d27d0f",2265753.84107007
"41abd8a2cbca609cf868f227",155560458.3078
"83196bef0e5dc6c981bc57a9",6023903.9814999
"20289e986c1959f0c83a6a4b",1819149.04956563
"fb39ca089d05381b3a7ba847",14046687.8575836
"d2da963bf6c2f6fe724be23c",9390652.82610311
"670f7dfbe2eba87e55176257",191870.612470048
"469b33a6f153ec334b6123d7",2709950.35145671
"c38ce4f3763795c61efee6f3",1282100.90205561
"8553a05c2b30be81c64a6295",4132074.43354398
"d8b3a1d0cffc913ebd05b931",2104287.19454807
"f0fb8232343d235741a20586",10070357.9629271
"887d749eeaaae288b2818b86",7807951.16416374
"126f4d890004b8035a7de091",69494019.1350132
"7d157359b413e107f5f9cfd6",382121.784420918
"65010e340fa495d060e32f7d",1413096.54199116
"8164023f628f550f322aad61",2537301.30331467
"8c2423c14aefa13d255fa77b",4327639.65449333
"e9772a54bc6638c723dcebdc",1032753.62950971
"171149ef76fe0a2074c5bf69",2961998.64661704
"96448fa0eb077563a2d168ca",4473990.39877141
"3bf1bea2a835d7fd11e47ce8",4077579.14239203
"2f4b0b1b81c792f43f4ccd5c",3275349.06199789
"086540702ba0876c0c05c5d5",1334806.21805452
"57d17db2cc5ce1aa889f1f50",15184991.5497564
"3b6cedd9966332f0722208cf",1042143.84897031
"351a3e1b62cd51d46913a8eb",18561266.5607566
"33b702ced6de5f7ab8b29e7a",416118.945547458
"e0e6852c6d6393d6d3719131",82413249.3389518
"bf5e687721e030639ec81416",19988068.0729012
"314479aa7b73ef6ef44e1c89",3170843.41215249
"822896f609e7761b58e7f6e7",42734884.9773903
"5b6f21752f3744ec6e529d74",22110937.3499644
"5d91dd63b6aef851e0c78389",10263358.1832873
"0a369278a1ef6f5e9d79e2e3",57035490.0863271
"7523e95fc2afaf31bcf30979",7603948.42359346
"cb9de5719b978a78c71db699",1743796.78714551
"af8c90983a23ee15c72b8e22",30293053.4644162
"e35d8f589e6b1909f5e4132b",8794183.8539556
"ecaa5e38ff6cddc14942eb7a",2076962.89154843
"d2eeec3fb1ee4d686758534e",271624051.447408
"e97d03ef9638c8e1d270ed2a",2881738.24751893
"cbd78f55af1db4d89b53b496",1447940.46079818
"1b2fa2ee5927660313569617",1595206.28554629
"f7f00e13da4910d724aba4f6",4949692.096439
"9a6b77dc2c414f0baa11effc",9160477.45548297
"bd4d0b8799fa5999c5d2ee3c",8661583.79191312
"bd6b68abb113370c35786557",148938.001406314
"4da8ef54252a92d9cc62c174",5040187.46369643
"38d6c2a9beac610279bc110f",4564351.3249221
"32e6518755191bef743b28f6",590193.719699215
"4fd8d01a5c3abb90ad70cbe6",9034985.8325164
"5d9f8f380a6434096a0cd906",1414598.60388091
"724c854b1a991f060701d005",701183.929147234
"1bd78ecec17b584e827dd0f9",8176445.46195439
"7e6f68184d84e09cc9ebc09f",24256523.9247785
"c0174ef555bfdd648acf4346",8576068.26384775
"6463505a740324c7aa869d79",3143804.27067896
"f239b7fe0de40d208c01c45d",1301532.43598776
"bd98add659faedc1820f96a0",15703364.2148534
"ad662354d28a9b2d65f537f7",24555000.7113657
"8e8852450fd5556f748c98cf",126112530.482215
"8fd5b95f5808b4676043de35",14056845.6704109
"73a23c9d154fec88d396d2a8",11849610.5171118
"374ca1a16b8eba42b35374ac",9991494.31439353
"ff058f978e97c389e7a31f6b",3168543.0195902
"9d7f2c004fd359136a662c9c",16869179.8985471
"2cc0129b386acf9cdfa4eeb3",18547570.7300495
"c139bf6b72a93a73155e1f5b",390579.648062459
"0c017cf9740cb67d530267d0",2923185.6261302
"44ff213b9cfb3604b7e4b66f",14571962.0495061
"a09c957598e6cde56cdba03c",440849.579759061
"c846d5698bb295697186555d",3857777.23740529
"a84cafc064a35cc0ad698009",28571686.0832485
"ecda0d714f52da919223a520",11123231.7826097
"b9398d6bec5cc44fa39b8bdc",1090317.44572095
"79d230806fbfe96368b83dbf",7675648.23698462
"a28b1d82d3f7dbf8746d5742",30277630.2884018
"a6555836840c7dd496ba9094",20010039.687503
"83ce7c2d2823f888f2e06ea8",114381062.033699
"631f4c509de8dd64f1c400db",119207749.899325
"2afd31619c21dc537e4797ca",2433997.92512209
"0be57099d9c3ad8a16984861",494073.837790123
"ff29f12bbd7ac4b860909966",85264163.4944472
"d955edf16ddb9d3f59501a9f",34479614.7294005
"96298da2f44ca873f345867b",17133262.1588795
"e6396355c1249c6290906b78",122519320.866925
"39f9f736d802b166ed688224",602100.621303783
"38a0fcb41f0dbe8b0ef7af8f",3851439.74394657
"79b955adf84fb2c52381921a",14601676.0948056
"e335b8464a61ea0781f7928d",3510657.35323844
"71a929d79a6cccbce6ac5d79",11257612.219028
"41454361857cf70c44e1f5ac",1808831.61984099
"a16ca6293e2ee2969f3334c5",12435232.2420064
"4083248d3d2f2bbf9589b971",3591018.61471839
"de630da5e1c9e27bfd94efcb",6607099.05227798
"f2a4f5010f3da37e27505ece",14815729.0964175
"53647abd1d1b10c9226eac73",149247910.251158
"e51873d6421addab3b539dd4",2914339.51450059
"be8fbefb8e06fe169237d4bd",1354502.95451698
"257c889187ad5de900a430c9",2188870.08693795
"3198c4acc62c1a2276bf15de",5053996.76148469
"b22350d505b87dffaae3a5e2",8360124.83391873
"49ad389014995f0187edf726",11244393.1164621
"025d96090a8e5bd6f786e9b6",6375217.05121583
"4a7156189e1f06b0fe87a7fc",2603570.10984765
"e91425bd357561183b935d27",2252385.7236471
"c9d996f458794961d9957c1d",2066562.37161573
"084de965e32a2a65bd3aff5f",2066562.37161573
"880bd21afee7038459b5847e",36928979.0578403
"2dba091723891d8907905a74",2405406.99355267
"a39f9fd2f143b8ce1f7e1277",1270955.7465572
"37050aba3553f3869d59f809",542363.37130272
"35a39cf33d16f8f5ff75fd6c",1964029.98129095
"7c463a59e7d2f2b4bbd07e12",1658927.68103115
"035d955df5a765531d1d0d07",3617375.17698656
"be706475abdfd64aabfe45fb",2284953.41214014
"bf41b26c090dbf0a19252e43",4349768.08198853
"21aa860fd839233ed8b82653",1263246.16788345
"b870c8bd8f95426a7e1f9c88",2679257.29716697
"c5a5676bdb1698f8c38cdcd5",374500.44651345
"3487768de3a13b7ee3df0254",13745028.3773947
"dda7a886135a1fd8106d04b8",1017116.61887642
"ee102e9d0791ee82ee4da2e8",1430813.52403748
"1d4891dc27e0050efcc6c403",2946885.20521485
"dc1fa8fcd0ffb8872d434dbf",2071088.39885729
"2a5f727304ad67d1cd269361",12255034.2833145
"2b10af4fcbef695b327b7d0b",5541848.71968088
"516881e914708f6ea6062ad1",2076295.48734424
"5a428139d5ce6bbd9505945c",3414035.33679121
"38dbf1b9c5963e9c3d008340",5027825.4031002
"02c6e8c7f36a2c68851600c6",4695686.88182748
"d2684e676cae87d75dea5ea0",2617047.60767905
"027947dd01dc991ffefc5082",635054.089207501
"0af13e27cfe9b8f237a9949c",606681.765834585
"32421841f7eeda76160d7959",5220607.79888406
"96ad0e75433cc18f20ed83f5",4106139.97012764
"b387b5eebf501a620f352504",3758477.29962761
"8ed95f9bf057114664ea441c",1698653.52454057
"114318a8e5822ece53ad897c",3137122.47447046
"3bdd7be0b5e18d266189d991",21816729.404444
"0d2c4bbd8a4dbeb6337b5c14",22042007.3803639
"a98637742a212e332cb5d1f0",20129626.5809794
"acbec9114912932b9cbaf0a3",7056755.64902358
"fd81506b0a00fab1ff680b64",55027901.0492372
"49e531941384af389b0aff59",274786.139024512
"8f221efe392ba42b519e5f57",13986695.2431763
"1f33395df1e4f6a185c507cb",2228026.42306173
"fa823373d2e7fc9443ebb6ff",148189019.557313
"0a6966f19bc2c303886ca82c",9004517.91149525
"15d9a0353ad54798ef95e0d3",3491239.14909485
"0d95d756b838d3a319277424",570179.201155651
"d644b23e4bce0e6e50ab9356",47160596.885623
"6dbc77ad8c5c1e39f72cd2f6",201087995.457816
"2fb5206d246ee7ab22fb8143",7919442.96430867
"f1582fc47e7b8c0eb0cc9949",3155341.34154577
"8d7dd9de4e919fec5916862e",1041332773.27932
"0b67da6d74bb3998c80893f4",28157602.3524322
"736d25efc9e570379d32c089",20780496.8146943
"4615a8a7af9d7cefc7fe4c4a",13660296.5313038
"8b753628bd37b9759dad06ea",79045597.7718346
"5c7c83526b72ced12a08e573",19423789.2879301
"9baa578a930a94f761119fdb",3956258.24880293
"8fe1a07cbe9b8f3498cf74b0",9147033.71743318
"67a7cfe6e95aa5200c064717",519188.728925679
"b7e3b0c90c0d3bfe5befec54",1639151.88343717
"e6a547b2c0d126c9b6800515",39407836.4926728
"b08f88ef973c9d1c3a86695d",28072445.6751835
"5933c18b8cb17cc6e4ae91cf",3509398.72198234
"64a24372d58a2cf535c3aac0",11481904.2024771
"e6f9288cdadc5851d29fabff",187011458.892123
"71ba2f992908a5f91f832406",2760828.39578471
"3af4b54bb5ee5fcff80f1e53",8365532.16493247
"40d3f1f00de86e74e0304bd1",822093.843828686
"3b758c26283c2f11251bfb89",41869008.510218
"70cb6337c8c3f5225fa80026",2828785.77783028
"0dd510aaba8036e8fd9d667a",4681432.2009038
"ef6ac2a5102d7be910a3e4c8",201200.482164253
"24c32572ca6161a603a7d0d0",8257865.93043457
"c7be09a810b9e54d2dfba4b2",6233863.59855666
"01a5a230e8a808d844e64397",8423388.27058727
"5ade8e9c79288d511ce1fd79",6327722.50388383
"7cf50019422bc9569a985736",2268506.19870638
"d4716e228067a7bb0f30aa30",164183666.503951
"cb79e02041eddcfa9225346a",1443678.49613201
"b059afb753452ba358fb432e",18901379.8140308
"fd9f78fb2d2f4d01e462bcea",502041.059516597
"6337f924f515625e7fa638a4",4205619.41173878
"3adcc2c662c8c7c9db5f0982",7433791.29134358
"6b7aff233052b9bcb6b9448a",2740911.37219695
"cc51811e23409f4d77995768",3775905.32818288
"e3cd7b6dc0495d5109086407",2643892.02640853
"e63f468e1d9f86530d47ba4c",614380.728714634
"8bad8a7faae115ac9007b13a",82831807.3948901
"d563312854016e9115d034aa",6975533.09068654
"57c7684f8cd8d78909711b53",1275930.12670316
"76b8190137ba3daa55db33a6",611761.993923645
"2bcc6a15181273b2fad05e3b",8319808.05423206
"b998aeafe2cc93bbd96dd9fd",5422462.46882534
"eb77734d12df7528af57c674",5422462.46882534
"e8df85384a1f51c31015ba08",18497015.7199212
"b0a03d567e287bf4cbd7bec3",665842.681856404
"dc8bc7cb687a3a42b7e7d5fb",8790335.16101442
"147de03212e554abbf3fc3b7",45423766.6490136
"c09b8c236316b87a92a620b2",17740732.503759
"f5006b435fc92111d55c0603",2892192.22990405
"ed70b749e030cc8715c0eba5",33884575.1671723
"2a9bbd878f3f45745d76f059",9522101.50900117
"503f33d11f75b6b5102ba4ad",4148076.80781131
"41479709513815cf5fc1eac9",1341416.51887442
"0181972aeb6bf451012a47c6",8821979.56756478
"0b35c4a3f20cc0eb751acbac",2390337.10373158
"e5de98822287c2caf8b209da",3613530.69681078
"f3d82ce1c6fac06e4997f7ba",69429894.865908
"8e17d7d78e7acffdcb04d982",579586.429729101
"f1e7a0c7804083963b5b6de6",1473288.74014687
"918dbe66979d16b147bd3322",5975959.75844967
"35dedbaace193598c9c438a7",94153.9332670569
"e67fa931031bed13c711ad00",8166042.20168334
"eb2bbf82cb615e3227305b55",2791510.67466016
"e8d83f7dcb876d5d05ae3e98",6050117.11802798
"2be93bf5132bb788bf045c28",265002127.729434
"ac2b1b560e8bc4fa1deb6f87",3069751.23759723
"674ea6932fa9e6b7581479dc",2349999.53840582
"4893b21db2d6aa4417e1cd1d",7180869.52823461
"2dbef742d0c59d21ad7392e3",1218068.94226047
"fc16776abc877decb82a5954",79344076.4952372
"6f84d405f419590075610c5e",15509701.950399
"52cec2691ff635031fce9507",6955398.82038956
"830b1a2d33f7754b9acfdd82",1717652.60885179
"fa908c8dd43fcbe9f721c0d5",937401.429988733
"90c3b93badfe7231410e95bf",4756306.02703277
"60a495b86d6eff1e345ecb06",3166851.28683679
"0468cf58f40372acb9d5fefa",525988.520832183
"c523380518164e1e317cf1b8",616412.532990798
"142cf530f13cbccc3cc9d0a6",1758793.10714968
"e0432ecc0c1fb2b00b5435af",2383792.22133345
"3af3a702988bfa0599727982",931684.971287466
"99fad8a7877c57c0af05b318",1056282.21932722
"b57250de388b7172a39dae8f",8565826.37798045
"42fa0158217c9cb820f2a06b",2415434.15360549
"8fd452d3f5f1dbb3b65f5274",2730186.51553087
"27881ecd655786b093349ab0",1576338.92103482
"38029a1aa22c0a5beb065edb",1180598.53024136
"6750be41e08a725705256b0c",8665681.88476256
"90bf218565cd67ed83240033",16565918.6171573
"c6a089a9bb326c22e3f3aaa7",887313.261966356
"ede08c77d6090e0900654eff",4395689.45214188
"2f7784465c1c69c8f786a0a9",6591453.2689959
"5943151d9a76010179f6c297",1804479.42253763
"82a3742862a06803242b703d",7829276.48696195
"b815204eed4398e600b366ad",15056191.8172839
"11c4dba68fb47eb9c49df169",3860257.7230278
"4ae7dd50c6b743bd47340f20",6184554.99897688
"d81a040e22d541a74122f3c3",4409898.28537926
"34c84d0a410920c303ba69f8",3306507.59736838
"6b0828221f9cdf5cf39e7c15",393308.281357838
"c50d5b4e75f165eeeb2eba97",555567.312952294
"572488a9a75f64434dca5dc5",1778434.3110008
"0e67ae9abf1e2b2f66a91a28",11483218.2773246
"cb00154afcad81df60ee58f6",20661929.4057155
"75801c34fb510d824a7d8366",718949.294569956
"98f2d7810641693c44096ada",3437637.00477964
"1fb4c88bbf995f77f2f29b7e",16279128.1457429
"0abc98f7ea1e477c6fe3425c",34735860.578605
"b3401023d3097815687d1160",2601723.44434994
"f1ef14babbc4123c5157eb9e",3707095.05842219
"ecf47573fe1ff641f6914d0a",39575659.2959712
"0ddd21dcfe89f72e2246ed79",462604.679005736
"402f18888d480f5af146daab",22910052.2302509
"61b3bd442f6fc8838e2f45af",11151825.0462586
"c4eccc400db2dc9627c9879f",96611979.4740279
"ab38b4fae64ab90a55b5a403",26786812.6095423
"7f4cdc01f9086bcee46d1d6c",10637310.4733457
"1be9d865ac8d01f0378bc148",1020465.7037024
"f2f43244cda8e2f5219f3db8",1833060.15665397
"89ca905d858c7731313c82e1",7772654.0903569
"5bbd0476c27c53e2bcaf9462",15370640.9823342
"7e177acdec9c0fe684d8fe44",1522679.15193475
"b764bb8ae8ba0d736bf54f5a",766344.416947818
"75f6d6beb64d846d965fa9ef",35393612.7542081
"b5293710d0cd75f95de001f6",1324447.7244473
"8b8ec04a78d3826b2c8a5754",120354173.769707
"e35579e8b9b24dcccf93abba",11699368.1600762
"db5e320f51680100f1ec06f9",9312261.91411168
"59be3c447844f31267366cbe",2547377.77778934
"0f3b424c398a8e8b53162c37",477519521.88872
"57f4a3f6fe2e41ad97116002",22899567.2406259
"1c6038b67a40f0749a72e6cd",1107280.45473179
"e5da0e3919341762d5beed25",6907507.03507363
"40efc0dc313284d3b57492f9",1963337.07691566
"601da8fc375ba0b3df3b38bc",5578207.53105374
"61a12496ac1e6f39c5ac5d3b",16392762.1632061
"8635edb61b1dda6f4742cac7",4566645.88222023
"ce12b48120daa5704a4c81e2",1274728.47297942
"acf4d60dad7953065b59ced3",27315812.4500114
"56e3e7d822e13838ab9f85b0",1995286.2170039
"7ea2c18341f69f21b523906c",363752.778646042
"dd2396a42097b2e8bce52a72",48718647.397961
"41f99600339a7afc8e386e6e",3827909.09799584
"b2d160f54ce5f98f46818e4d",84237219.2305225
"00dd36caffef00fcde85b235",9070832.18900531
"471bd64a0576aa67f494eb98",19444324.6932245
"79e307acac5f42f2696b0436",16105897.1407163
"e65a4eec62e2a5bbfaad5565",13757854.2561415
"4845ca0d30483b36bfa55061",1577420.17442074
"6784e116d96e03911e2a07f7",3941781.45807315
"4184fd9a546823ff1fea0b74",30949033.395359
"616a5485bc7721ecfcc21c70",879394.45525763
"6ff3186df9d15b65dae5bd17",858554.833749247
"886706f32695891af743f986",2658234.75973921
"daeb02020f23715e663b4a38",9133487.76311929
"93fa1c8ebb75b77dea76ab99",19743899.2436992
"ab25a6737b3ee0c4e9cf4ae6",1462134.43436076
"c5641447732d3d1269965ffb",7406179.79710468
"86b290218a62d0c51b099a08",1782461.88848844
"d7b82133acf54bd3eac338c1",26110658.3933306
"10fbecd8de540f1fe4c57b7d",3584398.003901
"137baf1609138c6ca2715c7c",1234393.87975771
"f5534949a53bef05de31b07e",3830498.23344769
"466d4240af2cfd09a31cf3ff",2011376.57795824
"7478693f3e7e8963e95be8bb",3631238.81456212
"6e537e91af0de67558bc1ee2",21635062.5097005
"f5b0b51ed49be034c290efd2",3361060.74957955
"a4885ce6808ffdb878c41f97",3344976.41127863
"a14506a4800c27223fc34728",3247397.0772481
"e8e97b7919856f9cbb9ad02f",3729495.34198885
"e16685dae2bd3b0a4803ec9a",7889643.86237742
"044b8431b186eb022cf6fc24",12443299.0872856
"60de8c37c9eb96efc432451e",3681281.75701996
"59b88e154c07bb7c0ddb4e8f",321623441.558917
"71590ac868415f3a185dc15c",11649911.8751665
"6388b4cfd09e2b1219268cb2",7312080.8714035
"f865cd15368fefd8c9d6aabf",2789735.55720986
"ffd916080b1019827491de0b",1611083.55520929
"6b8ce573bc2ee68ace26a67f",9133487.76311929
"7ce704ef5752dd496a61d857",19743899.2436992
"6b1a1afa055c15908a855e9e",2710793.00011469
"2a9338f62c99dbad25aec5d3",14425892.1695066
"c2282da3ece2dca6e8a3bca5",2114149.59741976
"5e6324cfe41c3676c7d0a5da",63072834.5288295
"f1a4afc2e543ce4260f1d781",56101136.3441406
"5d17daf3e98cf433267d978f",17537123.7852818
"d5f41dd3258aa346367d7725",303583.547681604
"da35c757f211ecaab20aeb3d",2273201.33688879
"8d9cd237c737f6e62092a08e",21628419.7669791
"9dd98816533e4ca8516a5474",144062670.139746
"27d14f352b2983177e836e3c",7664193.56522152
"3dd4fa53bc59e5852f9fee98",4628259.95583134
"3ca74495aa9adbd533ccfb96",1802601.19355052
"dc93d8ca60d60a118f61390b",2437877.48665025
"dd7b4c374bbbcc60bb090fe8",7523785.92784081
"f925a05397ca6163230f7ad1",231860.10320268
"66a59937c54eff29ab14b474",5649939.41608898
"077db8e0877b924d1b57ab1e",6216047.93283324
"aebc3c6079c1a80f8b2f1c7d",911679.189955158
"ae41a566826a10d5a6768d36",17257564.7046367
"489fca3e6dc044412d00cca1",2755120.84307682
"fc2f58cc289d29fffe8a5fe0",505984.889391443
"59519bb6d5d299ee0b767224",45686607.030448
"19921a97a52bed6c6b8f4135",5241530.53107521
"ae08b7f31e69fd930ef4c832",47781264.5228959
"1b67fbd144a4a3ef40bd9824",1644533.47546004
"9e142165bbde850d4379a49d",424076.953475482
"d3e971e2e224a20530ee295c",10791436.4713904
"a672cd6c8c284e14913222d8",17963074.8500825
"93086ab3e32aa9599708382a",2438128.59322534
"63773145b1a896df26504b0d",56443736.3310895
"17707d66753c1eb0aca28926",59430954.9172421
"6a2d4d9a257fdfb2ead837a1",40334980.1722135
"f9158cf51f5e9f644349a774",3638986.91692099
"c09c39339b5bbd48f349a430",2703741.96774393
"d470d84f5d8299c52fa24499",3174671.01968057
"9d028997ff036c154c3fda0b",151902135.268771
"40ce7321869b706210eda9da",3320351.24167335
"3fc826461ec4648e4f7877da",2978905.0116888
"0e7dbec40eab1b3e5c6bc665",2895167.10860499
"81b3256980dd7d7f49030c78",14699562.9992405
"fed2e1459e9ccc06943a05d1",22838195.4435654
"c535169307e21e5df7ec88e6",11716808.9855089
"d78d84e4e42f145e02e423c9",1538179.23883673
"3e523ee3a6c2d89436539792",1538179.23883673
"5f2df52db15d2e0ebd327a36",2062227.16309755
"1c1ff56435675288e78c4735",6513871.52637996
"ec4226205a38a45d97f35828",4643428.68721205
"3214488a8fa9cf8b3dae877a",725106.534948363
"4a4fe76c58f5735ce6b018aa",9284966.69252149
"ff3696c808d4835d6c7cc9e3",3647228.0432273
"1aee9081ac4a04490eb3f0e9",890030.356006401
"8dd954e7312e6e6a07d6d4db",268242.362048284
"daa52a91f1fee77f75550246",134360851.157765
"a4ad34eb244e48afe23a780d",132756246.096615
"0b4b741487c001323f508d5d",1538179.23883673
"cb383b7a746ed55b21a8b245",2494183.95204601
"4b092d4d5885cc224f6775e9",2158517.77163575
"ba12305002d24055c159ed34",4808403.6327094
"bd74d43d99a240ef4190ecfd",262201.765350861
"4957e0b129c5caf47b026c58",1130268.07047923
"eb270972f0f69f1671a0a740",4464174.90308225
"d51d3ef396efd4760c979de4",720742.427749716
"ac65d147ee69785195ef7da1",5892126.58522754
"53ab42a93b6deb152951f82f",2539012.64985938
"5826567e12ee3192785e36f3",5421991.90429434
"ab64918f2b2b4646e87297c2",11860622.4825206
"88b0d688281db2ef0a782921",2538305.70208011
"dcceb6a2073faf9f89f3431d",8447143.65305101
"73bf75d5762e3dd30fca7b3a",598168.707549782
"a45ba5d63cd1971de19c25db",10426672.8405724
"8467eedcf9a48fee0d72d95f",26435025.8149175
"6184f12f3a903658f3319290",23219314.1118375
"92ab018394a5398b832d0b97",1574693.65147241
"e8e215437d023387c4a55515",2519816.15556524
"7b8a6949d55b5bb27c3c6839",7218606.10474466
"33f1a7739cb556a78af083de",2850934.15533037
"39c6bd862f908b7e8088f0dd",8871639.47214345
"ae556ff5f318b73d3b29142d",516669.661458614
"e2fed68e0b614e65c05200b7",31197243.5622688
"c62a4288a4a0336b1436132e",112634.964167617
"f23b32fa4894b6d59f73c151",14858574.6934152
"4ac4fbcacef08524ccbf3623",666657.245938857
"5b5bb8156b98eb51a58e73bd",2166408.06661622
"53fbed4f9680917f0615ae7e",1899292.77156798
"730b528617c2841eea5addaf",5273524.56847965
"13d08f7e14471fcf517c204a",4745572.45095451
"da273cee807e254fc9aabb9d",1170032.17814295
"b8f7bd85b61951ce83d7f57b",4531591.96241342
"4954ce465ba712543bdf34fb",3491811.87094465
"b7483c951d2c19de665f07b6",312046.506968455
"913cdfdd62e35472522d0a6a",11265366.3493361
"be28b90a71e2922437f25110",11894536.5229631
"b71857f1cc385219f114035c",9848286.10638869
"a72041a40ca87928c695b2f8",11323876.4107257
"65a626faaed9d9e3b172415d",11265366.3493361
"229bcf400e309619268dda31",11323876.4107257
"367bc4fef78a9800f8616d02",11323876.4107257
"dc0ac888f1e87924e3994b4e",11265366.3493361
"6996e88c10a94d9ee7d05357",234705.309989247
"cb8fbae1b4141461127c97da",188651563.557653
"d2de34876a7a6914c2dc479e",4785037.08689345
"c666974c4303d43b87714c62",9311782.35974911
"e8491a7994738d098a7aede1",167009193.159405
"9a6440e5318b2de28b180a2a",436717185.795076
"9ebe11eba1a88fcb24fcd141",100275826.42596
"78b0f0bd0494fba0293eb0c3",8260646.38449421
"047b0ded64dcae203a3015eb",6958404.30245124
"7b95396ef4d0e97de8fb4986",8407890.49545597
"08f1c136d5a456c0215ebea4",1287505.62124606
"0880b703bf2064f59f2bf20f",10085312.633687
"cfc069bd55e152e40b3a1391",1319999.02481548
"0a00771ee714a2f3f96c31a3",191185400.063782
"06acca3d0ef4685dc055ffa5",8194165.33729064
"f802b026db4bf9d68cf00b16",2728773.06767996
"4aebacb9ecd0a117307c7841",128390819.445912
"81ccb7e0255eee6274f5d930",15412651.1596681
"cd17bb739ac79f80d6f651a8",445156.736914187
"917829a0aba571cbe794838d",433257.634803965
"5b83b73ec31031582aabc527",1642827.99633386
"5e18ac352e3f3119f5f9197a",50368889.0698219
"b7eb15346797508f47ae094f",45723395.035122
"5ac98c971b9293bc6a8a6aae",6527378.21750958
"e196b7cdeab1468d5d4e07c5",12524184.2536396
"0ea201bfd515584bbf72f902",9912208.38145878
"d2e6ab3b3106f36f2c3fc119",5115269.04298975
"59db28ba77489750903261d5",178257079.864543
"b348c76e55613f53c8bbc94b",154046943.883045
"a1e38854d6725e9c48c128b1",4404778.83027076
"b86c526fed01211fdbb62815",32481482.8056063
"1d2b83d973547da8c168f743",1900947.21477874
"0fe3dbfdf25d4b013b842b51",7874790.14058167
"71a20a4daea6d31de942b2ce",37757668.1357837
"35352b370a31d01748616b01",10749754.2076938
"27942219389ecffbce2e1d9e",5053934.10360331
"62fbacd4e172983a2a998daf",17772941.4181721
"00c1165df93a4cfe679f54e2",91439159.6479686
"207f669778ed0db0e619ed40",466883.886567557
"5ca0586ab7d20dce5e9ca8a0",111773.247683699
"cc27435df779f16e6a62b0c2",1658570.17022055
"7a94d3d31471ae313659aeae",74741864.9220152
"efebd19fc5a2ab30f2ccedcf",496366.747627745
"8037e40c0c8b20ab6e0d4b78",1452730.29658631
"5ae3359bfe2a704de00e8801",15199393.0218492
"a5587c93c012375dee920f71",7576058.93225817
"ee7f7d547af56773a4b0afaa",2087069.39920335
"9ed988dd6739eb7ad7aa5a06",52025687.9541473
"26c08d7331ae19e1934a22da",4348341.3138738
"767024c66d3a88bb18407b6d",55468482.3046753
"6afa85ee6594d1c8296f04b2",2053147.32203452
"551ca6ad1ecfc7ac21f8ef0d",2493208.9006222
"1f79204a8f62c29b0a1b29d5",49750844.4047565
"3dc0fa238745fbc31ba88853",802270.04018506
"4bc3f597867c6844e9b47fc9",9190438.7941974
"53973c17ea7e89fbee5e6cf4",4724335.60073718
"05397b2087e5cf381809f169",5383503.17915422
"584990ea9718bb5598495061",1433646.36012325
"2e7c6a89d2cf2d835839f5f1",1315956.76789552
"5c02d79c59fb636ca4cbe86e",288848.610141644
"114436e00c03b44096823522",70986417.5782458
"60caee98c3cc8526d16d7f44",5479515.13449709
"8207612808b5947f2802d2a6",44573833.2772855
"31a73382ae20331521bf2e6f",4875673.6103259
"c58947cd4f238cfdc0007bf7",21260839.0371795
"a7ee02ad2a4fa122799a2dfa",11184352.3201311
"c77a63e92b9f727034913d8f",4499192.15155566
"56c6bf831d3c6737e3844969",19047227.261931
"73ec6f4da3c277958cd2c228",165813219.331659
"7dcd1916c0485e0b80f9eeb4",1460010.9122106
"cafa94c4a56c23ec73ee9071",36652919.1163021
"d5ccfaaaa739b2bb2b3d46f7",2466310.98094525
"e6d2e862f58445084b2980bb",9506077.98898432
"62f96ed5c1e5f28117949a23",1726335.01431814
"20d8980a4fa8e094b7a5f00c",1726335.01431814
"0172678cb0737e21a317eda4",109554.296920464
"6254ee88812e303bdedb8767",2540458.63196909
"a812ed43db71868625b351bb",43169162.9684832
"2bd1c70db60a44d4400847ca",5192414.80292473
"b057dd8a9c2082d1a78cba88",2957978.88709917
"2fb149a70fa14ac05582ae69",9305195.42807122
"47e282cb12ae01243d713178",52601514.1095592
"ae47cf27964393fd56a52d7e",3347424.05023141
"21642991a20d6b0d17dea2bb",93350828.6925177
"43b10ad2660d7552ab6c3b10",2082438.93802305
"64e5093d6bae57e8b4298123",385967.41372712
"9d8d3e6fb432174770c74e71",2445240.04593905
"9f2498c12d7b41c213bec0ff",2643864.29102287
"6461c0a03ad3ecf2f8112759",14412910.8366327
"09b15382686c42fd89b24285",15203887.2200792
"da846b08fe2205d2e2a3dc71",685306.263029362
"2a89ac6511416d0920f1b9a2",12452914.9531695
"3e9083411c44213130b2ece8",7567841.23668784
"0f0df5694eb388d843e1f17c",27778857.4685177
"ee6a288e644183bb191a6526",2655518.53171554
"8f570610ef199a3ecc49a0a5",27257521.862409
"3115e2391cc3a078b5e6066f",79531046.0718261
"c7e45098251c687efe670815",1138432.38495181
"8a3b7f5a8da339fe19e8f138",722906.710305135
"2f801cf48edb712627196b2c",81604877.9680588
"a147a8c29757c5d0c592d347",10636296.0687377
"86b0aa633bb16582bab5640f",13172406.6741824
"c9620e3e2dce92bf95c57c6d",7293485.72820423
"b746e4a5c9d04cf4dbf887da",11811768.6258311
"915842a8a03914c08a6607c3",2178231.14609773
"e9e6e054c1d09a22b7efa20a",116109639.547307
"4b6fb9b705d80ff350bd620e",5050460.21710477
"9a51784f33b0cdfce8312163",5030199.44284853
"176c9a90fcbceb91569fa3e2",429041303.675099
"c97e70a767a3661c4869bf86",444188.578881817
"a6bdb6221b88a24c9f8381b0",6576622.21186026
"0a1e6a95a0f9598150c121ce",3227147.51996834
"37d12acc69d0e3e92420e62d",14372063.0464992
"d433ad6c3cdbd707e6839082",6600574.41858298
"36bec92975612d091a3c78b1",2287244.79584256
"3eb97ecf8069775b9104af85",8740180.09141283
"9aeed339b2d916cc89f38bc3",7549142.81300345
"f404deec9ec16a8460397815",884486.363145895
"8a0114372706f30bf6867a2e",41478890.3876792
"681e772045fbee930fcc9ff3",2645185.82718442
"0816f29a68aa35abd5978e7c",3903858.29808871
"670fe8f7b8ebe006885b2777",4284806.76705406
"d36dd340e5875df6cba999ad",8197479.38284701
"8ae869c5033c248f881ac313",34459956.7062333
"294b04da3eaabadd55da9c20",9060578.35398929
"17b360d57782208f5afdfe4b",111193344.031036
"88ed5ebb575d026f8d440c60",5505726.89539698
"e611a37562f88ebe07bb28d3",5690381.83661352
"e685650979374c571dea2ec1",62566840.2299596
"10d47d2c73f0ccbc97979bcd",848275328.006735
"fe96a7d758a874b1f0c42145",439520.096419282
"a7634531887e969c9c5469d8",8288992.56301029
"42f38b1b2dc077c88a746c1e",6776669.24125191
"25e832098d9e6e7c2f9afe2c",28257242.4203701
"b7dc47c641b46ca99fb83a0e",5964634.95425692
"0391d158ab104c5cdba31872",9884021.82014313
"a3c4d0ba7b85b9a6370e131a",3417501.34898775
"27721beb237824844adbc289",19886080.0129445
"6e807e25b64bf0de81f51c12",7927437.61525947
"d2637d64e4022075c8f539e1",6579551.86750444
"faedbe92e3296977872a4aeb",14738951.8577469
"5bbc190cdc5ff3296801ac0a",2644482.10263622
"9b0abbbbfe0bc85686304ad6",764515.111226716
"f8263893418eb0752dae48f3",1200863.41521636
"1e73d6064abab2cccdb6610c",631651.093225865
"c0155096575af5fc8db843cf",1239197.97930533
"9c7f7b0ebe440f60d3bd478e",1200863.41521636
"25187d9f4cfe89a525ef2493",974165.225747186
"85815a09bde2a30e296f65bf",1350110.37596086
"fd45b984efcdb0b434033fd9",202524.182519285
"5dac2d2027b6c81c1b7ee3a4",1145936.35205799
"7df538c0c831520e6d36e39f",339518.222122253
"14b81320fc31c7a513242171",1205372.62416503
"8026e480ba395cfe1e09cec6",680512.261986527
"80bbc51dd90d131d091521a0",171820.385668267
"ae6ac510d3e46a50ef24896e",680512.261986527
"06b90d41ad3ce1d0d389fea9",14620319.9629755
"8d911c1a195567dae3cad99e",4233514.31967666
"2876aa9ef0b44e43084393fa",891897.122572799
"76556774906f9e12b319c232",1437626.41718045
"9662cce3c4b92d1c99849899",49661725.6467304
"de3d078e5d524d8a7b65841c",1099680.33427704
"547c8638128424b89d602f50",3729797.67577589
"c8a3dc3654c53cf66953de0e",12038579.5602311
"21c8b93e50ac884e63514f10",4061713.15615342
"49a0715897795017ee0de843",2448628.4011225
"5d646ababb10f51c141e0d8a",2468887.8290735
"da598f8a82b1ad1b02961cd1",23169323.324321
"84d8f7109615519f2ab0a48c",1820653.80882888
"0d027b81f8391d73fe0046aa",8886619.00237809
"079bc331430e94ee76f8097e",3928601.31735461
"61055e6eb1910507640ce6b4",1912227.68853026
"3f6effb8881ea683838437be",11458036.1510488
"92c8d6ee8496b91821d7ba3e",19556650.9535875
"78a08f21f7d7c51ff4d5b8ac",3840128.79449069
"f7ee7282cb9edc77740f392b",4514609.47701033
"694b0a500f1619c4ac4c85fb",1228840.56139716
"13d43933e04c3c7a9e5071cd",1036140.36864519
"5abb555cb9d65db8e6c28201",53406739.0019708
"ee8103b958673c589b9cb27b",11669259.7093943
"5b3a467a3b0feb8ed81be1b7",123925478.583685
"e570a5157e02d440a78ca008",5135960.62674794
"70298b5e8fbd66aee975ff14",1354539.12413091
"2b552d7b1a1488dfd618b120",1230659.54446023
"f4ea9c80fe71a1bd0b692475",7539472.9860869
"e6a9d5c9a82ba73e76817a81",4621564.57505512
"9b58b5c993540ec3ab1e4a0c",3443076.86856879
"00858277a3cf4f31b8e3f738",12297392.0095063
"d937ac866f671e4a0c090879",963553.464333486
"7d02b3479cb2d89d55bd4fe7",2502322.63317161
"bf79649b531e876c5f03883b",3356060.90933283
"66a2ec5aac8969b2be538c1c",2502322.63317161
"7637c251618135e082a9e2b8",2529258.69882997
"e8c9070ca596f88bc2e0868a",4315835.59940452
"64adcb2941e9553ee394caee",3897709.01177444
"0bc8475715e42b752649b4e6",13135325.1446816
"956ad3b1dcbe8f236efe2d2b",1197979.75169993
"dc81900a751b64dedcb4ac39",1920788.73659965
"02e52d3895522d9be85c4544",1382354.05254404
"49d6752dd196e7dd583baf44",1319618.90710827
"8364aa431b2e267e41efabc2",2587211.84664968
"1b59d33f9000d2e1aad46239",968513.632406769
"74a791baebeffcb7e7b917d0",1581113.14477747
"0a3911a1a9284f2ff81689e6",4063526.38287287
"6276bb8ceb13d174b8e405f0",2383210.31184743
"d573d2caf8c67aa32bbe592b",3450212.89243601
"57cafce17dc4de3bf8a9ba90",6840118.28293105
"1dc9e5c684c831b204d21585",1725650.26382945
"48df432642971a97d3d4bd45",1911839.29214121
"4902ccbe8456d3f0a29e5059",665734.10621179
"3a810dc80d3a63f8cf106717",10286974.153484
"c9859204696f3440cdb541c3",4972387.70161275
"349fa9cfa15d8f8bdcbe863a",672419.868942657
"d0bdb51c8020a37fe8344650",12618392.7064051
"7b037e6e5d110999e51b79c9",1629763.61595816
"f677c51266f5ada9e23f20eb",1214489.3878989
"1b85d69a0f8ce1d6ac4d4475",76206567.6196279
"4570a3ca0571c70657b4a1c6",71004833.8018475
"de32ca7785b71dbcc76a50a1",385128939.939824
"4e3cce6b581e74879c2dbc4f",8490546.77744963
"09c4d4b5d1c0118d877d5734",14158315.5823526
"b9809baae395914981a9296f",7300326.298736
"fa56058283c975be76d7c990",17696122.8385151
"7b32938ebf0b1b167a3d2d20",122357249.338578
"bb38c1c17612ce593e5ae7bd",1451960.20081895
"bf0485c2e267d06b9b1d90c6",39172674.7988055
"0357d0ee6e0646113ea543cf",3187491.48398073
"ddf5182c482fca7d881fcba4",200331.613429041
"47e6a61fd652a3dd37556ddf",1123941.27995708
"a9054883a22542257c7e778f",22165915.179293
"d7c70d831e88d552da09ff29",22006678.575446
"d4d138bbc80a0b29ed28a4d6",345506654.313061
"dc9119767bf4f21fcccdcc69",11056538.8523469
"e8caed8cd754b0e3d43e6954",16292329.7342219
"033307467830cb865a785e3e",9868593.85979292
"5498b3e3ca091bb81be87166",3100411.26328819
"bcaded180edb36336c2f5b96",25636517.3198015
"ee4377ff95580b93e80ae08c",319629195.925504
"c25e1e289cac1bbbee489122",20331045.4224982
"7e41d90a838048eda035fb27",42113287.6859955
"f418efb887a15127cf2563b1",29230059.1414977
"93b27fa67eae8cdfcb846772",78417895.1409201
"6a42271a0b03bf9a856d1acf",580544893.280046
"2af9e271765438a47fa7e7a9",7291496.69500722
"11429e0923f804d7dc5d27b6",124582904.125986
"c218434cb0b05ebcef935e5b",513780.490327857
"a98e4f4db7afb8a6c9f69400",2536011.89945703
"3c35c8993bb937164ae4a880",21021962.0755824
"c23a1372c81ba03e6dabb0df",4875906.10610386
"cb332695a296899d1c798426",604950.82369558
"2ace3da2fc4e0c022f7a8755",28717890.6258393
"14f1bf9aa68aee1ac094097c",423999148.268934
"649a2784beb9b821d36179af",60650189.3911838
"6bbb8f89bae38eff88c89c46",735644.310066949
"1905b860a8d463c3048b4e46",5027552.10077515
"3ec50faceb434f716d73613c",6555707.20752313
"99543a17b33ab955d03adfef",19573331.7675837
"edbafba81b92efa9b1400987",13118274.6886605
"9b3846c7abf642e0a6220e7a",8642886.09451086
"691c35e98d0d5780aa82aa06",241959.208090518
"395fbdeb9f0c0586a2b20edc",10853445.3741135
"4803a3aedb6c20eb194469c1",455509.976313883
"bf95acc88b60a3d531fbd42e",999633.094567071
"b936e36ecacd7cbc3498cee4",4074601.49933427
"293c8a0a4a358fe7554a4ae1",57668415.1771996
"5a72e2a62121158efe59069d",2216617.87103948
"605276b332b5e5984b83ea8d",1724807.86684162
"d3de7e975a9215d04567e467",8635627.50305731
"44b623f7fca1a306560172ac",2375837.39199266
"9a6a8802cbf3549870c55031",1842252.13356809
"f43c684b789900c58c8b5fd4",8635627.50305731
"dd7ec9d7dfad5364dd303f49",772128.098900381
"506f2b1ff3e4e7e43a5596f2",11561169.8353153
"090d371309090bf83b6fe0f1",39777261.9718225
"886be9a1881866ab1f300533",15962921.5870131
"ef34f331871e8ca6573981e1",8198957.06614344
"53bbf1d3345eabc2a8b7f5ff",11965028.9993462
"5bb87c8d49ba8ae67a659b52",121290257.343315
"21dd47ac3c4e1d6bd0ed2485",456756.693121688
"f59686ef2740247394547078",7649487.07597807
"8fac177c5a8b4faa21b33138",10076467.859029
"b2bc172a3ab25b8caef50189",2761823.82316248
"a10055de743532d7b7bd29a0",6982734.68808938
"c344e3be381326a1b6cb5989",2625131.52046264
"3fa4ef366575bc72ca5a0582",132727889.331769
"e9205b722e624eba0fd36145",28948648.8236181
"e75699a7693c678786ced75c",6413366.47539912
"23208132621583ce4a46de77",1718965.2131559
"558d9e4b57fbe6c7e0a09a95",1347231.8770868
"1a6ecf722b2eed8cdc19ba20",72840776.1640251
"11734add51785f1ddb999c5e",2521239.1829286
"82c9ce0d018c1d620b7a6689",1541470.126479
"80d95b058cb11ec829b5ec96",3541648.73321934
"cd89201cfe3fa19a4eb14bf1",456756.693121688
"d0a5f33f0689445e22db6626",2466661.4624043
"c7c99ae9259b34bf9b8ba799",1700024.56560402
"73806685dec82cf637f19384",1665264.8973264
"83007c444fa52b34482ed55e",1156739.5087044
"e08561df5747246d74136dc4",427535.929576011
"5b0219cdbb8ed527aec91659",4852887.18224289
"119805b72aeb50f05d3a5bd9",16216063.9207046
"fd20cc372715855081e24eae",3759782.23434044
"e4a021b625f4ffbed391c6e7",3703875.74290508
"902d4fc2c44ae5ca2703426e",6417759.45600272
"71aacbd62d72d3eb29a744dc",1838054.39806484
"7290697f96d8e2101089984a",1057763.052379
"314153750510e92ddcecf33c",9784813.38206075
"9d576cf721ad30ab1a4fd554",7153412.89082504
"50160783a9a0503df5a38dee",1937874.43761795
"0f4abd70b68453d3500eebb5",21335951.7467269
"42cde300d741cb134a529031",902643.777916989
"1e9cb258a0b7e08244d7fcb1",51349984.1748765
"febc9a1b054671445d756cec",1840173.1278278
"39351adf139f820864dfe8f4",44165672.4781768
"b4fac45659e67d4e91fe65ff",4504197.96505617
"fbe555f6bd0edc1bc950d9ea",1014188.53772861
"67308f6bb80d2a203e306104",6413109.59750234
"799cb909791d43a1eb305eaf",16485824.9320411
"4354c1b6b27a87c451ddaf36",7411973.79073166
"0b937a3ea4864896b744108e",211469.498500523
"b96d8b77fb5ba71ebce2fb26",44781845.6849127
"f4b1645da3f4286e39f2fe4a",15834015.3005896
"a2d1de4211aff373009809ec",21323299.3241138
"50b619ba3e0b2a4c6512bc97",14278372.1817436
"3d57abd322b0077efa1091df",996041.715114698
"652793275729ff3b69e86072",129509.455193319
"1e2270f9f49aaf3be01dab49",2036285.82224392
"99970db787f55a4d1963942e",2524378.93187857
"801d821fd6ab7ee01b62a800",4256115.20395136
"2abd46909a251b8ebbd37133",8040712.27589006
"20a783884d6bcf1aa5697772",49896527.0368063
"2fc38ab2689eb24f63e32efc",1873811.70662182
"1f592cc4ed728909040f953d",27300551.1869945
"d1dca15e36fcc5ec14dfd870",27300551.1869945
"54f7aab6b91b48272a81fb47",13590440.0597603
"b6d84e7d569d8d0f0d0c9066",2246833.44451027
"54d10cb2a44179fd4d726f1b",7615654.40127921
"341c307eedfce3f735f4a63f",36313203.1253817
"1e057cf20757627d1b006141",1504396.98631857
"798bf22408ef6814759da1f5",452033967.044152
"9ef3691cdc2bcece41b47e78",8346741.19319
"fd5793113661540ee34b8cb8",4117590.39295927
"9c4ce4e9f12764544cc8bded",1056815.24150829
"542b5322e59a3273e10dcda9",5230694.54002926
"af578bfec5d84cc2f4ffb8bd",1021180.27665104
"a310528e34207b5dd813df8f",13676355.8116098
"ecf5c9bd618e3976ceb5697f",13867398.245176
"d342a1ae299065045a957767",3196514.28275416
"f5dcdfdcc8f414cb7a38309f",400839071.657159
"4090c1b86074c8e769cc72fd",14367677.7101141
"7ef2d4777310765d0c8121af",16945349.6599453
"39222ab30001b3cf45b7de65",20673834.504016
"91a73bedc30e0c2acd95d6eb",18470151.6904106
"d1e6d6900eebd9ace65d6c36",54471831.6140936
"592c9c45c07388359f663219",4694773.42686717
"738111512f5e5052927468d9",6550957.40175464
"0db51d4771623f5fc1026d74",5562122.43293518
"82c9556e19072558cbe3a7ff",32557775.0824755
"c1e51ab95336a51885b4c672",1089403.83769638
"0eda675541a035b1f620ccc8",11600576.1491805
"cf379b41b70374ac4cf82dc4",16983142.30657
"d90c961aa01e51d63e50a2de",21507475.5531884
"990379c9f9f210206c6f1916",2329386.87319623
"f8189811dc639d760937df95",1861569.77803103
"3d1deb639d94b292552a123c",3776906.53443093
"43041a793a13a4171f22e492",1231767.96741393
"052d00805b2602cac76fed4d",20816517.1692101
"c76207e622cf8a208910707a",631726.998853788
"ebe33bde2abbecd6d1fb0cfc",1039638.34830611
"2e23ee2beaf5293f57a5c504",83610539.8830037
"abbd422c412c2d57f5df62ba",1535770.97316737
"648217f4d8b5e0e65dea066c",14614158.445229
"52e7657a539be5f36f48bed8",4001462.07884467
"3a276f0df8c12422e14107c5",15759444.0090666
"dc537b5973d2b94acf6f23df",2234388.67630155
"0a41279a5ea9b92bf8cb79c0",3244753.35082335
"80ed77aff62d4c57ede6ba94",458827.847550219
"1fbc660f780245bd72015f07",18667494.5795458
"df1f513009808ebd46ec0847",31406204.337569
"58708fd9e83147daf1a80c48",10366469.4755612
"52b699f9900d81ae85ddc7d6",4856174.2274058
"98c5b154ec80083bf6f51835",1611083.55520929
"588400f7829874f9de919e39",41105733.5679808
"46a2a88ef09b2aab932ea02a",3702664.3651726
"31474c62a8f39e250fb2882b",4361823.01230315
"b40873d316de1c295f2a97ec",9925697.55606655
"bf4b8b23cd87377169684e98",2292728.5698492
"a34b3b037805f2ec489a95fc",4982379.71858731
"963985c57392ed0423d74caf",126464932.777301
"a93a37e4cc75c069e14ffa00",1621689.07924062
"071f284d07719a3517c55567",164217490.780743
"5d030db414b00948ec10d18f",8942013.65022938
"6e57de8c4ec2e42832cd4b09",56175232.2950483
"d9ee40ccf461ce3e9ebb815c",20899266.2648751
"ee13d186a24af238d06e0c2b",216453098.144218
"f27397321c007765244e56e3",24947966.0661816
"959397711c3f452486ae591c",19535177.173207
"a41222195e5c7d7987dc3c7e",3975926.4827087
"ad14cc63c36789bfc1bac0ef",1367480.98911516
"79ea72e7b03cfd4fdb5219b3",4358205.52325575
"cf68e05962a41395844e9c80",3394831.03600677
"4a20d03d09fb9d0ee5565ec9",187426.47075003
"734c9446d0674b8d6545bfef",326185189.938196
"d9706de7190ae64c83e65769",2444528.90076778
"b778282fc4b9c43055629e44",2321350.13854184
"a4d4d6480b56d6198c0120d4",2540378.68181224
"7557a9bc12cf0f2901c00264",11153462.9887402
"41376f69b086937257387f1d",21009535.9243064
"2910f3631d1db77e4b61f8b5",15013893.1702594
"3a8a506c99ede47ae2257e87",35775048.1911741
"25d89911e830697217d460f5",82044990.5747622
"365a227184022e99f1d2a816",855161.973866649
"c6e34cb4e79a729a5df4183a",92909237.7562113
"c5c3f06bbf812593d1b95a40",3502440.88895873
"acd6ad0081960c0f17b144dc",192805101.368319
"344a104d2210954497a5a388",31426338.0556033
"c0109086d0f49aac6c3f3f18",418383.911844834
"c42c99f5da3248e7bcc73fa7",5020896.74465152
"8e1e9ae57400052cbbaed9dc",10499674.9593733
"8cdd55d191f206b0841e56eb",1932363.85767896
"c1e0b47866cf4a0120e4b3d6",142040888.14476
"45a033d121ca5afef24161ba",21676987.6703014
"bc834280fb45fb308d957640",8730957.79953844
"9ddc14c8e7fe7ffb078e0019",13523365.2197683
"7d66238672def6f73c25247a",46044580.2368119
"2c12cbaa1f14553c1d41b958",5607559.30604387
"196969a98960a68088266261",4856174.2274058
"a5a3cab55661982b7d30bc78",8983383.45458838
"6464d5cc161ac659dd963897",3124599.95399765
"e9f44786cf982100af0984e4",1054715.94633269
"6302e608d8f37e63f4e5cc27",3415683.20853197
"ab614a5008d68aebe34aa201",5229746.83387558
"06bfbccfb3ec0b1f65f4b351",4678758.69216792
"f7f46ac9158f0a1edd01709e",3134323.40556465
"6e233ae6294318baaeebb59b",7380007.98327251
"bf6e713a689f574b532edd4c",10169726.168915
"a7e97bdf2d4f2f62f9889c3b",371341129.026084
"784822ba0060eac9358cce22",18765702.5196006
"13c51ea93d19df6c273a1502",11489747.077804
"176e00102fb65cba56279287",3512586.34468411
"52e5904902e4d75ad87afde7",19389069.3899648
"728ce22c8db9bd0abe3f20a8",29793042.8087635
"e8bf121ec117e383c843bc51",164461.41948472
"878ff8ef3c862929bbb19ebc",32055642.5330067
"ed80ba018de35d5d76d50db4",13095675.0824116
"9267fcc93ae3b6df8c12d9fb",19424456.1622607
"babe27dc477f5e1b7e438422",12643640.8547099
"a4173461aa676e09227559fc",2666707.83104187
"f0b2a0602bb5a83f0827ac75",1416121.16953018
"2da346c00d6fc39268f12b82",19341015.8249311
"9ec5fbf8767dd0d2744a79b4",444127.159498834
"c85e9bd6e20ee2a883d0a7d9",6901093.77736781
"191cb509fd44e580ee32486f",18594291.3208375
"053d37bf1d988505b5e91809",6145087.850314
"4d3a66e028dc8f3e9ad9e9cf",3773910.90999161
"c75b265c0eb946ce77e32ce7",17897105.1833632
"d233eb8af3ef7e325f6c8f9f",1412343.41541818
"7f7f5313341b3ca499968716",50035573.5538642
"4fa51848638f4437a3e31682",12054778.4956158
"9090236db3ef719edf72a330",16250773.1936039
"4dacc190eae91b059dacbb00",5872917.92671607
"ccd2f6ec8e9841f1068b7c76",1653658.25975057
"a354cdbaff42acd1a0b5d82d",7649275.52044215
"da8d3092ed0e085a83a7d67a",37550397.9617904
"1181e18553eafcf5edf6fa05",3333308.58209002
"5b146f1914acf2ae78360fec",104724395.379269
"a0fa0aca2f6c2ae65a98ccbc",1230735.83397074
"038bb35043651579f443c481",2660268.679813
"430c46358b85ad4a741c7187",228207.111782425
"4becfb041b0439429f2cffb4",147620295.07429
"feb87029d5a2e8125e165bef",2237796.41708337
"61ffbbc24b30698ab8f735c0",20243170.1521334
"0e3067f71dfb9dc2e03bba59",8381599.29700648
"b8ec643c66478da376153333",28241455.1832342
"c8bccdccc9186136a332e995",735649.922609036
"0f4765c8929a87746217e957",1533775.98571969
"68c145df0ef91fb4d14d001b",1058041.50718584
"e5b92a0c67c506ca6e92315a",1463042.47064234
"a482103965890c922a66eedf",133956804.852489
"1d917f9f5a3cd44cc4dc8d2e",166409.877815679
"4cc968db25c2cf03991c0041",2533352.91203921
"91ba0c5b21b52734d1e244f0",16357687.222907
"d6a8f4abcb02142c6dd15b30",2507594.9663455
"0587e7e1f03af8ea6c46290e",5031490.04765834
"61e1e0c49f3aafee6ec9179d",1577011.04561795
"797da4e993a993ef80277108",14623331.9662992
"b8acc8e72f2c498fede3fefb",1894701.23405173
"ef2ae24039bf2cff1caa4340",828463.383725234
"cfb8d15c6b0c0e6ee4b92109",63877693.5018678
"05aecff6fd8d866c6c157a9a",183638650.699013
"b2e37eb7cde5cf4290649ad3",101746788.383791
"b7ecbd35179a7658f3c11b41",5782644.30246825
"699095150a7f3f32c40454fe",5639270.08617314
"989a4fc1590097414d7c3fa3",30673121.9820627
"b6853999c45e21646a0d1b20",16340380.4889312
"6ddb6863958ded0d72fcc6a9",7362461.71719477
"f6fc3807b54d8c69459c4f64",3574198.51815371
"6528ca87df8bb477f4b6b8c7",21141829.3275126
"7bba885503ea7716ffea503c",9772745.83597138
"846e6f1ba1c94966314345d8",10221024.966533
"04e6a79dd3e4d8d17c8b5387",60643133.2572715
"4d60db10157fd0b5eab9a23f",32419588.3397119
"0d7d434afcc5e93050e0b86d",18601102.0006908
"bb9ffa04d913d06846d082a7",2809792.98677188
"80abc4c356813c1e4ead1e1e",123348431.084444
"df8979b26c9971dd7c3500d8",7143173.54281798
"6ea18874ea84b5b4840f9b85",452375.694134704
"aa75ed5781e6e8584143daa4",2350770.61504608
"c8c8d083c9b9600059a8b8d1",177780.937059623
"5c8f3b7ccb4340263c255d00",9858415.95055179
"79b943894c4dd68bfd8cde7f",1553714.11955413
"64f36d32a3a64853227fa69b",84476313.1457706
"d7080c3742cd9d72e9d0ae48",105994833.404751
"8333d32b98625a2742cfabd6",195265818.535493
"bddcc7fb72bb973f84b864dd",39839143.3779329
"5a80dd0f68dc2cf9fb1b0c03",393995893.138356
"5d82060575bdb7be33e63ecb",9291822.8643508
"de416f239b27327e0f78b862",1218565.06400382
"816f93a2e035e4fcf61ee4c9",67258602.1284657
"aca1776ef24acabe172d573f",18060263.5871652
"af32aa018cdfd081a81bbc80",7129004.48645265
"7d133cde943d189c9abbb6e4",31996451.3429566
"80035ad5b3b4a948469800bb",55041022.2873276
"95bdebef7fdc2ac0e9541c51",24870428.953923
"d038e5695b32bdc6fff1f72d",46059688.2824311
"2979f2d91d649a8c14f5453c",27759948.6311883
"a0be286778d94153d3b22ccb",15857287.145928
"57e8ea351ecd1ff0825b1324",2080443.99582131
"c84f96cf4570158c3832c3f3",1139974.02723883
"93ab279de0b7b414ce758153",653926.922572171
"2018131ad3f6e5aa8f4be704",1153200.50368578
"eb055771816b45213df3ff3b",233670047.251597
"8e3700ec731701361d7bb7c9",1209473.06955511
"422e994aaca85628ff759004",15886076.60005
"569e2cad5c18a5f393f80a8d",15830965.294648
"7b4ca3a8d09968e48c185260",4295600.02437507
"12785f791e04b3a49547fbc6",144430516.802183
"02ea72128a99862e9537718e",48619135.2341995
"fd77ee8ca0551b5b614b40e1",47160596.885623
"ffbf6a54fb00029ba24dd3ad",9000414.08051726
"a295b12b773127f15e83e174",13150190.3609684
"90f0cf22cf9c8fcc290e495d",3835224.53763884
"220d466e3737f1f2a8ed06ae",3802889.84069522
"235c56f4afd6d87f1b3e199b",3919238.48344196
"eb0f3b14782c9a484408c606",9857682.643815
"4188712d431ba996cd59fbe5",2419145.69765732
"3dfd7e954d6f7f40af60bc9d",6842767.23324565
"00e80be4feb1e8593b7713fe",148279.692456663
"eabdd1bad2bc4351ba4a2635",21176941.0617029
"850342685ececa472945f7ed",4205619.41173878
"ecc4d05489c5ffc8164d5469",1813083.64892382
"2406d47133763272a965ef51",13558748.8974692
"b9430e8c145c2a0d7efab2a4",26343670.2644224
"4f8dfb8de411b8a05c55dbbb",2067607.17419209
"574b6bef16abb21fd67db401",123402554.701445
"e7ef0d61e27de15f10b0d643",59776556.781338
"647ec3f486cedf045cdd3b68",43355567.2569559
"69d83d8492db7ade6c37c3de",1428370.37432833
"6c07175274fba6a0dc467cbe",21476239.3004486
"a5a71962df1b8bc45bf5547e",13183516.3288735
"ff61abc1e7843e20b1bf8656",1269517.82417178
"540c4d7a79864885d73cca95",4849297.12549966
"17d0f69ae2c4f1aaa1aca9c7",5989156.37099163
"80de6a9303eedbfd1c69601f",7676124.05619026
"7cf573f273b14a6cfafa3ec8",22765087.6733628
"eb9ab213defc2de5d878653f",31003862.2987422
"69f7ab8608b5328f106b42e5",18174505.9034191
"9daaca90887e5144c35daeff",4860246.76652243
"2bd08c0964ef4a95295db843",18401723.092054
"34f0542a538cee9f3624d897",636903.964337248
"847a7fbd4425fd2fbc4b3edf",6342470.08829852
"22428154baf95870f1d83fdc",50336043.4909468
"18e89f083fdbce3da0a82a4a",59139780.001288
"63674e7ddf6f2b4d7c6d5c1b",3137993.2070886
"0e97f66cf4208c1a57d1fb17",6332811.7056984
"a90f7cd68b662c87d9fc2d5e",14332369.7852798
"2086639384041f3a9b519140",70682294.8615
"d38353aaffa4af168518c6c5",55398277.075499
"d994f3919c3c8fe0ebd538ad",23215018.638487
"ea9d6dc517c77ff8bffd596b",47938457.9107421
"ff83788b9f8db0297f6c0148",5654305.54594696
"9d9564415e52518c2817f66f",8498907.21823231
"9362189c5d784741c9b0f8e7",5245726.12961499
"ffb510bd3f847f4ede255fbb",2562335.41543001
"7d3e4ead63a869bae978027e",14296412.3665826
"5dc404d1c214abd2d45b2a0a",43654457.2520779
"64335f6d4c1a7514377be77d",1332077980.04421
"b81801f02a73feb1db7f5e83",5166980.10995796
"b5d6fe84ee7c6a703891112d",37294154.358089
"af0502ae1fe341c2ce1b5325",148817828.740499
"ec43b2789c9cc266a8e0d1f6",6400217.77486245
"7ff8b0b5ab4fd12f3be399ce",5651238.12203623
"d5c8073e3ceefbfbb547eee3",2624981.31352964
"66379c5752189c150954b4f0",2798900.03387646
"6a3f9046cfdbf4eefca3ca69",2076653.91813062
"b549a72c938d767ed504bd83",13025898.2109518
"f48e503ebd3908838c1f2ae6",3269852.99013246
"e58ba64bfa5280630bfcfa97",30767165.3171223
"07edd16680605925192efcf1",229791662.121947
"70b821bc1c7dd846a8be343c",1508360.54892356
"d84d7edc4a4896c4a8722328",44074451.3743356
"6d592a69209ef3356e656c44",52855053.6671393
"ca9b2ef10b512905af6be620",29616781.4590834
"bbf16146922556095f53b5ea",7125660.28682393
"86e80098f5a3e7dbd635838d",951031.684570212
"dad46c20f9f7d834e522fdd1",7712946.4746651
"e2dcb036931bf4b2aa030036",1688001.79076067
"aa7a25411bc0f9f93dcc40df",13941097.8431979
"e192181121fe58a8bf94aecf",998821.192063803
"5aa715bbe2b178ad0c9e4b08",627875.800665238
"43b5b5a9a1615eba48ab8b66",18325017.6883816
"dc91e3fe1b190fd8cf2584c9",47535649.7726169
"1014341bbcd2fd5775631f78",76771455.8247268
"7f2e9d302a6ed1770db9f7cf",11188598.2852466
"73f4074e5e09e52e0e03598f",12990765.2562817
"0460eacc73398bb95f0518e2",27789456.2831153
"5a44be6fad8878eb2c394ca9",39610926.2990572
"936cdcce007bce08a72112b7",1651103.83437381
"8334a4cc7db8ed5c0071fe95",4624170.12251263
"e3e9d1d073b129c697c1e9e9",634953.561792403
"dd9a60c3d502ca3cc98d9b73",1841900.7853675
"949184accb5878f82fd5c10f",30600137.0345551
"bbc675f7edfa0425c78c15ea",4911243.54235163
"7436750d73f2e56b4f29e98f",1773791.51665432
"cf81103f31f74edfe0453de8",19102455.6652392
"620e467297aed5c47e22735a",561028.448532503
"41037a3f8625082544979179",1197979.75169993
"6a2db40e5f210a31b2f7119e",1392525.18040485
"0083ef74db679d22463a1afe",1624007.48659913
"b19be1ad7f60717a943ff0f7",1322385.43973208
"0906b6a88fb1eb0d7bfb6bb5",1484673.96977447
"f82adf71d17c261b41a5231a",2814907.68576655
"bdda694c42c52ba4803d482f",3560708.85501705
"80f633154b6f94b8fa24f213",1379092.43880394
"f69aa18a64d8b8494fd9fe3f",1369390.26512157
"3146f3ec9b237fa0944cec7b",61065162.3607549
"5db3d671b5aa03dc33f258dc",1094886.5497037
"d5239537894ce7f2a9cb5a49",133169.675366386
"bc28e66374356a4fcf9b62d7",651114.166706307
"3697e556be961a16a621f3e5",662399.769851642
"bb6f66493fbafa76d70b0a34",3272848.00075283
"e78a4111d943044a9a32ed80",177905189.30935
"044e2daf937c0d8373f2e914",2678636.47036009
"77668d4325802de9d63609a9",5361819.41779435
"a85ba83751915d8d5d1a0e09",2718564.93146632
"429460d5f5c5381e945cf449",193827933.797728
"a53dc5c58f7384729ba37a21",933799032.87174
"a4dba76865fbd14aa19c0286",10407578.6499017
"7573c18a79e5e3ee0610d7cc",11175737.3263012
"f13f72c1cb469db92b25c2fb",4243320.37655751
"45dd7eee4488e88d71d46783",2064470.41240551
"dd4fd04b9fd80818bd543f9d",7158633.64502611
"500a3c5953f89b431184fead",45668659.6573482
"d2e737461b916ba78030c76f",47522414.2253089
"e1e69b5a90431b8a44265487",199076458.790713
"49cc8164d94a2afe8b750af4",12004231.9239116
"e9b054016b281140d2566d88",3267041.42549656
"32161228e9c502d2c21beaa3",53610756.3684596
"9017accdd4fe3229fc45280b",553728.672113181
"17fed4a312a9b773f64861d3",4903671.11614385
"8632f5681d04d9c934675409",8240739.15547
"8356123e4d10a479a12e98bb",16193068.5531641
"70463649ffbda5fdf3c10ec8",101686063.666841
"1414ec3cdd3f6ab772fc7584",54041743.51676
"937708417ef2642b7d05abad",4694768.94958446
"afbe90d764c1821cdb26e38a",3516658.78763542
"14331a3db021936067b15890",85623024.4971898
"793efc460dd25b67c644e92f",1491970.96157001
"0a9e4dd0eec86037a36fe769",1097254.14000311
"e5168779de76d99010e37c7c",9920284.54762377
"016dd08801ad1a1e7f6e695b",8592072.68595653
"ce509ce153f452ff8a997538",25469053.9082411
"66d8ce8e6aad18a4963275fc",1854091.16719545
"8398e3b96d1311c7264f6603",3109297.27756425
"e9081115ab418ef1031326c3",6897159.22466415
"5c8240a1ebf6138f81dac715",16305759.7324794
"18cb1adb2078fef29a613a96",7027052.22748965
"4167fdc804227ed43224a32c",13709106.2780412
"b5d0ae257748ea92c47d8fc2",11602855.3863941
"1d17f0ff708e6f0b93a990ec",518116.380961818
"764f506bb2aa1ac4de918a71",2033568.90150245
"7a861f1e3af4dbbf55b2c301",222086.346449198
"1562a23a312478d7a05a33dd",46114276.6246354
"0a040fd24e23a77f0c58495c",12545677.9752407
"7f0f5931fe148f6187ebf512",10285188.8114343
"9fcdcb2be94744d00e734a3a",10592081.1441257
"f181f74e96a93820a23bc0a0",12326652.2106338
"5193b43c32a2bfb3aac6b2af",9547635.08422768
"6cc7718e834ba47a429d6874",9632930.1760874
"b8d06f4ce0d6e71ba0fddc26",4762837.7642487
"30a30e4ab286fd822c68ab5a",1125801.44698337
"f99bdff027d28ceca0caacd1",23301479.2765634
"f46f5e911c6c595efb5b7ab5",18526780.9003436
"a7f0c831d82505044f370b1a",1334983.17266952
"17069e9f4ba45c93738b109a",4187561.60081403
"dd5c910c2a3d63b8fa92096f",21133241.8812583
"a33329c9ed11ee8b87aad6b4",2497937.88817374
"925b457b5df270a68b84753b",162138.360992312
"d206aafc71e8aec2afc3f8ee",534953.809198512
"f8232717e74332384075dde8",180184.747061171
"f60d9f0751a14efe41be383b",1290924.83496808
"13adc7946bd4e6e3e4416e52",5052922.04544815
"230cdc90e6c825d391d5025d",11228940.4731015
"e98cb170e4383546988c6829",21133241.8812583
"5bc46671989de2534553ae49",2625006.34742161
"3b98c8e46cf8477a1968244f",3371005.63029108
"f9f5fa4ad495197a5c9b492c",166225.886646977
"0bd42f8ee9d36dae4cf35886",1124637.14146302
"567ca46ac91cc53e3b479547",2351021.71784682
"f0ebddf2bd5aac661e4945ce",27165499.9910437
"eee841bc785b1824b6419a73",48151700.8539123
"004776514ad269b380581066",91702193.2170856
"bd3edc7854cffd6b6debfb98",76748323.3813645
"0b42bbe66e438fa81a2ff77a",10808863.7728369
"a33bfa6cf99e26bd9c49f8d8",82445479.7533742
"8b45db8a4f2c0f772c8d44cf",536356.576684308
"262b5b0bb408d7cf53073832",868806.108760708
"5844c83fecdf7e09b188c2f0",44756484.7349925
"9cc3c05f0e81b8f6454b80ea",637278.839771862
"07c46b493733d74c4f384b79",2177057.77469656
"932ce2fe93b8e1ec0e7bbc8f",17957080.0275372
"559fabe06aaee537322d0af8",2456056.22058893
"f4da2c8dd901cca9cdd51025",43788217.6482158
"84eb4861db0816bc8722f379",83176940.7467307
"d0dc69570223bce949a4c17e",6436036.62144903
"abc2ff9d0e7848169fca170f",97753.9245404869
"3e3880088f0df7c447e27840",41932384.4524007
"3580dcbd0a6d7d6d3546dad6",3612796.7453662
"f123231ff18912a3dfd7cae7",7448012.06544554
"78a7eac41dd672cd1863e3b4",8320911.00716353
"97def72de478566ad58020a3",3779428.73334212
"e3e2e3080cc309d34014e8fd",3533794.45037976
"71be583d473084bc0608d066",10877174.2689212
"ac6a4c672dfbe20f5bafbd89",78488524.0937826
"f4fc081a112f5ee1b3a09e70",9195015.09898315
"d8add8f5e0aa562a63c894d7",3954357.12286139
"88ab887e18e38d0b8315286e",3533807.9307615
"07c8af84608e6c9206ad6961",82990263.8776262
"2b352d996677e67156391e25",81775023.7545189
"ced624c6debaa01c732e9f60",1378721.60085109
"ef92f63b46f27ccd2151a21c",1394546.55766807
"f4022026c279a9b77a894ee2",86937225.3864794
"e2e2218086e6ef5377c01b68",1128620.07441194
"4af83eb7718f5823ae69fe47",1582374.22423209
"ee98e745afca6de4550fe570",82920486.7353814
"bd1fda425d792fb0de7b4499",11097188.0018917
"86b2d3ad1dacb372734f810e",41932384.4524007
"98abd5139cc3ea136faf7c8c",7278171.66366921
"4582ec985de48290c5f1f5e1",1137964.54711082
"312a6b2a57dc6947f95213a5",2796074.7366265
"86a47522586da2884181f128",3741754.13218129
"b41edc115f6b439caf392941",888449.599931074
"fac682b61b813044a3e3ad01",97340006.2746799
"63f4e57fb2cc22659e80d6fc",2895506.73724527
"4310c7a552b20afd46f930d9",777996.979321045
"4f18341de355d2cf57a03983",1749788.92098669
"a418dbb6d04e505c133c6c1c",5150808.39563012
"afce1d7c5576dc49c80bdabf",1533239.26039705
"5ec12159380f4d1a85e8b0ef",967703.010137697
"78d10967c36cbf346bd58f63",708590.522467499
"f995364cc33c431b3c93db45",6355118.31475079
"99b31d0b5d5ab75a2653b1a1",613972.47878611
"42d42ad031a2c62be9b5cdca",78323423.6848668
"73d09646de4e0ab46feaceba",5505096.8510091
"bef4759bfc25c7d44a8112af",44756484.7349925
"c038742e427830aef3ac1c17",1380113.41565508
"e96a7f5424558193663ef6f4",3869778.57495514
"1af243eb63d893b1251f44dd",1394546.55766807
"a083fd17c5e7c9d33540b922",80401029.3253296
"549024cda1c093c9f8bc2ea3",4256906.77236442
"164cf5fb9a759f2e4be67b6e",4669072.77978818
"65ff6cef76efb4c83ac0611e",2247219.17213946
"784b1db005d39c2f57666efb",5360132.25157002
"a2f06081983f748fcd74652d",39045.7293163898
"66e4f010db2febff23b4a4f5",11265366.3493361
"9702cf3039b86f97c003e20c",77830648.6165632
"48de5d43e88caea594ccd27c",114892488.908051
"6732c28a236aa1ccc0cb2c86",9725737.25504577
"8a1d1f70adbdeb233ed3ec3a",39392505.9208787
"c775d4f60fea55d5511da4d4",10393513.8874416
"1f4109e1a4b47a9b11c2c019",12451086.179591
"31ef69bed8e54b5e1fb245aa",119698513.914919
"882907ccf178b23a02ce262e",4356975.42951677
"2868ac4225657a13f6149e6e",1768270.22375271
"cf6f0a3cc030024f4e9ad06d",37767103.5463204
"0a1cdd0d5c3c8b973ab1a98c",6156168.14697083
"0d099b1e1a314dfd9aee5293",2523914.33961313
"898d1eb301c92ab6603e0b81",17440155.4299274
"9fdf7d85fc65849cda3afda7",25305676.7662306
"f5ee97750fd4e04eafa9d1d7",580304.879616447
"ef9cf29f71434be184a4ebd9",36399675.5574917
"e4559824c3390efd6282960a",154667.034765275
"f8dc73052c66ab334cb7be14",7399120.08051976
"2e992370de3eed4ec1271589",2698633.65529558
"e2bbe9221780d01a265e2ef4",695244.41417311
"b65a2a140ad5fc6e3e26b6e3",24759013.5568435
"3dea0748459a295fcbd2f0b6",1862427.46056164
"7a1cb1f751cd36bdb6412ba2",9485032.6269863
"1381c0399ebbf19db3a11820",24759013.5568435
"479b2c9c12602551bbd0212a",1269333.81011474
"d463fae95232d30e0f78f93f",24759013.5568435
"d0df2748d371d98d76408d66",7788288.0997958
"9551dc6098b721dd495e5c57",1579776.23228364
"fa736ec3f2f066cba4328908",382441.878938249
"37fc4ce5dfff7faba6bebf8c",1220991.64711323
"f336d60e41c8bfee91d58728",295669582.305399
"65e1a61d984712e76829c821",3627611.38346781
"65eaf65f8dccb8e49a93b753",2489030.01602097
"36eb8139a5ca1b8459eb52c1",36006772.5671067
"c357cc3d2f4b45ca3e1250d2",29516344.2988773
"4b75f2b374e8674e8b55eceb",28823581.3439009
"9c20784acde0823e9479be2f",10388539.2406486
"0f2aa0d9fdcfe894caa8fddc",5257159.76868061
"23374ef76774d4f95f022473",3550421.02037768
"4224e69acf9fb071d4cab498",60635499.676336
"a41d05f2ae3e022c16088bd0",3549791.29039801
"9b30c679d7da9169580773a1",10696862.6302568
"2795cdb2f4d568a782dcfc3f",798186.395412666
"5399af7ea98c97b5906efe1d",4324421.66766162
"5e93ed2a9b36625c4450b5bd",1006849.94690596
"d04d42ff91707e3957b4a29c",7777941.05759308
"f32ea78bc5ea15d700d3c118",168498299.928674
"8ce2d6e505ad1da079f34a8d",62529856.7638701
"014799b9ef7d5244fb6640ff",986441.105274138
"f50a72cfa82f3742189b7fc0",8204792.21612227
"8876b38f90f5571639b7d879",10297280.2568685
"239a2dd25f604c730136c720",9940721.80566832
"db297b6ab332cbbba338e7a0",1550904.3259861
"5aaed76349fc95f6c12ced7b",110461737.118426
"10c94f25ce3f7532bf4f3152",224542.281653954
"d0ac1f63c75987c92038bd30",1164970.5965373
"db5ea791b33be91840a6d045",13823007.0599477
"8627562772d9d63bac507fcd",2705550.09304595
"b1ecdceb6ac00b6b047c241b",4594998.08536867
"f499c1513abf0b05aa1f460e",3578168.35638529
"0d8b0ca08838d1dac052d51c",19758252.3464725
"c54a573c9aef013dfa2abeff",8580052.25286784
"f02865ea64b156bf4cf4cfa4",23323356.0096541
"087b564ba475edbea431d4e4",3350033.21843271
"2d3236cf646f19a25932676a",8580052.25286784
"68b547621c25c7418cfdf5dc",4643964.54468915
"097a1a08a389439cc2c760f8",337262.780021247
"e9c905ff64c7e2f8c21b0a9c",1030236.31619579
"464039bbcabc650d659f6683",2254797.11712971
"93c24fa31fa780d28ecbc318",2334156.81725736
"a73206cd21136b209f25c7cc",45778196.015031
"852a11f12646f0a1121824c2",3096622.98427181
"61953f4c9bac7cac5ddda5d9",2493984.15435814
"5a5377f2d087b7bb183783bb",2843879.29341705
"0a85c354c48921e0ca202d15",6460092.8653629
"12f9d50fad58e4e40a187d98",15862550.7145555
"45ac018012e7dd91d41a5876",3508946.92990351
"28f905e91295a47d106a3214",26234760.4779666
"395e3718423aeac3d40494a7",6077359.9924436
"1fd7e9b1e717578f751c21c7",2202581.60246866
"e8bdc4a088a6b99a538a6f0a",3198194.41104682
"45b894a8b028be29ed137f1e",9556562.48303003
"f5c866d489889ab2f124799c",1308832.69442209
"3d0de71d822da8a999bb6222",35212817.2275483
"ecd0b4bfd66fe04c278dd4ae",15117686.156231
"9a61bfe6ba2b8364a92e5a97",16965723.933048
"e8b8d0c4cb87efc13344bcd2",6405530.21769655
"1f39ea319382fb0e41ead713",3984113.68162412
"d61700c4ecc128290bc42d3f",444802.391672116
"d87cbdc4896e0e0160999520",138674582.011387
"d1281c9f037ea5c4fa683b84",3968138.30523217
"310e768d2e8836432f8b3e97",12302741.0068506
"c5498cdddd7856e99d21f52b",28134303.4349321
"d3169d4a467cb7eac41849ff",14067386.4635543
"2eeb4b0d7afa57b63778b69f",5652510.1731734
"7b3621124731bcd2e543562c",1952112.51215122
"5703b4ab6e77d88f751bc6e7",7783610.18630878
"2c567face144ca714454abf2",26240465.5253268
"7169b5a3b9a796162de685cf",31309670.2364433
"fd19e1b2e61f5efde879f6dd",1491598.22028966
"55f0e95dc857256aec65ec1a",48093875.0925461
"ab03c034e2a420f395ca094a",4094967.41358422
"ee3c0c7fe3fe73ad0449870c",13432132.2569206
"e59afca092e0ddaf60c9419c",4536542.96904757
"99e48a46a1a599471d3260e0",2478576.78399413
"419398139a3aa2ca2be3f941",4875655.01114259
"54c33befb89cc873771c3be6",1227097523.12811
"cb29bd3ae3d5da88c99d3db5",13244206.106014
"24258361a4ba8f772a83ba7c",12168458.0686877
"539c12d2fe8cbf950b75a0fd",14907457.2359336
"7b81996f3abd287b50adf8da",55911204.7115968
"0d9e73c14529fa3f1ec8a56f",13845647.0020091
"dd178fd542fc716e32b4136a",20727097.0485068
"9aad22f3d25e46538e1558fb",5818701.4543389
"93df4118ec3536b312822d90",839955.924140189
"7c6319c04025c4ed6aa3f051",13845647.0020091
"98e04fd660ca1276d1510a72",1614374.9135502
"4a8eaccbde5a4a6747818d29",2011272.99792348
"9f6ae3eaafbdfd8d5c0e64c8",4144601.01617559
"5929c81cfde8ae068a8b822c",1539295.97168795
"b94ea2b8b847a47140d04008",5841653.47832026
"ac1b644a8d2ec042ca91f89c",48517975.4836837
"8df9256029f526ca313202b7",26549577.2714166
"e029511780468f4cfbd10d3e",798438.395649871
"0878fd8b66aeb22f6af2d7af",499177.036795697
"76258b7b7e8778cd60d3435a",120996807.539065
"d64a2ad3297e2fad8ce66197",3061530.0154108
"8af6bb75c85a2789156b3696",2194919.56699728
"40db880aba8951909e6e4ef6",17962766.4961128
"c9e20cadac540faa59d9aa3f",2229471.76353331
"7d5459e48101349c75d43aec",25821230.80938
"fb0664d59b6333ae1861f343",7337200.06286441
"bc6b57600fa9edfe13fb3118",1167831.60243842
"d309cdb5688ff7bdbb682d17",43979056.5285227
"d17ba799e68d7775f2104b3a",6449529.53609691
"2baa6afba131b74487c94d74",3058503.78053172
"0b7c8732558fc04f4fc51ec1",628961.144570703
"0d8cda2859d9903f6202af54",1057423.1543909
"0f2913c5aa681a2bd45a5484",548326.566252151
"de6010c57fe78d975be38c2b",778976.977600487
"54b474bc7cb126bfe8e6c144",244076460.27367
"b1dea7d384760535b770311a",32397582.3888864
"9e90e02c8ed3ad137e4c3abc",3855835.18109706
"b59711a5971a3b482db4d9f7",48619135.2341995
"2c37a1280b18e095b43e19f5",1105726.08094725
"fcd7c10d81aff25d9233214d",34177833.8925358
"c3b8bbc492a7d7bdd63da22f",12997605.7621062
"42aaf6521fdf1dc9bc50f88e",1675332.12625187
"3c268e9119b8027f78f91954",23815415.9619041
"c8d5a0e9614dcf96a500206f",4881638.30545428
"6c778557da9b5d99f90b1238",34264383.9685507
"4514844d15690b7331fdb6cb",4723610.27454101
"d8e981acf77bb46a9dbd3109",13615763.2091764
"b940ba03ea60d4cdc5d2d429",6149402.62798416
"4fab4e66ead1948498d2a4dd",99604.8807536594
"a5620899d410af623a3ff4a9",7323526.10310123
"f45e3be8500d7bd91cc8855a",1534072.94718526
"4b82eef445edeae7a55fd019",4250367.55941183
"29881785ae39aec014c4982c",1181003.92616686
"0d9f91cbcc9339146bf75bba",71738298.2591063
"b839e76df5d73e7d53691707",29630229.01868
"7ac96f16bdc50ee7619f3548",20630740.6426128
"a102a0a268840439c2c8f4c6",4725502.66354331
"e1132006785632e4ec5deb02",26161306.4146709
"a041ed3fc0b60fc4ce3cf847",3742196.64178235
"84b758716f47bb0f4e4a2bed",536749.559871045
"84394774ab45e0c8b733bed2",1985938.53279015
"2c1c91f2bb4d9dae38a44360",2047182.04337667
"8ba9304ea7b8d2b071bb0699",3445507.57090875
"9a76cc7c650230c670e703e7",143928.284031316
"9b0833992397c6e50b54715f",15869147.7663373
"6f192e6a537c1509521e1e8a",16940793.0554702
"d1668e2d35a939ed126a3f8e",5043110.78311357
"a17807447696896bb61ef8ab",5437806.59066841
"d043d368d2584ae95ad3672c",10496250.9793245
"7f2e3f2eb5abf86b56897250",8185659.69351505
"fdb1cffa6b7346fde667d72c",5359293.97857018
"58a3a9f44bc7846ae26413e5",9144172.92540192
"af230af0c73a5f2b72787c1b",10134523.1047663
"3cd5562115870363ed5d7558",3490806.34026056
"cb9d8fe7c18dba6827836403",1642212.38961744
"742fd57dd463c1b5cb79f63e",1442329.86332599
"0d30768d188b6bb53d599ea1",48694586.1692271
"c455b8a15dbfff94c2909f37",1619503.71265144
"8541eec88f0dd8229b4fb041",1563288.85232914
"54aad3aa4a166d2d50df48cb",3204572.28695103
"eb9a59d4e85a3f124e866f47",623506.739325121
"d65946f9c27e417e6bc60057",356386.309741253
"dfbb0ed74ed85bd186f40ccc",4649175.77013428
"84b05da6a859ff5384f37ee7",6592151.06299437
"e2da7c1bb33be76b86b9a07a",8402255.4570029
"456243bb3fab3e74df21b5a0",7470170.7383786
"a947c2ea296f1da3d10b0a06",12919255.5043013
"3929df6d73b3ba01bc018476",1722920.54926696
"ce44699aeddaeb77f23c9b9c",716856.33483207
"3cd3537b5f9475657060cae8",3584346.72904301
"4520ceed2e5fe3458850a805",892846.022995754
"00dea98fbfbfeae74c513bb6",8434642.21840727
"16da41b1128c039ff8f83919",4380005.67227865
"111d509185303ed970d710c7",1648833.22717494
"83ad1ce7ef6d70842ec986f2",6233489.07004471
"74f8ffe35e8d3bc9be725d7a",20439447.5474216
"f5e7ab7c2edf566fa22501b9",6766459.355533
"2e1f3fb2323fa16150f8bc88",20331549.5478401
"f8bf37a8f81a310e299385a5",7129500.81236818
"7b71229680a50bc26677a427",7046728.57829153
"1f7daef9ba898c4d8ac1c81b",43736466.2275471
"415b68c7a5cfb073676c443b",8313439.18021791
"856559e93205dd1561d8ada3",15305869.6223664
"6d534e4baa1740d7839664eb",32387326.2941908
"9ea78159ad117bd9c0b04291",3228625.12903884
"38faca2d6e338d328428f986",150769189.824089
"fcc6c3c10bb52776accaf06f",4814543.15003971
"9120f0e5a6f505a2553bfd58",23449099.1445596
"583a8d8c5d7fa63125f62155",4977749.09339085
"3d04304c8644c81114c36f98",4610642.5745266
"21fcb5c7e497f0580b820379",8219531.52399364
"6542b39cc8d2d13dc828772d",4216683.67014382
"091f6342ad934f4e7f84045d",3232226.55365413
"fe8305e287f6a8e7899c9459",149404274.725045
"d4492ffc4aaa4ca9c4dd2357",7281851.32638342
"319b9accf9980ef2ef81099b",976873.40799396
"fa84c07cc90e2a2058b57c9e",4199811.78889047
"c4749eb8f59cca469236df01",367228.583550226
"b8a5928cf1f7e704e9933bed",9832801.39775473
"c2ffdd10fe424afa1b09f31d",11139473.7781659
"f221dd5d745def063eeb7258",3934304.04035805
"319ba1ec06c9b6ca6990f4c1",1412735.42226198
"29e7796eabea247af4e8a0f7",3438771.51354474
"ddbca69ad74877086c4110e6",1077522.37426402
"c858f0f3f5594e7bb0f3b6a4",2138519.80109036
"88ae3f4a8ef76675c66e925f",3629369.2656326
"27e0810a702796d97878c34c",88494287.7433438
"7450139ad1b39b2a380472fa",8691256.04409296
"35ae7661d8191507cf9e7cdf",14260762.7590947
"93b8ea95ca1c1ff3881d91d2",22896553.6943117
"8e4709859d50a75dd08b03e5",1721767.47552548
"7026113e0cd7b2d17f8a3459",5004394.71006077
"9af956dd8d83bc715592b97a",1220737.82811314
"df10ecb67d79e645f77a90a6",1713975.78140095
"14feeb619f409386e6eaeda5",782162.3002188
"1a6b9a6d92ec5e905ac97cce",887069.587565334
"057585ba19d6144408d4e2da",3232781.4497407
"72699647b590d11ed9b2f2e8",3448446.41105316
"cbc99d6202cd3a31e1c14a16",2873340.89259619
"ce1d63bc4411a615b816a76c",26022458.7191819
"04f0fd25e2456759753bd2bc",859308.443460726
"8c0154eb5be437746213aec8",866409.088788027
"e23017438478050a655f6d67",265010.56875491
"8f0b6d6dd914911c7e90d302",8323800.00841324
"4b38595746dcb78fbb459781",610103.827042217
"95aebb36dc0b4ea86db49492",3062204.54099445
"f900f7a9c5e2ea51689e8992",1749525.28170686
"3fa0d9e247f28968a5bf8476",358734.400635353
"1240f50cf2d8ef1d8713e671",9684827.21708387
"14a55e5887af840860b41ddf",12102213.4765259
"3ffefb3f453c54585fa6ef22",92580916.9024837
"c3b357d17afd631df02dc39a",33248968.4909987
"a15aced0fffc97e219f99545",62742391.7792929
"cf707785919dbb92cfc7b5f6",4265599.33935599
"70ebbf6a402f0f707b893979",139307.570709787
"aefb3cb6ad2de9ffa90b9534",201904.181598017
"b2809471a0164e3d41b8fa60",7269438.18197816
"6d11001f164d81734a82ec1d",12358786.8439613
"ad71acd782a4fce4d9af04be",26705750.6569837
"ca86f53a857c23b15eef428a",126281743.918646
"580452a616b4f5170eb628d0",10912792.0677623
"7dc609a3c7a3ab1f9a3146e6",37082355.0637947
"e8fc9a1fd4b39f946b914398",85847055.8276576
"0d3bc6532812ea618d154bdc",60437132.9421001
"1ee436f045a0662037f9d2cf",11427110.1784829
"8697b1d337145af0ef8e4619",4001160.61896345
"9a08127164a0bb61cefb3680",3644731.50184699
"e08e1f260e5c3231c49e5a96",9147277.9728459
"b96502e30fecdfae7796f1d6",7324804.3339892
"a0b178016cd26a1d2072e7fc",53791334.3212872
"5e3d7da3cfe55ad1fe609579",3567534.06721612
"30f77637dd52e728efaddd6d",68163532.9839787
"2202c5c9a16b771d1e242c18",6776785.57148769
"3dc8277f29d0a2406fa25ce1",2139817.28563308
"a0f86ac00934b57d85b44dde",8422625.15409678
"9168a08b1fac4c5448626ff0",5833280.64796958
"cec8daf847f52cb2845a9f58",75392467.3920456
"ab7559b75b340275587e50b7",8783212.3989981
"a392f7f9ace844d712ab2b4a",8885347.85225466
"dd21c6799a32ce6ef27f5281",3465269.52295907
"275ec6bd936600c7eceac599",15122271.5684866
"978195f1745ab7e3d69e1f50",40310061.6229523
"0e3f82238c54e85ca4229977",107999667.069354
"bc168cfefe964762cdf8755b",10675176.227421
"d22d5776b6305308c9e774d7",40854517.2315991
"94d3fe901550dd4ba77ffbaf",39428286.5363348
"63717ed97f95e32b2ca321f3",2383385.324371
"a7df0496d6ce217fadfad10d",1589889.07035062
"51a696388218fc2e412f8806",1546131.37130803
"a918c218ff761315988c6335",18044528.0670491
"d3609eabe59175fcb4441ac2",9788565.37436446
"8af2e264b801b3e155e52be8",3398721.57698627
"76e4ebad138d50c690f0aec1",888142.933322907
"9a9553eb431458a3e30fc672",2659236.3090057
"117f37774a78d65f9e68f906",12461920.234737
"0c8b133effcdbcd49d52add5",39861870.0113458
"5e8b2528c1c0a5c12a476919",16750422.185063
"38d6842c2807d54f386bdb5c",5434353.88021624
"55f747145222c070fdd50175",5099341.8471827
"ca7d715827b39c417e5b75ad",6284991.69965247
"b219848e66fb065d4d2441bc",246325066.015359
"a04d3f4eb8810a346fd29ab5",12421246.3022238
"0b06da0ceff947975cf8951e",11422337.9644798
"3f35c44229ba13940d8a705d",4552991.34525977
"8bdebb8914fbcaad625b1764",14631367.0091507
"f4635193372f669612744011",270633218.381713
"611a369172eb6e3e2e4bdbfb",5124868.77875519
"6689af92cae5d7c9c3e2f215",9031953.35678984
"e382002b0685aabb01891743",1677829.62652333
"edbb6dd10f8c9e7596368225",4753902.57203752
"89b0592a715c9e135967f947",545973.239209384
"a67c6f6400a176e0a07d6772",1937946.51490044
"5c6e6dae74e39d33621c7119",17164728.3163924
"0e1c100d8e57de8296363d6f",7670087.00047439
"e2e639b53456889ab5350ba0",947363.71553935
"93acd9176ff299221e0d2152",17302388.8379973
"cb482d76b3b4904c595f2dc1",1450650.86802624
"a0e15809e0a284fde27b16ee",12033047.0457449
"9a958690c3947f5a8f05cc80",84211837.2355882
"889bd77c8271961a6e4925ea",145003.87748617
"dc082fe46a714afd43b9dc19",46466471.240687
"99f8eedcdc31cc0ff6fda7a6",14184696.8576753
"dfa744f733abef97d82dbb32",2313736.07068799
"d50b80d68eb3b928e4bb4317",34665636.8050359
"a58acad50184e66794d8d704",57478658.8183434
"52871480f7bdf5ac3d785630",4800916.51401586
"8b083d7ac086f52fd2942a82",6673082.9953606
"301ce25214ddb4b5144373ef",22130387.7756549
"6d76a22793aa9b571da64572",10731173.5834496
"d7c48db0385bdbf7ecb7088f",39043852.6430884
"874e2c6f3e9f90db80d243d0",3179221.73669501
"249667af8d0835c9830e2b37",2697432.0434717
"75d3c9e0da9a24f4849f2078",54663858.8406316
"9e45b127ea0303f973bac9d1",1905931.91981169
"daa0be53e7a1d7ff76f32955",2069315.47898546
"bf7463534babd284da6ca671",3278739.93968933
"0283890ab76b10547b27e634",4350336.43102407
"5fd213a5236154ae5206c372",110725412.623309
"317e95fad7d399673719537e",569258.806465565
"fb14ddcaa459b49a3b30eb3a",4110951.53706106
"4cb5e4aa83c476a5b71d77ce",4170328.95979799
"f54d358d26af89636906f686",127745945.22605
"f002603a6990ec405d82cc47",1227097523.12811
"e3b7dc4e8990f3cd436bf738",325385466.30015
"97c799300453ab511bd06361",4176537.90884575
"3c1ee7e502c6bfb20873b47c",1821169.56616795
"cf7741583fc5315ba70b70f1",408342.594530317
"36a0a1f0432c954604825b6e",5107011.87321578
"9836bf9b64f27104c7863b79",21052898.9957865
"68a3f9ac977f56cd39a6a1b9",36386764.4497615
"b676ed2d0af6807cc2b28ac8",6092964.95853977
"430112bf4fa9324f0149a879",147131.944507772
"fa00e05d83ee890a38c3a686",204397.191381718
"7d503f126b5863fa0626d4bb",110039692.527592
"ec03a01c961659f2cfd9c973",270983939.739977
"6a112af84d5a81f3d16dfc32",1309139.7876741
"4c5d3dd8802acb9ee22ab912",36061412.5705079
"d029158b36963961fdcc3974",535403.96994296
"c2071e85fbffa3d2c2168319",2108712.83257804
"60a04215bee81d26f20cf0c3",2311565.8432799
"6d4a961e099de1939adc6496",10947440.6543783
"2383b8bc2cd3d307caba34ba",778409.616100248
"d9357452fcd193b6c5284bc8",168020.500558761
"863f8f2aeda01a9fea1cb3e0",4299493.56110854
"d1a6132098a4bd640321c7d3",11622568.4279199
"6edd2530070918074c8e7d07",80388.1793432862
"1cfe7df5431f3dc6a9289551",21907423.7334068
"c617d1f15d294f0b0aea8ed8",5223062.90445671
"bbdd78a7ed332e679c8e526b",554769.961283193
"45969f25857aa7263927b400",629143.517529172
"cdacddfdb6ce41a3eb752496",42035685.2673077
"3f87d08afecc4aba03587848",150210044.017753
"f21d2c0802e3858d493c1984",1192475.38794021
"660f3f9ed9a72d8875a9efcd",1206443.31455439
"04e29dbe2175919265c82463",615576.580118093
"e4082fa99f92fc7a89092fff",380727.876565157
"05402dd344c77623fa053ffa",351452.801465261
"c5f7f0323f554a7419f78359",784971.27582172
"501193fb57014ffbd7bf218f",560085.96832539
"0922cc27581d9058e55a2239",2322607.92439392
"4dcaaac494053749f30875fa",426661.021886859
"506763d35b04358fb0e967ff",2770893.96529645
"8c40078231bf7af2f3a06457",1091151.69052627
"53e14e867f8b02c6043ae02a",3720429.61899123
"2364014bfd851a68a824d1da",130653.486328016
"f788ac4a8b2a6dc11c458c90",3585221.9205242
"093c849ad2bea8292c4d15f9",7337794.85740841
"71a8b68f38fccf71a229df76",6872143.87665941
"ebacfa0a8e569ab603cccd11",914915.779292494
"c963faee3ac527dfab08f61c",1308428.34005558
"ce3deac5963eeb96826c14f1",94310.481259094
"5607cef08511dbbf3288a5bd",46104250.7303969
"8a9e6d0839f9fabad2fc3214",209030.322442821
"ff03a8cc833d067d439b9903",19462357.3834017
"d3e119e8fa4d96abaa8c43c2",1022659.68707198
"25b893f6073bd66258a9cf03",14398513.0391872
"0d70ceba3aea278cb4a2082a",503724.886409904
"07f9017eb4b8c169eb9de536",7071064.33021391
"7cad62cfb4fc3ad9acb09f1f",4537070.81866498
"41d174db6f695472063ceef3",3338745.73605197
"4ecf579a5d5e70d3b4314ef7",11301975.0587314
"41df29e27c0bbb52aa8ffe49",243806.689875927
"cd77cb445eb0f72df89b9fb7",3275848.87873434
"65766c8572b629744f00b45c",23478636.6330422
"946eb4523f76bb23d0348309",5660736.90101532
"453202a234f5b370ae9e586f",11968110.2960639
"4e1b5798dcbed1842f260b17",17294371.2860414
"f1cb3c0b97ae1c6819fb86e0",16072324.9797792
"24a89527a6744456750baf54",592707.127522237
"a281d59b685eda4978e0c84c",5135387.58877074
"6cc9d912370da36c38ac2cbc",56445889.5298247
"10563c278e7ce8eb2066d398",2413209.96104108
"a1b0b8d18cd78b7cd555dd55",4452227.71167545
"3cf9282136fad24af0f7ebb1",3229219.44170603
"077659c14c3cebbe192f8247",6806787.69295827
"c372834e8e7a4279f861aa4c",17242002.3666489
"29daf0d5008fa9e3f0f30132",1342929.47388554
"08e1ad8d1f0be0287a395ef6",11430096.5498131
"19c07fc2b01a0edec4784e64",11145679.5892994
"c2b5216a8050ea0fe4008f59",2551372.35937494
"29cc054742b256e6fbc6da1c",6047215.58383668
"755a3e09dba04bb6ba6c9851",2292859.76458377
"c98157c582392cb895071f28",4531963.64066155
"84f47e531a916b7f7dc1f1b3",745273.32517638
"231688922448e4d64622120e",66387714.0360504
"9c7c68df14c238ce0b497dd2",36190402.0316812
"d5e29042106130114cf3694c",732373.889191144
"08d4fa42a34c74c94db5080b",26106027.2061319
"e89fbcbd4d3414e30c30fc29",1164350.8220427
"22af7bb676cb4c9ffe014506",2273366.10278333
"b20d6ca58e91ae70b6e0a1a5",1144320.07486438
"5c372bd1e01f3243256e27ca",2273366.10278333
"1242d7e61857ba8ad285b6f4",999150.828786817
"196ac46f656726bcb8087ba9",57715511.7328856
"ae513b65e06b69e1ff2ad8ec",175141.746731746
"bb26b45df6a70b6414958912",175141.746731746
"9425283b41165156aacfd43b",1540222.55027106
"689b510fa99bda54284cfe7e",164276.605941808
"c57d333e383039db0fcd2620",1100749.51659743
"86e98ed0bd2565b661b81ef4",566393.083311277
"0e694269bbff1e45395190d6",209445695.118391
"6511180e3128e083bbbb6940",14335759.9525837
"59b271bf9e2d29ed35352f5e",175141.746731746
"a4c324b1353d2f7ea3ae9727",175141.746731746
"193ff8d291a9f163a4f3301b",423917.233197803
"8ee4a7cef562d388b8444c29",175141.746731746
"53bdf5c3cd800459acca551c",40321442.2596399
"35ef99962cd5984ca87bd326",2567499.12175672
"dc33d5ffcd2aa2b7d56d2ad3",718068.782333492
"05c47739fa4c4f00285a2c48",509659.233618059
"a51d415712d8d6c8add7009b",1172462.74451222
"71493c81121558b8ba18c1c8",175141.746731746
"853a14b680761098d4bf6136",12129112.1003605
"c9d5c08973c493f3acdef892",18992883.0403711
"7dcbeb0aef2e2cac0d73315a",1545031.78119034
"ae5a4da0000f79f12142e2a7",844805.776842545
"1f6050fd5261a2d21d5a178e",16340380.4889312
"e3f39c6e4a41fbdc4bc30e0f",8079221.98668786
"9d157878dbb41c14b52a956f",12609779.4201289
"e1fdbdecc84b991f582a2e00",807978.806174959
"3a26efe201689493724ba464",12107569.9501275
"6670cde3fbc11c263c6c3163",12521461.3193134
"780ae52ac9eae675f6fdb312",188407041.638793
"24f22d76b86498d5c3563288",339141410.71442
"fda25a0b6b9f62f92e3ea6b8",4825441.92842229
"678ba0c80536dd27e385b31f",19751055.6552027
"ba0d0663943a118228fd12bf",4108341.30716345
"81ba4b47e9222c15c4102992",9772745.83597138
"d9ec26c1c3e1811e38f070b2",2292822.59198013
"aa850af0c6203104e6ed02fa",609453444.042805
"c697ec00214cad882d5e9812",6232240.80417517
"4b193d78ea6e3740bf37b36a",2755262.73108157
"08c61259a756e617d976e8b8",16571385.797039
"c1c1dc8df6996a94ef3c7d33",10648231.5898171
"3fdfa23ac43d1df0503ccf1e",3187309.09947312
"bd4526ea5b404df442892788",18410745.6180979
"1062419f9cf94418ba88b6b8",9598871.20675052
"1102f91444b8e1abb636f1bc",8743514.84153508
"b96b4bf38bdbd61d4dd0bde5",9432784.75954171
"45ee2db87e9ca0a1a9faf050",12179650.187669
"556cb23459a9007127b3ad46",19231798.7720038
"a613b18945052b4576595c4c",810032303.969463
"fce385656705a8f4389cbb6a",10565426.8498504
"bdac560af3e155db33d13d57",14680202.0614371
"fedc2418db2353b7c97a260d",7005105.58742535
"4565bcc95c54bf0c8d376eb0",399315951.256989
"5fc559104e0ba1112ce00f5d",29518314.793212
"74fdeb4c56b29662f13aa8ca",320665438.454322
"fbaf74ce4c2c6e88950d3fdb",9111616.11567564
"5de0f045039122af0052c544",23994421.1493275
"e18337bbdfb106a3f1739960",17822095.2996315
"e1b9ae3e0ce3da16f18e1079",29300949.8972766
"a57435d71ccc5f032baee302",19931647.7662364
"fc5e8e45dd0a338ab5835428",13767776.9399922
"918bec54bd7587daafff66e9",2004855.70636127
"86137b9624049333f7e0315a",416395.239231146
"0fca6767d8f442da1f8bc6d2",1639087.79279105
"3ea5478270517f299b20bd06",6303558.00099476
"dfff73eccd591bb26453eec5",1140039.25894217
"e2dad5c148ecc797018439b3",399140.96572371
"b5a62d480bc544f891fd8521",4138293.51914343
"cb09a84a1d7b929607d01ee5",123579681.213559
"af067a8546e1177eefe24916",1404167.15153066
"d6f9abcb58befa3d05373a72",17932094.6251784
"ec2f16aabd36fd9ee2203276",25747510.3634044
"dcafab7adc7b763bb934496b",361938719.978464
"ede43dcb1715b959ba34a37d",14835976.1912263
"40dd67aeb6e9979211c9345d",9253814.63301375
"31f630c44db4be5360a57640",80400415.9164961
"ee8651631861c1b94283a953",143710835.413128
"b7d245742eef110adc91b5fa",76049313.3429231
"ffc49242bb0edf3e22076501",232587751.410709
"5c5963c17bafef1a1bfd5e03",6355451.66271441
"6c589b7e6a3cfad34e98bd87",76825947.0885804
"71ab3644da08b8cb0a0b34b3",14815220.4474576
"aa668782ae5d0c16e57193fe",1388393.22650775
"46673c69814a0b3f25818dee",33718626.0224817
"b2a417a8d2440f9124fd2ee8",17038039.4141814
"3e0ccd899ad73579898fe73c",13665039.3549822
"e6f2c7d7317fd433e26878e4",3268693.16044796
"2d91b3a8c62b890fd246183c",21756848.6838304
"fa653848d69ce620a41a73ac",16608566.1513684
"3b6c94e3e3684eac73b3e7f6",25311083.2194555
"a6a07d35b3834bc6f81beb6d",3652989.1215371
"a39617b7adfeb6ae7d5ee5f0",61953255.5898402
"95e5e774dac6f0159e8afc0d",992189.741437591
"995362e3fea8e54538ac135c",3773680.57577886
"42525c57e13abbfafe9bb395",6456292.75469013
"1ae6fd60628e7d186a5e0174",4672876.9983997
"082293a465231208059c5d53",2205006.96634072
"732615f6d1526ec9bd519eda",3529446.3427023
"99e9c4f8fd7fb7929da10a20",823850.331515833
"1a75e436fc23e7f48e639b9c",4979358.63790241
"54cdeb67ca9ea56205e4e533",4007434.89938975
"c412ab869616d6576cbb8309",1809706.42469674
"b17840ce59c9d9619b46534d",1797509.56386083
"a14f071d8e5c338d9ebed23c",2485742.20793718
"84d8504f0e860b0760c3592d",3732857.96109997
"a3d03a25f84f4d50d2a308b0",5125919.68947265
"bcdcce01d86d648c4502d42f",9423685.3970171
"33379968a83c8a90c23e77dc",1288194.63559009
"ecc36a3a4610829ee3f88993",141555.739507438
"f4eca80958b7a22922b0efa1",141555.739507438
"3b4ce006ef95420847da20b9",141555.739507438
"4fb644a95cc04f7bc6cda786",141555.739507438
"f8fad48343ee5134dbae918f",141555.739507438
"6e8e08e09da8dc598b8a8b2b",141555.739507438
"56ff1f7e81fda0c8491c354d",141555.739507438
"444f102b4d54503044154ff5",141555.739507438
"e0eae2174807cc7ada38c726",120895.236330556
"afde90f91b01b0282bb94335",661283.841168432
"1d35c364daa0f021ef263c60",486724.367979232
"8c47395a28f8177923d7b75b",16115115.6461679
"98c98982020ba42198aeb45d",159982.932749857
"ff424474d2d10a2c2a1c1892",33275931.802267
"971a322e9087b67650689ea0",959820.724350909
"45a7517c4d29f5bc7787dedf",1937985.32685526
"74a51274abc8358d628ecfe4",27992244.5472068
"11dc32d92ac579720303c019",547110.025546734
"4c25d939eb3ec218403dc4ce",154725.161464666
"55597a7b8637f24198415ed8",455295.429222393
"eb7173223a27076d16b87f33",455828.074108329
"709d17b62bc95253601f243c",407469.657330488
"fdcf0e439ae8b2ff5730680d",296477.237337345
"2524e62e917e8a1aec5c9c26",207089.774003169
"ba601c13d20602c988d57246",971812.963104283
"397a7d1cfb809e34797f2bb4",2830772.01171418
"b54d3ce25f3f03cf3fa0127f",2913886.51879903
"d51bcf03d649839ca803c357",2596899.51295569
"e9fac47a0f02f27abc96d568",407833.154148183
"a52bd93aa6b0d965914f1101",63533.8478086228
"16601a92574531c1fd57a359",578448.358225654
"0e64230b70f4a227b444115e",521024.96544867
"ba2118c330e19baf4f3ecf94",2974893.51607632
"055e29f236bb61603d4ce9eb",3319683.17028119
"7c5c0f2d9a0e355069fe1c64",828147.410295757
"e781547cf6f8cb4ec0742b5c",2258483.66357838
"8caab74ced535ec5e75acdfd",30350251.2360264
"9d64345229b60ad1853d94ce",2110398.74533692
"d128186867f91603af4fa481",15428916.4425878
"f8fb6d1b0dafc28920393dab",15428916.4425878
"33b92225cef255b0e4b4edf9",27663697.7551359
"7eb78d4dea434674a230caa6",1934543.3295586
"833bd3c8ef9d4da2f304a94a",410294.764746599
"331f0957d55d7f03df7fdc4b",797796.75109753
"cee124f4b9031f59c4fbef47",462713.220590827
"8a9663cb622a55f2a1a8e3b4",26976572.3039253
"25d4a0ec9301ba5d53deb780",4141451.99124608
"38d4b1837c595b6d9a23e994",357756.941463081
"a21923caba05da05449d60f6",1034489.51432906
"63cff4b5ebb2b6528ad34cd6",459947.646687553
"948c392520e1cb3a030ce86c",113936.69714122
"b2e7fd7bcd93309664cd225e",1010067.93086353
"9d6be7123f2c6e610971374e",132061.029536999
"3676e34e4824101f3fd9aa2c",2182254.47739993
"f849ad486e84a82190675b89",145373.018295768
"2fb8b2990751692b8ef1ab6e",612463.084812063
"5155f70c7f8978e487e71479",516100.866331226
"4f076c220dad47bd9bf248a6",876788.427121157
"480041bbef3a540df2a36ea2",1922874.46443123
"4ca66e564ed478d06c471357",1745245.87428052
"454e4126257189bcce9b681b",3839235.31379212
"10ce9c7a0a58aad19778e5f2",1026081.82091247
"dfe8e2542755d41d920e28b8",293504.21904602
"5115b0da9c95559dcee9e58d",4350568.77025897
"8a0053376ffdc75d0bdde77a",78775282.5787254
"5688288ee38f1a69894ac77a",250236574.878365
"1fe514ada76363511cc79105",34291320.4507582
"885a312d9a5bfa8a8db5279a",2283657.21460655
"c716d4dfb5a3c2e1120bd84f",7554068.82523062
"689aafdc12fd1610c2393a6c",12659470.7411858
"c0c4ecc8d3aefc53c4c06a38",2662525.05576834
"30091c32a5046d563597bbf4",6450747.49971876
"2e58c9b6fbe9c57c83bc0aed",8165995.47534874
"3f7c5d8304fc650bf97247ee",7800434.08010026
"56334a9db3ccc24faf138edf",12691867.7969535
"6d0680692396c07afc1a260c",64266557.786351
"9e07dd563b6ff4572f5d9031",7904103.46587675
"1278c9fd86258bcb435e7127",22002061.8748618
"acf0f98cd8f8c8ce06f30ab9",33094337.1192182
"5e3785bd517f4faa2bcf43d6",6511970.89745396
"cfc61dd41ee5f5dcb76bacfc",26448844.7276133
"2f171883b97d9c02b90f93a9",10800126.007365
"46aa67b5e0abe39dae442d76",10800126.007365
"50cb49d65d04a5d166f96e3c",21218302.2220949
"06c1673c4a7444e7aa80abb7",5414989.97577216
"53881f29c7a6bef0ab537466",1106849.69668927
"2b028932adc74c961170a4ce",265501984.590417
"f3a1bbe01d265470a2d7332a",244876.026483891
"b42d5b5b38686929eadd56d9",10724605.3377349
"bafc63f23f097c24d36c76fd",20888386.72061
"f164514211012e3a1686b148",812736.254972249
"82b90288bffe8c1c0b5a1259",647376.256896143
"2fe64bad1bc8a43fedfe0700",9108262.58045393
"da5b958667b31f4f9a1d84a9",13087409.9677573
"b3bc9a04a3ebc1b911326735",30210887.2136531
"9ff3acb07666d53f00d1f1db",33957361.6410426
"13a44ce5066ce00846b59ae3",7187241.18946447
"bb45c98dbab56e5abe20ac0d",23663052.6630273
"f88bade1cb7ee0fa643f31ad",21924813.2308018
"e9ab6916a79b4d5182d33bf5",13240720.5028237
"144162ecfcba71bf09048dae",111486618.768225
"19466034c2ce19c24a179fe6",4964181.27044005
"3787f6da3e961c0e10d30e6d",17613588.1019786
"908330b0d2651093c0bb6719",2211227.56846588
"66b7baef9c6c3c7ad24636e1",10120846.6525026
"69cb0f3d422c2c78373c2e0c",8089361899144.97
"1e866483995b30ec7f79d9e8",848222.260210055
"866f2a55f42cf30c4105631b",848222.260210055
"fede7e1a7a6f23338af6f40e",7573191.11333219
"7447156f2967391975d335f0",4964181.27044005
"08451af5a81fd6a63c4012cd",1608604.09995989
"f63608198bfcc858abe1ab0a",23311881.5041955
"e9a0dff7ae48bd3fa2ecfcfc",3184058.32768572
"cc97f62e2fb9d3e31ef1c00f",36428707.561401
"ed40f198ace8a4405cce7a1a",1214440.74332497
"bf17b59bf2ac2d06894bd786",1263873504.36422
"e118b149654cca1c0b3a58a2",11081599.4668949
"7f9bdd2157f6c3d488c77ddf",48877526.2214328
"9350225547486ad75c0b5ab3",35346860.6437962
"d1166776fca47427c77fa8e1",108124983.472556
"f719b387fac4f688b57dc646",35529564.1883917
"6ce8991a39ec7b9883f85000",205998058.937743
"353743db4334fee80ac08d0b",157958350.12908
"372a3934e8179422b5cf5729",11814247.093505
"81516aa72c98ded9223db098",10295021.8466699
"9e80db4c35139bbb18775644",31067201.5466957
"12ed2c22a923c840ef616a3c",73621565.2844515
"7bc57b136bcec053cbd073f3",6379662.99358678
"77a06084509952c6cfe8f501",716358.129026259
"73578b4214e2eca83b1e70ac",26225004.7195899
"527e571030a7d8fbbf1a41c4",1216965.88300403
"961baf163a07179bceba67a2",909228.9147391
"76b41682fa6953a3b20d3f27",4693220.06606532
"cceb25e83ecf22252aa92d2e",1831061.37229626
"210ff5d4404ee8578a5ecf9f",2628724.02481031
"398274b1c46fd88151420c6e",1054090.48973023
"5b328b80dd844db2e946302b",623131.051220599
"4195fdfe50e42e9981fa2f4f",858885.685285572
"2d4031f171f965d7dbce0ef6",16686868.9081414
"fc1b713d5605b0030421d5a2",1891561.59060055
"cf6092df1f22a7c4b8ff9d50",14045964.494076
"8dbdd7c8971a514eb7cb4d3f",3805298.74431863
"c197faa8bdbd51c075a6d3bc",3026009.28397471
"1985a2a5c3b2b0c7eca22afe",2723635.64491436
"92a1a8b617b6d2c3669167a6",1017677.43227087
"2a330fdcebb247d6a6fdea23",1677781.62411935
"c3dd975d0aed59a65a784e47",2320283.32636481
"608a2339d558a6cea9478756",734481.333833242
"c0ccf6d535d1316e37e1024e",2568152.96997616
"229a7640d41a8b8d6d2f8f83",2461989.33808691
"e3950ce025371da2b4ad9db6",3431600.2458829
"a7e41393473834db30f2c1da",30749330.6401441
"7dcd1597e11f83093cbfd7a5",4728581.66753054
"71235a69058912dec1d355a0",1563679.50866035
"349602317da0e456d88fe24f",17334529.2948362
"ddccad3e5a4eaf791ce3a7c9",10736250.8703275
"776d7d1326576f07762ab3c7",1743796.78714551
"1b88c06bb3c1bc2bb39d1b86",4961597.06345465
"1c5c4f4c731545aa3388c554",10956109.5280233
"aaa67089a753d255215c15be",654533.375189031
"d6d5717a4b7e2edaef162b6a",136527235.918959
"0ba20e953e8e76add161cd6c",8768741.66835647
"13c39860029403ea94b5439a",14538758.536625
"d5436eeef04e1a8e51a38912",23166627.7705285
"21f00ad1214253dd5bb97817",69669869.100844
"5a3119efc021fd0f102ab958",36461448.40341
"331c515e7f0dbb4460810999",3064702.45492309
"9e360588b18cb15aec3b6609",11785618.7302742
"a7cc7d2ceedf4d69664dc734",798197.05242192
"4e78cffaea2008f3919ba0ae",657824.35019263
"452e0518f7164287e47e6354",17445412.0060966
"74286242739391c4eaecefbe",177877.095134641
"df06b65985649c7107b794a4",442247.187430426
"b6a21387674a509514fa5518",10606232.5431437
"6752fcf8f1af18d61124e32c",1967378.0901157
"a7e40088cf53acfc65f4b3f5",6780392.79945804
"61b9307a25be3119effbd0d2",1094085.96784502
"3061729865dd2d68858600b1",16801330.0800459
"ad38d5660b6f1eef23b76039",409648.085253313
"1d493f3954b15e84c41afc82",2339949.43311233
"57744cb947a923584fc6bcc4",559774.117647278
"16f60cac352cc0d668d226d0",2214659.12245786
"accf7bdeeff29ec7a209c509",1279984.92207968
"a694b9ab05641a6325764e63",606623.910911536
"bdeddd3f84cb0ffdd1fc27bd",1286645.17830093
"de9ab30042562789601833f6",1333165.09592272
"1a95522f43288e32addff2ba",2884099.95269671
"3cc722d5c764ac261611c2b0",867913.382126548
"aba85a8a7ea2def1fdd18587",827731.299273965
"b272c1025cf5c1e1df47042c",14571239.4283148
"5c449356b8b2d7e0928cce59",982760.275071648
"a56d3b5bc13c9849cf676750",12739695.5020512
"942c934c0d41ab822d60c795",74821740.4971493
"b0fe09d086490092f1690fc2",186945838.334353
"7abc8a11d3d6c905de3f567e",2061869.25601862
"16716773b2a43df0332622bb",5066099.45562058
"98fdd3fc6c9447d0f05eb1c0",939176.756723134
"a59f39373ee368259b441de6",2265591.78752221
"cb778195c5d61a7c4185424c",557381015.293239
"c0277899d5f185cc78fc4a79",25062813.0055638
"44effc9574c74ea4ad98ede4",1425583.31106842
"e2d00e4fd93a02ea81895355",15545152.5469092
"ab405cd390c0681c3c67836e",2237271.48293536
"86db204f7ef6e0e0e6687246",2350075.73820411
"97b791fd94b2339ba115a75a",9577437.73438412
"3897d9b5fe3a0cfaed7c18a6",2747005.99685839
"ce206b82f2de3793156baadd",5104236.48477435
"2c924b9d45667f7168bae6ee",1336723.41404512
"358eb586d9649d20dca9bfcd",5913422.29625736
"71b1fe15c5bffb750c99f648",2267861.59231036
"eca500b92ff96f10ccd45e54",128989241.934055
"7b63445c5e1ce95bd12c31ee",2159712.04521722
"97d64459dfb368b1f6067ab2",2233625.95179645
"1b09874d5a3e4c9e0d544198",18440336.8015012
"54fb79bb019bfd10e5481ec9",4872094.57496491
"b3b63d292523ce0a925b871c",2553141.89334915
"09759befd8899fc1e359935f",2787948.27454906
"62e0110b1c8dda16cc7da89c",11986294.6743958
"d98ba43504fb49a4f0bd9c05",1592417.12793112
"48815b454dfb64fe60e2cde4",13549519.5698202
"40a65310ce666e80a9611d4c",11931346.3484236
"a8c5674b5d110d99a1e097af",2292031.17721956
"ee9e7dcede0ffc20442b4407",2393352.63956444
"9e858250fcb7320b65bed9c7",5171476.05084554
"bc76b078832a3a81b6d637f8",37318560.944198
"b06d3ee14ccf3d46fe2431fb",6596301.63409876
"87332a7e03cb851342667b98",29185157.6222575
"faa37a79a1d72e4b8b0c80a6",29185157.6222575
"0821109831351eb2501e362b",2665327.24681022
"8d01d6561223272181235c69",7110569.7604615
"a0f1c94cd34fcba92f59a59a",772064.038347849
"f6a5c88d1bca87c1e89d8084",32638230.4699337
"55118881731616058c929b1a",1857815.19309426
"bed1fbafde11c156b655e04f",2095997.40183312
"819d2a7c3330480b7217577d",20595041.7509187
"e1967b56ab8ecd035bf39534",6596301.63409876
"08d0615cff29645ee70e20e9",36536425.0212538
"2e8af16a155fe18c8c6730a2",5581363.06064077
"882e8e77fa1a71288f6b61cf",4155005.4379523
"7930bb0822caea5f6451bfa6",4136277.30591334
"993a18ae04d78d374f854262",8068203.72830129
"e5527bb25c85988e00da339d",1615825.85698262
"07bd45129563bd2fd974deeb",7200131.94172252
"83727953ecffc17bed632d94",23443017.2508352
"2e2d3f42f4f8369733b3bcb9",1693768.27694831
"3b23a71bf40e800a66bdeab2",4254074.04283903
"894f346e0ad39c57fc0f369f",42312319.2427889
"d1fcd31555048d043cf084be",227866.549333656
"8d48f73816b248d1166a09db",1931965.84398581
"32d5a20c542a8194a6aae965",54041743.51676
"53870de54350a8cd7c13f014",16361962.1557105
"31cdb68dc6476128c4bb2f5c",5064428.06389984
"4be6d93d8ae1375156444f05",8812746.60420907
"33a7f6aebc3e2d480d287199",306755363.617786
"e1e188d3f9940f9dad98488c",144393607.286405
"76167f6ca3d2c404104b77fd",288777989.070403
"9297c340db8a74e10dbba148",8069835.11421083
"0e001ee8f27e1a2fffaa0225",286726419.734948
"ae3868ac8c44128b8a955829",7081261.09230512
"bcbd20cfc50e2f032b174b56",13967980.1674866
"253560c855216bd9eb102595",36641595.462826
"c9c769e7ccc99016f61269d0",17583311.2356648
"7c07ba1982289ca3abcbece3",109334443.062194
"c5c024d11b3ebb2cd088bf6a",25495883.2870683
"f0a8fb06fcdf8997bcdcb03d",13322265.3626087
"806f9ab2a016e774689ce2b9",700594.382753744
"4491bda913188aad3c66ef20",28465018.7098746
"0c37c0d27631960f9e0fda1d",257293102.830243
"b50b45bda0905a116f238c1d",130419148.119767
"f0f8e755058d48542b9cc4e3",2503996.05945298
"b3005057f48c1794b7974f4f",54639258.301224
"e1e5b0bd721a67318a3848ed",143071946.605341
"d96155b72c02bfa04f7ea98f",1955850.61584798
"3825ce5030d951ef0fc2f7c5",1492785.05630415
"99587dcb4237fe90acb15b5e",1220022.06345217
"452ae373210337b8008ea2a3",18233914.8089739
"09ae7df5577582ce7e7b0aa7",1901545.56082404
"b98967876009fab4290736f1",2357188.86599675
"24a4a43ae4c687bda1066227",43085259.1953116
"c509f2036a11b7132c633d2a",18857412.1244028
"bda914dbacd42b2b7c6c5179",4870830.92038962
"5a681060eeb2fc8f1b3261da",206268951.96756
"016bb199b12846ccb0b03191",8148678.44229535
"ba94676bc0385678ce3780a3",2269873.88980798
"b2183e5bca67574df7d5985b",5604976.92055074
"baae43ea29f7e419bbecf998",14911609.1368567
"ff1a7adf260e637bf316812f",8231659.17912772
"8e56b5dbc4cf628ac12e5bef",50515032.5728015
"c8941b8d7626f7b33628158f",77111778.929201
"d504ed869ece1b1d6e724452",8523777.83795863
"1acb5576ccae1f0534f614df",17863478.698192
"ff228869121d053ca7bbe431",21317931.4323919
"ee4dea05e93581750d613c59",28769315.5917443
"5d507cdfb7c233cf96dc6a83",2747820.8596532
"faae4324336f1211ce4c7809",8095194.69923686
"9a8e471c8f4488c3799483ba",2265622.03663794
"d040e15e50d655f4d19bff54",25707419.164562
"efc7e89ddf3de559154d8e0c",12808916.4540479
"e91598736dbb7319952f0dfc",126358602.694818
"4046ebeeb7ab85affcfe337c",34988471.3364175
"d12059af22bc7d6ff170430f",8673693.63292432
"99d39d72083d7485e8944a3e",16497589.2642271
"b9ab2dcd8d1855e4bdd540c4",121167938.718022
"97106114a8d353ffebbd07b7",3543391.99309798
"d5c950db90c92be5fe753189",5800965.72238056
"119833a13f3f7df22d2b270a",35352321.9873533
"b2078743e33e1acc49c2d2ca",121581636.027619
"fb9371f86ca6f4e62ae374c3",1683535.67404668
"6a39a747417143f0cd24f3bd",95724386.1415217
"7bc0c9e2760e4b1488522768",22405736.4528299
"3898683e5d24bab9eea24d30",37064747.7294208
"be0e466ca7d6942282c8626d",25491895.9767626
"2d65980024ded46854c25260",21506860.2281794
"87aa28825a5b8ffbac5f2e2f",93574552.3340781
"918b0d900ead8267aab4cdf7",5346470.46009926
"0c85506b301862fb58b467cb",9502307.40477293
"4bd031478b15017efd41b2bf",8249184.02544033
"48bee96c1f65b8e283d67483",34092998.0311304
"7618cb8d215425c931f47886",5875453422.3191
"a7a219e7cd18f3c4b83649e0",1326424.67397814
"9d3f5b59b9735da05588b3d5",39132647.5150373
"6ac5f5f52cfeed2f0ac9d018",17019201.2969654
"d885902c923752eab7b619e5",517693.591727951
"b183e2562cc4816244ce0e1e",980938.110554416
"88622b66e6c47cc62c3824c1",79124035.7703197
"01230eede2a4a74ec4ee5105",74174506.8794629
"060451a9e3e0416ff41d253d",1493168.06210652
"3ca0e7723afebbf53e390297",65810299.4742486
"e2ecbfaacf11ed16fd71abcd",50636482.7075951
"1f0d83013ea5e4c3f4beb583",40394107.911702
"450c4eff7e37a271fc24ce3b",235858318.30574
"a70d331be751cdc3bd0aab29",3695274.020666
"41ac76d4fa450fe0c377a0e5",3695274.020666
"2ef8a530db816223dcf474a1",10292508.7203924
"d09c1af87ddad4ad11b82626",45523771.2924384
"35b1cd8020e7efbb9ba5adde",16968636.5425635
"6714f846f2fa3527641ad96c",2974354.51979769
"4cd5338bcf246ebf263baa35",15868512.1511237
"0878a639ab8e6b6e69a3df41",39000014.3015702
"f4c118396d781c140d8c9b08",35305287.7196503
"27151512d4b592014137ac1f",20204673.242497
"8e5123f5ef1da66571ccb600",24154123.4733209
"c491a13a87fa1ef595b35826",12371239.4012904
"52d6c4bcb442eebdab338116",44400987.9300642
"e23d93ade25e73614d7bcd77",8331050.73595657
"43059ceabe98412315566838",27864080.1781591
"93b7fc7c4f07a7f117e687a4",3488483.40703315
"09caddf25db3ac8e1a98565b",8519243.11397737
"e3034ebf243b024cbef83cc9",2320093.03383153
"63cc884a9c5c888de176461a",163539.426280064
"069fb1f8d0f06ac2fee87314",3667352.9678573
"059aaea3859c4b9662ab4df8",5126037.01380625
"148b157ece514d99be0a7f93",2312838.1788347
"9c4f397c093dde7de5d485cb",1321059.4014956
"e28d8dac5c1c75d295a9eb3f",5126037.01380625
"a804849802cc0820d25f955b",5126037.01380625
"fc43df7f26644fa464ecb090",3147611.24571743
"608b26adceba64d9ebc5486d",5126037.01380625
"be8bbf40db0dde8ed4cf338c",5126037.01380625
"d255f73d4066fe559065266f",1230221.85145991
"c552cfa8e6b8c8be2c963ae8",3950632.96284492
"5ee020d4adc767b3b16fffdb",2505486.61287747
"2a01945c2ce528c02b391c61",257141.113974438
"dd7ee555ce0b2d58dbd8a9ea",615300.723945901
"a732aefa7ea4715325e9e80e",21915322.5399368
"c6faa40acaccc1603c29df96",3147611.24571743
"fd8caba10cd4d1df27605358",4074908.49247976
"788c49c17df556bce0abf6ce",45218291.9821248
"2d0d803cdbeaec6e2626eebb",8528884.32118724
"0872074f7bd512dbd4609c85",5078415.16833175
"3f97341f90b11e6a7a7f7c2c",4929619.30821552
"2bfa301ea435f929e6c0d1ba",973391.645773651
"1d029020622a600aad4c2991",5551915.43272197
"8a100bd7f5da66664a2680e8",36256245.2665689
"1441a28c376a20c90d72cfac",127924182.027908
"495eeef459e80680720a0ec8",3730288.57576846
"df81d07cc6e8fb0a01c0f404",7944829.99137793
"e23ae41983b9f112f05bb703",40263956.8048176
"a2ba273b099221390bee92a9",24788829.8843557
"63dfd58a5c43cc7c0a468209",1746409.67506302
"27aa789e29e52ef8d78b9bf5",2666311.12591237
"fbd613ac06b6bf20d76822db",1741732.54624835
"2a805135d8030b614d9df9aa",31696749.7145847
"22c9b57a67cbef0920d09174",3994484.72149022
"fb76da6072bea5801e407990",15557758.9165459
"9050b1061469970ce28742a7",1987514.91499569
"96f5db1dd0f36d1087172fcf",34498954.9574398
"38cccc333e2c38bd608e1880",4321849.00114145
"efede59a47d17737f90f4bcb",661579.681900042
"bca5301e6460eb859b7ef34a",4377324.79555406
"a23a13e43f3e08ab82c6ef82",3389819.75300915
"8437a42a8e7ebca46eb088cd",12763068.294435
"6e3cbc252c449fd4b758b97b",1148986.17644919
"6cc6b0672aaccb8909f3a751",3313954.67985211
"c60c2efec3c12959d86fe3c8",6923652.10333402
"d0e45d520227ef8a1f53ba28",13877558.7514345
"e45293f1e6ceb2fe79f6e0d5",2938740.79043831
"4202dc3f8255586e1ccfff46",381466.39159326
"1d04d5450762d664fcfab674",2308210.85581318
"a3f969063f78dbd95e6ee795",164010582.814217
"2e3fc1d628f6727880d3d4e6",1148986.17644919
"22ea31eadbd3a54216443137",1746409.67506302
"6490a1eff73727bf62458b0c",1786174.90627462
"49721aafec7123f6ff4d8010",3333334.0133133
"bce608b4629b6c8512ea2fde",8967582.2755707
"a7ba3ccc4831ae7e539f0cfa",5735739.52201661
"959b2293af0ee4f7c9fea7c0",999569.223872296
"bbbf74a3abf9cd8718384a65",2898020.67501147
"680a71ef7ec15bd919c06320",10989197.7395583
"0bcdef6d56052acd2afad93d",2032868.91216632
"1bb885a07f57936b919629b9",2426097.66263959
"8a222af682e2d7796643ccf7",116572083.922585
"3370a48ec22302456c41ded9",1191283.02688645
"46fb04e7578da5741f6da4b8",172612.999930241
"e9da7f2549d914aab6a30e10",6854608.69078602
"10d0506d84d778da572ec635",19837286.5345688
"966e8fc9af08e76f8b276245",4916323.32747839
"0da2a849e0f83b17b006e50b",4172103.13957143
"f7101a05db93cbefd6a3b31f",15454245.568349
"b74fd7f7db38ec233c6ad71f",42255138.5344505
"0d63e52a47fa884e36f10810",3445888.75547384
"77fa49bcb52539888d481ab1",21333103.2799993
"6f412fbb33519fdd31e741c4",17334231.7304735
"6615da422a3864d415b28fe9",21592765.3969704
"f258fdece395f0c4f4da6a96",16753042.1993241
"c54c645c340f59dd5f47bea4",6780935.98927816
"bdd287e9de82903f210878d6",15314104.4403267
"e110abe74ba0ad062c9b575f",10085428.051591
"47e5ea8cb7f5ab6703803690",2587806.54814373
"e71c6f7437c633e2d9da643e",26103139.3547435
"783161faf2e3501c38c0aaaa",1334379.84108127
"5fc3de15eb0cd87be5ed2e6f",140018.553810975
"4066155e224520530ce985eb",9647474.46966455
"7745863791b5cc6d49f84c8b",1101979.46815701
"aa7551be1b8d6278d38fbb00",5803870.87140384
"d654c9bbda61c4c0ee1ae2cc",22573715.4211273
"d224080523a2bf2e81698d15",583342.232094159
"5f8d0a2ab1f9136de446528a",10767463.3241883
"405fec98d5a3c8981173311c",16786467.316665
"2a9e77fd00aaaf773d130914",1363419.44651902
"279b76adc4bc9f8dd86759b1",6714090.48239032
"f815ec1a63e980717c9c3290",10473133.3431625
"a8fc825e34bd9bd56ec5331f",1159225.37284124
"248ed6abe6e528dedde951a3",3525947.49808211
"2bce6544d58b6970192a1838",26782725.5781333
"352a76b301243d22d1b31f79",52266681.4169156
"bb9991da696d6e1f13a32d0f",2570304.2518943
"8e88e6cc55ca769e472aadfe",2002089.07088829
"339ca7bc687766f517ab3274",7687383.94940574
"93375efb2e74f4913d21d94f",10625488.5257338
"17d7e6d321bb7394546e6b7b",75228857.2947857
"0f601f5ee798174ea9d52caf",6460142.1521481
"8ec8cac469f2448654312aaf",274492.530678483
"affb62139f02e524692ebc5b",1748853.0145388
"c01199a4b2fbf0f6cbdf2a65",9074760.42068146
"4d1f49443787c874ba19f968",12154957.6390687
"035c61042b7dbc7ef888d1a7",4463170.27706867
"0fc7d98f75bc1c0b782a328e",8504128.56351355
"b1924a5697dfe829b5b8ad76",11198803.7233063
"d0100c18dba3c334327b29e1",11504220.0547779
"add1a20e8bba47aad2edec69",6903740.00573506
"fe8a78de9ba7b59a112e0046",905198.018944727
"b319d049a3a8e4a095940106",9766298.51207777
"303dc73dc1130de9aa2f70f3",6374141.00314193
"e471b2ef30c388893119a010",2781898.11457774
"9309d812688d0d2bdd33d830",4135121.6815773
"fdb192e57e3e48f70a492b87",6477063.54601631
"c514c9a35632e5a9c0476a31",29684873.0047572
"3bee8a9981a1e9e13a05cafd",78522664.2518433
"9c942287410db3d0739e182e",910963.048670529
"f59b9c03bcd4e0e06d23fb47",486527.132927971
"4c11f4ebc622483532c24a06",25315766.5274956
"1f53612f7029a21e2e9f74e1",15042786.7593139
"1f4b6eaf52fb940e666c1c93",1273429.57775375
"dc65f0bafddf39c6c4b2c9f2",1137068.48560081
"344823ba2777540ffa2a8fbc",15943721.1769772
"8cef9b18f20e9c5a32e7ccc9",5926859.49993978
"413d6e4fb772beff60f73e2b",2735091.09550544
"15d3ae51558bfeef80b9e97b",7728556.20372963
"b81c26f2ea6b66c8315d1146",1224318.2848257
"c3786f81345d39fd8b353da3",14034261.9010124
"6c568d2287dcf12b2aacd388",4427761.93601491
"e6482f3b6184515453d16bf2",956766.473160724
"32c7b848ef60432d98f415c5",673695.922080898
"1689c3e3982382e27a4ae074",1873229.2331833
"3d0cc51b7a2392f3be3b1666",4119986.46236198
"1dbec7879e793ba9685741b4",4806143.43811282
"82ff2a63a863c089ea90bb5d",35719683.8581933
"3d9856c3ee0a4b5a833c69ab",3199484.83648332
"6f293451319bae38c71b8266",11462036.2170438
"dfc817b569fd71d2dd47e980",3035805.17445705
"c34d46d83e76f54d53cadcb2",6861430.24088168
"e08ed8c82d05dc3cad8cd2c1",30841254.5390648
"e21f2a8d9c641e45d442686a",6540183.12147293
"f1793973b462cdbffb1ad648",4778447.56303814
"b15bcd6248958d98867ea585",15953059.8529496
"e640424f3b7d1db403c36ba0",11544511.1555416
"658c0b009a09339a3f312145",9448576.60491632
"f01fa45466e2730f935a4128",4789757.93557346
"b4d69c7bc93efb3790eb1422",11308875.3424531
"c2242a77d30c0abbed667ce4",10727346.7332674
"39542105a7c46ded0cc373a7",15477313.4954268
"13f42390057bd294cd787822",113628697.964383
"183d99d88d1e7d995180918c",1723341.23551789
"60dd7dc49139e7816dd8b143",258176.587737123
"6d2ec752890a2f1c4094044d",6539185.24486001
"0e776964ba3733f3ac18a7a0",8004759.92351595
"92369f73435d1ac3fa95f185",3277967.69867905
"8db285eda04ca37b86dc9724",1617942.9967998
"a7b14faa46e7b73ee4e95ee6",9235494.18168601
"010e676743f6afc01fd0838b",48666545.2252534
"987199d3a23c08ca887b301d",14450870.0602941
"4fd8643e1c43ce9a0c18a19e",45694537.4848262
"4d0985935e1432b3916d45be",6292920.546864
"4623317e8c9044e314ccc4e8",4953011.64622381
"ef8430c4d15e5887b8103bc3",47828131.1548255
"cd6ecb0f77acd93cc1c9038e",590143.065139807
"b0962bfdb6a2c79a0ca84e48",9082639.31201586
"7bf592c5c34bfe6a5df3dd40",19076931.7674929
"9337becb0628955b47e45b98",25610809.9872834
"9ed0bcdb62b2223d716d40d3",10012899.4593215
"4255eae670033d9c9e9a6e3c",13729804.9920091
"c5346c37454ac2b13b92240e",822543.988640442
"94fd4bb5f41087921ca12b58",2175057.23369019
"ded674ba9c7b76cda404bac6",5983846.84061097
"ce25e9fd3bce9b75050aef5d",42279082.1139919
"4e7d3cbe3c62123fa7e2d969",4940755.02740509
"dcf5b42ecb23800a458562e9",3231499.16753059
"0d53bfcecf0397ca27e5f78c",1058018.29981911
"f4ecb15ef992a677e8b4fee7",66009554.7593514
"46eeb8f186f86f7859274d4d",1501080.73998247
"b5a7d4288dc7a7868678b9e4",4604956.29931652
"34f99327fe595ba6e32d89a1",613068.501405634
"9a53016fdce3d3b5c2baf3fa",21675664.6523476
"26be10d0ce8b763e9b457e76",33697923.5380874
"2e111ff939191cc6df2c59bd",97822618.555195
"ddcce0b9776593e3ef3ce21b",13806459.5679512
"937c0b6350beb0f51e53ff8c",997435.24154599
"f50941445773dd62e87e0416",2781898.11457774
"93a1aefcc4ccafe4866bfc76",13231505.7561632
"70c0a72b31dbc1b97c102c13",64333029.8115266
"8aa9e1e89993aa49c5c3eced",612763.965205127
"2a5ecebe40fc09b45d6ee5fc",4638285.83101162
"5f798656baebb094a3c83793",12871833.8922101
"596b6f435f76058493a16cd6",1958478.64413108
"1c510a71734e955f75187106",3042018.76793651
"07de14db9dcc2d4f9eac0dd2",14843618.451183
"29503210dfd57bfef8f16802",6257802.70521887
"89575a90c7b9b960c8f4e052",2480187.02399321
"bb5a6045d18e19613325dffd",515012597.531815
"f984d34c8f27e3cdb7c2a44a",2733341.42829092
"90822d4e3a369948cdc4d998",3825620.86941413
"5b9a21a42d5f50ed4b10581c",7390946.28807361
"1be01d052c6a65c5ed286bf4",64568563.6958543
"b73d317e1e8ddc3d5d0743ef",10775434.7483584
"bcd302e3b5342ecd8cc056bd",5160819.3378362
"eb8956f0c4a885619bf1ff79",444075319.926477
"d5b950c5510c19ccb926e7c8",2815337.23936413
"1e37ea0918a00bcfaded3453",18267855.32986
"1d55f4694f3e000ee3ce47b3",133072124.004607
"cdc3e114698984145df842c7",4977625.66898298
"9c611e246a612ac6906abe8e",1024920.94176812
"c0c820463dfec602a6118ed6",17273206.9808558
"6302d4fff078a118c3211794",8053221.19573764
"c98807fc596bb2f505b4da9b",42815493.1054922
"cdde8657b5a215915a04126d",13764941.1574223
"3b2fa7905fd8fcb3e11ebcf2",17273206.9808558
"59764968800501c68631aea3",3708647.40698575
"9eab02171cb5f15963670172",11549951.2305613
"61f84e5a07f37865c31d4a07",1862583.76825319
"1494f223c9d3ffba26e42738",11139771.2381785
"ba137cbd10757ad20e5991c4",7724834.98447647
"d2fb81a477ef3690cb11c93f",7456661.40778256
"ec4f7794cb756b995d5d207f",5751076.06630902
"ea4add08aa912717cd42f9f7",5092382.62478223
"f11d7627e2f18c9a75595501",7341840.73923291
"8095589d5e1a55a76281e13b",18383761.4311166
"f5add08cb615eb18b3153bf2",40516178.2008481
"1894346a27970572aa703cd2",8501801.26352295
"805a491334f865f06ff42329",2468732.43597973
"062d5544f5c96db90fa3a526",7171965.53080554
"332201e2583141f3a02dcca4",5472819.91555961
"4baf1bfced8e85013eca94b9",17273206.9808558
"8bc002e1f02beb4d83a6f6ae",2690900.74043378
"adebafcf3eb0d34ae31718ef",2931253.3856602
"60b5b0aa0c1319557cd0cc85",25017583.9301283
"3393fece8a6ed311ad865e66",38460168.0270026
"df4a1968046eed5326119599",14379850.3153239
"b044b9a587b2c6ca00447177",8816806.90799051
"005ab848b35907e42aa0f4f2",6696000.65160726
"140a0002732574ecc516e9a8",4254297.18375459
"bd850d1ccfc4b21a72f3ec44",623075.787111994
"c6dc8c201ce38ff2ea49cd68",5059600.55123131
"572ae40f693551547e13a196",8601829.1275316
"b39d1b2637dd8e307c8ba13f",4473273.64559557
"2ad02d6d56b95ff3382b53b6",7376672.66637186
"5201393754f4a5f2a476ef0e",3511554.7382779
"72a66bc6d15390eb05a5c688",17606265.8591913
"1f1f3e47f3593e4b2824e628",84489043.0414706
"bb7e14611ea6b5e4abb5b89c",46313486.2390295
"b82f8abc8001cd6731c4ef45",3483735.8600863
"6228854021e72af611d2e59a",3192386.32297056
"6d21e1de9c880bfbb17350cd",139421154.140275
"7cfa0c98191ef9b7c45f0520",610532.794114112
"a739d80c3fb6b166a2c2182b",2221820.00961358
"36f85981124e858c157f83df",318528857.354985
"3d6d51ca99f2747d6b92dd19",6435803.38612788
"092b7b5bafe25bf485de37a4",12597110.7818824
"f2e0163fa07f89820739dfcf",26741583.5105778
"ba47346e7a53412e78363ac4",4942154.65134983
"f86e80b2a831572b85b04e55",1281795.26181688
"199a6f7df516a685f086dfa2",2121159.45855989
"81f6d6790aca5e9270c3d1a1",1574423.36059184
"74f099ca0d949c8042569d51",3918860.99623701
"4df3717406f9852284576caa",9619802.18011839
"5246f7d8023a4c178af6d10c",5026684.34450757
"69d9908e13bf7c8ac4c30531",2101048.6996147
"e336d9d892441c7ad886a98d",1017666.75646574
"f82e1c70884ee1285e1bc491",1642539.74461783
"0ffbcf7d58378c85b4103c7a",2844682.19859057
"3679e1844a35c0c87fffefeb",1260030.0377959
"955a15a734e56eb287555307",775892.675997584
"722f262a44b2bb6fc05ec35a",718374.954866911
"48c346042d9cb826a3714466",3918860.99623701
"bc4b7bbf5df92f476b6be103",5850568.35864098
"667685f89a61aa2ad5c9ac7d",3153560.41687184
"8be5fca8f4339712c6f3e29e",1756473.23338326
"09a5fd22f920267b464e2a00",477151.883706791
"f6d2d31af94a6a73912dd9f5",23256279.1354455
"0e9a5ea81f6d91038d8711d9",525236.626142831
"8b2d8edfa6788ddc0c7b3eba",1763221.75528648
"2f48a73bfcc91272161afd39",5238841.91324906
"a78417c74b8c99279912e427",3022770.23465918
"4d69f7c7e0e837879abbdf78",1958859.70235678
"926a7b18e48cdbf6ac3b396b",30406861.0397182
"a06733f7b3ba964c20ae2698",100076539.537091
"02d598a32d864c289e3ba6b0",1763221.75528648
"3977cf1326ff502251f78f66",31604988.5310951
"c3cdfd0733404ec885eb3edd",957186.289300237
"a28bb09e30bca82627e595c2",3389865.01228779
"0a2f8c8ca6094e6626d4e8b1",30781252.6317755
"ac9baabfd96d58e376149a7e",52716416.2860052
"700a052900adbfa149dd5b6c",22490512.8237502
"4b30968cdae59b4ef3298f19",11645468.6340039
"c673d94552bc3e451672939f",7934501.98188822
"75392e8381e1c891377fcb29",6967754.13886711
"a55d7074220aa6a750297c08",5718011.26704454
"81eea19e7c12d65d21e23648",3253640.34685708
"69df7bc1d82d9723c70eca70",18949822.927687
"815cfcc4d26738f74cbb67ae",512079.165573088
"5ea150753f8d07c71af45cd9",8555441.69898567
"f851b02d18e74610a900bf14",10986913.3118239
"76b9af8036e38d5d30ac4c7a",6148200.51739
"4ec5ab39cae4afc3b0e69438",14332424.4590359
"c74020c85c9fcb2a2cb3ac74",113146849.096499
"6d6ad5e3ebaba1c11dec0f16",52968792.135592
"acbe4eb98668ff4967a8cb86",42572418.4713672
"16a40e3dbfbb9c703e04028e",73780413.2566277
"ee5fa0932e098cba28d950b1",8976258.35292674
"5f9fa56b99677a489a9966bf",46313486.2390295
"4045e30cced205e8c5b2373c",9889811.16355032
"eb2c7a973d4d6ce8e6ae87a0",17147810.5334678
"99c69eeb96e1016a7e53b33f",68225446.6171638
"aa7f56d05ed29183b825d61d",2259504.8229918
"4630a9af58fb79c0008e5fa1",55869096.9225029
"ac003932eba3a174c5b998ee",2885871.81363036
"56a7470ed14454665aaef75a",25311083.2194555
"a4e4f56336e07304cb946b1c",19231798.7720038
"00ce045307538da1b0bb7972",12521461.3193134
"cad720be1395e2ab5869807c",11121407.3664848
"344be03236aed65e74b14a2f",297173.600973567
"58a86bf535b4c16b50dfca06",1571024.66443111
"d52c3915fd7d2ef8c92a22fe",297173.600973567
"8a4b7e86a90a296e10a49ea3",1054294.57706735
"e1717a317481b0765a7a6a0d",23263421.8430783
"97fc10f5ce4a6fd7357381a6",297173.600973567
"428f4bc76d4cd315ba8f89e9",5990584.46737921
"4d882ac2b82569f74aa08824",4365418.52481796
"948ba87dfd7993460c967cb4",297173.600973567
"1bee6a5aed5417181a3db77f",2488014.26946344
"63cdd73026431f5566fe246e",25570882.8706367
"013e2a07f94a99323b64d370",32683083.0493771
"ff56b24cf15289dc6d14800f",147985934.841624
"7bdb94165857bcd37206cf18",7450782.7420145
"1d1e29d9601aa0eddb4d6c2c",35637953.5067455
"a8c9489973c54b93737dfe20",25581517.5057241
"254892c6b84c59ff5ac4f354",6629208.43777554
"c6e9772058edb2268434d7cf",7412115.16426066
"916a413537580440c4ac6028",1307555.16139089
"bab8e472424cd57faab87ff2",1123810.51894445
"eae5eecfa2fe828afbc94b0a",2063346.51513561
"da26059a2cf36e02b8702320",934405.152498886
"e18fecb7e40bbcaf26c863cb",712296341.59879
"a55906464634558b94d9298e",978368.868504192
"3032ae39e739fe46e9e198e5",5367431.7851841
"663e062b85f16c2419f8456b",4197597.46812998
"aad0e527c4bf6283f76b5bed",119467918.147051
"32fbc0f1934f7325a404a2eb",983238.380280266
"07d1137c1f0aaecbbad32f7b",10027998.3231641
"3058b792e3f6781e438a2e9b",4970685.60120189
"33d6b1bbab4524c3aa03756c",2375302.72923866
"c75d43b8089321e359e14264",52326530.1260952
"29ea1796aede16cab8a50497",1832756.00511384
"bed21c41b31a3bf2095aa273",5773623.68457666
"ec232a7ee3aeac713516614b",10236554.8188099
"bb7c68c2652c7e124d88631c",6454193.49065449
"697b6c6f7666391fc689cfb9",9715243.41007146
"d912e45dda1a3a628fdf50d6",18544634.6977123
"96fa88a07329d3988b6b41b3",8482793.18660142
"66019487c37339e9354ca999",18915156.5133239
"fd2dcbcb8a31e97f31d22a53",9290422.87292388
"1a309175498997e1b8f0aae7",319196032.599363
"e83119808dd08ca090f5ed85",4333214.90704682
"1a26960e24de046588ca7837",18817350.7985414
"379c4fce87557848548b0944",3523557.49589883
"b2d7355eb2aa975900776275",6485339.84443496
"3b05e06aa0bc40b9db16416e",3523557.49589883
"4a5405b1e181f5b10fec35a6",3476600.1268971
"aff22625564f00844ea2610b",8488854.62786678
"b40addfc0da42b0e530503f0",17123853.161378
"9200d647b6ce9aea67ff8ac7",229050.916409086
"3057660e38fb757dbc8bd898",1260685.11178463
"799be2171dae4763df530e4d",4175375.01814497
"819265a930d32a97533d132d",12161682.7839727
"9ba689b29d0696fb7ebc44d5",4646480.80141615
"0f7e28b6efb9d550ba28a1e0",19847770.0478455
"57551742fefae23bb32571f4",17237530.381378
"9569a50febeb4163e28c192c",1839499.35967966
"1d03efada56f8a70bdae6aea",673713.911943031
"bfa56d6230b858591743473e",19468223.4643796
"ca54914a1cf1028b9c8b681f",8596728.16092558
"54304b6117b797791d266cc0",25396968.6622139
"166ae8e3d0704209d6715240",21077568.7424093
"b56659e70367566a4ddb81b2",50107679.097655
"2641f220611056a1f5616dae",111898204.566782
"08a82bb9fbe4b7abb50cece1",4198302.08005941
"b40a9888ec0379fbf85516a3",1870729158.62574
"d35462df6c686296a3c7bb23",6174889.75522488
"db244703ce223e6acacbe85d",7966810.27345868
"a90df94f959030227fa015b0",1382686.30798738
"d97d462ac4f5d9cbbf04e9ca",886655.156418361
"7fe6ac57e87b8126ac4f8530",29554595.376943
"69c28dce8eeaa86605143419",361995332.557988
"2bd6682ad8343b69fae1a59e",258717.598748736
"2e6fb29cbc1ccc3d97c92c72",54090623.8445933
"9eabba4531191127ee91621b",6583217.34192861
"d0c411218ffa7c3ebc10783e",7996359.37328058
"0c61a011d7fe0227be2b3575",3790333.15746305
"2c47c3ef9e139d8c4513a090",7109166.19727977
"f6503aab62a68ca16eba3fec",38746735.6091719
"e7dc05756684b070b36d681f",21073388.1207859
"17484950b143d0395907ae6d",3152670.33151364
"3d997123b33373024bd2cbe1",3976719.03513586
"ddba305c2a3ad29db24a0658",134274514.911991
"b65efc402cfddc0aed4e1d76",1263710.07233175
"4a7ecb05c9886bc35f6b9160",6450304.5772462
"b4e14604b888c994b64f94ba",3025637.03514669
"ab37764e5f4e00097eac947a",8223153.82724557
"764da64c41700da5ee80b8c7",64918405.4727807
"8a84a073b855e37a12327357",6864558.78027153
"5a6878f8a47f1fa2fc1d600d",34912209.4849809
"505f3d545ce83d0c848f828d",9737691.03449759
"6687a2299f38c15598d11eef",5312589.72284921
"533134592237b2748915eed8",5668364.71677073
"daae80933675e767b50bdd17",8799888.71890114
"945f85a061dc4e95e779e27e",161482001.904129
"62dc69d80cd6ea9fb7fe52db",6130138.57015757
"153436858070f7e724f0cbc1",7507952.50331367
"7f9875a5336a32d73df2402c",8048000.38661542
"ac11141115d391be44e6426c",4231867.38340725
"f8243b7b679dfe8303180d73",8284013.90921532
"1376106ebc19c929df27bb62",505566985.538131
"f591597c9a1ddd9852eb3cfd",66039526.5313618
"a748841236a7a7fb33138845",7187851.24692624
"6ef43ab43841696400d91859",218767026.109897
"601310d800d88f0d387235e4",23949749.6697826
"db81ec58863dcc5d12839883",15624311.4291615
"68d35dadc6d0dea61bf4b513",62058986.5216798
"ba9be0b67571b1e9242664e1",229791662.121947
"1690af2e30b05da545f1576f",4878036.28338398
"fc72ebf9381496067101da61",46924705.7890849
"3a2e95f5eddda4df84b2e2b3",16248572.6344167
"a660d5809085b4823e287a5e",36737047.2108665
"799301c01a3e7fc2af5a14a9",841236.166702529
"824cad597aae34d7d59ac939",103894.104537308
"23cfc154896b93bce4356ae6",14189675.8811608
"a9b96d2a23ed155043085e87",1389655.64353375
"f5d529ff6a35fa78ab14de21",101927.663723551
"9b337cb1451a8fb078dc9a07",2083368.5787384
"cd1fc7362660bce494b5117a",421302.770974784
"26454cbe44a07cd0df12ca07",7765830.10095596
"cc5563550bebb29c83ae3054",4201157.76941427
"109bb36f29b223a81dbfa340",7816049.42653155
"31081c78ce92e1d8dbb315b9",5298149.64818133
"502aca1a1097438b32eb362e",89999.2426082836
"4c90ce573f1d61d11294d05c",8059244.68505175
"87f1e9ca16a7ea48de04fa73",6871364.02024558
"224f6e839dcbd91491f3f1ac",1316820.4872094
"8ee7d2e0692e49bf9d308b4b",680552.500374227
"a3ff6a1fe37a1bb736b1100d",12376455.2754308
"97d49e61c1ef55451e52c8e7",12376455.2754308
"b6514cdb1e2cf37e3ff8090e",1317547.80654692
