property_id,price
d56159653f5d2abc5ed5acd7,858671089
45550aa81c0151f1fd9fd8fe,881160723
735deef3382aa15930482f3e,1029537401
0dd49fa8bb7be52b851c6dc9,819625261
7d3220a91e78f8bc2924d1cd,905709083
d3054072b2175deec2c1f8dc,392622633
b7574b06d593fca4eac59815,393693303
79e822115c5c1a4531366001,499139374
d3ed5316a463d38c1bd321d0,1052300715
2f1880c9b8f7ac2715e1236d,1026118601
dcca1c7f109175760ff531c6,709742575
dfc4f3facf91bbd93ee0fa4d,401983245
30e134a6cbe61d7954d0f56b,381503526
385fee7bd9ad7722d45dd034,448975932
87199c236bf22903d1aafdd0,447998870
19e19ad0cd6b5e84d8aa970e,422089284
907f968e78d748fde69dd44f,720760493
be094e5db0f784e3aa013aae,504432113
7ab96f83915bc84f8c03c1bd,394104501
07f4aa9b9ff5b0b05d31e6c0,966990251
e9be8cd37abed8ab510ba1f5,901522615
5f6ad58df27b562db077b5ce,790228297
ee96d947484aaace40f9b77f,769229187
15c4aef8401208054697b81e,1113407886
22d6cb11333f2839b8112b89,1150840222
288c09c33907dadbae495c11,1359299791
f71d2bca0c5fe2720a1544c4,503288520
451744cf3ce55a98db8a3562,613419147
fba9ae05a6a8a9e0c6268a9f,513750752
1338e58f7dcebf5a1ea59388,532464297
a817e8da0ada143ac87277ee,421247619
46d8bb3e9a0ca584d3c7a317,649342002
b2506aa9463aebf01e1e00ca,384474855
7ec025b9b6e6f33bf65af41b,334514884
2ff531e27672ecd2362eed55,684846340
9b3cf0d1b91b9c6a2a887647,658818680
7db5291ce4602d9b2b266872,416444067
65d5918e826c33bb950fc008,533944057
395c34e4b8f52cbdb0522459,531226410
855f4b67d2bd6d18fd03d8e7,856399313
9ff06409b37e5b5dece4604a,527339276
0508cd7bd2c77ebb6fea1e56,561670492
b45fff2e718e54772d46a3fd,561843975
cf4d2297b73dbc357d21e31b,571231430
0ada7044c5b29925abc90879,526779500
6305f02255274ab5fb6bd39c,783553653
d9a94194ae1350512beff3e6,791314934
e3896296cb80d50d9ad3f903,1001729156
6514f355887c64136edb5595,867561624
f03400cc18e12903b3ffbe5a,912144001
4e134600155a64783b3f8c3e,819938571
d63ebc63c82fbf66d8b6ffd3,828894421
1bd64811bd59706844230198,999791594
a83921284639eedd4a511cb6,605700797
a2f3f7a1cd573e2a33f52e2d,769915026
47344a66471fa51f61c64652,750901779
78fd849c9429091347d7e5c9,814231700
c3daf2abea55af99c9579319,734799076
52864916eb1984abca41ec66,996111341
c62494a9d7aede44f2f84023,1221843403
a2b576643f7a032371587e5e,888171349
e53bc68f0e97ccead24f3e56,398930558
fd82c710aad91bc90af490fe,618308000
d436abc2ee37ba3dd561e940,882551529
216a598114a403676011cb51,856537190
ea230d5eccd2b687888173bb,823041866
18bd0dd7580f2a7cb19a90b9,410853243
b143c8ca6d334f6a73c3f2a0,454111771
ab388cb4fa511968783bafee,397836397
6a4f08cd04d558a56af732d9,502599192
7216c895aa047c4f405c4941,510332796
a493488dcd906dc74cf8a604,832895957
7844b0b2bc65dced90a355c6,629651752
c1976383069b6b82ab29d092,535136586
e5cfd99e2308b7b73581dbdc,487872682
c18c2ea88f4ac53970b53d2c,523616755
842c9f0e4edf1e5a672ce15e,765266363
7dd1e46dcbddc6bf5ef694de,568754969
6cc4f32b39180bd1ec7e117b,753614970
79e643789a85dc4ffad49a25,773388522
b3402a9173d289d6db78e09d,1025320342
a446507813234e358db8b573,533442470
c8ef57ddfb35061d1876f94e,558777338
360be0df2c003005e3db080e,984757191
9ab245a4c91877cb7a8661ce,1003477663
a57a34c7486e7a40e8deb316,989146395
ceba7d0f56f6cb03538962fb,680630646
d5475993f9db58c3e4baf7a3,836508579
d37a1dda09e30da13ff5bfc3,759327074
68a8b8d077a8232723bf37e9,782941248
e1eea7716ca6490b7640717a,716997912
4ae6d75b10848d259ecba576,801376264
17afbce5c0b56732abbea936,948570653
84a2673eccd3cf3bd7fd3eb0,993038217
f2f4e6cbafe527b155707f01,1096742054
de2e3a592cda5b76c9573c5c,809430870
fac651cf404a58f24dc7d286,1320951748
e6f312a0877af26b69855a3d,1226270465
333a643c623a9bc75f3a40f2,1334323554
64593641e470908ef23b46cb,1076168701
ce9f2f0071be658ae75ca6f9,1047319359
9ab385e399a4673732b6a799,1061520755
3429c774b736cefc051e2c55,562417614
a51ad0372758b2bbfe73f8fd,733331809
8c801a266256e3fbabe7e3d2,704984518
ca2f81b8fb6fda20aefb0ccb,880191906
3c1b1f86087f9b99380e387c,826077427
b0cad5d612954b8cab18101c,826220143
7eb991f4c69215377e4dac8f,813191393
0d130b8bea4321300396fa34,1153601818
8dfa059401e1dca80ae65ae1,821705160
3e3f264cd0ac7a65ed2349a2,997773106
112dce80bf512f3f24391d23,523542986
ff25ded6333278149f8fb68f,930836906
d555b82c192794e87e9d536f,1015513224
a787382d96ef9fce8f27bc70,988550291
8c3aa295f7bcfd9a43eb2037,944372769
13ac95652fb3cf6c43dafc66,448059726
42fc6a80b882c32f6264ac10,397586144
1e9c53e09220d689a0210ab9,372462436
3348706086aa3db5c92259c3,466303869
66d402a9b7d05f29282ddb00,545745084
cf88be51d6f31c10e5868ff7,392482281
30b3f38716be209a894b0942,494957923
0a5908a92d0ba3e36f54b1f3,504701314
dd206b6ea2d7f6555109ea39,576694352
c641febd8bc2ece3e4d2d8b6,608561031
c11fdc02a288af0572a2bca1,899063504
35dc60a65969b264ab283d6d,553712410
d9cb0f637cd4feaaaf8a21c0,870167464
7e8dfae9a5f1faf8afa706f7,471998489
a280fe7610c254b935c9dcfc,401957775
85524880fdc4e4daf90e96fd,432876503
f361109d06f6609c16724b39,533335062
3f6b2f0c0876c21755369cb6,786985118
de26819064a290ce78d8fcc1,582125910
91be1260a84ab7fa3521c495,1212291423
18c8dc4549d38c918af2972e,830861507
782b0fb8641849c2c34291e6,401094374
54933f8b33a4fd6f031ed5be,721095162
953176c9a901b4f61c030432,787523298
357e2add3d68167a4f3ce15e,817623037
90332d50e91925eb9b614bef,972627578
11723d1d472bf1a3fdd8b72c,1003035547
01f8b6799e2910f7769db175,1033560942
a0d5001f7dd42d7f0c91d2a9,417212602
d4439c35bcb88e1490916c67,671072061
4a73dad0ff8a5262e8b07c4b,1103978204
3dd8085a65f24b497ea59557,1118686869
39ef085809bc80e32e7b6af6,1081418318
b98ee16e8fd7d1c75a9da13c,1024167249
16deb26bf740fa61e258f545,1018454162
732a3bd457d7798e1fd892f6,717773265
1376058cb128a1c7729cd2e9,858661950
cac7e7c3e13af91bdc7107e8,1092239715
9f3dfa6e1422f6aeac527c61,435207393
4dd3d1288ccb66ee4fb9c097,1068724979
15fb97d6a43731d61e95d004,1061212835
dac29573163315edf99e0e7a,548440070
b93f2864087d41c3c92d43c3,1029115402
cd4656aed92f5c0a0b6b7c0c,1029115402
556210496090b42ac10cf1b8,888171349
762979729fb21e56a32ed14e,888171349
ea935b76abe664d5e2c4736f,533944057
40e9ef1e7c6749b7a8d04ea9,576848227
058265732a484ac8d5497f5c,577890996
6f52ea8340cdd283f9a79720,596941447
cafe7c1ee67458e05c84d5fb,783553653
3f45ed2f08a2b03b738fbb5e,520897413
f203b18854b75c4564d7a17d,808289904
d5333f639d11bc3ab073ed72,570200017
c14f644116669a160446a945,379379541
de585856ff546e00a5a4672e,428034360
7a80663cae7c191b5d025fa0,521035490
71f80198e68fbba902650b1a,413923334
f3523e0626df8cea803ead0f,426517159
619abd5f978b1573761be86d,593494290
17a2323b855e93533a9f09f2,592055487
38e8630f2c05ea38e2257c21,722749491
1e3798d739f85ee0e5a314ca,505867338
46d0544f411bbfb6b452858c,730901143
605e7a71eecb13b23ffca0c1,413015421
7515b37b7ae7c62f3dafbe7d,636540805
28be121ada9c9303be802474,697136151
331d54f8a1bd3dabce73d6d9,896677278
22d167639ccaace593dffa31,664006947
36cd68fc3ffab79fcaa340ab,528816156
db924733e88c361cdfab874a,758396535
64eea2e9a13a8edfe8ac7027,916556169
97fe6eeed892111bfa20255b,801519122
b54e6757829ac95e2076d954,625055077
dd59b8122458557041903207,645973791
b35c58fc1c05a77433025318,1116421900
c41964afa164d8b75f8dbe92,842297018
96b3ea80cce599b68f96f86e,651573146
a4bc87ad4f1ad97c0a63d843,984076601
16e62269e6aa2ea052d05f71,1070373255
518b37b51f824fa0fb5075d3,1013262794
e083d83369cbc93fb94842a1,778554782
57deff02895d5286eda10d89,950183558
7ed35835fbe694bc237abe38,750231440
b48efa9ddf36e85164354f26,1248180585
5910c9b29a1025bada93a5e1,1011602993
10a650e8cb5425c97f08f68a,825754484
9e0feca2ec3043ae6f840631,1009287498
35ce37bbecac6b164fa21e6c,664225429
c4955010d066e013812a85ea,1068650635
d5a83c31bec18d1c3eb9af7d,796415118
70217bd08583854329722821,760575128
28e748e7aa0a447731e06706,574924556
27929c0a3e0fd2d6d2969e03,703089099
5c5ea0d8bae75e0a5c88414f,874156368
2233f50cf7b04791cf1ddeaa,625458825
bf430621f17dcaf17fb91ac7,645594693
d8dc9de06461e0220bc55906,700978017
d988975f8c4e6ee8fd8dc1e1,861401095
bab884e0f99df269805e83a4,940131676
8fa9b20af1508af7a01e2267,906725382
b6f195d44ddbe10b78b97191,572330188
2ab0eeac4a228d5769fb4365,491237503
347a4deda03bfdde6d1c163d,648974202
17230f18b30b94606fea047d,394293765
eab4ae491bbbe7b8ab107229,795462369
07c753474a847bf2bccd55b7,914678959
b7ce05400f0261743073e072,718745398
4a33d213841d2af537aa967a,763283606
04eb0b590ce7483c615b043b,957700496
a01a51af09a3dc387a18b58c,525384602
270b930a9e22d5016ffa4019,1180205254
5ed1320fe84a518e267ff537,1210928479
f04b574dc221473cfd616e22,805734085
6f7e390aa6135019dc5a828f,965300602
776d4a19fb3852fe6dcd3ddb,523019671
b7f164b79658952248866c34,521466535
aafeff5826516e363471e439,490820634
eba6a2b80a17a846ae560ece,387246260
90e62f8656ae504bf6175e0d,473929754
dc4331d09a1e36baaa6bde53,560303957
372d67ccb9d251e290891f0a,396270487
a7801c67a0ddd71c50ba38d3,397836397
e4d6b81f169cab8ea0244d75,556880921
cd5c6655243a4be0912bc92a,989146395
f7a7281a19733251134364fc,1016724975
a716ec25a219961fbe90f367,1096742054
8bd45966c16d4eafb49ee2a2,864379778
baabbdaa5e8f69fc90d303c1,1149521067
8bed46960db1b2a7954ffbcb,1178933739
dbc123f9502159d660f375ca,1268284469
a4683facc81ccda10e9ae388,1047319359
3a576586fa1aac85c2ffb75b,1351784020
b1fb98d0ba25b21c6647d423,1126782862
97fa4be3ed93c37c048f507c,413832300
cf184cc576effe39c0f857b8,514144179
784f67fcb2d009d352740ed1,486049044
f4d6ce332121f814aa663fca,583272773
c87ae84ef029febca1e633e8,573710491
e876c6fd9c161861fb92ad5a,1103847416
9047c4764f2c6b1a10b87e99,1057924695
234c94e9a248ae57bb5a0771,550427587
a49c2976ca4f24f3a6b622e3,493965687
ffc171cf73514bed077339a6,446667715
fba83f5feea2522888377066,377805175
1a593800d5785ecc36c25ead,910572335
ab157c9601861dc387a91b82,778966603
f87f8003f15b0fbc12609514,555448299
f44d035ea2b15b2c69d4da50,843268340
fc815b59cce7934f816f0502,835206934
32915b77ca68000ba9eed6d8,526200263
cb083fa7ff634f424a351840,580397931
4f3c7b9bc78f882f858b3d3a,399782094
53d33316e237830ad463a26b,638806732
f5d852e25d51377686c43bc8,558873271
64731b6eaf4fd2bb6c155013,922563555
dad7e45e4706ab2564ef9cf1,478575926
255914e9b13ad94efa6ed365,716468637
5a8950a64b4aea4ac13dad45,1101441346
70f51b4abf26651111305b1b,965356545
8919ca18fff7571002e440ec,1142360358
f776a4e0c8c82b3d29756b34,885789867
7ea4af39a7e577ffbd600f0d,922074340
45fc0d46c7a4df7ff6976fce,934927179
7cdcecc706fc7c79cce45b20,944102508
3503f56e09e639be4762ff2d,753447421
f70ac0d227db6f5333aa821e,589879288
20db610da64f80afc1621b12,375653646
c80ef212c870e2f20ed2234a,764301824
7dc68d5cac1b7fcdab35586e,428610982
a478fb93a131fee4119bb9f9,1058046079
7749b2b534213ec7b536372b,628478481
43e59f5312e304fc21c1e052,1048006205
82a7920524816f3db7f5a4ca,878081327
1a7e331d9ff88ae5efafa8ea,1027861158
a57350d4c79a415137281cb7,392034377
f3a6132006d54d0e22a17e84,763002123
14caab87a129f51b2b70508e,748078930
ba2423d79744d763aa3744f8,859261075
1caac10c1121a795a172889b,1349302567
40768729f2697b87ed6519d1,622090711
843234d3c6c20bb60a17fbee,841726129
cd2e4dff930a1c7a1a569992,658591746
5a6eab133b7e95155f6a9012,768982698
5bba6c40aeb129c433d2c58e,794550061
ad3c644b506498127c7beef1,577833126
a379656c49f4cb1cfc5b3f03,692669341
998c1a6ace613d8a7468ba5c,817898272
dd610d7ece83bb02dcd7a22f,538819570
539467d04a2b3e78c592b11b,326969635
e40fe4ac43cabe82c03dda59,551194747
5561eab714583013b422e7d4,631043997
d9110b2b5b1c02766da9e24e,785770412
c72cf05b93b9c290c063b08b,983437380
d71cc157c0c43935989009f5,729678433
4199eaa19ddf8ac436bb2ba3,1029623885
d23d12bd86def2657038a481,1017939690
ca438e13d8aa6285858da0aa,993958123
a173eb804f4bcf6bfe889417,1100162797
9b3677d498c2ccf69c756ec7,889246592
f8c787390e4c6d2e99fc7c3d,667725592
a188aa896d1b4520ccd6b65f,629501822
9fa39c9eb4b10a20dda6c3c2,1037032115
7bc9022fa1eadbd9ab39acd9,675463102
46f0731f62232b32eb733dc3,949186279
b6767d1e329ff5e28c42f632,557041262
abde4b06769fcb1d5577fa7f,736552219
1496d159d31717ce254f67a7,473246376
1470749d0d2551a93827e441,629033678
3ac517f74dbf8cdc8feadfe8,672140742
fc6616c62030a53d2aa46b12,1069942644
8497f34947cb4c0ff18a0eaa,701172411
3b2936127f5a4684a1d3de22,653392771
dab58562904cd13a93d913e1,734915130
69d1e47b6bdc57512f1838a5,943438483
23c7f9a0534a4ae6a24e38a6,842684636
640e9fe41fb79ecba89d8951,795220185
31f6a25d56f3bb36386d07ae,810425171
bfb30ae71cdca27f5a5494c6,943082468
baacf0dbd690644d74f3a929,950543435
cdcb874d2e62220d12230632,945550386
1421bdbd9cf7572b799b732c,919640522
ee9e5adab1455d38edfcaa6e,965749049
1fae43a9450fae02919962b9,783699041
5f9ee280509afd55d24f39b7,715192690
82902f2082dd405ab538ff58,753721915
eae52c81f779a61f57cb5b58,912478274
4ec0aee1b202642d2739068b,753080286
f4c6c3210a3c2eb935c6d5bb,1029036270
14a14706d405569501327924,399135653
146a5a4f3d111dc7b955ce42,956826918
99bdce7cdea643b0442976f5,773214694
733c7cdfd50db77066a67140,505163350
de328410e22767c66d919423,700444144
d0116b53467b3081664fb268,824383358
dc722ea5c4d62773f9fb6bbc,579541887
e84605e3aadd50b064c8eac3,1061166447
31a3719e57ab1425e7267fad,718919038
34993717af3f861b9735df6e,844604189
543822711986a454cfd764e3,1074734026
5bbc4ff9cc3ddacb39469e27,943351318
d7ced905983af0800c19b7fe,1033111306
02d5bac2567ee9e19041ad42,1025415718
f4897a8a0a911a2acfb8e8c7,1099921080
4ba19ab08d1fe7f72d0dd37a,899164676
b7c07f8afe037d55bddb8e41,482321243
40b20b5a3a986802d64f7675,640113851
01fb5931cb55f5308382818e,1193049586
7cd0c7174b957df1f004fc88,945900636
ca13bacbf6dc8d1b09fe4c67,724861520
0ed0dc77661be57aab63bc83,545709920
d03558acc19951a882bd568b,393684357
b8cca0d70fb46f3a31473e98,808485799
f665a58fa8eda69547c1a159,1186227290
8aa5ae4637ba83e672cd3ab9,673235625
a6da1996f66e545041d920d6,757815779
b828609eff041a68fa243a12,801937686
3f39a260b81dd7de1dff2b31,532815689
40fd167916ff071afdc44792,960245981
6ca31945172976c3a11732c6,1062823618
1437d1f1601d26a3dca7594f,720778224
ebab054e5f256bf4e382002a,888031298
0838d0df248d723da4e25ea9,696249931
7a134e45b9ebe710c6c6efe6,809018838
6e9c7f27d6b89c5f9696fae6,396536378
bd12c705950c46e679c34bf6,1183746104
fa2c1092f17ce021964f8953,709558702
e3202b635974f7a3367c0ff9,1029657562
49bdf0f970af03d83a57dcff,1028580739
91af29fa680d8033188ffc39,955029540
cb626b981c0997d254388e76,326102896
155a8e4186d1626fdda4d0ee,854008042
d337476c2cfa780518523a6b,529559197
7c3ea8523ece273991a190da,707684551
674c02227165e1c7189c54e4,1079644481
17056748001fd65cb961b384,989577143
f56bca5bebfc765162c8cae0,1192582050
5f4b0ec9c7452b888b33c3e8,482189812
13dbc077e552640736267a49,388157238
cb645955c851790e83e696a7,948236145
649cca8c83352caf7442f20a,802432978
fc8836e71725949c5f3fa7f7,1155903112
4f431d80287051ca323f2c08,632859651
42defcc69fa22e4c858f3c24,1054838049
291a2f9022933c9d81311e81,1063172195
d48a061a2040d851937413aa,1083378621
55d2ad80322427ee3426dceb,1069737019
8c41bfacbc1a6ab831b26fa8,1054149862
c7214222fefdd8d2ad7f8f8f,859637830
b3d9a095c9c73004643c9e78,1179416345
d49aeae19e13909e75dda2b6,1028053929
dd10dcc52d2549df85f2a8ec,539340941
6732b448d2e4f32679f235ad,995718801
f08a5c2992cfee4c0910f68c,1061714736
e3a62f080c25f404ca995e06,1018461626
7634d584c3042533942e2dc0,947421850
ae58dee872922a9c678dbfcc,1109434516
5ec01e911785dbd5b49b166c,512712810
9bc12d9c9ad95064412c3413,893228001
7acdaa0cee1ee62e15f4490b,594623590
d76d5b14d0acc5295b8057e2,799345843
32f3364ac1fabdd13db1cfe5,363310975
8cab957b322f1aba06bae4ad,636112091
e3dc8b417819e9afe3fc7d0d,569362559
c71fbecd8f7310c201adbf40,635172291
54c9bffcdc46819f67e4b3d1,781063981
4d94a2295f612b96264a0db8,849231627
874f4a836cb74be301e068cd,915311144
a18925f908acda4171bfbe36,900719224
a587c7419568288d68c46feb,897564028
19994da77ce4f2db3efe6660,516714652
9c4dece6127f1f3f3bc1e0f7,465869843
09c28a830f8093802384071c,548980865
5766f7cfab59c920081e3046,465869843
964b7d9de17c1ce396fb83fd,456630022
44f77a86369d6607753adc09,930790090
7f25471be85adf0baeb8ebbc,478271915
6859481703fb0cb34c1e564d,440921021
7ba0c14dce0cb09ef5735d9f,518973694
62cd6a29e98a5b7a5ad38050,638285334
9c6d7e6260e4fe83d43706d4,608296689
5dbcb55dbba823dc31b041f6,1003764917
85abc5c0353c5b678f087824,670790599
56dd1bc39664f8e9f316851b,1085681308
b23341faa7307d9d6009c6d8,543087889
2af941adae2e8dfd66542055,604278067
268f887f25d416dcd3c0c9c2,766218137
9ddc7272fe43f07035d3da63,1256947550
4002635ca8b087877ad22d5b,1130695077
b515b1caa608ff42574e5a06,727153447
710542343cece039a279dbee,656923999
187a143dbd6d4bd81d6d9c32,564855967
26db92c003c8e67d92d88aaf,1131500095
641ac8f4f60ae2b9cf6add93,781883269
784714647351cb6745c867b1,656923999
5fcf1e2ab4edf13ec844decf,923813862
2575d932e98c421bbb38b267,935893988
af9d2f5f62bf74a7fa9c74f4,865618282
4db8d529af9f718e6d81a85d,326969635
9a3368605e5f563e29182f3b,721677266
5ff696d8369101b6dc60e2ed,530626856
95ade3ab8dc04237acd6441a,449202295
607ed21e896eb5ffb50d5ead,551194747
40d9a852bbed67a6036c6d8b,566332741
97badba651a94721af5df3f0,729678433
b2f089146c30929c4836f0fb,542632881
936307e2f478c3ff7b9652e3,668508161
b6d5cb459999de084965e993,992357405
aeb66f808982c6308d891f55,530386710
cf8418c60f4e54dfa09b1e6e,803175506
1dcf71e8fbfef2c6534576df,788578384
c78b16f05ef58855da0d4f2f,465785766
19ecf1fc86396ada203c2a19,527540796
985fc7ab5aabf1831ce3d298,604767610
8aaeae6bcfcee5ad928ce28d,879110223
1a93cae134c79a43b13ce656,1029623885
ffad647e8ee35eaea6378fb6,767080161
c21a3eaa136ef8a912ce7b74,942326341
fabe0f299a4e4bc6f51d54b9,939021645
5af99278b1091dca9b0b0332,801877498
3f0c845deec1c24472a35efd,1122705527
c10f25fd39dd36287a6cde73,1152216334
f37d31c512866b575780c4b7,1057637002
5d34f871e5a5cb3a655a0b13,631043997
95bb852a958d7b16fd676e3c,993958123
24857a7a80d5f13a52eeb054,659379048
f9796e9d13fe1becef435e54,1072625888
1c2739878e452a340a4e8972,1050609235
698f3f1929a2dbbc69865b65,806162683
bc230105784ca8640e499ca2,531145532
622fdba953206a65224f2c82,479261963
6765fc17d98c08142d3d7757,698060765
6f35fcba4ffd6a58bce85892,420937437
d8654c08e95b39e3b4891cd9,775054321
33305df46dc2186c7e3f727e,1191716533
0cec193a20d720af010383b1,696988491
734efe04fa6b326ae1d072e8,482261413
69190139558b2ef3eface18d,421278245
bb084299ad23f245d7cc5b69,580648489
d4c7b3372d70b898b167b92a,766546898
4a119b1bbf04b4bd6051c5b1,994018758
f844345b6224bc76bc3c6f91,405671695
052505ca8210e5e651fc0b63,860245700
5731cdf8cac0b8371d786c90,1185854621
594d8d78af90086bf8cdf09c,693007431
fcaddcc78938f3a234dd2d3f,410463898
1574958978c9b5d23d9521b5,764335552
55902baa0ece72e2e8c869d6,873871483
46161effff173111bb6c3a32,995276590
b3fcd9cbfd485e4e1da6c89c,564291766
213ddc1761cd6b018349786a,851968369
be3b1df5f008636e14bec3fe,1035819485
dd27922be5b6f730f8b4e058,471887555
cd2aeb1b2649ef421102def7,801053869
a226b4af016a772dc7e39ac8,718876563
dcef5b332fd31d0ed8d754f3,535776665
481492907baba4574d4a6f35,1030914478
10e5e54ab66b58b3f41ec381,864576935
d48866a153ea0fd23a858cd6,508975034
d273a2075d28e343a657d9de,890231338
90a711f776d53cf654614649,833755241
f87c76eb5071c5b309e3ac3a,442978654
74df03749e60c216a3e1292f,475347069
03a84af05df0f577e09d60c1,622152083
78682041182f01ee4db04e8e,1183442662
25c76b5a1da0c2d8158b3732,1035888211
af8f09175265e1546200ff86,536256805
c8d4ffb290aa9cea002e8d67,423665906
cb89ad8156c3428ac80a4db3,564359297
7602cb1e6fef087d8ee81aac,616138368
00c75d59ed4777481a50cbd3,753282878
fd36cffb856c2a14982a5fa9,591239305
06ccfa37fa6b011ac38422de,381195510
257b533b6a66b40d0f097c55,602376817
736eef4bb36681acbcc3c41b,561013467
e1a4437b17f7bec650d8cd97,847124895
ecabfcb8ce9bb47ec3089c7e,847124895
a5a46af0c9fb5c0a03855660,986289842
920b50f4355cd2674ceee068,832165492
410e5af026805ec8088f2e71,897583367
efa0c01632d13ab59f629ab1,489493376
5965d19a68a8414b0419bc68,764231290
64955a117f2d9264eb59fa82,1042501901
8cd46b5c9cbd056d3712f155,806162683
65f736c3fee3d14c31a57d1f,729794486
66e9c614882d58c022de7a2c,1185854621
8c787c1e6161b18601e6d7de,481009425
29a115ba5b198689fce5f93b,365740201
de8ee990e70c8e5ad167dc89,586379938
0b65098a19c2fc1caa6577ed,1030914478
70ea0403b722a1dae1ff9b18,766546898
5c77e242474e477513b60ad8,495036595
1655a92b20740a11a5889519,499690080
1709b1446b20b21482dd2d36,996111341
e5dba7fa0cfb81488b0c331e,530589057
d09dc3a3270073e5f1cb353c,994018758
368e740cb71b9175fe5b7b6a,1191716533
b8a8ad4c0215077d3e5aa472,1046586939
1f4a78e094987ce29f054fb8,521531738
aae3a99ac764b8e9bfc562cf,879999259
a63ecc5539e8725af4128cb5,740459909
a29e18f37ded2e901181d7d2,776052621
14ead7469d05e5eacce6a575,587714664
1cbf39c44f6b0fdbf9554845,643244335
9012294b64280c565a88a1d8,971546810
dc0e9ce44b9932c6e48a9390,600143956
a4f272acb4b3b4f5fc72e99d,875872292
b0a7295da89516be1c44512e,732986126
b638b937d4f62949b9eb9fce,890140984
cadd4a6e1075b57f7b74c63e,829547038
a88f4eeeeac5ccd1ba9b8a4e,910275886
29616bf14b5f1cd42786a91d,644553648
f03f97ca55e9a43928c18237,570199605
5fb9bd3aee2e1320dcbea448,411997050
34bcfc2f0cefad790922879e,828985949
8c9849cf3d20991e5126420b,819991629
ca7b9296080c9fc9fb232782,996729231
63a5989d0dad994a6af7734c,413923334
7d25023ecf668945c87e0666,570200017
fde3d4a4a819b1fa40530238,538430799
e3338ac993873aca45755dc8,521035490
bfeab1b12dd82efa96efac31,379379541
2d564574f0191164ff1d068b,426517159
5529d858e9c9e3e92ce8a95a,389028482
2755af908b841e9024718b3d,486082227
623df36ea9610ed5c58dbd8b,600019515
77924a3c7880310a4822e5a7,428034360
24fd0b7f75feda5db89a4127,489929031
c2b9a3b2747f32d26c8219fe,593494290
3c3c7861a9727bedf5e3cb29,854029244
822ba8fd3c7392bda84461a4,722749491
4625168852b335b223a05bb3,500556083
b732ff1637ec53286e890865,730901143
706bddaf0b87e4f076247450,772605342
917218fe1425d2c222da1ed3,592055487
7ac0428c4b7197ca14f3b86a,664006947
e828e83be8651bc2e07641e2,696264045
4d069f925100b6cad0b657b8,528816156
a50640d13126880a423521e8,896677278
45e92799de1a5334c3d2d72f,505867338
93ca9e75cbeaceee69b4f0e4,758396535
8fc4070ce12262679c381515,916556169
63182bbbd5f94cea67de2d8b,645594693
6e163c3a0e30e7bf1e909661,801519122
3cd016f68705e73b819cf74b,651573146
3da41d55a2b9f78c2b10c75d,825754484
0eb8f10c9d5ded1b09f60baf,760575128
330c37fb5065311564fd35a2,1070373255
b849cef46f19e13d3fc9d5c5,1011602993
7bc034984b19479f29886cc9,877280518
5cae4522fa829a1614739b64,1009287498
bf6bd06201e60a4c98c8623d,952285446
549ebb2f616d50ca778e92cb,1030184753
448ad6cf4b43298a39c7b5e6,700978017
e9a37a1a4150461126dbb6e9,609368428
1d4c50978603ef41377af057,645973791
bb71a24bc5ea4051d84ecacd,1013262794
286ab2411118455780314355,796415118
045108344bf09b01b597e7ce,778554782
d714e15ab5c2d5a2503bffcb,1030515714
60823c81f0b98e8a57192a9b,750231440
dfa988a524343181a0d3ead5,984076601
fe8bcbd17b16ad023a202843,1248180585
69fe76202cd89637a15de1d4,574924556
e7cf67cbc08fa04be9f0a3d4,664225429
670583e7a2ec6e337429fbf9,1068650635
796935018bf2b241646a2dae,842297018
5f5856dd16c0e5131835e650,703089099
ea2e380226005bb55c724ce1,950183558
f40defb11ff73ba4e3db7611,1086114274
a4b2dd2771f49951c027eef2,1116421900
a949ede7227c8f8587715029,861401095
83f402857435d4fadb27fa36,940131676
36ab522893b5f01caea4cd0d,906725382
8e4875b7ecd0898571f0b1ae,546488025
7ef3f8bfd0368696369ac957,566722126
73ec13a5687c542137eb9a41,496736236
6334eb4a37d102ee00c6e2a1,576781392
fab91f0b03598c943fa425dd,571094379
c57c3c7edd591e16c0b7c1f6,595979669
03aea1b6ff072f117ec733af,613755878
91b57e8d6c41b7afe949bcba,393585492
ebbc5fdad817b304af3585c4,419735922
0232a50c9afca03cbf4277c8,539807005
05b12b1916e51a804419c654,541161589
95c9cee9b36fd1d68f647aa5,651073431
3d31144a77cb51647f3deb02,623981822
ea87e3259c2b0d6263d39a2f,522510374
61f634438de4a10a861f42c0,567476183
c3ca43d0474dea2f2dfb9791,385790351
a13a3638569b89ddf1260470,496487510
124959d1429de095473bf5a0,699831677
4d85bbc09ae56cd85a8f87c6,557090275
2c13f29a8b9ac9b464e3a582,439902128
70215712bdd8ae7585520550,451948610
3352469ca509e8ca652fad1a,516487945
893caa7433c200e0d43e9f27,1053373526
767cb14f03c909c595c2a731,504012410
11433baf7716402e8c58bd33,842175257
e07ca567b0678126a1aec803,712853248
b2286067a73bc0049328b55b,596773117
c85d56080167254c7bc19303,751166184
5b9ef8d6defdaf13dccc5ae9,721706580
f7972b1936c6d9e95d3f632b,834209115
defd03ae7d0c0a44baf80abd,924273077
6fffb7958a58a73b0e16f2b2,983243393
5d86a1db39e324770ae58efa,553064801
c56163e390d9e5a7a76e77be,644491640
fd5ba2795eb7b5fe338d6b4e,623975257
24d6d85cd0e2dc3deb2db896,652318761
feea3a2bd9f643219de51c46,907065292
055d7c66464d7e327711b497,818866821
046aaa4162cd410e92b216d0,591409047
b6bf2760cfa26cb28fc989fa,792907629
3a6262eed8967d695182e435,941189382
cf3665f24927de548639ee4d,670501971
4c243fc50d5511a1288bdc0f,630519105
d753227b5c685e93b378baea,732757122
149e49c22fa0eb163a36c932,799889944
8baa01b8c6d29c82a6108cb8,797906216
2d437a09b860d9d46644ea23,725716899
66bd80fd26836fd426be5733,908316605
a30e69524af9c1bddbc5de34,514474710
fcc96840d952d32a7300366c,581360885
659bccaa707b94f303610225,584555822
df1c66d8dfb9520c6818a32b,721690592
dd1dacc0c90022e5b40849bf,478978967
1a06bfdfaa9d9ac754ad07bb,591437477
a0ecc8ce0592a40959bd755f,648456748
739c2b9be0941e4c126d2f3a,1018095418
d723eb2516802250027312b4,738813163
04cc75f46642efb1192f1875,479265281
9f37bcaa95fb0044aeef6075,531527941
7be8abb5d23794ac47ceda32,457274064
c06c737cc0cef7fafa3fc4c5,488899536
48e71c45f41778f8dca24cf5,586387323
b41f7c1cb9cfbd188f8e0233,854804783
32ce96d8adc8e549b90b4a8b,798845148
c6bb4ca5a0c839d38dd8ce19,929226005
1d91edf33a141fa2181abc4b,801787754
aba4e24dcc6998e5020731c8,798845148
00af33cff3ff7c6927306df4,569636155
6d2328def08bae481705e20c,919726112
7815163b8e4a54843d121dc1,759968647
c9f92088dbdc0d81412968dd,737738063
8e1bd01ce4b7910d42f59be4,619409788
5fd89a857727753eae6632f3,827122759
332e395d4ce62523a2e3208e,534900792
4fc89ee51cb0e1b9d6459819,1202833575
2571fe181b6ab939eac19d2d,976352919
af98a0e223a825cbab78ae49,1015242121
ae187fea3c46c3fbee7e6e8f,746953839
c681519ec1ee1a28f6a3607b,916610688
bebcca3e75e747b5a01f5485,601197527
0842a0730545c623043b1d8e,909462405
973afa2d67c20297aa108bda,675814464
64a9f0bf04f1c890cc6e31eb,851157972
9e92b27f554068b7dfb640cd,862946570
57b7aff18c444fa3c577b079,688499182
6b23f191d2ccbebf9166926c,819630703
b80c961aeb98d24d968c71d3,1184925666
064c1cd5e94efdf8c7262fec,777695545
723078b6cbdf02c88286c596,970260881
e239ff5eaaebb287beaf76fa,984438745
b3b30d8b869eaad2382c5447,1133463992
3f295e6c14e23cff1468bf82,828206748
be78bb0e06d5768ac1908247,543081330
4daf52564456895ca7f4429c,484750737
c832701653f1e7f01913660f,912656468
82433a009defc21498037127,878842978
b53d3d578b1d7d9e00c8a00d,717859598
36fab4c38cdd91de650e6abd,836436638
bed932e11a599f7cd4bfa31a,1203416886
1d9addd835c9fe8665e01500,523217078
d8216aa4e029c0d3d646efbc,762948146
c1b0ddd3c104ec4482d5025b,519205016
bd0f754b0fd9b7af284419b2,1001726173
01e907d7672006fa2bba8b0f,489614173
7ad046b20064565644ebfaca,485337985
1ac2b23683ba89e9175d1b99,971401623
ab4c55e78eb83d80c153f50e,486220182
2ad54bda875fcf8c6b675bf5,493561232
07e76c765d1137cdd7c2ff53,398117224
5531b9663c5a37a2bdd97e9a,690631601
c740655aea4eab7066446c42,586268803
3b6c37e7e6ff1c03ee4fe995,657783896
1b5d3ddc71634099fa1f04a8,645994843
1ad916edbe6fd38f40289a04,629546648
a1368aa4d3ae850bbfd90bca,1041475248
0f728f676325ece6a001b4d5,639039851
0f98c4e431100aa87e6fa6af,893286299
91a08474a18644c43224c62b,412058934
185dd9366a6dd1e820880917,994204822
e364018f4d994cd15d4af374,1153670081
77348acef84ef77f6a076268,491112186
7f8f506137780f4cf12e73b6,549279926
809082a38e6fc3faa66845b9,967112792
2072a783a44474cd0dd10d7d,554842423
b71905255273cbb0af1290a9,490354031
c7d5f021595b58c507f47d3b,860479847
65ba1feafecd7efdcf214ed2,874528984
72eb64cd02ad2a54b65083eb,1270265963
35d79b2ac92083bc439124ac,822398594
2f7d36523df4a5eee3edbe05,515986626
b0d20a04106ebb87e2cdea37,1017395599
43650eb8b70dfa256ca64979,922074340
311fa1bf3c405f9bed13b38a,401957775
d12dc721a59af021e8ac68e5,401957775
36f9a0ea831710344f468bba,401957775
1eacbf36422a54f1327fa291,401957775
9567966987eb1d3117677cc5,522435210
e5bc85e227ed7dabfccbd005,401957775
d1f39f86c82916524273bada,538567547
deeb837c2c6bcbd01930431d,675198441
57aa22792684debb8d4079dc,555448299
5b0530f544da162b9a8ff772,655291739
b7d66c5f1ad06dfcae5b33ff,478941634
bc353a421fc579770e432176,526200263
45ae1e929b0fc88718151191,519965299
b04449c499843cf46ccb695e,755602555
e4d89c9d33a0f2659df21185,501554631
b2a7a8ccbbec39b63e4cd028,484105482
3be69554b1cb31ed5732a836,600708470
de7f584df6103e8bf95f4a37,478101891
0f4de499e5bd2c57fcc75013,533335062
b4fd0aa09f993bbfb1fa8abf,465553226
88a83e58eaf136a82ab1fe37,610757121
379429ee3675d1adbf816cc5,496798709
c6084b85c8d95e0ededc25d1,819046464
8eae4346936f8c6c67be81ba,388684925
a13fc9e9b4e47340a5d53bcb,636092479
7b8a4d701066372dfbdffbec,585561903
a62a6094ffed3ea7a54fee73,477113036
bf0ad098fbccd3548d834ff1,465553226
0a231779f131c36d8e6910f4,743024051
51ba7338f5900d8ef12206fe,732667398
81b14dbf863114fdddb38579,540478999
adaa406ec9ac311e9f9c0bbe,537882504
4cb11f32806c0e07b4251984,458514616
3fee486268a1451a7b9fff7c,576590637
5666f3c36f0ce4eab2c39299,871400577
8a8dff62516671aee2250cb0,804496496
ee4fc6a146e888e993a4412a,872666906
5a16b30f4d580352710e92f1,752091674
424bb491c71e913e900db76f,815116321
100bdfc998bbde3d00548bdb,941536468
d793efed9a723e77ca8272f8,744940209
725c029b7c5807a4b0ba2bc9,830861507
b6d3345346f43dba053ceccc,1077546765
888bc3c4ceaa108e048ad28d,828207354
267e000c89d3416e551462c2,824278508
0ab4a4b8adda35f634812221,857829066
823ed628bddea9b56792d108,786985118
a189bd7e4eecdd18ebc7d353,995705819
da16828139a19aa11bd94ffe,877132326
874102a58234cc7888902d42,776602929
789e5d19fa507823cc4c5296,802191865
174bcb77be3b7e408e61d7e1,749021562
31a1492e589f317a58a79df7,715971238
0825f2ca4baf5b34231ecfd2,962258112
ebc96ea800887a647422b8fe,728395838
969b956eb7769b6f509d3ee6,943550946
6ef9135481d8fc882a1a735f,781594658
5f501c4532ade3f412359a1c,950402577
c6d075772255b1efa52317ac,786902319
535bdffc5b79d62aa6179c48,1025792424
e95653d504208e8da19fdd03,877132326
e4e529e778dbc89f854252f1,753471623
ec5866fcdb9afffad2d7f5c6,915405749
814694a725a50c306d774342,963524361
1cd6531d8539468cd5f4b315,635178318
0c3e734afaa6b7c370754082,752091674
f80eace37237614562f942aa,779457069
3aee70815bcf6effcf0e5fdf,830861507
ea21ddfa37d60737492509cf,768398599
67c78ce1b8a64f36ddf90cf6,696664370
fd2efcb61008dc9d11756381,924917414
f51658b9fea670bd943d6db7,1103978204
b83b0a53ead29faf9dffc0fe,1085428125
c1329245f57c5d9019105382,1015666815
98665b825fb3a06b914d39cf,1173281788
24e90a7d9a2bd0c30a4f661e,1019850978
6e64677f8d730e1f9ca240d2,929950170
a742819d8e4cf8fdfda6e094,1017061598
ed75d1c40109eeb51fd636f1,928763447
cfc2ab56604b4e3734d7cbbe,998108628
ed5622c308bfd10602e939ca,778084145
5f537d233678443192d22642,1071291364
aaa79ce67339dc53b4f41dd2,1058822749
5f467c6c80023b0174823d85,990423727
46fcc0d53b263beae95b8eb9,1003035547
2bd47c19e5d29a3157fb8465,885789867
9c9c2f05352c92c02d080e96,1168391575
cf8fb8db6f74c236cad0cfcd,1179954628
f42a53a05dc90e617e0e4c38,482351112
bd612d494e2f21051556ebe7,936312149
ed1c8ac25a3db5120c92525f,510945112
2c30c2736472590fe45277c3,535455143
bbe2c06e6f90c4234a7781ab,736026773
b527813993b7bf4a10c05683,842381500
2f610d2242d583654337d468,1268594649
dc25c9240c67effcf655b02d,747480381
c35f5ef73168d03cba1b1f4f,541475345
e88009be52bf5803ba3665d3,560020653
12a63d4fcb56c1d690e1bbb1,616237921
1d58ad85a82f7731e0f198dc,1063297182
a2fdc7da13d098cfeba13b76,544895280
1969ba34b72e61337246cb5b,478505323
8be43cd8653accbb8fe8a270,523916340
10092cf2f8afb3658ae475ac,609412267
0fd313e5a0f02df07eb6b104,397836397
9b5f013e795f5fa610d03238,523616755
b1ec4b8badc955f9f4fe2131,629651752
e491adef93281c097ab08dea,570332018
9a65fe451b30c59beb3d62ef,548072757
0d3245463127143a8a52014b,902340410
a0e3198470f97f6a169044b3,998458783
33e4901b6e72593513a02207,672154811
f45234a3f0aceb12341be024,895343930
a71d53ec4fd0d64f8c06da2c,993038217
f1b30c4ea99f19a81d12f73b,1149333067
a52e2c893f85b49e2499cbab,877160214
b2fd7ee866066f3ae0dfb3c0,963171398
5acc9d767e3117bed0fd8464,767481842
0449a82dd1667c8c564904f8,1024428715
a0a8d63b5f43b87c0c7e1fb1,951010725
03de77e22e987fc3fed4eb78,1333202099
3fed1dd17fcfbd2b86e73143,542254212
04fe204d03bd1c9876242ccd,983576901
32bdf33933c29b1cbf89539c,715192690
3f6c05c97778fbdc86304bf4,1050839624
478e13e8c1cb5bc80f1080e0,805876189
3128a4896665d38feb72b456,770705447
fba6203abad5f4b3b721f29e,703005041
b25f461b3d48d833a73316a9,1061166447
1282e129e1a355b161621dd8,840632356
293320b55fad21ea3f4a5899,374361474
de2f5db1cd1024a9734871c3,461387651
200897b1f8bcd7c116a85306,390096066
7023f5a68e1ce9cfd23fd021,388820584
13faa4142e9d60412abb4184,562565102
d74d0241fe5222f5c5b67222,659357295
0e51111c47813a0b0dd51b64,724061763
25e3793214088669aaaa4ca5,928467132
43d7b77a99e86e8bd21a19ff,1191195846
38b87cf007043b76670207d8,1070488561
8fedbf13ebb7cd3475fa3074,831534654
4be510fa977b93e34a789f26,496882010
8f165174bc07c28f9fddeee3,754911998
7ff6f389e364e67c4238df8a,510971088
2c91099736f3158f7f09778f,490164184
7bb1bc81e6eb3b4390440165,839274968
74e43ea3081841278c76cda6,515100339
9b948f070b94c18e00a857a7,591995573
99340b6cf8f818392d501e9e,1260405239
b27088c3ccd93e7d8d5571c2,720017855
4b45cba0d601f29c2b7db97a,827274210
362212de783981c9ddb767bb,649794494
5aa78a2bc8ec5e2be315fbcc,1173539571
92fecc04105a999a622ba3cd,573763310
5098115b26f2473c812b70ed,737917911
e9860f6b4c3e6699e62f6c31,508158563
71273ae563da6bbc66aa87af,397678034
6c6e7af42a6ddf62b04c35fe,484249480
484922bbe02cb218ced0e779,410353590
76745c2648b66151008f6399,529336217
2100201e0851e80488371b67,423842109
5885faa4aac834118c5e4351,459937435
f340405bd7f2c4bf524c50d9,570238479
1951c1c8855fed5db8031e5c,603611768
7dd96ddad0fa88f5c5978e39,636356116
db7535339826028d0fb3355a,534978689
4317746d5b88142780e6897c,795953252
5796e37eb1a995db5cc06eea,431452515
817915cc3582112fb5541a49,753301727
ba524c4e2f13109ce814ea38,615326077
c2439ab65fe194d1d60eaa07,927674703
92e4dcc5911b42e7f70311d7,692334125
6bf86a580c8b510b7447071a,851313783
975482a692bb98df98b2f243,425073979
336888717766096b24215b26,895888489
ad79f4fa23a28cc84487517a,636997391
d925c1d4dcb68990c7204b33,788403221
f4658aee77fa0e35a71da7f1,752144259
210d58091ea74bb902915250,669262304
186d4731b3af01bbe4d08b23,554457255
b760fde2d4df27a168ce0e80,923511195
2e653d2567a47067df169d97,1150213506
8b63358f3cdf8df0eb1f43e2,575401645
c09d691e4c7d7b8c8f6a8370,919618106
4502e2809bb5bd47b2781212,627166541
d03101c7f823dd7d17e49a83,1030640248
f5dbd7dcf63b08f711561e58,564869681
9855712ed7be7e865656de13,1167763579
5a6397b85f45fba27dd9311f,1058789155
4d1b0315b5aaf21bac150d96,837241107
32c7a2d032ee21f8bbc6eccf,524530596
beae197df95b84881128790d,719642194
0cf7a6d43221664a060ef681,796506355
c431fd6dbad57351a497fae8,538483145
b1f8fdc8e3e25517ab80c065,478642193
7b346d5a5f5ec7165d1f8644,467162949
947ba86487536d611f548142,1130695077
8398ba3b03595704b5897704,627594539
3f895518a7fccca44e534578,570332018
232e859fc353dbff75c97cf8,895343930
b234ef225690d57e7c2af4c0,998458783
393e2e7ea1f20eb6b4148d60,671421732
668db5244c4d5b5c76b0b395,766947180
646de9441934226c2ffeff77,767481842
de53880a3299626eb6c2cdf9,1149333067
07f10df13b244dc33b464582,801952552
e4aa393309860fd5e30f49d9,1256679250
8c714badfcdef8ccc73df9cb,1351784020
0f8ded86be8d3543a5069b6f,646476987
3e9d73530ff24d3f4a543091,517572652
076ceb408227ab2563a663d0,360192670
e0ae474a5307ef4057da4994,327805574
d41fc79d800458b1691bbb87,904534176
dc8262e1493ed593103acfa6,702818170
bd6c24498bf413b6c5adf81a,535485366
885c77c839d705ca7d04d383,758169387
b8896656cf6f5dd7c33ae46c,526853096
34a9e3ca94ac06347d879942,1025547163
ca3b5cd3505049f1471c47e8,616147989
8c05c66be6008af7f6dcc10b,953342364
565fb93190cd34ac8b01f01b,953342364
6c8119e00b901efd2dd40f0b,619166051
34c92caf68dd0cec9fc383ef,831108911
68939c438c34e79a317a4f3b,917362920
dfaba547699e319462abfd6d,602255342
dd1d2e305d37d9dde55393b0,966776568
c32df77def9978a84f8ba7f1,881835434
62103a85a8ddcfbf5e40e284,902089207
93bcdd2a8ee1d5b61d00d58a,766023179
9700892d7133ff2c0d1763e7,1191422364
fca6d7455056792cd61e2ddf,445846259
4e84c5953b493be7ca96103a,785595016
42fc4101da60fdb41f41f0a4,908798239
12d40725335f83e2fb9b937a,868243129
2b9681901b216f2174af0089,842439901
9ab74e81283becc00a779172,534634338
8f378dc1215f9213f187c02c,685720961
4a3a6698b5490216e8f8e6f5,931433962
0dd795526c080e8efdf8eb0e,556894318
3e7217f628a1d0fc9bc47071,633740557
157195fb2358bf2d5051c439,647167560
37063e689732880621e4e733,1094374354
3bc68bc2d6a2b81f9e3b9a50,541124597
ce21f368495d385fbd98de73,430354240
1a6af7fd6a5b0602052c4c27,479671928
e38259adbfd953bf085a69b6,778975011
0cb6801c9b57e874102ca349,846240593
79f1a5bc0be914956d632658,838496978
f571f85be35a72b2ac358d27,519732322
163bec92a997aa8263f5a909,521962895
9ce3000cd80aeec2c5188e8e,514910591
6a6178c4cae2e92a08b0dd0d,560814846
d52cd6eee468311666218625,780723313
8eccd2a6352c33d8c7abcea7,694467336
53d3e32b1dc782308e352a33,764282124
be26f0523e5cb13846539384,715588375
ad7739088e8febc68abb42e5,966478638
add4f9dd26fa34829aa25eaf,1149605387
17005d6ec889a947397ab980,389044447
3fb3a581a9a74146dcf9b71f,486892659
51c4a8b438bb0d97f712af31,660480426
0aa1332c56bf357f492da2c0,390614132
6cc06c89c226a062fc46795a,461106050
682b38de3539b2a584446922,487743452
1cfe9cba4c2015e7b58f05a0,673840561
17d34f9cb105ca5010191142,799076263
1fc0faf46f3b533f2cae2c06,1263398050
12f9e1f78c630defe302f781,805546068
87bd6ee6f17d2bd5b61b0ddf,1182699090
fd4ce3ddaf79d1b97043ce0b,1183603263
97aacb0847561f45a5540f21,674211673
a6dac56445613d70e49647e5,1138680517
8b1acd29eb268fd684036180,660199917
656c13ca7a1974df58e1b826,1179954628
56f72c2d672b7bc3c264f7fd,967092467
3771c66b9ecd6db0b201d4c4,465387990
45e2395bee937c187e3486e2,868174110
7c6880b05c212c66b8961b71,501419424
e0ae8d2a51c771aef5f245e9,814768665
3573093e56e95a982a41879c,1010673877
0920b2df9df4f0e509a7efb5,531410638
43600371d44fbbc81f6b6fa3,462252497
2684f67bcc89c8a5b95e5592,616043762
ca463fbe3e5cacc152aa70a6,465387990
0935e87627068206f6d9c0c4,584485439
10afe23f1f58f96422c97934,415261801
f3c8cf1fbbd6cced1fba0930,719161257
abfda926d174a8da1d946e27,513432127
fc9fb2f209a4b5e66f89712b,668219295
15d10635d71919d0c9663fde,976545022
79733fdf8881b0d25412abcd,852163824
7254c91fc9b51e76c6fd2a99,1003797796
b732021729ecf88d6297b48c,1012173863
edf4e11d1f1aa6f8080c3156,913479916
0706ce398b2bd64913e68d39,997182578
ea4a797b3d73d1b2cba9d651,1158889105
6c598362e322971968739673,404573825
130a119701171ed3c439c527,542766529
849c918d78991c57f32f2031,491841522
036fc9e01b2b1e3ef4574372,871798345
e4ee1a81aa121aa5f55e20f3,866486392
de926223fe4296d96466c685,1132661105
340ae520163a220061bd7f28,451531393
11e36a3effeb0119b8bded5b,716074111
2492a7a74edb57f784f6361c,736176519
1900e7808046a5fe89d8e440,825232481
fba35c04cfb7b6db50cbb57b,987836733
daff79365fd94d1d3a2bbbd3,527439936
51230c899cea0054bb74cc44,496910197
5e04875f99a5e4476c0b4186,577431681
542db19bc6b9a1366715dd7e,916501140
a117f625c794b7d52ec67cd4,974049065
4c59acda820b7b75823fa277,643475222
f040a167241599987e7b0967,559316389
4a016eba4744dd01954f137f,381473886
0d995f0ad226dd21bc96ff6b,595453784
3d44c742b1aa4c022a968ea2,463456544
e47aa2541fb576b9915fd625,537653753
61fe9ea90c8a777971db8384,792972955
4a611bd82c9216a3771ca7b6,829666046
0cc5caa9b48a835c92da7653,923798655
9a7f24ba55c92696d377bcb8,732430663
32366fe92222b329e3d03b29,717518656
aa26461420614755c2a52db2,938922532
53a447ad5e011909080c0ecb,1269185614
9d790c8c474c9de2afeb00a2,513753895
dbf200ef5f1e15211e2fc6d3,838451386
b96c9e2591a4cdf9c4e0c09d,598568355
78eb6f51d94a61a967da24f4,793890950
fb338e93dda9159476b8382c,409918647
72536bfda19f78d370d95f26,1086884601
7c581e2b9daf20131803eed3,734094568
50cb0ad562ab5ef4e06f84ed,1054640081
a24901956dac4ee0e4b0c91f,1052533658
c1b386f478152f9be1f546ea,528723499
1f34129d15f992a3b62d4b21,392960249
299117d35bcdd48afa4c2eb0,781517699
4ff6c53c0bcfd1d24bac7ad5,931891768
2e52008bd11000eb776bd80a,1158181095
56b78bb57b2d1f064c47891f,591750029
ef64a8989a6444cc529dd1cb,667742228
078f7c6532204fe046b13d14,1051488642
28c0649dd8b294574a876e95,962550621
6b9b9d28723c7ad176a9306e,931488718
a640228932682c0c04538ac3,1040811555
b19efe9cbc26d61daff5ae90,529486296
dc69d70e4d2713fcdfd93dd9,1051488642
358e85ba765ddde3ac31be33,396536378
5e6b2661bb7ba0ce4776d483,326851209
0b6dcb5c1952dcea931e2c20,612418452
cde84d2435eb1d0d4ffe2a43,673235625
bac550d41b2cbdc6a110ec7c,418986434
78fbb49efe7dc0d8e144ad83,991010059
606affed5c707249158c4b49,783136731
d44778d36fc789f8b8c745b4,710325810
27ee3504d1df34ee8ae5dbb2,909516963
60bae7a45a084f117eda823d,843608706
98aee6a36f208227a992f9b6,960245981
388a6dbda422f886e503e685,1260831680
2869a2d2689af65497775b1a,1034228870
19993833220392781bc15279,1062823618
f0efda3f7fb18af1b44d6aa5,901076856
cb915d1ef92dff803c5cceae,1056999876
4bf02d040efe5358d4a5940a,1244597900
1382140d8fb634851d4d210e,1186956705
b8ea07763f2e1a3d635eb23c,510800594
8ec00d454698c119085cbee7,512542124
30d5185ca2ac2fcda2bcb79c,532143599
d0ea7bcd8cef8588ca50c778,544310004
fe6c19c6f54606a611d412c8,399390667
f22ae3d17c92427f5227cbf7,368700078
92b3b7d8dac6b2f6d5fcfd9a,545156789
8c44d216517f5c59e2611aac,501334176
b85fa4bc59149a7a25447537,369611113
99f10097f39b32a478877340,735740730
44f8d5ab70828e06198579f3,952769311
1f674965c913f9fe282d07cd,401119300
60e768892afb284b0e5042bb,849465384
8a6d013451e46411d35c2b6a,690966205
6f953b9964d60f6a74c81226,569022840
05076b448cfbf9dede72904a,953729777
47051c25acf866250b5d3ec4,852994670
0952c73b02dd5432aebdf2c1,516085662
cc3ef2f4fd5568aea96c257e,800992731
834fe4a1e9e4efeefb5aba08,610502502
104cd052884247b14d697673,634396362
8bf61f106e60d6be03799de7,954524093
c13e387f56342f88c993f0a2,803703211
ae664789baac0c47d13c3c19,817273340
ecd1e3003c5d74a3c7cbdb11,546424247
561cf254aba002fdef8258ff,827481919
98799228c26c9e4899bed65e,794288864
03025756be203027ab75aaae,778966514
8997555e7bea06f7b90ce821,884604219
e91a3f962129068a3a76d209,653032369
4bd0a354d75759510ab6bb46,951524341
f6c1705a83c039f7a7d46255,725960640
0c4afcff5f5a90cb79807682,846499975
d3222a7545e302bf10894658,630726912
03463535ae93b8b123eaba8b,738682231
360e5cc9ee1282e5a6ea17dc,945785848
07f24808e42c9e11a7c20232,633317873
b80d0456fba49a40fd774e5d,741185404
f865411c20924c43a080794a,1131727765
c578eb2dffe903475aecbffa,528971434
d639498fabe1db1236656593,679595957
e6e3bcae6ba114caf108049f,507072445
7dd9760286606c45e6a15926,788805623
2c5f07a9402cc93f4c683759,837856964
e3295e732bcf306a2d338387,535237908
240ccc45a242f80f817b04d9,941284314
a7ff59863f8719590146e71c,923805440
e6477c2014ad081d22f12b9d,542642472
807687fdb46614d9aa139b20,592415476
317d8f9d18599b346639a4d1,439860980
b85acd44e18ab485d3ac543e,521990493
e61476e47d7e7be706d23fee,571473600
270a97e07eec2be02cd89a86,601068929
4c9dc4494a3428435457f575,386138456
26e58d0b13e7f7f5a54585d2,1024227748
166e1e60acca831bfad07736,727803583
aa25d9f8737f142b8cfa970b,1053578950
44cdcca08e1e66a1496fac6a,795892947
d75b7730e8c291ed41d7caf1,960617370
6d1534800bf0ce97197efb6f,822978353
8b13054b3318289aac1f13db,386196004
c6cb6ccd3f5876c9b9e29685,571575044
0356797c1683d002bcd94899,1112445551
558cb38bcb8de04588bdfa30,700988880
0685f2225b939147c8482e6f,394128790
cf1ba56710023ede80a8381e,886024695
2d4bd56e71f90e6fb387a2b4,1326677547
b96b8e1d636f0c10c63e5c6e,781989247
534be635a841fe21c7a702f2,497545784
dd5b4eb5d20b8b9c813ba52b,446463106
46941e09b153ec19f86c0c2a,981127670
9f06ad3793ede2ba7f39de43,915727223
b3df8c66475021fc04f107a6,655809201
468df200fa490e667bfaa31d,761695857
8130ab67c5e0d96a9a67fb12,987022654
f7ea437311c0d217b0d572b2,452135296
ca0b59b35225b44447967ef8,398888828
90961073d9887bc1023315a0,509925183
a1421c30fb33a249bcd54394,389084271
c87d9677bed80b0fe06308b7,407385303
d331a4d58875a393080fdc48,404103912
2f3281ef06475d2114fbf9a7,402900756
487ede1f7f155194b69c531a,404129453
04308f869d7c992ed3ea646a,612119513
912471caea3c71e3f9f70877,631043997
1baabd705f72393167dba5c8,596660062
aa4c66791884ea2a8357924a,551194747
1ce08c19161bd0545eef8a16,659379048
01eb0a2c1033c30830161321,619270739
b2759de47d28e8cc05c94e36,616329017
bcdea05b890394a10d24601c,432789373
db9f66f68aa772fe29e37edc,486936962
bd094081331ab259b1076261,465785766
81e7c8c1894e0c3a9315ff27,510390654
7cc9cdd32c209a62908a18ad,618569769
1e18024ab7d931bc7ab5873f,691762851
baa146a6537e8630180fdd35,695269381
8b788f742021f2438ffbf528,407844899
66d41314804d77ea0f440695,736552219
72dec1e6e65f6117e10a2473,430953834
4066da904062a0041a809b02,576993327
b7570bfc5ddc7caaf610908d,558886977
f6c6eb3fac9658c4951c4222,558886977
5fe25ab9cf4ea071cd6287dd,487677555
0ef36d33e6c378c946b8a65e,618408681
991a94dd1e99de493672da14,562076795
798d87a368f073efafead25b,618408681
9e8cbeb53820394a460f0879,576993327
7b5582907bf47bb9e873a513,686396562
0f21ea53a480e4363b8d7aa9,799536927
ee667413d1cc49427ad448f9,734915130
12bb70a95996dc6e286086ed,617662725
9e9e3655ffa5921889cd8ae1,1024603460
f2bfe55b6188070fc5c3f59e,952329807
1f00fb18ad48b32c666fd319,711176375
86f15ce6ea8e97837e6b9383,730504823
7002d00c9acf8b8a4a5865b6,1303698535
3e85deb0237521f1a7a8fa84,1017939690
1bf77cd1c4037f4d2ed28036,1100970915
ce8e1e2e4a79fa55a8547457,1100162797
73a8efbc036911954c07b91c,993958123
9a2051367d6dcbd90a4d60e0,1072625888
3804d5b313b742228ef0f1d8,1088026061
fd7b741b96080ca5b964cac4,1130761243
c4cf9ab3776289a412684892,832481042
1c51566c7dedd4a46503131d,1083253972
62259b400be228a30a655a59,919640522
e5092b4a94f1c231a0c47680,889246592
6f435cb10e5728ef45be9f29,1139949225
04a071d777e60627223e28d4,410467707
1117078fa37ed101e9120923,747242067
d56fda10944b088d9cbe1162,493932614
e01c49250329331a442615d6,471108830
30ab0bbf876dfa515b266c9f,472620101
6aaefcb58913bb3f49954b2d,954693270
629a6122db92e378f0eab96e,730852072
a8549fa4bb56a2bcc0e15b11,364873720
34291b30d129222905ffdaba,599283003
cd5658fc146ae4b5d78fb565,540332195
ce14bec246191176c16c4e27,673874190
46529f0455fd35b2f4a489d0,457727061
52b3823c59546a6ff3de4d09,365200530
959b7ea50d93bf1c36e35005,1194870881
5c6edbdf110bca5a66a51585,364873720
d4f6cc3cc6e923cd37d0fbb7,493638889
2865962bdff8929888a51341,804817234
105bcd15e02d39f70ec2ecb7,594040083
b2357bf117ecb5b9082871ca,365200530
273cb73a7bdec0d291e845f1,493187033
1f4cd62152d4940990ac6a9d,374239727
a13ff325f90eb49363f59052,1007182935
40871d7ade3e592560d0b3e3,496882010
ad2081cd75928b8f5e506944,1190144234
1508ebe40f90f90a68f6dd69,492910506
d3cda82d1fa53a7ca1b46a33,857435802
dc20d46be2470d85ad9e7e45,418201537
0a7fb26822c2ca556f62a257,540332195
40a1cefb3cbb7e2972e30d97,476817945
4c3a2b3e3d5999f747ae0d53,947941675
a8870552db951bc4e76e7f9a,437601661
cc48e66185c23195cf958612,685724675
09d4b5b5c2f97ff88215708d,817364153
a59320023948e2d915c07306,570528958
a74214a0d4d40b898ee2be88,509092203
dd9f28d722d43112651786e6,535656888
275360e29bf3309e09ec41d9,392693937
1e21ee2ab4ef88194cc85166,565164852
268c1e17bc17dd646d1885cb,706835314
33e22ea4154e8f71062dba8b,567230116
5b5db88fa09ecd8f4b9cef6a,771197126
c41dfc0b917edb6e6ef7b1c8,656582641
3ba6b07e752fa580f630eb8f,969795989
fa6db64bd7cd8b0f1c0e2453,960566468
2422ffac7337b402339dc550,1068686484
dd6d47e2626e2bf24f842f21,869682539
bb433dc1bd769d684d8b3352,1117480392
812ad0d57e4291da184bfae5,510268365
51a0a1a680770b625579e25b,1254171632
a91fd5b9b1a791a6af59b70d,823598085
094da6ca19427f1a943105f6,867043992
7af0a604d1901925aa179436,841258506
890df90091e14d1c3a1b30e8,496923644
aac17b54a68bd216e2bd1d45,370153731
fce26c7fbf0bc93937ea5198,630242701
b4245f075bc41aa29b55d324,794737468
bb70d80b0c6ad3022160c8af,403183719
ac85c8f7605ceff58dcb55cb,402553470
520415ebcdd1a4059d18e2fc,949111980
81547b223494084af3e15bf3,572521197
a0f1496a0b4a7cd8b850f010,1117350045
436fd4dce2ff0f71232f4b6c,399593828
3923f0e655615aa6b52721b8,760173862
afe03b938be9cf14e98d4a0b,483311969
0f1c472b94feffc41f1caa44,494934240
5b76ae185e6b41243777cb4a,468270813
d70b133f81d6f1c9d93e2ed5,379262767
865459f5342a0102d255fa07,403878827
fea5eb95dfad452d6786b042,474024292
415622d0f7adb1a9f7009a63,380521185
543edc342ad39b149501aaeb,410371622
89e1d01cb5bfdf567faca443,656598469
e86b99e5dac8ed0d8296e950,518578022
2c85b19f02bb3768c10d14fc,541967071
c17a3139c360750a6de5950a,550636421
cf76e6077d47a14abaf0cfb3,433523635
82ad4b3d5a215f17e745d77e,801303594
dbb4260c89524c78de7433be,620940869
5b312ebdf71ab7971f9fd2d6,667025623
b3413352f0280412f53562e0,426750898
28fc5f188c5e11717cdb4a98,497210816
c4d7a906b747428aabd368cf,1014925853
a4dec2ce375ab5e4bffa5966,651093407
546d570784c7ab8746bba80e,595597607
cca9a08bc4a91f317b851f11,944372769
bf43226ba66a3e2033d32fe0,684082654
c2717194de73e1a1d8dce40f,396247278
acfc06021a7a81313d85f62b,418671336
2d531a26f8b1a8afa511e3dd,711509074
4a8acae29064919c68fc8600,605846362
691b030abfe1190802349715,406357098
a302ef23e1d0d6a273274cd0,407986524
a742f415d6c57e8493762c57,717132617
4672d1c9c3b04fcc87a0ae9b,1094721717
371a0ee537001f7a9d58465a,915014407
ca5eecb01282d4a84017bd50,754039127
40eefaf8c26b8b4736308bf7,756732615
a7ff08f7e09b19c1546453fa,833299135
07a6da2c9c4833ee4cbe8625,703370761
b2d32589626abfc81e44cf70,803183649
aeb68eb7eecc4aecd5529717,1017835652
3c0b438c7a4fcbfaff9f678e,764829852
c37b357d57918c3a651a5760,745462682
b65c0544e9deed76615a3138,987313431
3a8b7b9048c82797fb01a8a1,946599591
7549cbd5c8003204c85ce1a5,748779704
21b4c1ad11bb1feac4d02308,1046327866
b972611aaf1b68340de16545,621987036
eb3356f3856526dc140be7f4,760794496
93ba409ab36d3e10eaae18c1,860414843
5717732a654405ba208c0f5f,1018088161
aebb556fa6c9275a9b5c543c,1246618860
fc72e535900c592d6053b806,1104533723
04d77c8ade9a55fddd28b00c,935804331
028adaf559a05c8882893767,1003931840
95781f187bd3fffa3d1b19f5,837212820
cc2c78d41e3fe29de0b4ec4c,1118526678
f78886545677e19e472fd0c4,684318696
3dcdbb92628e6a200adf48e8,1230228524
4993d1487d78cd9ae2c23619,1165166156
a8a2c61f2b994411af5d9bde,1153601818
57fd11f829e31e198326ac98,988550291
59b9a5730cc8a41bb7a1d16a,950498294
85b8a65f1b00f78e67622bfb,716398534
971c610e55f133a1d1e6c2b2,879674579
0f9867abe3ea0b9c5363982c,875760425
086521dbe18727963538aa7b,800519360
bda3c74ea6f73407a3c0a17e,771264516
257c765ac81bcf773473039b,527177474
80d2415c0460088d69574285,890560449
1554f8aa4c8fbe17e9e82d0e,762961050
00f6a62599f25ac506113149,1223472529
ae26e4726c16cb2f6a6d3f2e,1161835195
8018df1613094a9e4606c875,1140452915
eae4a1cce7c039c644f01c6a,945594652
b07cd6c30350efc5de211a8e,1168035966
5a2624a08494481388f6daff,1136131532
b8eb177e22c63e84738e7788,952048985
ca02c904cf5eb96ad20705ca,633203599
8e6dfdcc28f830f2696de9cf,835649477
99fdac6a2ddb1136f7117f0a,482574050
22e9f1b4b5e887cb5f0dbfd1,534880004
d89f812c7edfeb3121bf639a,667472476
19957244dabc3f727733527d,496651412
ad1322132f3b533b4aced580,389054484
40c2ea5f89f5b77cc09d1455,551300906
140c4de69883df9f3fb3a538,483372135
5529091bcc05ba5cb2156b15,517427444
55c5e58ec636586755df3dee,507166716
6049fb02c166ec9b4471a7c6,673746856
758b4df32244a51b2271a891,479501121
2ed1ae5e6fa77e447af230fb,830249315
527a1c27e038e45d2d1fcd9f,488305421
1d0c3ba50087cf01637de6c0,457777968
d0804da971548399183ecb85,951513386
46a7d0f520dd1e78c0cbce0f,951513386
57e5120d0b71ec6a67746a59,832242744
b5292c1e1683d40be46bc2de,698267162
01e9c7531cf3c63c04b9189f,578856928
06e91b526821a6ad1372fc44,422295332
34bca71dc9c74a2072f11e9f,895838545
22385ae2b3e7640e8c40411b,715527259
6e4adafdd872a2837921276f,505251177
8cd3031963c612efd0049f8d,691488899
43b2fb09efd1593a94b61b4c,750651752
74448f56811e9562536eff6d,1000540978
44f0e088fee626993778e7fb,786834521
6e6f7fa167c0f617f50c86cb,925029322
83da5fb4c15e3daf727a3cc6,747129919
b45c8a6224ae2656b4189526,683932750
0d926a0b5ef567c627a7eb0a,1061238008
c73a1177d787a5ed72b8a9a7,511576979
75c1083db5c940e626c02f53,388444075
b925c9218f5132c6c81f3a18,381381937
9a091c59b3cb4c730372b34b,418334467
bcc704b2e178dd20497e073e,395059179
6f65de020f663622146b89aa,538714516
9f3680d00c86707fba024dac,642544776
18d5cc463455fdb4d443a6f2,479831773
f1d76d78f9266d9552bb86f2,709664924
74dbd25d407e51337f883659,843245149
88ff73eb829a6ec5bfcc0222,949338632
ed5559fbfaba86299e87ed89,848258422
5d97aad3e83e26b551c3399a,737526062
2258ec00dec6a2b85f439135,737526062
6c94fd185169e708a08d3535,513720926
ddaa88a11432ca21d3eca774,368546094
2749b5cfd2728ebdf124a0a3,488293571
a7546a6c6194506dffd65360,910682375
6de7bfc5e8149ebc40ec0e4b,460689660
6f83f14861e13af92a2b8cf9,413487062
d71d0c8357f09fe2f77bedde,525707253
90b28f5125a0b8a0e3b10580,734378275
940e08f8fc66ac29f6d76687,764670787
41d2864e1f73e29f222c61e0,887546275
f7399e57df358ae7adc9e08f,621750848
1679719f26e7c650f24eee6d,842989237
0803ef3270948a30b3fee2f0,604196677
4a3defc2b7d2cd751c9c970e,1033899528
8bd2490f83568ba653cb74f6,922683182
b4ffd0a2cdcadfb962578199,1036615189
7e5064603267b61520d8f83b,506473543
88964e1202647db0519a8a00,673844398
f3d94d0616744b87ff139533,637805726
60704a08df293592e4cb5719,458994666
347d5081f7bd36c8edc1f352,1012329377
41d3afc1118758b5314db48e,668173341
80a1dc97797c41b61f46ec6a,775443085
c0ff8812c1e8eeab07c698a1,628811590
a9a4a765b1daec2f3ed59a80,758845615
33258f995a375ca192ca4d3c,745242192
80b6c823bad5b4c0fff46657,1028603908
719055eed27f361071cb9eca,1002173246
9a354d8c526efc5bcce59dca,1007849511
9850d970fe9fd9bae89f09ad,824931331
f2c87b07466aad7328b7e0b0,793936213
27ca0c2320c520342717355d,435625003
e958bd2b19db118c31f893cd,435625003
46dcddfc78444011abd29870,589061536
061d3fd39da1b4b1397054c1,726658371
3d1a8884a9687e53e5fb0bb7,868370147
1c0236d4bc291372483a9151,624607628
c1420f278d45b85c56f415fa,951366040
ce6fc507df0105c68c29214c,430777444
e4f26a73bad4e41c375dd897,1219082899
719190aff81379902beb6497,815755213
da627dae6941b59d1eb98e35,530273017
2189d3297ea703e50ec34d96,1009442547
c7205874bee601a7b01a0cd3,898724200
a22bc19d0d83b13a53630b7b,534975091
8acebaa9fd7e917d7e3b391b,540254467
4e104916ab915cf3c0bef846,653396297
b0df95e9fc94d9aeebc960df,1006096054
ab419cd48b81038c5a30c721,532288113
5b9bae6f556700e099fedf08,668809280
989360149d9cc6088391db4d,662513720
bad7560aac04600e1ec1a9ce,646022092
08d9f04bc4ebdc74e9d80b16,756362872
f4311c45516bafcfe8864c70,889256354
c84e1db639ee43ad83f930c3,591750029
f778fa43c92344cfbd700432,668253883
2019bd32dbd09fa285a388f7,658516654
4db834146c4e73b515d510ce,546758922
9f9f2548425519863e2cd6b6,471874993
6c3bb7e1696df587990161b1,370387624
82f08aadf1eeaf2058b50592,593830713
753e74e4dbefeccf3e6b27fb,529870879
a26149f589edb9a903782a3f,606133259
bd264728a0464376e22b6bee,534406908
2d5564a502635dce2d46ef8e,760415450
05bcc7d7db8d352216a4af59,829466955
4794d9994512f01a4bbb6c48,747478085
64a4528640fe492865ebc0dd,690627063
f655ec98cd42b0bf2d7cfbfe,748111524
b09de5f1e028d4fafeb8a22b,781838017
4c79f17573007a39bb2b4b7b,757269662
824894236c20b081af2c9868,766171986
107e76f0c913e19217662faf,1004534872
d5e2bbb69ba3876b93af2d3c,991836237
a2905faba4c1177603e6cd5b,1127732358
d13e3d432783206eecb0e192,1214093885
6fecee4b1e5f50c0b27dbba4,881762198
57891292fbd530872cbe68b2,1259788843
d0d6a1b5c60ad420ebf2ab8f,1025753911
711736da4f0e8282fc8c9e69,1034255565
f32a3b542efba398907ec912,569632384
299a94a02e887c6ab1de59c7,485788974
ad844bdb1150508a4c6d57b8,960389529
78c17e6ceb87f7587364c873,485432520
22e8713e2051c88cdafe2364,584428368
79c5085c14068e492e402a26,1008860946
205e9d987013859f391b27b5,1104713884
36aa7d0cbfe40adf3c86a134,907070902
d54d787189cc8f014ae58aaa,1024654323
fe2f1459eb0a380dc31e3a4e,720466602
ad663952ff2ba1953efdc460,972669995
b7320c35e90f33fbb1c28813,992771669
8f90134b8e68948cb18fced1,539577618
2dfeb06300828182d4109c43,892940869
3f5a0cbba1433e9b6588dd73,916569866
f952c40e24c9df4ab2d62017,997021457
462c7546b358b00e617ce012,503138193
e0df3391aeb8d3f4b00f418b,904229235
1e48878318d35476c3e87520,501923152
e3903705d5a48c6d9f828ab9,819085030
9e590ad7d22105456bebc767,1073181284
d0fe3d393eee5c0cea5bb6e2,673061276
57b3791f2c5acffb0097f7c4,489076260
e11f9a5cf9d6ab0ffddd6096,1095580532
9a3920f803b087c29b487cec,702136301
6cc0fe8ddc318f1bbad360c5,918621042
3e0c656b64d39ab38201a112,504095312
cd55abdb54bd56d54b11fad2,918621042
7cd39eb8de56700519d8f287,665455613
d762007a4ea5de370738e875,673840561
f4fc67d9b9c6078003f9af35,707245014
dc0a4632d7378c25be351760,805141765
530a3bae5a13291c69bb8474,571651104
32b678be83da2a07b37f3012,480174328
349768047d470d2fa6ff1930,766947180
e017c3311e2fdeb50a686547,868511177
bd0329ddd50f2dc4dafebd26,1107459821
f6252e878aef5f8a641c3d6e,496127340
45ae8ffacfd00fb4a4f53d0f,926151721
d186e369ed884150e71906da,1161773000
7b9e6b7eb3a5db0443193fbd,590296635
1ddeeae13139b7c9ada353a3,492602949
a1ae6f9f5d02548c89b23904,869167749
dc298d37c5235e15b4cd68a3,767674051
f640753edfd8fb1a995f1de1,493200500
69a1f439de0f06e1143a0006,748242792
98f253233bfcd16533e2a448,872539456
ece6f8c652d4227370ef0fcf,966393434
599506739a6544839bd97b81,835368118
a12f49f4ac3c5bb0dc7d8d20,420652836
9da00f8ff8e19d26c1342274,879219412
cf5213877dfb4df98f0dc10f,582894507
84c7006b5a63add890a224e8,724747031
88aed38ca59c09e1a6202672,750865747
e6bda9370c80a5f7e5cb6b07,908410449
3b54ab53b6e3453e333a0939,361850204
e72ff7414cceec6b162df345,907419716
f2d4c1faeb7694370bc65ec2,524528942
e1ffd027cce28c44c0d2f80c,685329726
5c5039602efa36222e64108a,700272276
b50f2c871166ee1009416be6,655440344
5e7e36116dbc08932f5fcbf0,898546747
325ce336d3df17a078db5166,703034508
a26e967b288a1eb6d8e71d46,561698440
139331d23d9e3c40cf083a7d,965869750
1704b2d5f4a33401fb153608,400753678
ee70354146295365bf241d9c,537653753
fbb0a76f05908c118f7a3df6,516736256
2aeb794adc9892354aff7240,443368961
b0a32581cbb586f9710dc3e2,1021436953
ad7f3aae29fa1e7ec900b563,937158128
1695225258263bd2f463b21e,779369838
f72fb486fae49fc1de1fdcfd,1037906419
6b8f7074aed7ae7e6cfbb090,1055583171
619dab52b321ab297a604185,1217332025
b5bb9af24f9de68e91a1df76,1269185614
ac3d21f51637207d3e031c2d,784683058
2aac28d03c2110d871b5f274,474606635
9ef498b11563827597c82947,731524822
4f2ca698ff03df0c6386e48f,631867327
606df4826416ea0f146ddf99,482171928
9ff08a6ca1c63480c563442c,954786356
ec27554aa1c62314f4d46fc8,431072318
762374e94f17a8783a66d598,533939120
83ca3a41ca4b5337107c197e,693531983
c166a9293fa27e910e1fa9c1,858551316
57f8a1e37c4ffb1b8cbd342a,617297531
393d99ca47315ae98fe9e7c8,1237141506
9bef4aacc63605f2b2b62292,642014471
a266efa4e41df357ac4edda4,1165248585
adfdb0eda9aa97f0d3005c4d,1075473323
f05aee3e433cb036653b4375,619924317
2dfd1808bb95170a088deac6,1072684999
dadf0a00434e8ceefb3e26af,1086317691
4336ff9b2dc1d97ac8f9694a,463023095
eb14a5813f860bb74740da2b,485728363
3d580d0df1bf9dd124c282c9,451253568
49bb5311607e4c7600caa03b,555803366
78a39ae05ac53535ba0fad2c,581650682
936e18fcf06ca3c46eda7c8c,581188336
23f12add67accdc9ed40f59f,465966253
eb1b9e15dcb88964f79e6a4a,528697228
e2b7f984616fff25e3dd6a3f,1025547163
b8e2b98548a234a245d7935c,909498990
79382c56606e701e44d55033,1191422364
983874e637a1a5782f31089f,532387758
3da9de8f610e5c40401a5b78,1003451875
cd69a049dd8a3822e228ebaf,913198954
604f1b5149f770a8f370fc75,414953474
0d24fc1c5deb78eb1a0caa51,588640185
583af1118e60e46c347ec593,900394521
13b181b46359620191e6e4c1,397264734
50d8333064f0560cbe549f89,655452272
d9000c1afed253d05de7819b,386319476
792ac070d1a314f585f09987,478487076
3e874c25176a3abb336b31ac,452070845
419ce7158ed62eb6897cf09e,472017664
b6b87c05c4238be76d94da2b,363141835
980d809e549333b475477bf9,406993320
a7df3d344010d5bb7dc70bf0,395482417
3d474c6a88ceb86e00f68b3a,420427071
be4bdb73add69f12f7aa6d06,477977506
fa5234ddf23dd0d9cbd3cac2,520109727
91a08f81b621333ac58c3845,538282203
702aaf395bc78986a008d70a,593455534
86b0c9c1277e9143ee765b43,502295738
9c2c22e70cffe6836f554f24,524025835
31f56b841b122b35615bae2c,493664636
41227dc9c9948a5f0688e426,570799578
781989d4b732f961f91bc3e4,486892954
cfed0221146f4d83d641e1aa,581365428
8ec491780efb2c27df8dc08b,567783255
8a5866428508658b4a2a4cb4,594284314
156dc81d6e14a71716aebcab,573523148
c24be8293c8f4080562ec0fa,484649383
7fa11c05ed1c123c1a457b1f,628093298
a63c36f6e7e7ce7c7e7fe457,864699610
f9bca38d3e08176649504e74,829929523
3d389130627ca7bade643f47,612528879
70314b0bd995a4b03c771ae7,539504254
a3c3c9fc04cf2e2a051a12e6,483741588
4cbe75a162b076c4c454dfe9,511511336
0c62d4d501a426cc8fde0c36,746676021
533363375cf2cbc50d86773c,619222945
21d0f28d5f30a64352e60ac4,539954021
471b5135fced50f7cb4197e2,505013031
1c7586fd8a1a38bbda9c92cb,489982135
a0f28aaedd12f3d0eee8c6ea,412639335
8923182b6dcc9f2d8be1ab53,488714011
67f694b29bfa494bd9d9cf44,829915375
b721a5846527d5338322c9d6,642267748
ed09fe201c9ab02a91779dcd,694743783
f49045b312d12268eefedcba,607297814
22ae194316f34d482bdf404b,484649383
4f450ba5de4766e5ecb8a4a5,488021540
235a2209cde8f8b0276c845a,679058723
f563f0899884de7f9bdab405,596980313
5b462279f602c5b67ada82ee,604937511
fa4af69aa064a4306cb110d0,539938912
a70d32ccaa78ae9417aa7e4f,483310431
77c9e5e3a6d965ede708cda6,585183336
5637f3d3278ea049333afff4,461416456
1b1c220eb91c9448b520b76a,585392113
f4a6ec71ad7790df9578324f,496785783
217e1715fdd5db76ce93cfe2,537998463
2cfa1397c901b4e940d9f673,531208712
44672de0d6d9d0cb3b4ae938,591466593
1c50477e5b3a67f3d8fec62c,623354008
0a2a67e8b310471b115c60bf,491449284
06220a42e68510eccb4d790d,506119798
611a3e1d63c6ce5ff8779243,508269915
1284d7ed08122731aa7c0461,404732803
d44eebc871d1fa6981c32ccb,601285543
43272151f217feab78190393,721887721
6bff92260afd556a98d3e3a5,580016353
00586a92b53f4a8f9f6b3022,846911135
745e7f6a83b55196f231466f,796903112
9c558e10e5bbf230f16968f6,693475463
1b425a31cbb73b713f291e19,850664445
076ccba20dac8bfcf184b8a8,726475790
c8fd8b729f4ac6270aff9c9d,677043670
52f026e670e9851b08c70542,800572963
00304df33a3c9a7e396ddd3a,854390504
ee27eba49457286b5ab76172,835666320
97b57932e5e20416bad6919e,938473711
e570c5f58a20fda42bfb535b,554839829
79acb227b5ea365414982957,761903090
d24258de8d2ca10186660a1c,782814313
8a8c202c069c20696c2de85a,696368915
40f301afabee5be092ba20ad,962493734
afa842858299a6ebee166e31,765585659
7641dcf512a05ca754930bed,796997796
8c9b472c55d4b99e44041de5,709417856
88b98c026b7650192034535f,991260453
9bdb1bc52a9ddfe92e6a948b,779491091
4abef5720fd889512ecff70a,761525185
58b139bc16fa2731e4b76f28,752611099
9ad9ac8728cfc2387285c24f,704544638
75fd5603c4de9678627f81d9,1018200259
9f4a25a5550f016ef2370229,900237412
d4f4d0ed36ac9affd71f302f,668338866
51bf7bc1c19fcd42e71f2463,793716139
49ce19caa1325233d0de331e,944697944
5aa1667bc8db26bac1c72f5f,775566706
b43b36ea4f81bbfd4dc4d781,842111053
2a623b33f3cc1f54620b5233,835199001
8745eefb9e2761ff7eef558f,799176808
0e49eaa5cde9375b1f026820,735927999
f5acbf43add5776430d8d4a9,781538379
ca50f7143937a99accef865f,1145828812
0e1bc8ba1953ec8c28e53b9e,792127674
980bafcd065c8e3d6cece127,853456783
c81133d5a58d7e8eebb10c8c,938719598
09656004f0a7f544580958fb,964394189
edd342f84fc90478e344ea1f,771157016
76974826c758eec5c255c5da,592799908
63b09e45c1b7dca181491030,718370285
89952b237fda041b09f0efa1,943062941
219164e1d9b14cabb9bbb8ab,750673928
ac8aa244c21a9b86de4ed599,993521424
92ba222e2dd63a4453a30637,809381086
bfaf8b7796c8c57bb5997be7,1079289689
dd5a565f854eaef90976c5fc,869443066
f8ccd21343b112d8f9e7123c,764944285
a90991f865ac81cdb3de201f,731522943
fc57fa9bbc16d1b8106c2c70,865521338
9ee3218bc61636cf0d7f8107,962444084
c00592c7c0c3a863a1bab9c3,755523261
f0aa18bf86a36daeb59946e8,984141434
e186499af986f1959f729b9b,723804110
18420ed4661539a2d72ff400,777110695
957731b9940c9131d92a22fa,719261432
9172caeeaf6498737fa0c6dd,1000518605
c798ea36d2e4a8119723eae7,970634474
eb963f082209fc077aa72bc9,1090900439
07b7ba964a8e30dc16d66443,969877621
7fe364ae771a7689d2fa5584,1140012943
c59e06a2ed37fd750cf39976,909678893
ce03d8ae43a426e074ed35f5,1247762835
b76c45ccae25a06dd5fc432e,889590955
f855725acc115bbbf03bacec,1091670942
b0b0db3bbe07839bc2b600fe,1084087150
cfc8dcf337e020b875ef1572,1059648532
390107256faa08574d7231d2,1098780727
fb10f3b45e865b4626f65ddf,962179109
75f167e2273fbecb2c81ac0e,1105122160
a7b15424d7c025d885636a72,1028891355
f9c11e980254045d7478f273,1022987758
e0b13f6dc213d05133252d15,1214093885
c12f362b9060344ad044cfb7,950622212
f872f224d2af413cd104f24d,1137399309
092045750c36a8945c526a12,607587569
5ef33cf17d4b45277edf35a1,682760542
fc64387d7c3c91a6e6e876ab,672988899
c1168159d4e2fffdd5662757,584746311
cb604e3a56cc847189462004,979155441
9e95710c61a4706e21cf70b3,735510123
ab37f67a3afa274e719ecbd8,596241298
970cb360eb64128037be7e23,732225608
e42fc32db529e088f15cec8b,971698165
8925028d6e7a6cfce9967779,528293892
759e76e38d84a4188dff5446,1071834698
83a376df2024c4c9fbf2a0ca,470232379
a8bb80d99280e332084b3950,557356996
c16ab4a11cf67a39fec6f049,613957153
9cd1127b1bc10db6b8ce5d4b,1057871254
ddfa979b1d7cdea1d7dd0a86,478492722
d78f7a1592c0779093150ddc,985178073
97ce3e0ef38ad12f7fa8c4d0,381793674
5c789f2834a1a69aede6316c,421786008
c29ec380fc7295a9a770a74b,394708133
5987f6171a2bcb37062ccc94,905570524
1e91de6194769980800b4de8,879794431
0a0f206f04bfb10c137388d3,1130855784
34dd15023216e187daaf5a07,805745095
33d2d1db291a13affdc209bf,632629913
6fa5e5160d7c2bed824bc0d0,703357875
8c04aa7506b8c80c1bac23f5,858052334
e5d445e39104d9ee6b244822,954623603
2ca6b3016a89139ec7590f9a,834445372
e567e9e5862b13f0085505d4,376272656
edd1c4fdbef4e6beafbd39b8,505044142
039a9029c4341b1528ca6b46,377860622
fa1533051ea4145f7f710ed9,512437040
9c99a85c5dd878568582dd9f,466322064
9ec426691c80918203394ee1,507513572
66f58d9d1e1eb7e81cab24a2,912974206
0d0f8ce05ebe99dd3bb7b23b,906891388
6a65986cecddc5c47fbddb9e,898781142
a82fc744f537ddc6fbd16883,973908937
d4c40178c19d6cb2fcc88e48,718008300
4034cb3cb77e9cb39cc98fc5,1008342816
41ae9d3d280d4eebe510606a,734985835
4aaf6763c105ddf2a6eddbfe,557501204
633a7038a23ffaf4b3f7896d,824104273
2a531aa9576c5f91891cc8a9,764367142
85d58cf85a179e167428ffa5,883806138
42f05e5d4862d653efda75c0,835936167
256a46a6d45d168169f63aab,781229269
4b0fba692104472b36c38c3d,826178787
253c85b226a15d0ec2fbbff4,854538712
b0bb2299d5f456f800993a11,624979246
47fe78f6299f757b231be10e,820627941
4d09ece928ffac7e7d270bd8,419896015
fc762d2d172737cabbdfcc75,964694370
2809252a96f47776d12021af,983187034
29eb473852b36dcfbda0c702,1027829175
231c050bebe12f568ef92afc,372878423
acaf9e18bbc7295633d92e01,714792506
860435300909449c0443c10e,923974198
f967ad5e086f485c27f09990,943062941
678927546243e932b48d6058,1228932558
c537ea2620b8c3a3f013c0b9,1027780123
10037227b2a24d9a72ced322,678938794
1b4b3662ca18e731acc18928,1075860118
e6717956eeaadb3e95840256,1065832116
ccc4457f68fcc1a416e3acf3,916010036
94d91969cc4b9aa1e856d801,655369868
2cc821cd7b5fa82b27308f87,474078823
f05b3779581ac0015f29571f,624571329
dfe09a5f848e8e819c361ac9,564783436
ba87ed2a657b0b042a05460e,562303955
f967aa89a4440cc1c44bdc54,499786355
81fc8d666c8735e1095d0d4a,988942563
fd8b9540f1e9da778d566d25,478675783
70baafa9789d2fcf1bc212bb,625582921
4911f8879e5bc9c27ac13bb1,380539621
ce53f3477814fdea2889cd2c,533121561
62f022e19ce6608919eab5f9,413853937
55657bb933aa2ea3083e0b90,427400688
808dd470aed6064f02aa5103,529587757
39bc028f3b42d9ea48808ad0,401433192
c0c01ecbb9189d77098659b8,541249104
57c68d470f6248d00b6719e4,842381500
26c66cf2f43bea00e6387326,960714109
b5f0dfbd34392f6855bb4b52,594519901
25202264e18928158b89278b,769824358
e93abbb49b24717d3a0767e8,869249253
906e1f2e1bc5cd51a55b0266,736026773
eef1d35ffd08dd161a36a2d1,1222639841
35e0cac576415a4e61acec80,1105684902
53ebe061b85f046ed12ee9c5,1111277258
059d77736dc72013de7767f1,503105377
17d7986a62e0b066e4e5530e,621990603
8236c798dbffb3db51d5d744,425783705
587e67078115103d184970be,449319545
7569fb4aaa9a52d6a525e3b0,485455528
db122cadb7a9c33f420fe246,489941258
e852246b7661d30dd2e1f0ab,473865232
f04eb16931448e87aec205fd,510214236
90e858d3740d4aec0fa21c12,496018020
65647ca6e47eb2b9ba20058d,735651351
d0792d22549d1b3f63baf3ad,509355355
76c4045b5dad9a8226e9244a,495916640
fac4f0bee67523194fd4312f,525475234
ba89ed56d156579ce288dbcc,586163513
adce397b6d1473b9b6d02865,1101967555
f1a924badef699637ea8fcc2,605539117
3bdce823d3b96e8f0170d96d,723506979
439004dc23f97a878ebf371a,630714399
192e05cd731950f91fef1d83,1127732358
5110c49047db23ac3aa4ace4,750185786
f4f7bd9d03eecf35e9f37619,1049149354
141dfd80a005f7b32bf70375,788205281
08513fe1cddb2cad74874a59,417012007
6b23aa3ca5edd20134811cea,375326921
0fcab263453a9f196468e552,757269662
127e08fa99afcaa339eff684,622665954
d2c46ef63db73ba3cb7e32a1,760380117
7c50c93bc9e8846345892c12,943062941
63698398738ebc7ccebac817,745129977
417e974a3f0d97e502e49800,1082354869
6483f2fcdfbd26c621a527fb,1030850916
3b739666f401ca6b2135652c,1085331802
1b750e6e2e92e8222482cb46,1032051666
dd34882ac55c57480663f7ec,842989237
026c6384ceba017c5f2cd66e,486616213
3f4272a3a4b14ce152fc3abb,429479262
5cccf025fcc0a7d9ea01b170,502299927
c8d179013c5bb6379693ef03,463735211
8c258d10ce32150f5fe5b712,1168538884
eeb6fa8f820ec63aa0aaa303,734378275
ec8b305ddc2bc211a8a05d0c,511655258
5a84e6d2ab8db0fc60775d03,552816273
015d17895f32e2a8b616ca1b,753257634
6fa35f1af6d51d341a3165ae,854144196
17821a9cb766b0f3ecf24e83,538066042
23141c17df584746755dc508,461847696
00076c8f390d5dcccc133309,989327682
25488b1c8fedde6250b413ba,522487605
5ba6b4953759b45cb83512c7,1093964672
8ea02baab0c59eac6584f62d,967107458
b5c34f90096fc88b8ca758f2,1096653716
35bc25d0f9de2ed4f714fc8c,841894662
8b0e1911b8ab8028409dc9fe,1354759829
2ba1672e49c023258d262d1d,628810501
2d778563921376962d126cbb,523378423
bfe7c873b2fbad871327994a,1176673560
72d0f19409c85dbe32cf6ec4,1307730226
d406baf5cc9b4473ae9b8426,407943208
070912b7e5fb205918c1f4a3,422607051
659abd72d12756ba0670f466,429801731
7a464b948b65544159cd0db0,673286441
e89774d061d50c83b409a071,397509091
fd6b2efe5da2c35058333bbf,630765506
4577c1623c8407e95e893e63,671026638
21adc839dec9e8efb128abf1,539010673
aa843a050ebe8e4b3a04e9ef,908243215
0252fcaf7bcde09274d34be5,766069058
46d77c92811f0c87d2d4907d,828867033
a8c662f906075eedb098ae5d,811964638
b8b46931b93b7750e0d1ada3,688485037
efde559422ec1dcc55abc686,901959793
339bc881458ca34bdcb771da,1037010243
d7ad6527cae719481f849927,1026782969
df3abaff81c430b4ba85d4a3,840188016
bfd2f20a7bfb0d865d7f7193,1268594649
fa3ee96e6b6ffdfd00aa335e,1137271023
163228979751798ded8c3fcb,433772055
3578144f12e13e98e8cb2480,421449414
7136cad475a0480044707984,799613790
93f5694b4854068f42ffe55b,788136422
51608bf64739db05c47a3bc8,747471585
6a01b6d09d516d67f4a2fb43,469199861
5f26f33bd89fa7563ac6873f,428582821
aba54b001154ad881dfeea6c,403086373
b2eb63e5da917ce649a72142,479168706
1427aec89ee9564b95e93cd4,464334474
a0087db5e9e2cdd6073021a7,511176629
4396f94f7f3c403c43d3ede9,737839069
aa703cc78a1ce659901e711b,673310324
0dd1bb83f0f18af30da139f4,738563217
37efd3e2a5b6567957c62081,559212143
ea47ad6335e74dea06228b16,574277610
8a975117ab302b77ac057823,605691158
ca5949c4bcf0b63e5d1be784,502509223
e9f3f41366d5d784c2928937,697208740
7a9c505db21b777203d34bf6,592768327
238cf9f99c4b01777a97f82d,592363037
385fcde12021f4bbae6ac2fa,385416743
d9eaec557a7a6674565db1ac,863710440
30b0c440c0bc8c6005855ff8,769282096
09feba43c0b8f3560fe09be8,1074734026
2547bcc87b618d3d7e22dc21,735841012
1240a616080d6ba5459335a5,893360516
7cbc8fca4f84908ed4e7192a,878142498
151a16e94d538a7a6d658ee0,638472059
a8ecaa9120c6da21229cf145,984807858
3ca34fa833e6ba10cb4b1944,721106138
dca2e851b82c512f01611ade,1000639791
3747996611a842c452865a9c,765157847
3528df61a44a9895248336c9,695456667
398a67970cee5dc873d71bbc,1172745135
1ba2c2eedb352ef9bb59c638,665698209
f6f4a467f40bace72ecff598,958741618
b2af9047dbf58867ed0c42af,966774429
012b8d616667a6dcece0dfaf,702275280
0b117f10e699f10f97a7e7c6,997446901
8d5192b6208902ddf4804839,1150660708
b86cad78da7bf06b5ac39f99,1107379869
4cc8c95dee29e43463a8dfd9,576298150
76846ed8b7ab36821b848f2f,733742770
5428bf7f37a94ce9fb2dd435,632673624
b22c39c3df7d8e32cec2ba43,525245969
44f5380847c175a42becfcdb,1121990169
fae53fba5d405b2e6a3abf01,363498565
3b52bd5eee5ef8e3871dcb3d,1179048319
21eef7da02b0f2a2fd987135,474309173
1dd6b0ade195edae38a4a20a,547533160
f359afc7bb50cf6a61ac63d6,492021857
b0de107a8cfad95f09876eb2,1063852505
2e8c76f4ed59cd3924f7136d,945924500
06a2efde5244f7d653ddfb8e,704322785
f72e2f6cfbd32d97bbff3ac5,632297856
9705748d2bb061678a80826c,1169636979
9620068cef0622c404e15960,632216153
cf2e8824527989d3cd29c058,539611363
6e606a7c8bc632ba0ba37184,418401455
63fa384ea296390350f23d7f,747358096
4d3f5e7ecf4d361d7eb55f5e,486775294
e31a209077a3e47712588730,602021425
5f18524e839c2987594a11a9,841966836
def06f49a0b8230ab613db94,628850767
faa72370e4c7718964930805,628850767
983503bb75d84c410d1c5d3e,1088143498
30f381306494ebaa760b990c,672115110
5e72dbafa642e4f416e6f01a,625592700
3d5ece38670c1c96df4cfff8,672115110
1bd6861d451d128c8bdb72e4,714777689
072a6f084d31a5a4be4060dc,996725541
4d8deb43d663fb079262708f,999844022
f00b8eac1812a500d7a732ff,860057059
77a62d5e2c89da24f66a2118,991384244
961886897eda4b0ce54d1d82,988667661
6f6c83ff891e43b7c84728e0,1092363982
ca8c85e8100f64416146368e,1073444651
24297f4a3e14c24c941e7720,1184814844
98d7f0935f021acf313630a5,883165357
a362533eea6c235049bf3359,759823604
2ddda0ae748b38a6258f660c,1228247747
b18107a422b9eb6da9fb692f,845069475
11cd643195dbe5dd4567b62a,1077770428
c9ee7f0666429c0c15c37499,400978569
c386d1ac4fa8dcec4cbf9788,745636004
21e0bc9789139640ea33ed09,844649905
cacb91ac1b835d62422b8a8e,882298262
bc41e69def6bc7490800c4a4,428033335
7a13669d2d7ed2e50b80b4d8,494211506
08dbbd8d672fd09463c061a5,487064111
cb93b0d5e9a26628b0462b14,892272349
d6a43f209f810455fa41dfd6,873245014
ed5dfe95f82f4c087af07045,580543326
02060d2f56e979a61427f806,673025665
88ffa9f0bc3f6c9f2e589a75,1050590631
b48093abeaa178d1f7fbd83b,959307982
b42734770dacb7e580a6d742,753969517
d3aa845e96d22f31a3656aa1,381183001
becc3ae7a71d597bcb16d261,762809317
8dcfc24742ba669335a2d65f,912620181
45e2411d38589a2d85774c5f,754442729
9761b0f43949eb5307472ba2,1101122032
e07035cb49625760c7da85d1,523588140
f88bb9c5a471504c13d3616c,488191373
4bb5265c6e63449e5fbaa270,1149903201
ac73b8700744cb7835f328cd,612193235
a632ececd6a023aae8a7b730,427997389
858288683063dea9d5c57420,531798748
d04f549fdf8f34bab19a171c,487674152
6ed5fa8f114431d158d35f43,433766613
f849dfccaa8163d24ed935e2,1229225102
bfde6e7200fc27e6e6f1497e,1116118685
59c11d3de7153d2605cc2273,986323729
33ddf4e1ed8c864e9db16887,689776587
00f5ba660a4fcf6ddb96220a,653793453
a13004b87c6d7e7bf6b75730,841793190
eebc02ff14b6d270746ca055,756494244
65ba6e178f3565a84c6ff973,1027018472
a57f40f00f80abc7450aaf9b,963373971
df37b916acdce817865197ae,767622535
b5c074ee2e2538aeca099fc4,1164662179
004c9da9ef1b3b5e309e475a,530086389
c5b47ac5c4b7476d50bd56ec,703959950
778ec765417db9ee48d697de,1015932099
b287339babba162e290d0fb0,547507930
4d35e00e86a9d508d82ea90a,399125286
0dc2a023fb6c5e0b92d86ae2,704332609
5787d7c671378e596edfb58c,808570266
8595b5517cb3f1ff8094d67c,808420064
f4d53276bdb5899c6f059c67,1011994702
9562ef63320854bc6f94b5a4,570002069
c04e72fb6244d9a9b28322b8,803452724
3d141576443a97b0202c9672,1047926930
7caa4bad394586a46dfad854,863524124
8420bb74fadc0c8853cda025,406016615
b274adb68a37458cc5181fe2,721015904
8561bc940a91f029147430f1,905570524
258a968e403e747af5693a3a,1082138156
0de34892fee879f449facb19,861487688
9634cfebe7e6b095f0065ee7,602259396
1f3544c9f47bc00fcdf59d74,399089139
e3077f6e47d130106e7165c9,627178878
f0ce47907c3c30b6b5e990b1,871080131
1432cf7de2beb14fc7603ae7,880643398
60f0df18cb4324ce5f4bf650,737107812
7c1dc421f5a689aea5babe4c,757225896
020dfae44183c65b708727c7,400934587
92a9c07259efc617e7d58f9c,546503013
18531c57f6dca78763d360bf,684698923
dacd62440872b6e94ea56fab,612615667
b607bd072e8293d6594f3829,588078761
eb86c1da60250e5559fc3cfe,906164679
fae649fc7256b9a3ec036583,640814706
b7fa81aa571906a93e9b6cba,944335021
0823be832fff81b3f1291859,451948610
fca3a0fe5db369235960d285,409393570
496fd5c93b2a578d970ed55f,490174475
9c63c6c27c74c03f071385e2,628000297
6ebe90f7140b738b3696f086,484750737
7110d6374f3fc282e4f4bdb0,512403185
d33994c75d98941acffeeb90,893346176
b8e8d84450f5e0bc8a721c94,881251265
cba57e3b393b3e392c7431fb,971396189
fc2ceba651bc629e7f690849,765815436
857761b5fc5c7d101cb765b6,615329568
55f67dd7302b68477e803399,775639240
19f538269846412f3e150a4a,978201099
75e0fa8e5c83c49d3a0dea48,1164580093
fcdbfb9e15352cf210cce7cd,792244334
c2b91ce4b1bc8c576a0ce1c8,859365865
73eaff92528288fdbcd61e2a,915829801
f6544a1c169aafe6c8142907,1136507519
cba9aead5bad82b31da51e6e,832756445
b239bdcbfae846bf74791728,759487783
3b823e81c5378ee3c977e863,505326108
1b4db5fcd1f92d3aadd5c28f,643392612
b50a6b85399ea2c6b5c33405,619006410
1e6176a558f301d81bb050f8,809893391
8bcc1b035ea93a5192256b37,680516363
71a3f0980cdfea0ebb869935,438697616
8cd0345dfac13ab380240b0d,505326108
e66b2c71519ef8756db69b97,496271218
c843044c1fb30819300448d9,377035799
4ae10e7fec364242c88e511b,560301261
c9e92b994e48df83dcf9976b,1301073339
27f41f09ccf8d182c79cd48a,1065089250
d8a7c0b01bb545c414e12a23,882935685
f3e2fddf1dbb400788a5517d,801657096
89a066b7d6a31dd066fa0d32,749673796
c245bfa6587eeb55227c8a4d,486599773
500d7c5346ca11ba934e7ca5,856110624
536fa59adc007df763949045,880137280
223813dc0188fc229b63e8f3,1080977136
7c972ecb7b90537b1da0deba,482972434
98d8411005ac05d77cb12516,688526742
d12c08cf48be75014a149873,1030868790
955544a0bc2eff312e965c2e,1004833246
20488db7a62f765ac8da0a2c,999882706
3f370094239ab6fc817e9ec0,1254809758
ff54bb34225682d25c551178,1030868790
d0c7294b2184d0b4d0e2fa07,1254809758
104e960974eee31e7e0eac6b,1067097701
0d477acd9c95e9ec63839a53,616317789
6d255e0026d70dd44229a2f7,1003418562
926cdc0242544bbc850520ff,525269511
e75a05dc0018f29517948ea1,427392605
dc40c56571cbee9c2b7770f0,640538156
2f76a2b53e091df35a125b13,534978689
a4a49182c79c72854732594a,464181881
50287f73d47b4cc4c2e1840f,764467056
5efca36c25884a2822bb7a81,490409182
4347bf26ecd61ebc7a16b4a3,613719913
7c979648ab3729b2c0cd2106,819454717
f40acdcf5cb9925c09c9df7a,805377536
6ff3eaf8b5a2f16efddde1cc,503043496
d35596846155e74d1a637d7c,862574315
a389a1ca097a820fd9af9d15,867934594
ef450748c440c4958e5db54d,806433836
02779b92b2f9bafde0c75c11,555117114
77e5e0b64140fa00b0227a3b,524249369
eb55b0778607da932c3b311f,806433836
9fa391febd5d0a8e4c6ecb8f,394339104
6270356f1cc3dff186d0ff4e,774195876
ea7d5c601c3f8c86ca8f15e1,530640840
072efeafd082025bbc5a25e5,585849275
d8bb6151d30573c7595ee7c0,485238956
f26c43f2304c8c694c818a9b,596660062
14ea4a7c57d830eba13638b1,718324863
c1ac42dad98d2f23dcbf140d,776333612
aa6af44635b5d51da4b02059,615706821
291a4ea1a695347e1901bd4b,936264421
024d2e34a561efaf4811c17a,856299192
e5a40a555d11d4429b9675c3,791799671
3a10398b72905bd710ffe9e1,734103854
340d1313fc2dc8e5b6918262,842085486
699bf5460c63a4d0e4542ade,1002453117
e98bb3a89bcec8650e33e730,592387101
5de86bddd492f76596b17a0d,924514459
95dae083200a9e43a5aaf210,1034426586
23fe512fcb21a0b84781a318,402023244
a9dd62f527cb0dbfa51aeb7f,900841392
8964dbb5b0cbfe509613a63f,693356193
f75009356c700f7da7106cc7,578236720
6f502f363fb55811478e3b88,407961550
a48f29071cf207b27ddb03da,613925824
b46bbf66cc82a4345c5da177,1004276290
a460aea3370926825b0dbc13,776152958
7a21a8d99a85171334695004,733743205
279f6f594d3f8ca8e8a5e2d5,1148714668
bc3c509022e3f6104cba5203,1085794296
654d2a3a0e02065560ba2484,662421673
02a2ebb6eca5772e3526d78b,669104608
d4646b7f4dbebf9785963cfc,550009463
68fabddb27fc928b57efcfea,856030871
53688de79b052b3185fa9435,740720132
bb962a9e3861b06ae1daf833,617504186
d80c5f0b8ba55e7cf105d282,890124418
ed88c773fa9ae8bb29645fbf,947907545
0c3af9e0e9c80a68acebd041,1091632492
0faec12daf0493a512b2fa0c,923008440
1807debb0a0b590b9ba4ebcc,634545709
20a2a0dfc963fb8a355e704b,811005903
a2c033f497e62ea10ff8ba3d,1158187967
985e40843a30150e6892e4f9,901236448
2ba0807f8cbdac389424ae04,692765708
9a565e7220cbc3d5d340e8d7,787351963
33598222854631e92fb72baa,1090861908
03fb5bfbc1895115a04e8116,945179138
5045ba9a65b4bce4fd305f82,932596511
277f6440854cb0c98728e685,873150487
12c7037cfa63de49e984a789,698799982
ed9976e922a774cafb601f5e,526173761
ccc70d1d8e4411331730bd7d,496023851
30d38a7bab2eaaef1ff6be0d,943784101
31a6c440ca9eb29acc0f1086,1056410887
7a82ce4b2dcd2b43485f5047,926858490
a74be48ad396ae4aa33ffed6,849623856
4ea46b833575642ecb2ed1cf,381381937
b780a0ec18c61b0760df9433,619452971
b83a5c303a2b079585b9b94f,567124728
a3c45875c0834b144f834798,508299897
c3ae3f44bbae215f7f2fad9b,410878614
5d54a0a596d49d9f85f1b5e8,689499081
355d1fb69bcb4e8e8ed9ba1a,735951407
cd791a46ed616911ae7d4fbd,847591750
d2d2f335839ed35571b19bb1,1093111799
0823b0dc92805ab05d3f8650,1134111858
f92f4d135119fa88994929ec,1103992893
401f0de98764e9fdd4055406,424839151
68a7d01e50462f7506f8c8d7,517980223
e4434407771070783b97c014,702463391
7e1153d411af129357ae5c10,495519983
f409c701e200046f574f4e06,474512146
30a8b9c197bc42f088d0b873,664189578
d5abd56b5a8ab8c2f61a07f3,797407594
805a27aeafb3ca91cac56d14,748729468
1ee04111d277e8758f740139,657110998
b9de7d7b9a8ef7c64e5f6bdf,695277732
5a12a15af3c0585d81ba8f5a,491154408
abb63383766a9853c1091c5a,747263892
1f95c205d5094c674f6e45a5,1083041817
4911a6285f548dd30c8061e3,741512038
0b9730cff49bcaeb4d703c06,975719156
f033750cb9db15e886b156ce,1205692445
fc7e93bffb7fbbdebebfaa2c,1358402766
4f500afb7f7bb42189820a18,859187545
3921d7b508fa1591d40802d4,475932624
caddb9dce27a7e8012478da5,454010057
4eeafa126ac5f301cf60f9ff,593169109
59afb00a84b4f2a9ffbf71c6,703977447
7baa3608aad1fbf357d789a6,723299742
a5b8869e9cd3d0cc32a0b298,908910551
d084dce4ab9c4008ffa3bbc4,952817760
e3ff13537ffb7172336ab5c0,1035680666
1bc2ae31ed1970ba52b1ff60,1226250422
eac7136b26bccb3c5d2b6202,660445874
073fccba71b28afd815be434,530563671
9b1c23d616e9407fff6553d6,491763481
4122eca7b73c1347a7814a70,746513463
cece8267e60c2461d6c409a2,1064859699
ba4e89128058d5564987dfc5,491763481
69843aedb25a928097a22a89,470431799
a45863121bdec787e119b14c,366155678
02e8811bff38125bcf8e1a6d,468464922
d709a76487a49bf257489c0b,416947783
46c42803286c800351fe633b,532105141
2ae3ae7f794d558ec119287d,734985835
76991a35e9c1b69e1616659d,678818661
3de5d35f742cb4eb68d5f314,845734449
a53c748935206f61751dec1f,393263571
ddaf8a1e5e6922cc3dee5caa,504502743
841fed959f036a03697868e8,485451983
ebe1b5c9471f3441a388f7ac,667521749
f0f9bedbcb57383511805d17,603428656
f9402b785deedebd3ddbce6e,651339712
d1f92e6b18faf07ab70ca1ae,825298220
6e794276348acc39751eaf47,938729923
4b04e0296820d04421db5219,657241153
ea0ca17e989ec57a480aa464,1029657562
cc6fcb8ea6556f676c13a76e,812757095
2778de5e56ad7ece898249e9,1042666203
9f0bdae4f8609ec93588de3c,989952602
90dcc3f9428a4e7cc396a15b,700337302
2d7bf0032580e6b6dd1ce36b,735589662
c45d86d17d1d0519b455b7d4,765282703
4c7e7cfb286d82aa96356fb5,922667329
edc204c3e18368e0a9eab593,1326532870
e789e801fb5d4501b5d64e2d,995718801
3997c10ceccd2f8c8e43cda0,1101952230
580d8eee8dc4b7d43cb193c7,1022408594
c823e3fcfbf0c43bf2d82586,1198597789
30677852542c78698083d4f3,1065832116
8fc78c514a2f1cdbc5ae6e1b,888031298
73c618d704a2e1ac2bc41954,1100594038
4ba85374c1d1f1d3f4632ca1,368420704
9a471715e4c4865b822a6b77,497274767
4e9f1e21c855f1166428fbdd,500872120
f11137d27a5d7fa57f94e97f,630011820
5fe5f3c5919c0ebd57ec8e36,532770354
e40742774df7d2b614f32de6,391852758
24b28522c72f7fc359f2a718,779466293
26ff1e1f4a6f6bda702fdabe,759287485
9e617d1fd8a4f33d7b66098a,1077494741
3b4e889562e4078f8f369172,490261171
3a50d40f15b1cf5bfb338092,448964364
cb2188cb8e534973ea3411a5,450829148
fa57f96bc6affd285d10c4f9,430886443
c0ea6c76eb977d83c163fd7a,476995146
367cd12d7f4aa93124047eb9,529165171
54952b5f463c64c605576601,527567347
57eaaaf24cf82d885f0f1dff,556604026
f2ba4a7a0765c3ce737b5c81,848649704
5282c3c48495dc31359e70c6,474066621
552b01d72edb192663998c4b,809018838
5f3a1ab21669ad9234d4dc63,990724474
68f431548c330f84c46174f6,875983077
048051ce9bf8f6a48e9451fd,1004134669
fa4028ad48fb2082d167989d,788101545
5b1902dd7768f5144ae7704c,1028580739
be0a8f4be774eeaa42fe460d,766883342
16263617308958055850aef9,901076856
729f5fab1578f8cae4fca8f9,982606049
bddb9388922dd56737d8847b,945790632
9847a4ab995b7b1c30196704,1258429535
d19937a773269962c7f9e8a3,1192582050
b3c8714dcaf5322475ce2c60,1140025248
875126e5776dabde40e29b09,1147506897
3a36f59d7c0e6c4eb85ca0cd,993250288
630f00e15cbd7826475d1509,995718801
434782c3d1dc2b9ce7bcbbd9,802432978
a470bd174fc7587dc1449c89,1155903112
99c6f87ac92cc323c8caa005,922667329
ac9ae945fe25a46184057606,1238602379
15d910dd93e0aec22ccc2083,1056999876
6e1a9c8457d3ac6a57598052,855135402
14e179618d1a44c5c55e23e6,480682676
2b8b979cf1952fcedc63ca9e,407241836
7cfc3061c0b2f3bd48375ab9,1058145734
7200e3ba2013876cdbbde972,526924353
9ddc1924043ee8361201b39d,880754115
f22d6cc8c9611a7c23fa8969,852555426
b7c0a0a4f5c5b986a70ff249,629753179
adf176b63ea23e08d252b5ea,714412965
77069fb9fac6b61aa6a89ae3,852827380
7f0f27f6d30c743acb3e867f,912316361
7e299fd8c2d53ff1cf95aee3,1034370507
f309733881a4f89d9c8a8958,995445591
0f937643c067371018c8deee,1061655888
8e35609c1265ddf59e1c015c,1005452713
c1ba606f32ce0337cbccc2b1,808076585
15f02dd18da12f4d7b0ac2ab,707009379
bcbe8ed608f233d5ed7362c1,1103400960
14611fccccfa2a6499b2acef,489180984
b10b428245022d55db248b72,437727580
13e6c5cde1004803fed93cfc,544345861
ba31c38eada33f680d44627a,593898359
3786daeec4a4fb40ef07d8e5,784196238
7736ac030d8b587f44f7898b,865945342
98f89d21e5dbe53f8704e745,841775116
981fcb79db3881259eb303bb,404313824
08bb88dabf0070f72a801a4b,956493420
32d56542ab5486bdaf4466fc,825290452
c0f911fe7ee2113ec59cb5f8,714067229
3adadd50e603746e5e4fc082,841480923
d117e9672b3ea0435e7a894d,404313824
020473766363019ee40d6685,780511280
b04d16faf40ee02eda59a9af,404313824
bd6f3819a1c0e551598fb9c7,446074202
5520cf373444931ed8630635,517883507
40355fef059659469e16e3ec,399713139
deb844a2812586991b3022f4,787469424
ac0b895f523b53b4abd013dd,687286296
ac208e250f5ae3e5e1008351,620742441
0064cd1c55914cc8370a096f,632220023
165fab7a9f8dd404cf4e9d9a,405528615
df3eca0f59974a812b4ea9b4,922283590
1b7c062b606d0560e850a2e6,473665963
87ddb3a17b601cf7c61e8c07,618716523
837cb6389640f3919bc73e9b,991371200
77bab76414ecb20888cef7a1,1047368164
a9268ef5b7133cf6ed1a376a,1048479071
cf7cbedea50333cd2dfb0e30,717859598
b0cfed2d25a5d78c96d39d20,1001530586
ec0c283eeb8db461c20af1d6,745494438
27c3b7ba2991e7bc0c9fc322,581486101
0332c7ec0d3e547ec6d61664,874372863
e58b92216ee6438a921ee0d4,752441428
f7959842378c94c9f620f561,576793245
cd0236af88ded6bc15b49eb2,865945342
d40e0c2222c0debe89735e88,576793245
2bc9bbe0f0216ed9d865a85a,597442470
e9bbc31499ca187c6a492175,583699299
f2409d037bc8b3e63ca69fd7,1000906760
5ad71b7cfd356a75021174ab,488211291
67dec8c47ad4de9605d56db7,595691223
c6d679cc07ce4373197748a8,1162911341
a36ff3637b7d2b1c52999ea8,1116154333
3a384d68b7ddab45e01b6e99,707575625
42d34ca2252acaf6e777d23b,1173967842
c4b2a42a8908cc35e649fb16,744979204
18c38418824075acaad8f960,616701566
85bb6775065df76bda33f738,747334250
14cee0bdd9dd5537b96d0786,684684898
ab332133aca64315672a7192,988481372
d53b60b0f2c65918153ca2e5,393772530
ed1f81648083d4d2726710ac,646941843
b6692a933facd74b4b11569e,376340189
90e00fc58569167c00fae7d0,403784987
8a514fffdec277cd46c7cc71,504103443
7f0b4b5851c77d78805320c5,404884418
fed1a608e3c0f2b79cd02ebb,452665670
075a5474294e25da55373a09,379876357
8826b9e008064cea38855d35,407338917
660eb3b40b2bcd07df8f5c3f,510800594
d55cdfba22aae78b6fab5491,398514810
ea6e83dbade169818975e5b3,612518257
dcac44d3f8024c6ea1632432,475716941
2772adb268cffadfb2917c2f,508960842
3192bb7190b9130c4e67be4e,917318853
9d892f73b02f001c2f715607,481034615
c27d72aa1fc5d37f4cc105eb,582277866
6c0ac32bc8a66844197c5fb4,702324041
52338f4f7c8af6c649106a96,535341374
356815b8ffc300fe03073b7a,655460848
22c780d56cb97fc34f29e9cb,516270876
806907598158861a6958388c,535105463
449cddc4dc3ef1e93b7f7c26,562811959
b225270821758e45cdead76d,527850431
e07bc486c6f5541e4788f83b,785714835
970c0d4928a9292748c0fd00,918157816
f73f720abdfe4b5adfa2bcda,735194517
48d3b0ef6e5f999bb90fbfc1,560904692
b3ec2f8af6e9adce047536b8,894029441
0e1c66f843e06f14d7264864,868764499
91c4f018fc7939d150593935,1016575963
102434eee07ed18268857a9d,1100234612
a4c70eae507d630c2f285eb5,1016740983
45abee1de734dc32936d0b1d,611001270
82bdf442e186baa829e06da1,749819162
019cd320e02a64ba3ba9a37d,979117327
ba1b3c8ac8afafef56233c84,698160907
3c3a0f57e030472879f454d8,939413390
d520e90e7d0c44a6b8852e5b,590341220
38328747d2e1e0e568c05523,604443902
659e9ad0f593b644071cd850,558791573
3e6645f2cd377ba17ae2e46e,523744448
307eb683db84db535106c445,858467394
26c8961848e3a77d98049638,894157893
52373e15e9dc1ad371a0c090,624578594
e5b2a446c12222efc187e02e,682601299
156f706d1d30de19f7e369ea,749235392
aa94d2ad36bc0e91bf561be5,1032608019
8ab41842b8e41b89d8670ecb,418847313
b19ab02a8e22f3e88a26031b,616396730
a6b1ca7a4e91c4c0f4366984,637460969
a277d5e8216fdc3d7c93eb2b,703453439
f939b7271c4d399a5e647f8f,1021094327
941392f9a135909273422dec,790977736
e07d8e9e38e309958288a516,1132047389
258f10f742fcc835d53063cf,1003516342
fb672b4cb1b66f2022f36a40,991974774
ce9dbb6d009cbdbe654edcfc,1111341304
22e524f1fab17d5b8616d741,1235208678
7f0d874df9235245f47b04c3,1028583455
27a8a052b815998c771a1f55,1235208678
b80593fba07e21f8bdbc352e,1122517835
d18d990404e7fd07424f5a77,538013238
033599f7e7ecd8d9c8cfba46,1174884294
51cf2fa527c3db62914169b7,642134880
2b2fa2ed0055a19859e78446,864519228
a8e1adbf076dd737c079129c,953491727
adf948af7b24f9b6f29610cd,412978924
23473bcde48f634641769e22,390883624
c90486bba327ede32dec60a6,615078908
d254d88ea0989a609b71fb72,570332018
2373c595d24a7b862b518ec5,847657038
ec401de1c0ab2dbc149da048,727956456
17c0a8fd3a2c8b5b18d61e4b,606465378
1a1016e7a96da2237b391be5,607048614
c5b40b510bf7f121c93a2332,902472569
aca37e216a27b4dd5337df99,975137372
96f59167d17d1c99f31be997,713564557
062b36cb4a87cec372f9f91d,950167316
0466a7e06b152c1860d44334,806856164
f44726680d0c594a2d430bbb,615362319
8aac8946e7ae5725971c5557,618440867
e1aa6c46135f4d1aa1b7a1f4,597150593
fdbe5801070756d1744211cc,742673017
6ec4c88b8d3a16148e2e7348,923885687
57c87ce038e4e523b4ec189b,806856369
9bd500fb24eebd53d8262b62,923885687
85a86e01443aba593f95dae4,610956350
13e2ec0a12c8a48a753b85ef,451461417
b93dc01af5f49e6dcfb7a547,475872941
71a42155184509caba01a1dc,362197389
25fb1c0c4aace859265de172,611001270
6f63e4f866bda86d5c993c8d,413099748
72bc42a5c73e7b1f9d54c835,852994670
c06f36b42021a1512cb6e3bb,399713139
f1a7fa5dc1996591ff97a34e,674275004
6128a8deb1f0bfbbf0d67769,633794163
b5254c6c29b4f6984d328216,396996349
6cb19c3e491a60bb2c166669,484750737
dda4ee9f3811c29e2b261a5c,590341220
7a564ce9a4ed3d2b8fbb1103,611001270
63b982fab95cd17211a4a58d,538030139
5272c50f1d8fded01f7fb0e0,576465044
02b47e60ab77588aff6cb433,523509829
ddcc7f7a087aa5f4797a8a5d,484750737
77a887ca508d924ad5203194,770996230
b57ab7afef2b8aee016ce6a0,769706870
640a801d503d85835eb65a42,854804783
767ff947b16b2271f516c28d,653293074
1dbb46a250f504e9c8673bed,792974578
fd6e9c9ed7679485dfd0b022,747334250
7dc4f9de14c2924b229ca0a3,856572229
3064379f468404110d594c87,707338305
6005ebd6442c62f8becdd2f5,931130903
b62e960eebdf95c2eaaaf9f3,898043957
7b0258f1aaee97661c34de64,789836545
91e2f9f7d4ed776d38a3274f,668810447
d505277049a254f960e114ef,780563085
32040dd7b8edfbe331773288,742004985
70e427235490d7d9c9239676,780237293
1a2aa38b8e18fd7ed5be77ff,1001530586
4883f7ce7086ba9c8ddd4315,670472704
4116cde03803e63a3e87e847,994321235
d6de5d741702387dc3f4481f,1056272823
2346533f4712f3bbd036d85b,893346176
f6a12c0f02fcff1be042ed0e,765815436
eba3cb8156e0115bd7dfb525,792276973
ff27ae490bf03513b6bb386f,1214027300
e87779bf2f8af86fc4ae9583,406565362
4a809b3987cff0290c1df8fc,394142230
8f4241a17d1211687bf232c4,545978737
bd8c1ff6f9919ec6f1dccda9,675418113
081e008e772c6a79b809a87b,758767202
0eff08cf4bc42dd442a70231,741558807
b4e084d14962cc58d4089955,936312149
d02c3b5ac6fa0ed6db06e490,1003760440
e8abf103cbe9fecbdd758516,936312149
05308c4f3d0e0887e4a68a92,646220527
256a6ba3ff423a899229f154,599489997
097314d920292b46eab5dbc1,602418052
4ce0fcf14266d144c82f8d4b,572688952
548791b5faf236b1c03b7523,722935942
40ef1682158d0c3cd07f484b,1073012856
7b473504c85e9cb576f951e2,666076890
730c7382d76a07904f559b28,513026236
e05598d3c49f409b937ff2a1,680145747
844dc89fe6588acccf0c7536,380672192
ad1492590bf61d2cc83b493c,980891424
88fce3ad9b8a965dc11336cf,449170008
b76d853ea415967415ace0d7,789747905
c12c81b3eb12bb329466e88a,995769898
4e27458d179a469435d02ff4,568890477
8d15b4bb1447eba7a680ef47,478491977
482c7150c7555cb35558398c,1069660015
e5d6be06fd53d317c8e5c7c0,548617423
f798e7105aa8aa66750a2c85,958078407
eb24e0a0ebfbe16eba466280,924296525
618dede0dbd48df4fe610af1,1044149899
6fd936b82bcfd3cd2451bdfa,803595870
adbb5c4ba7be2903799a51b2,888191233
3a99197868ce338c738a3b20,734913720
d4c45f35f214fc226ec85b36,804168090
c3140ab2134de662162af508,370185915
0fe23ccd8e42605f4d9f78a7,370232508
8816e8101ddc4e704053e23c,734985835
64ecb100d7882ddec6bafbcb,606915983
9151a8c65e1f01ce591c595d,736505792
c8a40314be3014c2a218f5bd,594959073
29bd4cbe11f44759e07487fd,1009154177
72ddab9ba5f24941e4dbed6b,760951401
1f18df9ee1b19359816ed13c,614075213
fb82175fad61a81e9b665fd3,1237807367
dee2e190c4e2539124ac3ee1,793814184
0cc2f3a49dd703e7554ba638,743860647
ece0394e38b152e6c1571324,922667329
e14328c988a27176e9fc63af,1075637967
a91664b9f15f9d6f262e7b2e,1025644110
d54270fd6b09b38a978cd7b9,1024238542
40c74dec061500aaa78f78b7,544939242
cbf6faf7b47b43b2a77b3654,757081603
52fa1eb3cc7cc2f77ff98764,546425561
bae512bdd3b04405c519bf4a,729024285
e7fbff0a25cde72a38e7c7bb,963978085
d3f297fadece964afe5f1cc4,962141287
2679ba671751ff16e76f1807,739239377
8059e45ca26bfefbb18d8e40,1044679959
9e7ee8e17b1e76965e96ef95,909165722
9039bc918a76e486041842d0,768482716
1d7912750a5e345f7edcdcbf,620362510
4fe0482ad622080f55a0460f,734717228
953fd7541735fa8d9a342642,820227163
0b3021c156324d1e7974ce3b,1009202012
b0a8e4b4ef6678e6b43865e2,717980632
bb47fda808b52f30364a4d6f,737858490
d846dbe691d0ee3ac5c3bec6,1175761075
21932b5a5fa65d237ddb6293,737858490
07481a101afc1d5db45245df,905315705
d99c00c516cf57b6fd9e877b,409467573
6dbb494acdc64c03742fa730,1120114967
35f69c7a9870ac62735d7639,530180856
2721f5495ef5dde16fd29cf4,1098952364
0c068dbfdafa3429c71189af,722841270
f3293c4064d71f9322ca97b2,940402081
5eb268b95d7b6006b064f9af,805876189
e13a1c06ccbf814945dbc768,1001750543
935a1e8c7e62ca9d3bff398e,830672142
f0c7ecd3b2261873d3664748,1186332837
d2f20425e236285124eaebad,611350915
05926b977b5df59857194ec1,576036452
f548ef815603ec44f4629a60,1185113844
6cd147720319f60ed2599361,779071635
6302477fe8172d08f3b4815f,536037064
b0af9b1e84a1886489d46b91,733331809
5f3a2a31f6d1838e0a9531fd,930044503
96786aff35713dc21f6bfe5f,945900636
68de232e27aa83405b4a19b9,1266132021
8d252e9b0912f09703110b81,508475885
f4e646df504728ee1e6ad0d8,379986539
e89cf4cc82c5283f3db6f5f6,509432942
1bc2c099466f9a989266be0d,408017118
bef2008b362c4af1fc3be566,598399247
7988f76ba063d25a4f467730,796543941
391a98a344e894c6397d62f3,459999701
5ab0b8b0d6d93c4654b5cc14,648227022
305d6abea2f3e496e3b6fcf4,850242000
f512fde4fa3f1f7fe885de83,890369827
c7b6e7a287602275f7854ef0,1088574673
3d11a16b008c26fe43deca03,686676146
ac7f21d22d013874c362d440,1363508904
c933750eeb53302db0245782,646193849
766a8ff17723a5c34324576b,913579169
802fe3175a2059f12d7edb99,556158063
508bfd077c80b6cdfc5a10e1,1006545352
ddf8733adb641e15837bd728,581572378
17914fbe0c3634dae8ce9d71,713580892
09e4397bf9794fe24d87d07c,903515885
302918a3460b98acb64fafdd,594686369
a7e57a8be8fc8d8a844cf9f0,600346168
7b50b071f4d795c9b5ad7531,718051147
91a7bcd95c0c960e4cc22d91,598555515
5d4a23137173c0e2288ec418,619414115
751ba0c00d4fae1078c02fb9,707746027
e6bc998ad1d87c5be3559ab1,644367457
53aa9cd32e2a6aa346d3d789,644367457
06f22f7a8e4e78f45ae81638,772960639
2105c17a4e2f97183e24aa4b,766318302
ec13a869c212c39b6ba21b57,764552560
0b49dedfb53ec812962e31e7,619444623
69e6fbd4d3816c4cc37b265a,934261846
ad46f8bd482500f3bb935737,838690696
368f7a70a62962bf31ec9583,984757191
07412230b931192771072334,703214483
e63d334d9ae8b672dc7b7d5c,984757191
3e1c2c5b0831edf78f7b7082,703214483
226277c02e8532922a1c769d,987136097
7902ada9116a1cf7458933cc,864379778
b21f6e217d6733230a8eb7b7,902580666
09ac622c303bce9ad5514442,484512670
ea63bca8e3a77fe88d88fafc,476694887
a3c7c54fa12d5b57dd997210,566796092
cdadb2607807935a0a5597e1,720658498
8d041784b65d33c76e5245a4,799273109
e6807209b634455bad257998,575136567
b1e3f1efb232cb0976506cc2,1030512118
dea95d98e8bff87b905f9172,1008903032
44b6382d9195ceb3f12d4939,915570335
41f33deb9990562def18c917,911435709
0a61250b2c208d42a3077bde,1100594038
c714b30713eb7877ed3cd92a,400588469
bf120b883bfaf7641eda65a9,804462276
90b34ed38e0f18988f11d77c,813896063
feade1f4b3b06fdc12ec213f,765454418
00bff9be2d524083e3b3149d,644316558
f1e38e53ddb8a9d5b641d934,1083538687
49dbaf0bcca86f32f86e641e,748562098
18539b6cb6884f753e0ac18f,998694624
7586a79a0151387a1c0cd85a,821796363
d533a334c2ad9d510865fe54,702544732
95f7bbdcfb59b4cdb41b0394,651573146
4a2ae08359e1ecd39b43afbc,770484646
e8cf39cada5b7755f60306d1,738818457
0489a476b376f7f6efbc193b,508737932
7b31b5e53015f8116fedb0c6,1114620775
4c0892a39011cc6a37fc1145,578423620
92d7d4fa9fd09075bec14a3c,1029130555
5e5ea93675900efebecaa19a,395052309
084de1226de9a6f4a6075c2d,624142938
54f16cb9563346e15b019102,404813817
512a6de80962ab797ed2bf72,788879991
871befe27fa79fc1e1813b19,1047664251
4e0b1df5e05ac505c701f519,420418675
37227e66adec69299f853e51,920628354
0a0e3ee960f60d04ffd6bc0a,1027758880
82b15a5da307865c7045dd56,904165955
44d596fa36e3992208292ade,481990389
3569024b3ae4865240973e6d,425748800
31d3215c8345d48ce9734c65,421776690
147e7f5381d3c951fc446376,677627221
77deea164a3a622df41249f5,524521309
3cdee5304896e4cb9604ebe3,699305515
f5418917530b72c9fea14f66,645973791
ffcbce226963f10da8c53fd7,831030013
2fffe55a1584619bd7c489f6,913298116
3920eb3f72b96fcb58ef778a,397273721
d10bdbfbd411ae625dc80611,418374378
d61ac80c0d4737c3529f4a2e,758050224
f8948886cb4cb018eca25d19,530054521
da5bf7f1c7b2f4ad670e2382,653393679
f406c9c3c92e9b31310a50ec,848968353
171b560236ce760573a990fb,1108538668
4d852bd93332172bfb081aff,1108538668
2e1f7569d134a931098a2ede,819645197
6d8d2ba62c52445d78f687ed,819291367
65ae1a893abdc2eaa63d9271,1047279041
c9c51c39725d7df94822fb20,511773382
56ddb54e50deaf650a25e82c,720165249
aeb330dede55fb66654901fa,1022408594
4f4e3350c429c6afc0bb0094,775449102
39377d0d271da03ad85c7bd1,556604026
bda2fcbba2b412981e708054,995718801
eb89d0b7914010148e6bb597,730879264
513d0ddf1ce44ca671675fe1,1029657562
14cd5f188cf6d2433240b5cd,529165171
dbbe0b6f5eb07a5f9ec873a2,632859651
f9acdd3fa50068bc0180d008,510947743
4a85c36fb854e922936b57fa,380512958
937876bdc44c3b8fe063a9aa,511773382
001399d3861c5792ccb8b515,1101952230
f28514aa4d6ffa36104411c7,545965865
3b185e3e31f7f5e6a1b3193c,664706604
f4c7cc4a249ae7037aa0b35e,692847010
b74a02ef5cc838952bb9afd4,778914431
75f5aff9fa70208ddd843779,570504353
b7273cac93fb7a0034039600,1048334538
b73bcc0cbfa173c9fa404369,837890165
3c4c18326318a7207b589dbd,478491977
29a230f7dde5753e65b661dd,969184015
c083a5c64c4d6952accd7bdc,709771197
1cf29f882ee8b458b8f27091,928137601
94c15574aacdc5c3cf5a406b,438967864
661f7eaf134a5b142843368c,507435291
14a5bf235097782f468fbf23,668652044
d2d46c70dc048c92c8e4f09e,759331805
f6faf74c3f4e02a6b333b7af,986857363
6dfa362ff7a0d55693793db3,730251236
b070e3747bcf22ed67509efc,756433154
7333f19416625d6f4244fe02,790228297
3c86651d9bbfbb335f15b544,591493703
9d8affa93ce4dc7c1a21b3a3,769229187
eb8cc67810d95d1b102410b7,901522615
047f94605add5f6f84fc3f90,794356736
56ba332c82c36f07ba6bd271,1266659558
5814a1dd61362ded4f1d8d8d,1359299791
141ac7bbe9637f9e5142135c,1059215348
08db0ce5cd15db2404ff3d28,463715357
c38677ed0876b7996f596336,413702000
daa4d7da8d7df8efc1adc9d1,481951524
f15c6403c6d4e3676a607780,482826006
4d0cf77f8cfcada2265ac585,521835178
4caab3951bd6cb6dc71ac8a0,527947948
7cb64b94877a9361f20027cd,437547796
3f438d6202cfd4527bd8f983,586307720
b7763beef728bc2021ebb841,419142407
4cea8ea969dcc433fcb59d96,614108212
24fadbd1dec637edb728baa3,621621743
63cf422266e7c39a6c895b3e,741295536
dbaa5d47ff63125584bf7ac0,1018689428
da12ac932dd8a2fabade4bdd,674346343
f35538e95b4a567f9b834034,959161241
6ee1e976768b68cbc8008950,881200806
a910019b3d18da92b4c6862f,746213317
a09413ca0b723170c26652a3,769478622
2b451da55be3683c33e4de31,1008176535
561840990333852ace562b82,913908742
b6695af1ce28eb50d7a2c25d,1104850852
9327563b40f2a0f888c68f28,1075084871
3438e5d77044f21743e56edc,683625687
63cde4fad1be942dc5ee695d,494787398
8e712705b7de6e791c8735de,523542986
85de01c0aa787152c77c6180,413217058
c9b0673becdedeede0209697,473862968
15ee6357e02b76367682d6bd,997773106
5f284a75ec8e9c72abc76695,870696902
37e696957da15625da71146e,635370956
96a478c359fea0014fde607d,766586448
1a61721fb7306d55dd77b6ba,766586448
a7577260fa10bf408f1997d8,819217006
b3f8ffa761119a5441a44ad4,1017114005
a5c85b445f503a56e0e2a924,1071548847
5aac1a1d5da10b76ba4b690c,907777550
1420543e2eb5f38e4d38ba81,1254171632
a530e3ff6d7bc1abe333245d,797346686
aa9988248c7dedb016d8b6ae,957157410
fe8ab5495cae81b5478026a4,786956422
b463c62e3c21e339e7acb52f,733124262
00a5133e7373eae3f0be8f2e,484451962
38b424cb0e54f0f7f2745781,715192690
c43530f324a3ac90f53a8849,802483583
abf93b2418fcdac14293c9a7,677288394
9b1be976725ddd512cd222a8,1033111306
9b7f17ddae12105d47fad7eb,888778904
3caab5e89722761d5ab2498a,487140846
a2f40c8227b466249d6cb659,824383358
e6a5007ffb7c1321d4fc21a8,646559288
0d50b435188b7830a6949026,387691994
d4bee60a74c2e2235f507ec0,759714270
b474103c4b637ca25b5d89e8,654651814
ce6ddb82d2ece3b8d58fcc63,496918745
28403f16831effcb75471738,502751154
03f518e2e5861002772345fd,386096704
011a6d0f12ba108ef15076b4,421223528
93ac0b004ca60ea56cc2bb9f,553889472
1b70fbd3e46da8c47c3eed61,388651494
cb40d6ea6a1eab77a60c1ba3,973391527
87c73db5d50e8ec3a22e6ccc,783018178
9aea45bade274e4ed91ec301,465824079
43c22bfa9a14df7b0126c12e,639670380
6d848e54ee68e6d8f23b3b1a,388829038
e5cd7a2aed48057b0dc8d970,432905344
bc4b94c892fea57ebae3eeb6,397440320
e7bb12e99318573a6e6ce1cf,751760544
4b52ebb0f0a8878def4170c9,964526844
3e85b447edd3b23b5a0d3b79,734177001
15005fe7eb24aa25b9e3cee7,616841385
22e00f8057294350ddf4d42a,651506384
ddf2583bd65f02abf7ce3280,888054242
704e5657734af93d19a0e5fa,818613092
cc1a11362066152d21d4cc60,973991396
12062de068acd322b610fcf1,818060134
e9804af0513b2f68daf182b3,627281724
f13d8f4b2e3114d71e5ed941,966837833
11bccaef3431fc17953eb81c,997271164
ef2b9c11f884cc5f31c26f60,845272506
25986c851e13c92ede6c6d6b,1186383424
37e28ed39a51956880d211af,915829801
9530217ea0b5d2395adfcc9d,1101507456
d8607e3261ef1546eb0c30f0,967729409
22a025ad47ba22ea9fd1a094,725984425
1c88ddc21f3e8e4ca633621d,370821576
e45ba581daff88707ad842a9,549255411
d7e97cc158c6c54b02fe635c,672733736
04bb7cdebb8b66e783058248,569276509
d60cf6dcb7b4b40077536604,896221539
85ceb648cee9f6f3d221254c,737395508
f58528d3ddce3bc6c71bfce9,589627113
c269765ece36cd93058efab9,614535777
919bdfeb16dd0bf67787d53e,485238956
ed8eacb8746dbcc3c2ef3aa9,636857817
15ec532ec6fb73074b9b12c9,543495739
58a724e8a0e05140b07539b6,766969894
2b7a5be93795a65d29970b02,923430012
6dde9af12b6597425160a47a,1070223455
f0ec99c13c61e89310ca9b8a,654918371
65c83da72c07b8e74bf581f5,773052799
3ecdb7a7d178b48361340ea9,702722738
af22669e3ed10470623fd8eb,838146835
748c981380925e1247b9e64e,917721118
78ab6cb1f62a7e781d4c4d0a,382803739
e80ba06329760362c7685ca5,556602356
3cecc0cc43ef46670a8e69bd,637698586
527e4b1b06637b5362c8f17d,595151955
cf9eb2cd0f20b13cc8816bbc,422474789
4b3a6baf8196a59bac8c08c0,474097475
9bb9864a6bcff25b17477717,647361091
4f7d630c921cff500705ee5a,585619656
7b7c0544ece4aa383fd5b4ce,707241786
191094739043620c72aad2a0,748596604
a20435d582c7646db231e7d2,778250823
1555743ec7e2f38904852860,602333177
1c7452cfc46652a60b7a4f05,829405066
97439d5a82f970e7f50d51b9,894405003
7667cd57d0bec809417c9b11,723059357
103f6eaf04b44c4013acf097,761188375
e6ef433629e193042bd30f4d,1051254067
2ee7f959d069c9ca223115cc,1124178220
b46625b69fba1afc154471e0,1094721406
5cc0700421954934cd8dc445,852112438
066f1b68f7c053a196662fe0,890130496
645e1c7b799a489887086a1d,1186332837
f426c41d6d8bc99f359f480c,460207199
d1be4eae680cb16d0c842606,1185113844
57a5f4f83a474ae156f207ee,805876189
53eab0ecc3ff098d55666699,1187717698
54022fa49ecd9cf290aefc89,1003829246
545db4962e6294cc5ed07727,1033111306
8e17bc9f09099ba3138c232a,895966019
3b4b303bbeece313f92cb85e,918970945
d0119d7bb15452c473ed28ba,723116646
1a36f98c62f5126c8064314c,808635523
96a77e8e42d676b0da3fa572,672986501
d7d6f668e3e40d957163276f,598655369
5b908b8abd8dd0862440c172,661150973
81716dd4aedf72a6a14392e4,395291880
47d252717c4bcae3e1ff19e4,951513386
4f0b2f7e4d787a108a4d2537,737299288
90a43053efa1d292af692a87,414984698
c3df4b9fdaa4dcb13723b5f1,966506103
4b905620f76873355d317dc1,816095699
ea16314310144a10c81da9c7,533007639
0e5db1a36a521a5d2912b238,958558193
c53c58dd7b26902f67c3becd,694652390
6c17875f20f58b1fb211c18f,991988533
200020552855ed39d1af999a,634922007
b44b862cbd855d46954eca5c,717522714
ce47299ee877638c4729f60a,735912254
3a28bf9841e6a9d3f1bc293a,911303116
3a488b9e24d9b8fc7c222e20,362579100
5469c33200ffa87952b356d0,424948206
b57174dd86ed451448dc501b,689549490
ebe09efa32acf6d680341840,712755345
33f7d5aa494288cc90d60456,804131735
de9a32ec454c2696cf75eb0d,717717337
df4400c44a166c851ff46eab,789076589
5dcc8f6a6854a864dcd27a87,644367457
bc08ce9f24533cd644ef08b8,483644416
2935cc0e053bf558a8b73054,644367457
f08001f2590d7b734467c58b,457422577
5a9892659590355b91442979,754999895
ea34dfefac91681864c2bfe1,738083629
ee3b5d47d05a80c07751f7a1,984757191
448ad01af4c5cfba3feeab26,984757191
bcf43ae0b4b15ae168abca97,934261846
8ccd326e4f515bf7e817a14a,723799341
94535dcf38c9c6461a73db02,490512857
9b3557302e940d4da341cdab,606164344
edf8c961862a4ff8e1e44f1a,829898323
6e508fb72f189a4fa91bde58,708206338
7d0a4771afb00cf9a38ccb81,1265908962
8c32b6b31d1a1d5736c4df61,1074121944
da782fc0c8a79e3e250f0f67,405377523
c86e643b7f7b57b4482020ef,513486900
4632f1e8fc93e268ddeba07b,595442785
2cd372392fda500e6526695b,918774944
a05ef49ad8b2d6c466ac7412,765674188
9f50ed2b7e40847ffd877f4b,511834851
c00083aa30ba7d953361674f,459110632
50857161c59b991304f5c55c,861728423
3676f63aa0ab23ca7cd344b7,468834545
3710ec95af4702c45f165279,617145332
16db516a238934a730ced1e8,668663336
d450dd622183c7cc43a20d70,492421819
ba84fbef80c8a82895ec599d,1253337259
ee85a12b8f764bc15164dc7a,639430758
0038a3b703f4ec779bbcfe6b,757231909
aa643acab634ee591a2a43ce,671421732
d6438814f4ff3853bf6cdb13,841786411
a37522af63bbed2f4d10900e,1256679250
0b715ccd3b3e01444b855857,428943655
fbdb9caee4455e99259cf921,532283683
b3c02569b8fb721934f51c52,477566534
c07e2ef0bed4be12e41c783e,494230361
1b4e4016cb766bfadea42f73,397474240
ecf4e968c925cf8322f8a0bd,327297520
6cc0e6bfd30ed93fca2bb217,399942136
3e7f514983daa92e49a7c87a,401845232
97a22807207cdfb341d5c50c,492253617
3f9e95762d2f2056e9716039,580415716
255c5b92d71a00c3a73b9aa8,378986652
58d24ab99d74ae4c449c90ba,725148661
51d1df6e1f28c40dc9074b74,1027193129
16261339c3a99635717fcda8,1176993371
1475cdbbac4aa486266e439f,655597749
2a9974fe07b1e4427e386e06,659662919
cf76689ebaa20c70d9db4d51,1027410710
f9379319f992cbadc43b9189,815827900
62313cfe4272d263173e1ea9,754666510
b2c62bb0cf8d210dc4635653,1085971278
5d2fd288d33283826210cb90,1101507456
3454ab4ad567d2d22d990fec,990435476
58be66aeab226c35330d57d5,623830084
315ea6fbd6b3261cae7fb900,1017315103
6930d8e260fafaa5c317dc82,454576836
0fa99fd0e8cebb71a3bb0871,422446022
fba946e4ceea37176170835b,452967512
b53d4d8d0bd4a0ae84fbc22e,408415942
8bb1a2ecc997779d1addf12c,438473332
6dd97377cbc262b07ea2eb99,440684034
5c50853824c890a5a7f0cd70,545764676
4c3865a97f5877090e7a9649,653334847
a3cb2a035f98276076f2d848,529516488
40d04ff9c405cccfc82ed5a5,418819453
22caf82aae904c79057fcb3b,527679296
eaf87358d89af17c3e004c21,777767065
9ab5ef2c5650c4bd05248990,396467569
d96e3063ce77ab1235e2ba26,510052756
665d62a8019b27bf5ce6e6b4,473732126
56234f11aae98489ae00a8d3,521353838
76a5158e1a5c1f9fae8ee882,526032929
d974970034de145d469d09c5,530379350
7b5db1e4f4f47b4bf7c827ee,510401961
73ff6ce99ba5dd8cfab0faed,533939120
e1cecc8f17883ba6e2723826,568252816
857870b1412b84f0f19ed751,479168706
d89dff35fa1944191aa9ed98,1033083781
86b89233e0176e034ae3cb7b,974286583
dd3d529f3745159d9e7746b2,755585865
af10ec1529a63d0bc10b056d,1023858129
a2645174e4e15c49331f576a,1030658721
311dcf366691c44243b7b89c,1085306378
4cbc74a93e33f7b4812e1a7c,658794569
6e0140e1d667cecd155c6e23,682436658
dba6308e2358f30b7ec33f59,906401612
761ba98d35074faee3594dbc,779263471
b961220d34be930fada80887,808014716
c9c3973bb37b5c688a7c0157,852539504
79a0bffec81b17d606a606f5,1030658721
135f6f92c4ec95847e8840eb,645058959
05858b1e4445f56f22e1f4bb,939296187
623b7d96c0fa09e50148aa7b,975972887
e61e5d3288f02b904d3b1e38,1030868790
0d173e7afc8f8babbef6ae97,1016516209
7635a792e5002ab99ceef583,757400971
4da93e7126354a474d435a4a,993969172
a4c71322f79dbbbedab3191a,843577966
57ef53ecf8b709ddc05aceec,784683058
65c3e09ee6f1ef0500ca4316,1140488401
74d0b6e87c2045f95fd493c4,1052833110
4a3d0390e005fa5b4c9403f4,1157125623
a3aac701ae444b6d91b7bb0f,852924474
4afa3a1b63c076123e7a5279,1120034919
c97adfa6f5ad3e3db6b80edd,1023530680
58cdc29143b85386c76bedbd,1272845509
1f81176d8a0c61a7177c6c2b,1163930882
1c2e69465c75fb3af2d57351,1238679730
7a10ffd970cc822108ce7cf0,1114589340
3bfccc757ef82ff2774f2db9,1050694171
3c753ecb3a4f8ce43077a6c1,1116942562
100e9e2623cb0fc52fb08813,914933784
90a269d52e47c1705f9b6cf0,885060160
34f4df9fce2ec05633d0cbd1,558711163
1e4fd826fc8693b17f6efc3b,1149137366
efd9d848677015f13688453b,469081127
07cd866c871333283ecb2d23,704929492
76a307d6b36b8a51115e91b2,787378236
080969c751cb94822aeeb755,390214541
1e37fb708b70b6b5e8fb5cd2,573350008
4e47d2c8ccf9929ad9c84544,488633266
3c877a0fbe08cda958ff8f46,746471274
ae59a0d6441697841d86cfcb,575306255
2fdb80ee4f9a35663e92b3b2,659158252
3a513410a390c75fc14b0b3b,524209457
0616401503f2ebc05af7ce4f,454767842
98b973c8597d5805f87dd074,738549847
7063abb555d919d5300af3aa,961646412
88c4b21ecffe12cb6c408a6c,670100518
75a4421cced1111492d00298,450829148
0482cd89d767b3b7de976c3a,408644082
bda9e5d8048acbbe5a9d49ea,539262840
2152ed6b2b2eaf16ec272cb6,430327015
9bf2e0c1bc82010e92da2540,783136731
110af3c21ecdf156898c7c0d,1004973738
2790ead3eba9370f00024472,673235625
9b06c7cebd33cd26cd6cc089,1260831680
fbb89795386c14f5088fccdc,765826631
e8a3d9d6134ae8d631791e52,1186956705
5c535b7d92e34c0fe4b66891,698242132
d88544e4e85add30aa795ce6,636103168
01b78983d268b52137e5ac1b,434514355
25414034e50ca33fcdcda4cf,656612521
2212e0125cb7f75390020951,737172254
a4d5ea1b907e98be72b5c49b,534483239
2df90c0a3e2b9138fe276a75,1044003634
c520b7e8de3796450ce49a30,325969328
35114fa32397272437e67a54,518088820
bb5726ac16b4ade709151159,538796064
b4dc6733589bb35444b74c55,857024033
3b0b0bb06d95c5ea1aed2d95,529778872
fb7bd85c05cd74d945d22de0,532633137
6396667677a878ff61e1b536,535609362
47b5804ba1a998c3e7544092,763011913
ad4d91ed26c1fd5702b94064,717970323
2b802261b8bd839aa0b04b16,763756461
0bf9fe130da23aea7142bb7a,789703582
90511f2411d4a37a7224b995,696776196
1355fdce5b97bb36da15734e,1130924091
775a6affce535c5a19ea5f30,778877263
e36d70d72c2758d7fef242df,747794409
2fde05df6a3aa9f57385e6a7,517177536
5e0100ae728e347eedce5b14,1185113844
a636ffa140f80412f003734d,831053497
74746d24b9bd86e23338bcd9,805876189
99c539fecb3bc233288ff905,1097411590
44760087930212643641eeb4,1184391122
2c5d940b5ef2276f1fac1ca5,1186332837
b26f22f1fd5a991ecd1e07f8,841679619
1ffafa78622c45ea4127ce82,745759913
32a555016892e7a74d231545,672986501
8d06037db08d0754bb67da4f,890130496
80255211d99c72e343b32798,1074316138
070062cd1c769f3be9255af1,1184391122
0451f65828e628c2220df77f,918970945
d96f6225db81dbf3d1a0e9bd,437387142
b1527eec2e6709dc51e03f9e,878142498
5464fe43eded098294d634ba,696776196
ea37ad89fbe4159940586718,437712762
4057a676e7012fd37af9c3b1,525269511
51273a81121232e7f30cfd1e,428333116
3cfd9ba5c6993718c0c532ff,545709920
8567e677b30c410df80004c9,672613863
7a34bcd9f86f5036b526c3f4,575716553
3dda25226646e1e91f4c948d,575716553
a2529027db6b525e365e7be0,438610694
c6115d5e908e04e67915a581,702689934
8d0ae601094562744c8dba4f,470093657
55209683056fe2f9faef7fc8,510857771
e840095310907e82a159d683,575716553
278fcdbf16e3064ba42c6785,1084446799
74af10afa02e7724eeeef108,762239389
b763f71e8a5bdeecf0f3f0e5,394603821
5472d536d1b6b731537bb67e,628952960
995ba6d1fd63d5160fb18e71,784153296
f424ca724e7df1c37ed78aa9,907447527
c2aa451b62293042b7244fff,693131890
d4ca9506161d3f4bb3ca57fa,413833213
799862427c1f335eadedf4e8,474587498
1f3b3bd08063993c23586c93,487449235
817422f4c278ff27a22b05d7,554963951
db9798a3f9ac287754f3ae01,990645371
7ead45d1f505649429904307,685542262
ac7ab254166442188c6c5c25,881826636
67250a8950aebdbc67f7fbfa,1009095816
641f4319c315cbb74872b8ac,405682712
710b0541a025b1b6a5a80c41,462872424
a10f459124248ef30f290cad,539182418
1aac53220223d0d823e70d0f,398670425
9d0ae0c4dc11d8c6d94e545e,727920216
be685d2954b8c7337ec94942,526426128
e43151473292e4e98f121f63,542516907
e04fab3d74d14be3b8dd2c8c,567645335
c77509a6eb6665bb8eb07d95,658225609
9753470e033b35407a2eca2d,1017534243
825f57ad0527d4abf41cffc9,821770538
0d8074979d302868c2534262,989168795
15a3e60c7a5d55243057d7df,614449322
6de06f867a28393a9e95c7d4,360350075
4d418d0079828e244dbaff5a,510741534
2de93fc191360ae22b0402dd,495237867
86792949f2e6a347208cbffd,537913031
6d8a0768adedcc1070d28390,895689420
459963742bbaadbd9db97723,791560369
235b10cad7233d579a966948,486076775
4443407341bec8b7b0af40b4,766947180
d7047492f4c53a0cdbde60e5,868511177
5541cbe23acd6ffd4aa0d939,838690696
1d0853f825cc0aec6f5544cb,877160214
f016623361c6ccc5163e79d5,1107459821
d280fed64d1c23ac9d79ce20,963171398
7e86f11cd63ff6c8a3c12fe2,793697542
9d7f161ee660b1bcb54574b1,1047319359
a0722c5527c6d3cd5cac9477,1178933739
278a2cd98528eb1341a6b685,561826912
b755f88ff3907bbe2a417e07,1061469803
2bb55b0a92d62454867bb158,1004575429
960c9349b6ef9b747ebe5829,1195856709
2c8352c418097f82a50d9bbf,855416895
47d7ba800f164f397fcafa9d,579121119
610061a0e67aea7d222f08cf,1173108138
a33de2559b5f56d1b3cfce08,661919443
f020fef57e9069e4dea2d71f,1265789680
883f095dd3f7e972d7dd3c2b,944360335
b0b784bfe2d3c1b3b1320613,722472600
1ea66dd4a72d93f5967be730,502647791
90b04117887941ac898a67a8,387307582
022357a3d48ea87d58ffb46e,485803983
292224fa68b0303a90063801,588329606
6cf924390dd3ed4454403887,452180050
555a293dbc104e00f182fe34,582058477
e13ef02a57d35f71a4fe6121,480757947
c82929467d22589ec62c0475,676390527
18a74c9a49ad381aee5e02de,518306523
da40d46cb91d9e59fe12e6ba,594722108
6320f26d77fcd56675db6b97,653419424
3307731f3bc518012912f1b3,907993578
ba94572d1e050bb92522f112,569080718
6e0d6bcb01e99fc4959d3f7f,390248704
dc3cbbb2fa00043d02958219,761383029
495aa774f4db66db6df30e93,479250518
6ba298925ffad32daae55385,485238956
8df5099d856c7f9de43990ab,654979227
93c5c5d9d1e99824178be9ff,722545925
ffbce3ccf241890ec95104e4,512253527
2c03c38782e365e68b32d6bf,634496592
7734421098413f27fae86fef,930451405
2b50969f1faab80655bb9104,536883091
025a98586386211b1519f9be,415765216
6013b8c04f7b9fbc74ef1ec4,565770704
11075db1cf9899c8640e1b90,545389805
61ba09084039a467410aeadb,551357955
eb2880c2433c4b2500fd40ef,467437052
f7f8607535159c82dbfc6c14,378930104
35c7a7c0ace36f4b95423c4c,575207935
c71123c31d02408cdaa74daa,543495739
dd8aa138623604829d56ac2c,390248704
cb94eee5ecfc75d0fd5ba6e5,546900955
ae6bfb4eb4770f2266e3b961,605106519
573ea1962372999346590c0f,964920482
9f7204b4bb3ffb8591e3164d,977412619
a4410bebf9843297fe32d63c,569286948
2afd9dd680803e3c12d5242b,834650818
a7618c242fd918ed894304b5,691807162
5ebc5cc2c1488f681cd119f2,842886038
cd53a991573ecb5c53f47986,769883605
75ecbc0c0e8e76bb8d734f60,834988729
47c2934aaa5934c68dcb9e51,1043599525
386ad1ba1cada9649f3415c0,724895816
9ca0839c9c294674e86eb691,996116870
bdbaafd11259af6300321a89,738649864
2e41ceccc918145dbe7de0be,710421008
11df35a3fbcef34e47747e38,773220530
b0bcb64f2f2ba69cc712e0ae,1002371701
bce0a4447db2d54d36661011,831930865
ef7ba10407cd74590ea3fff3,840775097
a743dc3903eaf3576046ef3d,848210548
b3d072ebd7908688d908d350,940706425
a48abdedbe3d132276dbe403,856299192
c6b7e739125907c86a8997d3,1041539341
813d9415d9abca46ad4d92f0,1018712582
c631f8920a2fd1160f6b15cc,747006891
16194707d4e85fe332411bd4,718324863
31e241881acaceb02ef915d2,761586171
a3f1214ea44063ad10956fca,810143344
ab086fddcb949e3dc0ed9b5d,625413193
ec4df02b32d90c019125d108,873189820
09eb808ca3859318d6328db8,785162630
f520fd12dd3ed32ba78d357b,774074193
0a2f7379cd1bed7d2d2d5a01,1039564008
30652905d3eacda34ff61a9e,687601107
0509650d34981639b9c64a22,850576211
77cd6b199ee485314bc74626,653518664
10c836c2e566dfe9edcf3d8e,1337395724
e109ccb29c02c9b35b789c90,900612316
2d60a221b478264cab9816f7,1138550037
d34c48ffe935cec3358b2247,848678837
9cbed1ed72b444c22d8c1614,659928950
735c3aff4c151dbc32f9a76b,1005658634
a4b6ceedaf89cff74a292ab5,661167298
052957f95b6e7b41bc625009,1039168641
33a61cda27fadacce0d1aa7b,1067009352
6c3bc8c58ce67b8bb9f5894f,912949956
1988513503246248b80c7f17,1178658137
57c29184563b31f5f752c5c1,1168120942
bc6a7d4ceee8bbff9ac5eda8,1077591201
f1b7ae24195b4414e6d6a001,1158081810
e7b3ec90b47c9e6009ca8a75,770914768
39b62c6fca161b80bc6726c4,1176363305
55163359d7cd910861059389,1127166300
df35908d6ae2847dfc73cf9f,1132301464
ac822dd448e04e9f8dd1721d,1052612200
7e86148f53beefced6e0f3e4,524989836
6eff15cd6372aeaab2e665d8,445406278
0a1af9bb571b90233856289a,643657745
b3cc5930a3cb26e35a45e09a,525747596
0c12f73305bc7d72bdbd9789,572768169
ac048209de77cae737d60545,595445789
9239fafbffc066dff0811302,400954644
8e0ba427ea909cb7943929b0,525691447
b3c99f30b16fa80cdb4f213c,585138209
d1dc16c82942902c668a5c9b,799415502
5cfc9e48ab90da0f4e98a7ae,775852556
9abad9f79352ed42d1a9f099,388649855
dedeafb60b4a39950e7a984d,388649855
74cca5cd08c4bbf5d0404d74,944767854
b6aa1cb0187c4a1715517fca,388649855
e22bad460ec1bc991f14bfbc,763208917
594d46a91315527995cbd807,1220199097
2c0b4c8269cbe25a4e85e049,490528707
1014d3a98e886e1a7358e29f,543625855
73d6bb3d6ae08921a6117f5d,483120089
de3b619a7c80549db6ab16af,392799110
da34d6cd832009e428d2b467,388041573
104722434c2deed04a901aa0,387144623
cee66eef685e4764b9553a02,533939120
58b40969f1b73182cb6d30db,533939120
964e9c3f87176e761484543e,761141217
19487167081a9b0dd09d7975,1155163707
7d8e345c9b16d0fd69f848ea,1090468438
7d4ba999100c8e694fd820cf,893147979
c6b157e7a6ca08d04ec4de4f,503481955
84ec2d5245cfa146dab05065,837470895
c844a386941b86a3d4c0312a,462872424
0648aae13097ac649fe714b9,950992256
34f220a8ee1f24bcc5790364,494068141
d12eda0ba04f846d73cd7acf,1036655440
c12904320223ddd043f39c63,468834545
8bce0097d22b34a804b502bb,530656770
ec1171cac1eee089be6f427d,509431581
5d85d77a06d0f0324d15d162,1004973738
0349908483ce628a0a5fc164,991010059
d74da3bb780515b1273d741c,765826631
64cb8fc8412c9247a5c243ce,1186956705
3a53919313bd750f2b1af906,875983077
91d265ffaa6b407e9747b15b,909516963
1db1d1b76e09197dd915a8f1,1358523089
6645a3080e5d10779672d139,889662423
3ff6e77706eae698f86eec29,707170557
4670d21fa84e40184f03d5de,364568003
ee8bad3fdc93f7fb79c9cbd8,871058718
b624f0438025478c9f66fec2,1009416544
37dba4927e327d3a4a0c1d36,522728885
8d16b1bdea35630a3b09b192,588067590
d54a4c353cebf18d452be515,562040204
c402811ade75f5e3dee73ac3,718187234
dd926903e87d691a0f15dba3,846574201
cb01687abe09df6838e1b224,715324509
6ad3e1a47d1055b55d14e091,534275735
b8d50a94e8166e471fd8282b,682638074
a77d82703468f2f9e8f2ea0e,932075500
5d2be469f69f31090769efe3,755919021
c4e8559ee733a551649a5dcf,840794819
5996fc90f923d6e8527097ae,644437198
32d5772adbcc785ecbc2c55f,674119268
5f088237d263c37e78264bba,580290189
799afa0396b9f268f239db51,395134064
bd23b1463f0936d2ced5fc67,642498915
8f35a5d800d98481d7a8b6a4,597634353
371b5ecf08973fc6e6849d14,498906144
fa70a55dd0e2053a1b566de1,431557901
584364cece0bc4d17f0e7fac,392611659
cd968f8973a267790a38f2f2,489607366
c46b122728ef4c9ae8be444f,663047708
4056182cbd8c12cd87ad9e84,694266973
6ac747618b6ca674e86cd275,465463566
afb02897c700dbac941ba8b1,520529660
198cd3f4e9be65b83f01ceea,613741428
c92bdf97d7f0a9a12c024406,517149144
e00e5934d1941490834c3145,742942411
5b139fdb19ff722a846d71f0,768070841
8b554961129384797391d1ae,904666979
854e27be18fb8f24fd433eb7,717518656
241d9f8599ce6cadac1d6609,735287465
b85b37ae83ef95baa03752f9,964090188
5b3ba9e56e24e08e1f81e220,581887562
58c6518f9d2d0526d31e7566,511764636
38a1e2050dcab9b4c70c5e83,605903030
da94e4a5fdebe3ae7bb1adcc,682768497
49fb2771ea6c1e8950cc9a57,683722598
f2b67c40a560af8729bc6072,511233162
13fc2dd1cd32d9cfa457a5b1,584163389
b6ebc3b8408793f5058cbb90,1154414700
75ce506dcb994b10497e6816,924378595
6dbfb281abaa9a6956c080d7,362943206
af67a68803a18663e4b03eb1,492105993
a9c212f77a048ddc33ecebba,415020726
df89fa06e32e90b0b6c2014e,533869718
f20a7f264a8285a75dacdc1d,782886732
61a363a73f3c93aa1775c4ff,825825517
d8c1f7303b205fbaba2890b9,493257359
70962daad7cd15ee8af564fa,1046435151
087caf4bce7b0a3fe3c47dc6,629565977
5d2200b04fde91f830478aa4,488576560
821eabfeef3dcc622fbcbfc4,440124041
3d722d960b860b4bee79ae2f,577570384
4d3d887d2236c2f897f3bbd4,528365253
7fcbcd9e274b75a157cf5d5e,650697131
88ea2d2d7cb6d641df3ad76d,1003664591
c06088db17767866b7f4ba7d,1005232855
e4a9626b1107b9397d0067aa,709274145
82abb1fb693f34877bf1327e,1047500628
3279efb86571efde18eeebef,464014265
afca7b219d52b22522abd00c,904278337
7712f963ee37e91abb7342e7,607165789
2a2f455525c8e0bd709db91a,683906859
833ded72a8cc9c0d606a7a74,956021697
f3bf0be37be6292ba0a8736b,1066878426
c06c8b6425e3a7c2d7481e42,407417117
27d4f17375f76219b446c092,379181793
9b7de95ec90da0dc8cff7011,491620390
8fdc9f203c3de5d486de7ba0,397452224
ebf2d540aff82f1aadf95f9b,516394339
51c48d17e774d6cd84f4c355,465785766
5c1d1ee26cbde5b766cb4ca1,817898272
2d26b8360f1da9a677670fcd,659379048
ce1b06502cb0c5d9846cff9a,475877985
3186cd0a3125adf3b25587aa,807972669
f839de5370a225ff993f5b2e,625860170
2900dcf3f944a7fcb33aff36,632078890
3f54091296f773f5a1bb240b,999595275
499f6f4997474415f0bd596f,988667661
110539d2ac34e5180e3fd95b,635808503
dccbc668caff517f649cadbb,1145968411
823c9c7abf2d00140766a2bb,1050440275
94af5eccfe170cbe7d428184,777354274
dd21457e18f07d7a927c0104,546754959
5219cb469fff40cd9606bad9,401957775
5a83bd697db5076016c0671e,407849636
2a1edfd6cf74573521ed74a1,492887287
40aad45bb7a980c9c5e1884e,786985118
a315b497dd8e80464bf0480b,767785617
7095d576a0b963eb340d8fdf,533335062
9d6288cfead77d622f5f5b95,1072942311
4caf356c110a50c6c94f3eab,868695533
23101b0002252f3d4b3e1d5e,1026693224
8d1f7b0cfde7e496e7bfe972,733817324
28e572584fea1555e2a517ed,793700658
6666ab486afcbc162fb560c6,1089121141
b0978c973ec3291e950185c1,1060581921
d6cfd3ddca2a59f0b6999d77,781136610
a77f5c03a98636d90f50e11a,1207777839
e6387696767d20cfa4918ca9,641500602
1dc0fe5bcea9d08874871326,400234530
ccdf0abddccb1a670f31c2f2,851660783
3ba769d65f02217656e0f5b5,778966603
628b3b56449724e7d945351b,788708526
b47713520859d58efa95bb06,1030731686
e6c6625db90e519f9dcf1b23,670578520
3e1a1b2a518d3ca2fe3950b4,484105482
24849579dc9ba7fef1b24396,555448299
6103571d9525ded3c09668c6,545797101
a678e89692df9b14da9f19b2,481263435
47bed52dee0d311ae0016b08,656326974
36c0d26b83e575a500a6c30c,525916608
34447730b60ad12f4775894d,1101660441
aec1778ae3b5e60cac280b79,857829066
d95f38f5d1293c74ac52e823,1101660441
5dedb7b64b6ad0b514de2bfb,815116321
60c71a98253b5550d773a529,641500602
099ee1a7c91105ef46b5e7e8,624561372
b56533bb19eefcb244e69470,1112188691
62f46b8989bee43db86ff589,409355561
4d485ae48974213b1594c905,998108628
c627c6287efaeb6fd9049312,478941634
976945e68af6a66f6fb0850d,526200263
93e443a5b3864d52765e6484,929950170
6ef9ce7a53ba3bd892e21f1b,620045213
6f3041147f930cd6cd4fae05,493965687
3917b95a3d05a5e58c117f68,519594950
d61ccfd4239026feb484cc93,374914389
b443781523fa0b5be4ad7739,825970749
6f0fcd78c473e4e04fd411c8,769719712
7f134c92e20aa9c6f084edc1,500819041
75075631f0fd84fb0ff49417,729426728
eae4243c274735d616c6b9bb,932398296
25d233d2779009affadf5e91,841000146
1990717d8c7aa8e732bb1165,1081121764
71b99de83d83dd970b00f07f,1025961369
243ab5db6e47f3536d04d312,785642341
61cb98125f43429f7f93c898,766069058
6ed772640e5a311cbfd17c31,625439674
d9f0b4c92bdc9476f50638ed,517602017
796eb5ae3ca5b63c9fbb240a,901959793
e6f3eee9f5048005f24f0943,718178009
291ff191bb029742387a72a3,973879101
829bde7f8716daf76f65ffab,761963110
110a2f124bad0f9381edce7d,1023898184
76b719681617ff7f28d33df3,887162151
eaa6d58e226904e9993b3493,556770246
af3e3a83257eb507b96b2a1f,903955620
43969367322e86c68b51c2fa,415681807
50fe589dea73e764b7735938,382693680
13c9960a03a1c446aa5515cd,596660062
e7834f52ebad3d3cd00d069b,670118671
fae37ecd6046e53ea121b1c6,771862969
8a0d2f8860a90322d6c3b61f,508517273
008c7a02d158f3b17ee8e015,509421394
3ea6e8da2cb0bf83872dfd8c,665607502
9b184e58842bcb14dd42103b,508775476
43eeb2567c61bfbb059fcd4e,567710458
ac7f6087e19c2d3502368fac,485572701
73494d52196ef9838b1be34a,868411638
112d996c4c0662bd13af3ea0,824551336
8c3a02c9ca043cf0f322ba84,720034573
a757ba01a02acbdee50462b6,936450479
64e3401f22d18b573ff0504a,743376517
acd7394afcee30e084844c63,831289926
35255f80583ffbd504250554,722083695
370a0d0da794efd58cab251d,943906600
cdb5f8327360c750469cee74,761586171
dbffe8f46b3d9da2e57c97fc,891707434
25b1ada57fd1e5c88d939c71,851214694
05f79195e285c126125d258c,818675188
62c017eac96743cfbb61e86b,730832835
3ca7f183cc0b303e5d455309,1299247129
a3dbd504524f980ac5325150,1195635809
5703df84eef7ca9bec5bde45,1011337416
513aa9c91c245ee4be31507c,1041569072
d41d07d1aa700278cb81ff30,777944457
207e39d9cc4402edd48864d5,553027145
7134b03f54b10f282ac34fcd,1024428715
6d860c215908949c4ba1c536,391004649
f35f884365b1bf6fb303d7b5,396341459
4f480aae78aa068901ee9468,510409391
39a12600317b58457f68b5b8,425660014
5f0c7a6b4f46203648a0bacc,378769649
d01f6c0b2b338289e9fe3768,364038077
613ad83abcebf6598f0079ab,786962172
effc32659ff9bf30faffb3db,709524775
73fbb3e6b22b957ba6b7557c,889744621
6c8c5e22025ca4f450a428c3,695617783
d6e333e793f75c2ab34fb127,525906653
b82e52830b51e823ac7187fe,484096469
35ed4187f732a1ea68dce712,774794553
0c5067ff99e15fcf99792cbf,774794553
0ad01fb039a198262ec59b72,894538566
906014f0ee3f3f4f0576d4da,505874529
13477d8ef90576ca84258984,501996732
3083a7ab1deb092f7aca6a54,732449225
a92ae34df90cbf8af7695ed0,618393897
82d22ca21e31222068e1ecba,918875409
11727589f7c66554e9114407,840788719
9982169d6f3e9ca61dacfed5,1062469701
2de0ad9bf15232d6056285fe,650743120
eb6e6060b78676d13d6bda48,702017219
6f37300b1fefaaf746f53907,874541793
7698775967b96e3e7bf66e6c,981502068
863e5cf88a808b8ca96907ff,1007447779
77b5c9a5f534a5b80cc16d09,778891368
ade0c9cf1f9106e342c69bd1,790133494
6fb45859693c703fd9c812c8,662609866
45badd183bb1a4c630174f3a,697124914
f66bad2cd4b09ac29f540f63,822961733
fa3017d74586eb4c3b5b7db9,758638913
f09bb33b65b5ebb8fffc3a21,1006426629
600dc823c42aa64f60fc3ab9,577481534
c1d9119fa7ae7d44362f18ce,864675514
a1305fd943ae63715529209e,1111645814
8d81b4681ad0055c274e7da4,645226977
cbb10e7618b1385cf922e815,1239599307
b09111ea69c4be8ae120ddc3,876790977
099f07f9ec4ff6d835337f86,799840050
c70f6bd5ca138bacfdf8b5cf,1011366437
a6c86ab7381f6c43fdd61a01,643818207
58c2b87098ad454b1fadb13a,874891142
6afff7782d129021eebee968,774324140
ad92f3ea52673dee0a56902a,867280081
3e040e87b89a043564f0d0a2,936552366
49d020d2056717c2108b0927,841011680
a4ca465294c114b1065bfead,824246717
ca9520c7b8432b0521b2e8dc,402519893
4d20f253940a4492b4f6a9f0,575294444
09b61cf8ff3ff09ac892d073,409168533
86e81141e429bd81d7f0e73d,486534490
b9826d7a6132b16df1bf58e1,511681883
a90c60e05e29b77963a11246,514774809
6e9984a3c3daf63fce5cd3d6,513119949
a9eafeeab4ba51d3644f4052,528960529
f74eed3a7dad1bd8d92854d0,819083370
5b377636fe30946fff973f3d,592540074
5bf6c1862c0bc967da2cc484,984674255
cd5111edd2fe80f56db29531,648934942
c76c4695ed005277a59451f4,633330013
7dab6cd1002a8521e5825bcc,638766704
5b57258272dfd1babb29e7fb,617534146
f68b7dfd0579838324895097,827090666
812646c7de863919cae5edff,978235937
0da10eb6093728074b34fb75,939324175
c64346c8b0ba32a55292e66a,871552600
ad6317cbcbb8bc27b0774fca,1111586063
9f43c80d2fa31a09592b030b,845894463
5b84f5de073000ad4d4b1a04,1187431554
d94d18cbc812d560c1e38ffb,1085262440
ab3110b5dc8ce81471f69c16,1246758249
138a1990291ba31024455eb3,1163956646
646bb3de5a1cfe4bfb7a7ea7,1158674082
d8fde541f142e6a7f0b28099,761727332
ef61986cca74fe8585b1b287,541404547
e1d8eacecd35515eb19f9135,1108516649
8346d64ed6211083fd420ede,727090385
4340fcb9c80733260565c24b,845943675
ff5a27ffe7de039e65170f9e,978211395
ce407c1e25333d7c7eba1b0a,757231909
f927027bc766ae6c111fb685,384371692
3f9a3edf25152433969f98e9,799354622
987476ca395533347581b2df,662374323
17d0e3208fdf10c77e95bdf4,640113456
b485036419de03f5bad01f35,719098525
d3f7847147c88352bd3b9707,778906855
aabaec5accad3f545f864a3d,709632983
400a103762ad652e81c8d3c6,810406498
acf15357c1a919b6ee78f676,1098376535
8d983b9ca65f19ff3d69985f,1351784020
b9a80a4d84eb918792324dcd,419645786
223b3c04803ae7b855f9fd10,699571551
e5c8f2d536c3f931eff2d70c,1066596176
f976ec33e004b2d4d32c2eb2,617317556
cb00e44cea76a92e9c44e793,477390955
0e6dcbf136294f2a99410052,440468381
102de0a5ee4f19454b922b96,666419434
cb1c8ab11838d9f0a1197e25,935853042
2e2f1072d8db7372b2c2419d,471636196
8c4cc779f5034e9c10b2e698,377177566
85734fd69714897264ce2214,845362370
5694c1f689779fb5ca95686f,604982985
f3bb60434cb36fcdfe218478,642984222
cf8bbd3528d3e7e2b8f50c29,784606010
7db1c8214f229d865da455cc,666822545
f3478cf008a7ad268a434ba3,701563401
5440ee15bccc4eaf827fefa8,695781554
78e85ca7c532a77700bfae6d,1065538946
eb5e382e1372c4e94f467673,845453736
5a11cc89d3b01eb87535ff1b,929876255
d0f5cebc2059ca89aae30c76,551194747
883371e374936fdd74d09fe8,568731947
9ab4e5f8cf2b807603329cdd,529474476
c37c7859956931d77cd5c9a8,520652456
730804efcdd755786bf734ff,456490521
9d021f3fcbe5f82fa1c1fd94,576594786
975ea2f56001edae07f28fca,452180050
8fea95d0a70b1ea918803f58,551357955
4718488d664194a3c0c5b446,617496650
1b87ffa033dcbf4e2805dbb8,536883091
1a77ac51e03c77ad280be447,465785766
228d165257ef052ad50433c7,634496592
513a83ac5bfe27c5b813ce4d,475311932
73bde441e18a9548c034372d,637140759
26301269301b6f96862af599,631043997
7b30dbf2f6d835ea0c14b392,720499865
254de3f3fc52b8cb62141baa,930451405
f566603aacc78da47a283804,907993578
990c8d65ca11a97a1d34c5e5,567710458
a9878134c12696d8199a1ff3,636857817
58185ef7646efa724e904f5b,596080247
37d5b8f329ed1ec29d4bc035,475977225
e6f948282e81570fd03e4df2,775348278
8b801b4cc1d254d0277fba5f,691807162
33a334a16c4547b9d7842c3d,738649864
1ad9e105d9da875001111075,824257555
08ad96681afa49c74721daad,922590210
beb73d27906bea7a7d880791,964920482
bda5b2e5a87a4905a30f3b8a,747006891
5cf70a67ec25288657d6fff4,848210548
baeb4e9d612bffb63ae3564a,1018712582
1902f509aa05287ba42f546c,783973001
c0cf9517f20ae81c79ceb0ed,956581159
2ca8b22013c529b412ad764b,1043599525
b38816ece917027a179663d4,1002371701
c89167e42af0d42c88e8573a,1044563519
09254c66d93cbbf2675b775e,840775097
89f8ccb0c1e2136adf87a10e,816445657
cff851746578050bdfd46090,1077591201
d53ddfac67129aebbe054024,661167298
53b5ffa0cf0dd12e4eeb6a2a,1005658634
62db5fd2a4eb831d281ba8ba,1337395724
59b5fe8d4f5ae272dbaa5ba0,1100162797
3c1b7a0a306e16e8c22d78c9,912949956
5219c3cae1c92b52551a8571,1075709972
de6aef9a5e47a614b75ee576,917833116
d168181ef0dcb853171cdbb4,1131574400
6c8e27967ec63e6dec4bd6ac,1127166300
8544bc14286a51e60ffee7b0,1132301464
ed48916725be6970cd2f273a,379882799
9ff3268cd15cf039ab958413,390104688
16cc5c280124618cd5d00027,378983567
ac028c1580f6e4da4ccedf0c,576938615
673f2b913006ee8b33e75b5e,691496453
191f96722301456877893b22,684311037
a7d8e636db44cf5d3ceb67cd,497563984
1310e9cafc0b9fc21c212f73,927575037
1bbbe4e1eb264f5c69467e50,412978924
283c1142d027be336a7bfacd,397836397
4d09c2354c67243c968dbbcb,623347781
db3edc43e89840a65749cd94,569508651
0274166db611aabe4e946a83,546147597
8153b36347669087e363801f,496924462
e04473aa943812de1d662058,752959766
7742e8923a4b832e3d94f3c7,629651752
536b5a8aea016aaa90fe744a,973386506
d2c02052de9c97c531a4453f,560704813
48378a6148532f71abcc2f98,767481842
fb0dbfeedbab00cdc7eb93ee,723799341
699412bfdab1157487c81725,1008949837
a63c26369cfbabfc9c2603b6,902340410
34e5602cb58501859e32dc9f,898010096
da83b03a6c9d405f55714b0c,1062642199
d938d682332fa9e5c4986024,801952552
e9e39766e2c96bc783d580a9,1149333067
fce89a9ffaba32f9f7c5895d,887877492
2d6aaefe0f50db8acde6fd1b,1351784020
1710873f951e7f695fca3568,505003155
0ce068461fb3bf34eee000bc,552051334
b5606ddf3a4e60e2a0e0d6a8,897366992
2c2e56e3e5210c111c7de708,650202087
94118bd8c3da3f14f9c7836f,546953713
d20a5b3eb857e1f4b548066e,792099506
ad37e23456bd4d90010f7784,776494917
c5602c608080e2546dea5463,419474580
e3bd8bd5884a55fc1a151687,637024396
aa31e5995379bc38dd40b8f3,764443909
fe8a10fb4031669a9b21c919,995191246
08eaca41f26eb387b67bf30d,1071548847
23ef4d57d130e4130205f30d,600963245
d6f1594affb8db7a865e3452,380914144
abd9cf3c36309d590e58c2a7,498978924
1c177af5bb41e26ac0135b4a,1119814306
a05da8df13eb4b121d536912,556097165
5a5a581ad5540fc82cd3c2ed,668849372
b50ff8bfc0b4c4b165c5ccf7,774964326
2abbf26e80643dfc1b75edcb,825841228
ec903c33a379d8d2cc04ab36,1024791641
c062d873af3b7cb98ccbeec9,1016984377
927de0269795dbe0566a0326,830946611
ee703dca75c4dfd5d035c9a1,542752101
b8a42b02c50438c2ad7598a1,423836250
f7216fd19f41ca5ea66a9169,423836250
f487761a658a4247563faa38,591381461
caf878b42daeee3c7de336e9,759201604
29d0dd2d4b120dd54c34b13c,851649074
1cfc7d60ce613536d23b093d,934993104
c6c7409bbf52c86461aa1dd7,672105448
312ef52e0250429a5ecb3b27,946301417
48299e52748ecff3b69f7a90,813174980
a02f6ef1f148659297d46b33,670820502
67f664c8f9250a22c10b4f67,631186281
4977af03eebca1aa266289e2,569838726
39af71aaea23b5c1e987de32,551309317
d69b019e6d54faa1cb044d39,766218137
024e94e72ae88464621539eb,801464310
b980c778ecb2709696265c10,1150763466
8780134f8b40f0fec4d1b661,993199436
107f29b67164ad6861cb7059,1052302259
c8958d280d0cf2d8a0b481f3,638059684
1f8f74ce8831d5532f330925,990724474
7be46b6dd9891ab771fc4be4,611473733
4f4f7d2b14079ddf8754d6ad,696249931
5921ce922675f6517f8f0007,1183746104
49f0323d28ef0610248c87c0,792568915
3ef167ca6c4ac77f6968d17d,673235625
8d2f9968ec8aece8d1a20137,610556564
4bad47078442f3416b2c1ff4,517033926
5e1cc2905f7a701f895123d8,596335691
a8633d3336d097920bc8a9b3,1028680642
72fe83366bf13a53937b7034,1185854621
ce78e1dbbf0f7aee98e244df,808895096
11be39d287e5a8bdbecb5994,766546898
40a561bf79fa7a08155e1183,861144545
3dbafa8cd5225e261ec9b6ef,386104869
68cd88b657b59f5671f59e04,475477229
6a2ce95a8be0654f193592e5,496958279
4e613cde51f9760d3c051562,915592786
1b69d2c7fa8f802c4af1369b,672147340
f126c4b36c00d0ca11c21a2d,590345731
e6a7e6b41e6c6bbdc16e1e14,696988491
5a69ebde2e113923ddbcd18d,845322305
72f0540aab38ebaaf9a389f6,888878990
75b5bb7b5ff8ebcc863fbdcc,994018758
096912698fd9a59d94935478,806162683
f0ad965090221d2349e90d5c,875872292
1c224347a1445ae01184e0a2,1183442662
0ee7273686a0a92fbf48a383,1184056845
e2094d28cacad3e2a711c5ca,399910444
f50e0ea2c3831235704b8c72,605650246
1e64759f297a66524eb07b7e,677211443
7636a187e29abcbd8fad6244,509019461
9b858a70a031475e422e375f,912728927
56c2e8e14f9c6c9a9f046a08,739426659
1bd7b990be19afa5acc78bc0,540481826
8b36b7364e4a4c80a6e50bed,792983199
d348d38769937c8f350297bb,1111458116
f4350916cbddd5a544c6ae46,380226723
237bce11f35d32ff029498a3,605333382
faf92fbca9baf8cce4a00063,518218062
812c9b5407424f956d308b06,1218336010
9fd4adb5c63fba5a11661b23,375326921
168f81689afa1f055d8bf7c8,886753032
2a9bbffb1b98c49d79bae509,1047434041
b95ecad591e5c69fdad8763d,384886674
dc51caa89a74da37ae644ff8,384886674
d97895a836e6ea22ff3265d8,404610747
de754bceba2d206a9cb4f116,386352538
036177aff84b1901e0f18759,549784053
8a6cb559a488d6ce1b641585,685565894
74c4f233c7f385be73168e0f,529165171
27a6f3e8f9649ccce7680f0a,783155936
711045fc099712aae3fe4d14,464091119
01e033f5bd502c4ad398ece7,556604026
a99261116e0158109b3e3bc3,438880676
2d8d64261ba659302da4a481,720165249
9adaadeeaf6a403e1c8754bf,776348310
2ab24b9c5349427998338d21,768952941
09ce36a03c52d6721bc5276b,622896528
80b37d5ebdb325edef39258f,779491091
78a080fc98669c0cd9153904,719809502
2d14ad8ab9573c406e203ed4,768687786
145f33a8350a080231306bd1,775449102
b0aaae3a435fde30c4c02fac,1022408594
b3f5af523b5d6d938693ebfe,995718801
25d62e6b1a1a52cd8080354f,837100535
5a06a8b33611251b62d77e72,1058427720
e93a9b257ecd815c860d0b82,585792546
610f192d22864016cc2df1c9,961087306
4e665d479b3bf2e25cd463a2,814340464
343be18b0f77260f32ec05d2,372750925
33dbec39ef8c0667e4c3f039,839784334
b24fb90a2aa5d9d0c7e1541b,952441247
b56a3a017449fc4ce417009e,471294897
e0dd5e6879d824a95c3c1773,530726670
156a20e2bf9e48b9a360f9c4,477519798
d5583fa23ed97a3b9413e910,679506032
4e6f695bcd4d3c0d8497c1fd,1088284209
da7a511a5f470d99ab2bc4a6,624922553
22a6058ffe790c98a8922258,1069633471
0c19c54de06d1c139df99ab0,1040662205
48e687093fb26d29cda9ad6e,367270133
3ad3c519ced4b63ddbfdb0a1,470358089
0b221ebf810f632568c1e2c9,702146001
7930f32456e796e40fbf78ed,735478192
f084bfc530f4039f6631537b,847735767
f9793063f561dc76c0b49a9d,1100900092
4d2ec23fff8eb502a9d93353,1132296487
a6f570e11883e74654898d75,990916856
cdf11b53a23fcf9b6032cc8d,1128518162
6f968f62a6fa4dc255397bf7,990493420
d692ba46b098c6658799ea8f,463690111
774a4b48d34052a978b1180f,658591746
acea4c7aa1185baaf6d3b60f,615377905
07ce6f95a7719abc9a204b6d,957155561
b371665aece480b8c1602773,1196217332
5edc37d9746cbef8352f0fa4,782275725
26617e1fb3b4f0e4a70e1b0e,830840425
b1a13541b37964b8b85f4669,471253709
94213637892f5fe643cbe8ca,506721704
742acc26686d04596ba60a34,577735636
acb1d16ce30aee0a39f01f09,642319510
e0d837e6d5d74fe91d39d23c,674924928
29028322a6d692edc5ca713f,835743047
03d54a6e80d48c96a7f6a1fa,555324441
8616b310e335f539ab1109dc,717701966
6c21f6a3513869f93b32e9ec,1098918624
10084cfff54a17bcda6f19d3,964356355
169c742419c0d4335d09fb45,917820860
0f06896d7502890175cbc4a0,808770809
7d2e3464d5f2f79ac29e6c0c,631886134
de9053a55630670ee8e59c9d,774084396
8d54b9bd24cd9da341cc942a,831829860
95570bee1792641c7c12e4ef,1169060655
6d0c5546a498fafba15f2e17,372012996
ed43b0ac46067bf886457c01,1328127482
8890eca19a9e1cdc9e0f0541,1082021319
760a5dbccf4eb4ccc2622b77,467619507
20fe2d7fb3910ef786cff965,630920189
602abdc140c40112afc1dc98,398808911
b7f906741cae6861bd5fb922,397836397
4d45fbe5a5d39188b5eccbfe,732206326
08f74ad7f06f2c409903ddf9,718051147
7be186f4eeff5c0efd58e424,576456687
3d1a767dc286fe1cb86ed9f6,814690024
2ec9f5265334241fc594976f,841786411
d737b8b7b39e99f7d877b7ed,727323520
8fc50169e6ec98a3f4229ffd,970227521
942133ad6b84f9d08e1d4e7d,1086656139
c965b03014d21473b27072f8,950299518
f1c8da86597a427e24dcd557,771244524
8ed5e7770d03c43ed19abf42,773827819
68ea36e3f441cb6da8d36198,886761884
c97715bec6032974060480d6,1025320342
e6eb47d050702ed49ef5c49f,1024955274
5a82fa348f3b97e74cdd3a61,1049416998
cd05166ab9bf3128c23fb8c7,900174512
cbe4318f63d73fea6238079b,1090994854
efcc8d268982e95fe2fdb311,1185481392
c45d7f326a2f279760d1a4ae,898010096
7c5ce0e65cb26773edc9ddef,1185079785
357fda0abf79ec95f73e3584,400214967
a1e8f0c7cfbfecfd1549b0b5,490474117
3f208f32cc24d8ce1506ed90,667406688
87ca8a2b3251a38d45730f5c,577055920
728961e03bfa6e3242f06d8a,539421839
b9f9dd0d368df912e6e0ce70,855494199
429b049255a7edf227a980a1,496418055
a6259664a05091ef92129c7c,580963013
674c915c52b27df2c06b8bd3,776752156
f8be64dc83c5923983fbb770,976498536
445fa7f5e8e9d7f12e8991d4,1215168263
0842816a5ef4f24435c8df22,939810823
40558b62d83e4362efe1fe26,388509710
bc474096496b98177e40f590,781909198
2b55989b2253416428ece917,781909198
7158e3a6d456211d4533e246,510717746
d4fac54e137f5d27ce5f457a,753654972
faee80ca0efce20e731823bb,905326383
8ec09555f5a47f96a8683699,942062520
2d7a48a6b9fff20ded24f86d,617503889
514b09016ef85b9ddc4fafb2,766025758
a1c975ab16effc6f97935e16,941675907
e803e3806630c6579f004610,891880448
26526235b34fa5b7349df00a,483825956
ba762cf12cc038e5c43bc6f5,717641058
45aa335dae223bccb31ff7cc,744479293
1dd3d7e197075859c1ff5b23,960219553
2db9b3463f85dfa87347d6e3,998253229
f72cc14d79ce15491a96ddfe,1041640253
4e25bad08182b79f5ba9639b,1163030808
e724a1db86d8d0c6334041b6,616671362
8fa53bd51f5d54be50b3fa29,473174907
fb7048ba61e9e6b1de829bdf,714468063
4bf70f19da0bddec9241d310,479780604
13c7f3592bd432c7cd0a42ab,725807501
cb64b363295d36b9b0fde3cc,799063768
bdc17ea3f30318b11df30508,845950025
cb7f62ac4c1afbb4256601f0,685783694
5d6c275d9d3326e738c875c8,906739023
9865836c04a9582688f50496,482078683
55a615b65a28b64d46ec63e4,577358250
dcc9e2c9c1151bd9f93f44b8,795630051
1a2c0e46bc18bf3224450064,610792634
3de8187003cbf6c4813bee45,476852580
d62663a447beaec69808f85a,417529014
1ae17f134221d5d9ee69ebd9,695847187
35e55d060b1c4239a85c0ebb,428340193
45917f1bac415feac7e41124,431903775
ed44705c17c414af8442b6ae,624250817
6f01f2c67343ebb8ec717a5b,607097319
8f2218126da9580268661c70,1070006710
5b36bc6e78872d2ca6d3d1f9,593394493
c5c7631ddb5b485d0e992f7b,554554948
43c88f1874dc7f91c899df36,983568490
dc544c90e6ee38346a6002bd,656609249
02990998f3621fc5a3d0ee63,517289954
dbab5ea45ae910567c97fbb0,1016957575
bbf80c409ab3a6784028eb6f,368762804
40e56beaf4a7f28f8108b132,368762804
e857db57a89e165eade00770,650291235
41fc4ca2b3f48508d840bbb1,517397461
08c1db1e620e975c4d476b2c,450403068
8a1d93bbc83f4728657317d1,691301209
6be0ddd4180b5eb92908da05,391994222
ff1498465e4db86f4f652e87,534119264
6410d336f6e61c4a81403c61,552494512
169cdb07bd175b4325fd28fb,445870687
546b56fbf616a6dfd1ad9d88,949700655
666af58bb684c2d8e7574e86,743343059
9fe75dbfd537f9ebc6653f18,812927988
ef961c130fa3b9015b103154,1036179821
035ea0f13f2ca01c902d5388,752882706
7800f742ee14c4b4142f8b58,1056842517
0c621256c4d7ca81045fcde2,633324586
50db9d168354ea3d75a03a6f,913930983
7bcd1fe7a140b6eeb4df2aae,1030979332
49a4cebdb22fc2d72bd1aa78,482907168
69ae1f2868fe714ad8e2f114,391781156
ca4f4a66d83f2043a7dca261,348307788
c0ef32a7a294e5891505bf35,348307788
5ad6f4091b77715b7f74587c,908654046
331e915e2a66fb70380282d6,571540065
3a00543fb00cbc044a5b3527,391468136
81df59c6d8be19568d16ea3e,423616985
88a4da0d72977b0c56b31061,657189342
3ff9e75c6de41de517d1c4a4,384565133
147f80fbae69dd577ff19950,696362629
78beee9b7fab8600d420fd27,535597538
c3733b88ebafc0a05f5bdc99,578034864
568509a7aba60f8fe2d0cd5a,644129090
f6d3f7e963c9aa1783b3adab,736176512
ffcf6794a400aba909383b41,902782769
fa0aa00078cc178de0cc7d96,724690728
eec51f949083f39691e37e15,864703551
26f3d5bc3adcd1396747a414,1096653716
cb9e058f82b10cf80990beea,919943029
22a0f3315f7600e5120db131,387175374
bf6845aac15fde9b89a7208b,798826841
6e3cbbbd3f4d0578144cf021,616982284
98a0289e513d5ba036b24252,473163138
597d3f78e2f413acabf825c0,505918180
43a91a731e86b9a0784f717d,674137638
f34ff57e272cd08056e6a243,686562731
6f68b289516faa0b7ef36a34,434291429
8bd8a7e19b6d3b8bcabb84d9,536882823
74b64bd536ebbcd7c30ef8fd,842825844
f968e756cbe6504fa0f32458,852133199
e99d9dcb9880cbfd219b4297,753868410
4c9e6812520f4aea4ce435ae,828663032
78419be95416d2991ade8be1,513224724
d417ff438d2a418b1f9e50b6,493843157
3ac77ed776aa4630c7293240,777353400
95173735a8f6e554f083c065,1110348115
83da39bc1a2eeb75e2825c22,615678737
4bf89c9e50c5417ed669c481,783481380
f90fd39477c8da38e33ba0fb,1006614590
b45bb2d0d137de6984d4e1ec,519341498
bb812343bd6cd66e9cf9a9ba,504388815
e299f614cd8ae525fc8fd0e6,930378642
521e9326a2003c7b56fc4365,864529223
dd59ac4f6706a1399360bd14,768070841
d6c6e7f923ce2cffba8ff9df,717518656
df07a34d0ee2f78f115c45cb,1203463529
db6061f876f890071f7ed957,1038541662
b31601cf48b268f3b4107564,867934594
3a9b2ef74c59e96a6b107357,464888133
d600310e19c926cda14ac923,873140298
183f2cf1a1c7eb9700b6e72a,1185256844
42556b1bae874a5c09777873,1114012663
57c1ed738536d177d66fc52c,1256991855
26cdd114566b7cc63cd96fb8,988343506
0f679cc583a47b30ea132bbb,671101845
32ea7e13e8d9391aa9b7ab9e,397452224
0a482968c7cdf212401d72b7,671593121
85e4ee2583c51592d68ef5d9,327805574
f4ce15aaa352d707b68cf773,527540796
7d383abbb6ac49c6599ffb0c,817898272
6c67b1b0991a1d79251855c3,1129468233
9e52ce2cb6f6b7e2a152dd54,659379048
bdeed3a7395cdb9b175273a6,902089207
423ddbfe2f575e6bcb22e7b8,928416272
3247399a31df838ec5fe58c5,778413888
bd57e5cd29d935cb26006835,838940698
bf00f36c4dbb273d7ba4b7dd,502351276
48b9efef82faf72bcbdf66b2,824551336
d2526a3e39ea01f87c99d073,990365621
651d5cd65f80c4938deb7da4,491649438
0be7803a34b11d89133beaf4,608446256
a54b0b282edbd217e9509287,884724824
550c5061428d09afa0c409f3,1084252437
7538c609fdd115c9dac551f4,827717130
d7e3cdd3ac239a5c318f2e9b,1258957427
9bb193ea939c5308a738fcef,413246397
33425419e1a8e854418c5180,380461753
fedf2e30e390f5cf74b27e97,462764462
024c5c787d005adbe770b9bf,514638164
13f681a090b36edf38a4abd0,461283004
442c6bda79f63bae28674b1e,521213127
47e0c773f65485ab7c78d49f,573291951
9e30b310c820d0426f504d90,510120162
8cdfda9067e0934a8ebe0894,914969680
0a8aaa78f68d43e3b1bf6c51,671951099
1101f533fd18cae5d32c1cbe,626704672
9f6af9ac2404a8d55f24286b,617718566
75060f295e0aba8e1224f766,453956139
f0e68102ff84f49d90fe38f4,452114521
3c45bf3e3e31e7804ac91704,509267783
f908e1de4c4be0d77411a998,787741981
ca643c04044fabc6fc566d12,910267253
8aa76df8fea21a42fb6229ff,603671424
c214d2383936dafbe0652c51,825081121
993898470c6676ce46ede92d,759722351
18f6240cad6e92f9151099c5,720482464
1e63fac2629793fdcb793f1e,753313338
e0137390f0186c98f4e91263,844722216
e35f95823a486c52b0f4c2b6,601783928
ede10672118071a215ae09fc,936410631
fcf46edf6d612ff1f5ed6134,836284781
df4be33c0931aa86231b7a2e,1027333978
53fdb16ec08e794dba9a10ea,951958907
74c24c5e142e5267456b24a7,837466030
f1bc08407f40396c094e0499,1082037737
496ce19c015093e97144d375,598306480
a183a1c009abf7251fd725a1,900961507
6bdd97526b1a9cf10853df1b,829716646
f083a8f187e2227696695ee1,689887597
2621e068043a5019aeed6c8c,642759958
3b43e7acfab46651b099b1ed,1135575873
6565b3281cc2d632febbb6dc,1220511520
09e47ad8508e7cfee83c6d68,926066547
88b02e7b20ce6db956afcdd2,1136936271
bfc41facefe9428865e4c29f,974035781
569bb17b961fbdadf7106d56,1109031475
2314e3ffc7242a429e00207c,726346900
4bc1e2cf5e5ffcbe1020df08,959693613
949c4a5382aff4750b4dff83,1128582569
a63b4a22614d334b4a61ea16,829269770
734fbae84cebd50aaf71c48d,1223412291
f92935374a7ef86314223c5b,1068716609
6cc8e22f11d382206273af23,805611491
701768887155444b77c4f446,406987902
13c86cdff4dd32a9f8b9adcf,853150563
8002e2cd1b70ddcae88ebc4b,1036479517
d0d77497c8a7d567f01d3afe,719389617
95a7b01cd60cd10e7364a600,561235914
d1e38d7cbd32567c874e194b,751656304
e674ba41f9657ac8f30d4f7c,943259880
6bb760d54e5b0f54d9612a8a,890130496
9e3bbcdba89c647e4ce53182,597332366
72927abf4bcd53d6907aeeda,918970945
aebaae467e5f01db3afe69ff,384693829
3ad457c8855ab8921a7974c7,1186332837
1f3d3fbcb686ada1a96e01e4,464334474
0775d831f68b88ca59eb871d,1172745135
5fa3b0993cb43d3c72c30093,830672142
bef19d0084cfc9f6fa37ddd0,777782888
85a856b4d0dfb1fae861f513,672986501
07fa1ad76017843232107517,1184391122
4049086139009c35dfebb3ab,502509223
655120f80a39c19221623311,827531103
71dca93007d6ba45fa40eaad,696776196
9f41ce015f02d67e193c41f5,435625003
9017bd24d173b2fcf564b32b,1185113844
e5ef29d41082025c42f7c921,738563217
5c60d7880850970facc54bb8,790769745
f51fce25d8376d48fbe73a43,465599289
9dc7b0a394309d8b76d0bb7c,872116371
a12ac99bf63b547fd9180a79,402463516
378d846a7af35e0c3efe53a9,950282740
0872198056be7edd5eff220c,943165482
efddad1eec775ce61d3b7b64,919717275
70c19d59c6b9e194b6bc09fe,852425545
b0d3d98076883f346cee8d04,1054883541
c7694e92a97bb66794e62fbc,505586810
7b4fcc72822460a428c19282,701625938
a6baf4631223d9b24de8b590,418691994
a6f616d63d134f14ced205d1,1091478853
50c123baa5783185ddbe29c6,779700015
24756921525595f1684929ba,956646187
caf9c761d21329c993a0bdf3,884076087
193d70ead1ff1043845e7671,1043418249
62ea31859e01c2f4d4e97baa,841951901
272b5b5c28e46c6f5ad95c22,611938834
552ab0964056c1d1d1b7398c,1065553198
23799891583435710f66303a,731448029
34896afec0b639648c527483,949773207
eaf53eeb911ecbae638409e5,433912423
b1fdade0fbf0470060fc2708,464656016
8a20478528e97700dcc84abb,529516488
702525f05b47353c95b0905e,448809893
b84c837c5a1fd0f1ebc5f8a6,561142632
ee2d16316e6f4f2388494c7f,720464789
ea4af07bef4ed93e81ded95c,919205351
1a71d0d3503f9eff28acef6f,1041960917
1fe392004a09aeeaa6e8bce7,580506355
46d4b0cdc81137aa56f516df,1164954902
4d666967b74ccdf5b04e9787,386375397
fcf79745f8cd716d3ff9d27b,630068156
aa8a19a2fd3e2cfeb3b7dbd9,415424330
f055602beb49dd6040641c9a,495098895
7b1377c8d81755bb9b501064,630375426
17d0418e4a439e9de8006f5f,699455131
48f1c6e343a4724ed865533b,811463183
353207faab3dcf10feaac8ee,854263683
ff188e88378c8e2abed8119e,633236236
424b41f5e01ea2e2ccd3ca48,517566546
608cf4f46a188cf84f853c72,417858298
f9e7582dd99d36bfada56249,984212619
d52f04fb69bed41ffb10fce8,891772520
ea84b58f733c8e491db98a52,964529212
68699eb9653684fdd3fc79b0,1023819643
31f52502e89beb1b2e0dc3d3,880231925
fd41747287a480d5c4dcb56d,1189874480
b7afdbc1b57b52e6fb03accf,1140786801
48b270a493af4fa28dab9211,410412010
2a787b39e84958ca6b7001d0,792103826
e439c77c0d871996bf06bf88,784683058
91b8b9db5372a2c3a5c30c58,791227962
038272b33c075765464761e8,576341994
fe8e45caf7605fb91d6bc5f7,829197899
d354a2581dcb183c0cd70540,525093673
9421ce9f204f373a50357fce,524504937
56bd3b61805077405af098a9,841648168
0a606d19ae362a58922b172e,572781130
ededebb1a544fb3246d3e131,611430075
6b6c365359d20be719ce815a,960899850
b8b22c1afac62b05ad389dc5,359928952
3e3717eda8ec9a68c9d83027,432440471
03be8ec62dae56680beb2cf3,807996256
fe6c8cd2e792d62a4c324da5,724201831
f9c133f7a12f2b8c1b2beedc,980012704
4ec47b8100d224499ec608e8,1051010480
143ca16847cc47d4a4c01ac0,737839069
22127243f7ba3a68c3fc33bf,567553894
835eff7679889fcff6795d8a,492697314
4ed3eb724d4e57a7b35ddf5c,897669929
4d743a1250f7d91e2782708e,637803238
9f5cf735a842860e7ac753cf,1050105229
e54a8b735724b2af56c7a36e,494439645
3b39471f854357b7e5d2853f,1044500415
91bd11b5a8e0c0124be78f46,391135055
6121943254877ee48716c4e1,508074136
3f4c2c98a5a6cb78d7d26327,377087518
2b6d63d6b072901effbc8e1e,839971750
7e4b240c601e37977faffeb0,839971750
ac29d71a80307cab65f29ff4,839443119
70c77552b1bb67a2a71c2ee1,1104713884
54a09a85767156b072c808c8,967450984
244210fb4bcc0a04f2cdff95,1028817103
9a2b53c1c7151a8b26a71edc,473819468
918c48a512fd6ff22fdce5d3,778887642
effe4219e6cb56e5ab70ff6b,843980588
936e6d2192f28a2b40939a4d,1093345642
ad9a1b23979f0edd2ee19f38,869216420
8a8e4996e24142eb413c0d12,1221646687
31c69cf4d197f97ac594a896,873716291
143f07eb2a8f0a9e26fc4c56,1224511073
e5fd3cdc6a19653275c7f4a8,858561861
5c7efb015b8ff7f108c99723,741804533
394718d9d069a126e13be804,752619548
56f30ea777f5493139f22384,1178624680
37d5a902f1036cf3d80c275b,625205243
3f418a8bcc7adfa87e0f67dd,734462223
051416c05445860d5b4095e6,414560546
887761f34ce0996bb05ac48a,1071846541
e02fa06a8de8a603e417d5ad,562248577
6f5929e67fb8da068b91096c,1077546765
291479f573955e063f2d8bda,1025792424
e60850405ccec092b8fb5d02,731102678
464864b367e16547fe319229,715971238
4c14547b7e02e75204ca9f4a,658775519
6183257f16bce94113879745,482724425
46c34a4e5987c20eb1f5ff99,451400499
3f39b25dedb96409dc9d1947,1058822749
e7a85e64ee07971696f555f2,824090830
33043b254b9085fc82ee1f7f,375476409
bd2759d469829bb8926dbe09,733817324
affae17b6cc59bdaa30e29c2,914898447
e611d41aaf38a58acaa0bf23,1103651982
0de426088a306321990cf60e,474824978
685982808b30597cc013e2c7,539595721
4cfd1be6a93641b110fcaf67,394428144
68fb3b3cc3e5b13440eb014b,1048220421
532bf5813d7e70958f71a480,1212967633
06ee1d8f3ea326a0e3a9791d,698075426
1862e0c4d8e89fd2302ab376,1256756717
f3dea3d678d959aaf6b2849f,1160391567
2478e48a3c6bedd57c13c72c,700165124
efa36c7738fc14a11cc352eb,528777699
2f6dfe9443645d6629eeccb9,607673601
bc7e867cad6f221dc44754b2,1003472606
e4f2fecf58a038d7b18f7160,1021805108
a7620d5599ec354541c8af13,1121589397
484cde8e47fbf62a339c8219,820488026
5fcd9836a3ea537fe86d457d,614427892
1b288024824312c8b1681bd9,519090825
44e4574527acc86977f5bc41,790476963
8b716bc4d6d833f9bff3e729,517480092
0ab85344c5fe6ccb0edb6313,1064079710
03ad99f1799f2a20c8cc0a50,845541688
6db318f828d464be421eb572,782604361
c3e648317c360c76b94bf541,436432603
19cb65620d2330624252d01c,393745463
dba9fa9642ebc97ccd765db6,475738426
1d2467e5f991b935d676e906,350736556
4091a115125eb4a67f494620,508867373
d197410ebc0e3b9937464923,507145170
722699e593085cdd72102baf,530350117
c059affd0c19f6d4d76f37c2,544558647
855dcebac302ec5760f67121,701804959
f433278518a80c3301f26cfa,716513382
66a45b0aaf5f696d35f5cebb,838049201
0152ffa8757aaaf417e9f997,944439154
55b72f6c7163a9b0b3b0b262,726422446
c8346a875be8391145a2f9aa,397941254
11c86230e62bd2c9ba44131f,1148528993
c4b97a459e2c6d13710fa273,378030129
8bcebf3cdc54d4ec99ba0d88,511537557
ad159116d166e45b70329bd5,478258967
6f060a8ee8d6d15f46289759,653126533
ab5f089f9d2ac1bf52222ec5,655652562
f4fc2da675d6a2583054fc56,534438769
89eed91bf5148b5645408222,714757170
0761d0b7c6e319a75b06d420,530075680
ce84187750fa7aadd141b5fb,853353172
ad77298955813089bce818a2,592875192
3abe8f334f0f20f8006ca5d6,771250807
36445c32822146606f75dfdb,988112651
f9798cc6285c9fb3ed7cb668,707681690
59dd396f70b8458772307895,872229611
83e91710343450cb0812a6e4,976689549
1e7a931100be734988955242,1029463469
bedc5ab20edc896f814c3f06,995789529
f884247fa6414f384480bf38,591660566
f34a38cdec7eb598e55fa41e,894002535
106ad411e13ea21ad68e5f59,990186347
a87c585acf2a147e381005f5,531890304
ad755859e7b6afbc021fcf6d,786611566
8015080cf97316a08453a9fb,971897630
f56d8f5cfaca0691c6ffbe00,685415906
8ad016d414e2d2be053d7612,658809114
8b91a957eca1985938860c28,639914655
20bce83e2b75fc535a148dc8,567005687
5724ecee1b12e888d538c1fe,757844862
1e90d068f3c86c6f691649ff,774538476
0fd954262ee740999c31d407,392566936
a6d7b144058ebc326b9803bb,599987957
a81abab882910584371c7b66,546173639
9e41c4b41cbdc2553d80e362,704021088
b6fcc49ad3656cbd3f4c2ea6,952246743
9a296eb9b63ffbdf2a07cd0d,1055909592
3fbc0746bd620a0baabbd859,620873425
3043d0b025fac4ed90b448e6,545520068
219555efc5b4291791143252,405986506
a00863c7c53b2c059ce22dfb,404331086
28b838c94d10823ceed62e0e,449517761
7e64ab35f5e336d5bd2e1b51,729555309
52f24ab479fad35c8bb5a8f6,631508171
0d1ef14606c58310cae371f2,390266676
a465a567a4f60ac534505bdd,1094698258
8694b149f7c0deadf820f0e4,835072645
16d6b756f5ebcacf221918b8,763555827
7d132190218425df1857b8b8,929648101
7c7a3f51a58dfd1588d7c088,630520296
64d1c45a2968b0fbf0eeacaa,802856624
4fdc382b65441412fef509ad,984488013
04ece9352b3810031f3f9a90,930888161
8b5b351e07a26c25cf51e176,409253303
f923bfcb8cdb543c23bafd52,571219974
a15a12446d2e5993a0a6c423,732032968
ab3e1642655f7e705cb047a9,571219974
b62fc917b3e8ddd64bb81018,453271023
835842cdc8ea0a2206c2b46e,629320132
02ce5bc5d5d286a4cc0928f6,505627216
d8e51f7b40bf1887ac007163,834480299
90f320e94aa429856e37bb35,393201506
967a7676754d6f9aa3e14473,517506313
9251f3dafa0e747b6e78f295,778447065
17b5e8357e17b516d947ebe3,682234825
f943cfd29effc9c048b8e106,786620656
41719542347401b04dfbaa59,636824948
bd6ad9a9ab28aaef9b4955c8,847894363
bbff88040e5b20e874cfad9a,805918409
3d6a9a4f2336a46eb62e6a47,885717928
493367258be5d63dc8db97d1,885717928
67cf2149b4c214da77694088,949340772
8d2e85825e95f6941445cace,932563569
01afa737bcfa6b1ab530eb09,1022345810
25813f7204a2e796170c4836,611326099
3cb1773d90dc240c4ffed5c4,830946611
6c81a0b90366db9f514362b4,823348410
44c8131b88accb3b46b79ba5,617503889
ff185be4fdbe3790c72d00cb,489714654
851f50292e30b0a464c0804d,490318675
6fc2a4f29e3b896bce631ee0,523542986
cabc4fd04b60a66bdbe2cf9a,997773106
61e9c2375626a18bc9920c5d,546852389
396c8060d9767b4debf2a54c,875860715
92ba019bd942fa33ab742924,800959382
ff71037ec8e5a91aad6f0686,673594039
d162a90b37622c1dc6550690,433923848
e1490f0730f8fdc36993027c,668293958
5a066d6bb65d28c2094051f6,535921697
9c7bcf000cb37f48d9f15422,510123654
528a6345df87dd0db33bf822,642673711
579ee47bc31f5408314bca28,591805248
eb61a13df1c8d8d0efc4db3a,526350933
b649d315ff3c97c4e8e9db73,387672760
d8dd26eb78ff22272358e302,1055520924
6ae2221c504027acfb7368e8,516463849
3ce908c9b70f349158f7d04a,936312149
7cf74cbec871e465ec2f6a61,936312149
02e9b077d6cece81387fda35,1104418067
865ed399cc344e0638e45128,1078627845
d9ed55fb72efda67f5144330,825495539
9fdbab0b428f19e7e8dc35b0,957118528
c061b886b7136a1b00c8ea2d,880537478
fd0f6c0b5234ec1f6c7d1fd8,1107961946
9df90c0644948ea5539939eb,885805836
547661e79bf0c62cb8de63d1,571430488
68963f5f3657cb64276e3beb,847556818
cab0a460167bb64c037cf25d,490069427
31977cd5d4c09eff149e74ea,778145248
23264fdd1059460e079e5810,582009607
4769743185eaeb0e4158e0e0,572190573
780c809c52509bb4855a4efc,783726285
f64d4e029592761bee698958,485803983
be364e85b988ef8627ece74e,387668253
c73c38b652e9418f06f89b67,398888828
213032fd36fa1a6342570158,621666774
d519a8de5fdd1a84ca1baac3,654979227
df91a494d5d244f20dab0eb0,326969635
9be92b361ffd3ea2c69be23b,594722108
cad16b2ea432d926d961109a,464888133
56b22bd973f94a4bfaaf6b33,676390527
84114798ccd01ae3dc97cb27,475311932
fe2bf1f402addaf17a213030,653419424
e01c1b69abb6a4c1c69c77d7,817898272
24671f63cd061228ec0b5b9b,465785766
f54c16df774e70d49355cf4c,575207935
5537b994e85c2688fe555d5c,512011171
1e5919cbe4373aa261d672d7,397452224
cc125d0f70d6d0819d6d90ee,582058477
51f94ebbd6d2533862a1fdbf,721036347
fe409f9ea8d18c9d9ba4d02e,390248704
753b47e2a3b9fcdf9d7fd9fa,565770704
6bdb3153f267395eefbf588c,480757947
9bde9f216ecb90814670e87f,653419424
7f5280804c59f56fba3d6201,551194747
ceaf16e097500022498950ff,569080718
aef06b27b0a080b5ee539b6b,415765216
abc668bf93ec7d1951c65cf6,390248704
56822f406646f93fb39d9e60,378930104
2690ba8b22a95cb837cb87b6,422075442
180172e4eee8ba756207b3a8,432789373
c11cd2e00942ffe56db5ae88,659379048
75a287d87aaf6ffe7b6db546,381983603
08f35bfbfe1bd663c40d9e54,545389805
c2bbdb2e5d0191071e6db37b,631043997
b129a508d1d98a1b6dd2f61f,761383029
335626f385c28e8370c207cb,467437052
898ed7299f0c7b8a99e4877b,588329606
a98022fc80dd6ff27de693f9,479250518
a59f1631e721d231eab4d146,1029623885
98c9c866109bedd605ab7dbd,834650818
cc9743189c3671adbb1be49b,761586171
e22b8126863c9ca8fb04df9f,769883605
247715511199c5b680088b56,671101845
6e51ca1a9c2bba9fa0cbe5db,1015672568
ba8d6800443dcf95bf9c1037,831930865
5ec6e033b9dcb454c57050c3,842886038
156ecfd8ca6004281b191db7,1109395086
edc3879a1102740f2f96227a,1039564008
c02ce25a3334860d3bad53e8,785162630
d041129f83f1f13fd7b35e4b,940706425
6946fb4c877f35e9215ef4be,972574623
ff2897a56a0fd08996d19424,724895816
e1b64df8e809ba220c9722aa,819726714
c13263f9c8628bdef086106b,774074193
e2b8d1aba0c583984aab25bd,775348278
3786baf40b31a20f3bf3aa80,773220530
bcf12785c25f6e600eee8fc0,710421008
f85d09bb2ea40bd4b68465da,967607414
1f40dff9a973064aa4737eea,873189820
79beab95c6857412ebbbdedd,881835434
5ed8cd2cf2c6dd5b5241d6ac,1025547163
ca8dacc29a57d39640e3e59c,977412619
723655990d58df33d55009b5,996116870
79a675215fed2e293b27f43d,1041539341
57999ba0ed9089739a1f4de1,834988729
00cea81b78d6007eb405d5b3,625413193
c00facb3e4cbb27c47a621db,1152216334
d1481d9d2bc9d1a3811f2faa,1039168641
26313750bd29b2c59a81b58e,770914768
2bbbe93b615c46483056bfe6,1168120942
0f8fa0a074b743c92f0fc56f,1178658137
b925f9ef733930be26417458,900612316
0183b38955437e8d0128a013,1138550037
1c9f65b631d2f2856bc97079,975480527
c11d82cd360eae99c04009b1,1191422364
4a80ffd8e908a3291a32fb6d,1158081810
1a0134583a5854d5aa9cdb9f,1067009352
5f5346deedcb7cf5dcd1e9be,659928950
f17c8b14e56a76ea84a45fd6,1176363305
b8ff548543842246ad439703,1180922287
53462704cfc47d32492b4847,1052612200
25f925538316d3cdda8218c4,1151385805
ffe653c61bf13df43fa22190,609279865
228d98c82021e2325263c7d2,492390414
f32a7d08d176bf9177dbcab1,480374318
f2c86c1edac4eec6c01ec11d,513292051
06e350e3c733e5a0afb613cb,523350260
e2544529df4efb7e90afcd21,393504831
a639ec3b943cf90cb28bc1b3,561769345
a1320186028a726935bc1cc5,781681250
97337d2f347a50e0ef518516,459417171
8f619dd7fcf5e1a17af301c4,937383630
72569ddc5828fc702b2fc773,1002643498
ec674ba8cd16c2264d270901,1184097808
2b05f001ed1a84425a45d0ac,696928278
0a7758f69ddd8fb27a839661,558567236
e3ec7a8fba3e1ea07a135dfc,475881986
4163b665043ed27d7bf26c00,398220033
69f7b81b70ea61f304ccd36d,886165184
ff61104cbeb37f077c565fd1,530739731
883ee78c03efdb4bdc57796b,535655309
fafaa5dcf66d22bff322c72e,506378500
eaf0f2b00b6994a9ba8c5ed0,508064817
9b1590945c0c7f7b0704d287,754511326
766d34ea891f3af53f1391ba,789518605
b8680f925773229571014e61,793730860
2fcab31c752b699af5e8ce8b,1079292123
96d14697ed6847ee757d113f,671019625
ded79c11c30167a9d8accf77,596286274
ac50dfe70b599ae93ddee4fe,827197474
3fc7a0f9c30978f24d688fb7,757943922
083f05fe52ab15e8d481ad41,949695297
075be16d8d9ed6831d139b2e,663463046
ffce0b151f293cad0a6f770f,1078166191
5997da918101ff14bddf20eb,600031851
e102f1d841d7cdb596d50624,380614145
a2c3da753f0116aa5842d4ec,845672789
43228eaa1230dc0f7f1473df,490601294
4349d6bfd5a518fcb231cb3f,914693664
c6c978051fdc655d21a370ab,661571461
f4cdf3ff86fe70fae3e59f4c,1015299342
ac154aaafe98dae45bf9782e,832865629
01f6c99999c154461765f4c4,1072710268
d7d30819fc6ad6e7e41453c1,847704610
383b3198861942064a63184a,413764727
3a2f110334251e97abe3583f,394708003
9b9db425b698a4931173b5a4,658595753
3b51828a1e891f3a52a4653c,636318110
c94dc49efe0a350bb522a56a,729309219
39e4765ae5c8284e1f3f618b,779865429
04b28e63fbba92daf83865ba,1044909672
b9643a26731cf2a9a243ef33,1222251457
19e03fc1a7ca4b0761eb9ef3,933679142
c0224f0cee5a388014db4f55,1148890367
c4074029fba935dafd82eba8,488802306
0a8d749a2336d8f66a4f19ef,554512635
e84da6ce78339d50a72cd87d,437675546
e9830411c3092327f4e66a99,572063296
17d51fdfe8fd16185bf5feb4,656539399
f07126d58455b20f547c4380,558016522
8fe7db56d501b9c11461f62b,730018693
1ae2058fbe26f384be45df4d,478258967
e74a31e6edd4459d4e215c5a,628547957
c91945dcab0bf200c3ef321e,502802799
933018604a8d5a9020aac221,750210248
876ebdaa0bc953890e323843,675469323
4fd907c202de4f06cade3b3b,930984543
e40f616637f6187024b34086,915489095
f9038f7e24e0a29bd9f3e24d,958237193
b27fc4e7f6042d70a7651038,900201106
e68b18b57fbc5fd6cbb477e1,766600604
326a82671272d893ce699476,676353449
d2655e69f5dbd09ddb9268e7,967172755
440cd2efd45c019c7151902d,1038323779
e5099db945e4f04aa3f0bfeb,985972237
3477d85a434f66df58fbc094,862073534
56991f74ed430ed942b2d6d6,989290645
7ac1b85bd87929705b7a86ca,763111221
0e1fbbe248919eb71e53ea75,583639739
75c16273d3a593752446c27b,731735499
7e74469fe0b030254756296d,890111877
35fca2d53ed17ea7637c528a,798765513
963cc728f3bc207a7ad74ec4,828633365
fa9dec2129f7218b4c4d4b35,819993807
1d0a6bf40e609fc74a319310,611036788
b9551c416341fb167049d4ce,1043818359
89131a0af2db172538723b08,602600458
3e66557e876a876c259c40a0,514941527
078144699729ee0c46f36123,829977203
fd15189b99da46b098a949e6,935997317
d69209d7a26bd306bde5a37d,835726811
89690c80b7adcb8a8afe531a,591535089
0e0d19168609ac1d75253edc,527507399
6cd0aca2bc40d83473a39885,632526084
6ea0d50e822913d0f444d89e,659589609
39579c195f288da8d77f5ce9,1003224290
bc54f5dc4e9ce267ea592813,640578669
1d43fd3f7fb4e24a0b7c9ec3,900769237
2566d8588566312ffa4fde42,1115503234
8d27746cd9d2532fe9cfc408,413480495
95b822f76b4d3d6ceb0c5077,684950436
eba86391ca00fb217ed1f774,689451491
b9a0575867a59dc5dcbb9cce,582019191
0845e73ae95dbd4aec3f1f43,500334912
419a2f823e87ab67b1311bee,1100669221
552217c633d2562cdcaa81bb,805993866
4fd7984773d2872e51574ffd,715685471
a87ed2154a2351cf26f0027d,863606594
a2522c9d3edb7e7a23a42b74,1012935923
357e58ef96c53f39e267b80c,1105684902
cf0ca58262feb1f8b0dc7b68,759875002
1cb79aba890b35f9d2a400f6,1202628158
d5c79ef12f43e2bc19e22fdc,718251924
776e1192349cb7cf1579056a,812884494
7de63633c7666484bd098e2b,556812579
ca1b1c17572f776fc1059691,606871355
53e94de217ec45ad576fd83b,734531059
ed5c3d2952d2575b1bb757ee,751541021
bdfa334bc331e3e547f7568f,949695297
9c6a01e3c7ef87d27185e9f3,1061805649
05d9818d3f9f2a5c358d3911,972965746
f6c990e406b3756ee39b3b30,582213290
19ace6cdfbd8bed6e99c86d9,439125439
6a04f8684e083eb6319b5272,472624024
179bf83034539c8a391e0310,677616922
a42081eac6834da0560ea4ef,936512301
784fa9e78f7cfeca4133e8ed,954633535
978edd828fc71300e6723e06,1314148111
61d6969334fc63611c810e2b,867103009
4d592a67596afbca92d26bcb,949127816
50f8068603edac10c87411ec,534607144
9965f598c5b95b3cfaac50ad,872691247
66cf83769d16a4d659edba6d,671217332
9c2c2b01934d1d519e651786,596911708
2b4913f28d07628bf2d3ed92,1044061171
9baf7967c49fa209de8dda95,777013724
7a0f887a9426270ff3c24e36,848920368
c1034173dda31d20c4efbed1,646220527
c4a3d64de5e401a86395a919,594564108
c4cef41167a5e8354a61feb4,908176233
f52226b24ca3d5b04b7cfcde,1003760440
36d5003f0b5ec7f80e89262d,940129342
641600a4cbb13b35dc7913e8,1095484916
c31c4bd09d8cfba562ed2b41,1070090704
0df96c81adcd6fbc2f7141c3,705745607
4499adb2aa3aee94d1f1a1b3,1176579490
4ec06163d39f96baebe11bd3,606177650
692cc1c9949d35ae11412fd6,696269241
f1da5388b772159ec90c3210,923628234
e7ae63f81f8fad37bb9c1b32,935899424
d39797a12d9a4aaf15ac11e6,701121915
efc5412fb02ba9d8f604e493,520013984
bee2e008ee41f8a711fb8d29,554531132
80279a7533c44bbae477ea4b,868708046
edc43e57b2905405a13f8f3f,365082875
751795587d1396e0daa25783,491545371
6d90801ea8cbc12f9e2131a3,498018616
71fe067a5ae994180f530686,498018616
2e99240e23b0542f1cc75026,506228605
fd6112c82d5808311b08e29f,543008220
0ac639a7c5ec115b3df8111b,611793081
af0cfebd54f32b9b92c5fdf3,498018616
b0015b31facc48a49f1313ef,399116796
2347f69ec1ce4a3fb6989eb7,552361881
209bf65e11bd7053d9658824,759540350
41877a677d1856bf609515fe,769565639
cf60297d9d9bf1268f35ad95,961015774
a33800eaaf178e01558ee926,835936167
69e663ffb4935aecb875854c,861443991
595415e95e075b70c39d5c5d,775268569
719679261d84d6b93035143d,957505320
9f149071cf61295815e3f875,965286931
3d24d985b95a3e200a734bc2,1159298438
bbe705b86c6ed4da775b68f0,369047053
e1d875468eea7b2eecbb49c7,696988491
0802b7e10706252dab8db909,672147340
2f412384597554f3dab07985,915592786
da8b5c8a320821ab8ca00a80,808895096
0f10d20cff5664f9564bc88f,1183442662
ab8699d3c685fa834d7ccb3f,888878990
85956152686438c48c52e018,918040000
ed9c4f4e06183b15b877f077,725344084
12e32a758e15fbeefa255207,934992216
22cfdfbff44541dba9091753,1054847164
314a1e163d0b77b0f384da29,393592336
23959a0f6e27c8c2b4a7f436,690718920
6ab5a87a537d2ce326c867c1,680395410
d9ebae84cb53d29bbd8a466e,382939406
9511afb73b656135daaceb43,991414680
9231ec89e58a3daf459c5b43,1281304557
8d97cda83fc7353a86c9393a,1060909803
3b380c563ed2505b7630feaa,1044466851
6e5ca223128fa2de422b4009,568107954
ee30ab004ac5270daf59758e,703584001
d6fee4f680569a54f4267215,837445049
db3b84e5b3a9097392a57319,847761055
cef379fa831f936cad745dbc,605800352
4db8d32011163bc4fe01d02e,535885835
f842221d74340270e757fd41,800242803
f6173e36f95ad05b8e94321b,844361788
5960f14f2a81075fa66568f8,542247829
cdeba97450c735185e486eab,864537916
f9a802cbc802d49a087cf23e,1094834728
6a9ef848f22fecb9569098c2,795843864
f3986309e4fc4cde2b5feed9,970621399
6c3435048735371c36dd3892,901159664
f019dfbfa7fbbddec988fb25,897239385
4526cb4a2b8238dcc4e496e3,1033440469
95561bd325f60967cb6653dc,748370161
9f3e09a3461bce2fee7e1c40,1161043071
1034b1af0331daddad70f3a5,486753338
3ee9cfee7b0acd482672ed47,779225753
adb51a572f3198367e3760ef,728723470
5c802e198dc0906016741026,489358693
671603ba1f755be5d7219a01,380411218
001d77bfb387bdf0b53e9e83,749949822
fd9fda1abfcdd1066a177e14,514404227
e1e78f3432ea2dff6b69c6c0,506169729
378e6374da00b72bcd7920df,924881945
54ec4fd8f49c897c644ce83a,854004825
a67ef3a182aa268bc4d9ea14,915028028
8100a4b0288d5d9d9dc86d2f,425786910
699ac8957d9b4eb7fcfbcc40,706671894
7b35a3e9f3e67fa1974f5c25,875940201
6e5383a7f9a68147c2788565,1111337099
fca1c40a338288036b1eb25c,1027728025
237da4784755f090c89f07be,581215547
21a7c5d6ea818dfb25077e13,645382791
0cf7dd52e117832b4698b310,712257079
677c8056695a5a539dcfa3d0,800853146
e4b85269ca413066323f66e0,924070097
9019f1dd02ede61479b62406,969447129
958f3e102c6ecf5f6386a004,577305351
b05c741bc5013a7a6abd31d6,577305351
2c58f2cbd00035febac060e1,787027364
89d36acc5f617a6a97e02f23,559942993
2fba6801eb9a7bce7ed2c081,677256247
45ccde79aee811756030903d,844587027
5bdb5174517b8faa23df9587,1150660708
36a11817b32bc24eda6ec8eb,464334474
f1319a9332946bd68db250c2,540116235
39f70d6b68b22668a0631f37,736710787
3958d0cb732f3d623764be54,552356394
f67028acda5ecaa4c8781ba6,787162304
76f50ce5f30cb96d48a69357,432440471
9e5efd4741a57b9af54e9265,764576890
8c45ac143f5cc43e9249c17b,504141625
2a66eb4d2a205bc4474c0afa,745242192
85cf1ee98e1a85ff4619e27c,782251623
84c2ab0573d3cbffa0be90f4,693091120
48976c41de22ddaea3f8c296,572867522
001c03f6103d35389825b62e,668508161
ceab390b6906d5cbe65fc402,635441513
79f989fd66108a2c38a9764e,767080161
cc385eff95aa00310eb22111,761106794
ed764bed1d05cb1e9a4e67f8,939782621
857c5dae475eadef41c25603,1101381303
7148b0d9e2e1e92d41633230,968657484
7f3e02524981fc7e40eccfdc,394641845
ccc625df8f51248e3dc93214,375312460
b38776cf09ec8e90fceeec84,486624212
48ebc3d79e01061c926066ba,381678001
9580bf8358095abb15a10c36,367871620
d26d35e33a0cf88f735a9322,499551742
b4c2a0a1a63d35a9a08a6e15,821123991
1bf1913f806bd4b461233551,405175652
34d1394dbb483e55d1cc2da5,412421180
7bef2da7f3c160e94fe91ead,461038543
528014ff6b7cdbfc174f4fcb,970286924
bf1dae54bab00fcd3e8c9ce2,630274752
f270dfd9ef449a02b6d7ae2e,651077572
31d6f089626c4fd08536fac0,532862260
259f4f7fd5d851be70d63633,430387892
6b74ef5c8ab1df614bfba866,769540480
7ee7fba3a30e0e7c2ed3043c,609811654
b24bd44eefc3ccf053939dfd,613925824
0545fc14aece3f37864ced2d,717983561
e07eb36210e90ef0419fa0d0,913638883
3991b04509fa61b36a8f7d2a,811221736
387af5fb4b4a7f5c3fdcce57,661687854
6852e8bbadc1a9f4fbcd695d,771172904
8c3373f9c0372b87ef021512,1097875073
6123a0dd128e45216f832e3d,860283126
0913364c688d7375d0f7af5d,326419021
8831ae77efac99a6c58ce05d,828985949
b6283a5714e0b977110318ea,481009425
d2d8f5356f77507f8839280c,1029341748
f36bb15462fb29f80b127458,1102287539
7abf9cd6b26e2e2bb6d91e5c,1036543815
1a5f6f7e8b7af9d48644f1e0,794088063
8e2a5f8431996ae0db65d0be,746675325
29535d858fa3a11792697820,1022296139
8e4df02eee6cab9bd1011987,633107641
5a4039f0ca12767138ae585f,543531563
d84248b3ce8ff6f5fa480a83,521035490
5838e86b74020a5bead56161,428034360
02091877f01c926c350b013b,593494290
df298574e35dda90fb568023,426517159
d8b83253855448caa81f7780,570200017
1163ab2c0bc8c998e121b922,379379541
14f9ab54432e5f54a50be4a5,406627762
f4e0fa1172c1d4b70b6c4d73,411451855
4345863fe83682f6091d8a77,528816156
6c5bbbfa3a1515e5cdec9ae1,800767826
742da63af109164c21dd57af,730901143
fdc28a68bf8a5bc86288b4c7,726300377
0f4b077de4ba5f5db6fb0065,728035032
320ff6c0320674fd278f6fc7,722749491
6acf9cef08906fe569c38572,1024649539
853febf898a1dba351d6f917,592055487
8ae41ff6a828f175a9f628b2,793133711
56ae6108c1b53c649da2f6ba,697136151
aa990d4e5f1a0fc4f0bb29aa,896677278
cb8b826e929f4f8a8e3687bd,636540805
b85a7389bab2e651f05369da,505867338
1fe929afafa91bee53df4e86,663540863
02e89c055b7692dab024defc,633779860
66bc6e56bcac9bfc4a7341d8,758396535
63cee15dc4a6808616a2c2e6,645973791
9a889078a0225c013570609f,418635795
3548fa5ad26ba2ea999380a0,710109339
d9d8aeafa748f8f1ff2fca22,984076601
9e2c21d635fc25f7790cafa9,392403721
f99adfe85d32b0a66f4d483a,760575128
eb64fd330053a41ce5be4a7e,359833989
ea8d704272b2cd066a7e7867,1011602993
e7c92ef9784a92c8b7fca693,1116421900
a9b83e18ae78d307d1b39b15,750231440
ab8d6823d905f1f0ccf4a75c,1059578572
8447ca83d928dc34c2e7f9fa,450142755
5bd24b842a67601630036d0c,869167749
38d5b9319bc16bae99fe73b9,703089099
e1558509b120809eface5b87,825754484
4b8d7217da1b1f225f254914,922436100
09e0c3a1b90d46c361007323,809252269
d090a9e520ef74848bb060a6,801519122
07284e4caec09fbbb16adf2f,1009287498
f8bb20be599b79cbe29f36cb,950183558
07dd30f04c5953f325df9aad,778554782
622872d345b4b0d9c1b9302f,796415118
fc9151dd6f8850502c747bab,720016564
0fdd03a2dfb18e323d96f468,1013262794
ad7cfe29b56c915dd016897c,664225429
f40a182d82c489f55c64ab7b,940131676
fb06aae0e711d628b16eb910,861401095
7dabee85f750266dce02399e,906725382
ebcab2f8506c64a461591d1c,782895499
340f96c7de105aec5b7a28b9,839676249
be1c6023731fb633c4f41f96,381462479
d6b051fbaa13e3d92a798521,928715450
bd04c8b6b5e381cd5f881379,476733992
2ca47f5c36ea5d1cf00dbd2f,491945723
3f2c18ea5d8e9a25adca4c42,1024448973
5bd59dbebb0d6fa71efa4c66,797258225
bdac2f1c4b306a7742f60ab9,882743698
a0e26a9d56cfb3b7228e5d75,698932168
933740e21e9b61721b2c6053,1056283928
a3b9c1a3b81f17e6b22b6152,838319178
445e241d8bfaceb149609d6a,523984554
937f0b37f566f65a1871615d,623057042
9a76a405640f670c6355630a,651682931
7a0f351e8562fb7aafe6e714,544168121
4c5b79f3656501fce2e2178d,970055240
201053b106a0b89a0a47e2cc,642864206
724a5f9542f86cc43334d3e6,496083380
afaadd87a196e04b934e0b1a,406944693
a46cfad2458ac7ca4134818c,519069247
f640eb21bdbb9369acc4e863,468087947
8b3350aaa66b9fa1c682c15d,718249853
1340b0805cb34eb9a982190f,551309317
055d5ab6b22d4d0ac325fe73,631186281
faed63c1287896e97987c4c9,882180586
a094be8af52cf76977fa5083,857475878
feb3384733ed8feeedf9ce8b,857475878
eec4d59429b1d1bb75b4d686,580415716
3e9754a961d2cf348c9ff7af,719753973
8f8a92abd28c8990534e847d,796464115
256491790d0a2d5e1ebdc2e2,413795888
ede7995bc4e7e672fda4fa5a,1027842468
9e8a11484838eed1f4673a32,712695022
8aad5795547ade3c804c0ef0,771976199
4ec4683fcf928d9fb33eb7b9,730964371
ee18825bcf4065d29287b54e,1214962726
485cd615660dda11586f797c,761579859
8b450ea6c21fe0b5157529a4,707575625
0d45e78397d4bc0d363be47e,662878428
bfa4cb65827c4ebb91478e53,921682805
deb2c93acfaf6994bb3c0608,825178576
571e1a8c252cd67ee0475974,978201099
04e337d3c692f3429d47aef4,752441428
cd2913f013727119158b98c0,1229410424
ba63594585c484bbd20ed3a1,712837530
beb7b99cf12926d8714d1c5d,722455913
0fbc9e52ccf1b7ea8136cbbe,1092316266
f36031f3a3f77a3fcad337aa,713400920
7738f18d533d0f0379e3a06d,1024486561
20c3cc21b44eb37d0b359c1a,1136507519
78257e76c16db549022fbf2c,993199436
4baceaad0b0081bdaa37473c,1017923106
6bbf67d88846e94a63014eee,1186383424
edb259013ceb62ad9b23eee3,1097004111
ecfe155a407ad2c2f74522e8,856343836
6906a20be4962df7725dda7c,1101507456
5d86b884df3627d93f206952,1129419037
cac3eb4606346268cea48e32,1151101471
e7439820086f8d1cb13d7c9b,712659269
b940561f2d48444e139eaf71,549849069
4433060d0fa95ae1382f2de1,470348540
27dd503d4fbf4d5f5d850d4d,678261213
42a73bad238f2d3f5e376044,498638984
2b53b13cd912f353cf9c4757,716518382
4cb59b46927df31150830d5e,518216834
2f3d01cbf0ee0b985386418d,574900569
d12e6de49fcca906c3586994,379290875
8f541a839df1ae79d563427f,465559789
ae5ff2b5eb4f9ac44fef666c,441253751
ca77a424800783bb9c5c0450,815640585
c0ec1e7ae2c6c3c2f2ae34b8,817123583
2372f7c0499de8aa2e5ffa06,607722278
46de3fbec5bc6c0e256e7751,767007269
4d8b338266822739bc9c8fc9,929262125
86d46a3fd9d7bbcac3319829,761190480
b13fce1462ed87e57ddec917,926149516
625caf4f4f56f3f6bfd3f786,364006201
2214e2c62cf8d2d14f11d47c,600886130
cee8fedd5685633435d77a06,984794858
061386497cc2dede3ea70b1e,533939120
3ce50f34a7974ec17178a79f,630856393
855ce1721230ba103fc0ae84,374837781
ff3b85eb538fb9a7dd03f459,372406693
111bf82100a6fab0c9ded743,899181978
8877941794810464749ba5d5,784683058
1122a042822658cb504dc147,899181978
d7d924ec35768a3e6bd39b20,570362563
27cf45528b4266162f7c9029,725110085
916f946082d03023ffad6f2a,697096441
68181ef118970fdb1d83f030,940092019
2f0bbbbb466fae3fe5c4f614,538293869
17c8b228fa2591e3a234d55c,601718328
e5d9afdaf318dbe749bf9950,716765079
ce2cce355f493a75ab59b242,534978689
b6825cfa2fde9b42fcf04c59,572456214
6fb3e33e16eb81331d389ad7,392799110
e29d9a401a246c00f5eb2413,613719913
fdf103976a39cc12f5effaa2,613719913
d1526bc5e5446680841a9cd7,1129908848
a96cb9d988f5dc99bf5df4ea,1129908848
760125efabf13246774a9f16,869601088
229607e2faf76efeeadcdfce,523405490
f14b11d270282b317d9cbadc,716074111
8a41638edfc5183469b6c43f,520565896
ba249dc7eae0609f20ccf234,678931042
0dfc7d77d3dca86a221fe62b,1191716533
ed7f61ea4c9095bd4aca258a,619177634
d2ce77db7cade7f2c6189002,481009425
9d18c354e8939c9f18598f22,502256353
b95689add02915dab555d9f7,920340077
1c35d9468cdc55670d48db84,1030914478
caa4aecacff2beded2e76beb,528181586
017487de3455d9f642a7fadc,692124365
8ed9c13717d2bb274a81e460,996111341
c2eeb1cf0549df1359ef4dcb,402113949
3a413637f3108ddf7bd53bcc,451531393
145a241c80430b1e4ddebcfe,563454974
c954618c48b70cb00efb49fe,583752598
fda6cee77fbfbce6ec0eabdd,736445943
b92c9c464e23f8b987290769,474527057
d81b170177769c0121b8935a,1053943185
7a832790d068e1e85182b5a5,535287441
462ced9cfb28550c160e5664,1185854621
edd9a278b86b1c56e237a0f3,497144392
fe9b6a82fcc3266ddcb3e36b,1028680642
fa74fbeb90bdaf8eb26f8329,806162683
a70b6661eda6ef616e19dded,398814529
cbcf4d76223673724b0f9811,673416051
ba16ae6ca55dc3c0d5480944,793662433
3c840c206546c20b3e53d4fa,610344346
c61076b24927a46ef506322c,841600201
2e797c8302fb7ada13ef2d4c,886319291
3c9e3b97db788dcd10acf0e1,589765530
28db5acb7b224d44e3d7ce80,714004696
c7aad87d39537083a5620757,721825109
099721566fdd0a32546fedbd,901412607
bc67f29c8679adf31353bec6,763529732
eb40a304997a6e66c550b704,933692233
3882da646752a82db088c614,694013604
68c319925551b9484778bb65,931127061
711b570ff195fb77229deb35,1156218983
e7a2e8e1c22a52f78ffd1b19,1226150808
814d93fc94b4de6d3a860bcb,406209066
817da44fa842fe304b93c199,373177534
5cb29f5aaad14b6c33813580,406944693
8a1105028a1a1b83c5080abb,393770640
82b69c38d041325a4bb2fbce,364160863
a57d01ed5a9641ad64f7f032,551309317
90186e67d802be6d12eb3696,618278443
f781bb1ed340e08b23258ceb,409393570
db05818b6de8d77c1c3fd053,465824079
f4ed8924f5d1a3e6374715aa,527903493
d792d1eec60822752c8d52f1,692532898
47a3c63f65a9794384c655dc,631186281
ebacf31727972e81d0a0d904,590341220
a759e4c03e49c419c8f0cd2d,611001270
0648a4bd7ca088f4b3834401,818060134
b25734bf3ca94e775f467e85,691988095
65a8795e7a5b88acd7a469c4,576922035
b799aa1dd2de813ccad401e8,617475706
c01440b8ff0d80e7bbad715c,640554917
a20cd5193779526b43612ebe,623882886
0cddda1c211fcdce819d5f8f,966054665
69bcce6b58fc3702580d3234,944496182
ac7c0c806b57e4942d9ead3e,800644562
aa9e131fe4e7982a374bbb84,785064766
290725d6b15062397597b954,792593826
5f0fa37b7c5cf77e0508abd2,975915851
c76f482d2a8f8db5eb79ae89,968421925
f651cc17b051c962e4124795,890932004
250d84aac8add089061d3204,1087176619
d3f9cf66c1c05f55325b894a,1097004111
7198cf5aae5d0d5ba2e43b96,993199436
766c7906cf0493736436fdea,1186383424
78f670c0d7a26c0323281ffa,788413733
ec0eb8d68807f52b681f138e,1088501014
446138cfd3749c0b6715b0c3,1044822502
64b4837e4550ce39f2f85342,863243908
1103c663f6b5ed0309a767b2,481036433
b9a573a3f2cedd87c7dc6477,563791889
de54862f5b7b8ff345c6b297,462453218
16b3311b337c0cb9312ddba1,551309317
a1c2003dfcdce97d21f9cd15,631186281
262688a95a32f10fa070a887,437044172
8e374b19fb87640c56243088,763385145
4032d6a6a13399797a794ab7,792465790
99f1712af0fe96f67d11037b,497898774
bcc584e6a08822158e2a1454,547307139
ad14f4403926de76de2604c6,328134297
01f855427cbe3eb51b38288f,659662919
4673ef4fa28aabb0fe61043b,397474240
f4cf541f02d99ea1851b9f12,522377967
bfe19954cd4680149c682587,626451178
fed8f3bf4a2d7a426901706c,565537104
480aa7fe286f4aa31f56d4b9,766902559
1e9850a50070dd51861a5e63,729027474
e26dcf5836f5bb53553cc413,786555731
c7ac975025713f368bdb0af8,901616624
73fd5bc0aee47d89a160f5d1,648263176
5bb9dac6e0e9409e89aa6cee,952153143
9b15aa6c85804621f5c42566,993199436
199fe72cad28e4554e359ff1,1017923106
b28ba88f3665a2f26c2f8e47,1097004111
453ef603a66a34f17ae22227,975475734
d8f4955ed4fc363d6d9ea897,737761058
f2eca7e3226f625807f7d6be,1118856515
361ccd7f37ada9c07ffcf71c,715818542
e7d1ee027da436cbaa122f48,890099480
554ec896fe4f9d8f2e8eabe0,1136458529
ba79c72aa8bbb0517c899b59,1078656011
69dd957e78fcdd4d8e874acb,548268688
df91a3c7f364df5e6831f2de,559903984
77866048ba7b69532d0a18cc,1069022084
a792bde8819aebc5b2d73a6a,957594559
6293e4a72b5c84782bcdbf78,1000681015
bcee01a5d6a36f48d99a5e4b,706829735
c58b56f1202d1cdffdda3021,705423569
ed3275b560f020baeb9ce3c0,570332903
2a872557ba401f4c95e0ad2e,733768564
6b8c1c7c855656b0e56f0bb6,840557224
d6297cc548b16bff11eea51a,936410631
dadce7c7a446a6a177821b73,853209814
f5d9d8082e7652e97973e0e4,915829801
2ef9126614eeef828f797e66,941513340
c70439fc435337f1e8fd2f5e,806645627
79631cac54b1e71c1022da12,1211564246
6fca3b70ba2c68d9e0d2540f,468052618
5b29d453bd368190e0e356c2,646946526
25995099875f0ee622ebc31d,899624605
34bd7be0761ab3d43da7a81c,548843607
b8e15d182ac0c74fba332b8b,592772724
901e3b835718ccae27c8831b,629651752
e1c7a101e5d518583f9a2a7b,979117929
02f6ffcfcdd3dbba94dd7b33,993038217
2162e09e137eb5f4a1f32b16,506536868
5eb815f9023e6eb97786233f,1149333067
d2ab14487e0ecf640a785277,801952552
437167a9db41b677da7d5a7d,570332018
c3f889c41c1effea85bcc706,478963284
155da5ad9ad19d57a7632cd0,700584243
43d1fb0646562c3f1dd6fefa,750915954
8eb66c4b057dd4b07b5fbca5,557511878
f9718594fa52500c16e3cd71,855010876
d9c46d54ba6df0d21ed4ca49,740811858
d3f688e0deaff6648f2925b6,414953474
093a92c6846c924f88ba8750,909516963
9b1223cd8c9d7b348d6a5c94,1244597900
8209afd76e36d8b5c4f7a991,387479663
29fd909e7cef62de53430e1a,530098133
76df3d616d8bc1de789bd83b,477998767
8aa5d44a72b2a6851d14ef86,1072490040
eb4e1b72abce1d184dd4d5e4,942645382
2ba24fd47c2ef8520bccf6eb,507090258
1c9e38cd216595b33e283134,1104136044
2fc150cf6ea4141106bb8ac4,420820447
8dd46fd8ff592358e4c3e7e5,418721147
d5e001b2f1dad3962cfff9aa,611004610
6e73e42a0d2ef8d6e403112b,395689812
2537dfc786054c61eb3a80b5,644367457
19c77db46d23e0c07a06a8b2,617245617
e6424086fe1cf2a2931f4847,644367457
66526276a7e8da597683e8c9,841725096
cedd20027ebbf47baaa0dbff,841725096
ac7c323295addefb43c62acc,703214483
a8e74eb5eb523143cb291cea,991160359
ad393e9070779969b496fa72,779592398
64d9dff81c79a16579cef2f4,984757191
ea91281d5eaf6b8f436d47f6,984757191
06e59cc783be86bd145a56c6,864462674
7458171e4db497a4cc1365fb,865734544
12d73fb8f4ca87b19ca46231,703214483
5e935d4a03c6abc86ac5adfa,734988309
2754b4e12a7604efe8e03f5b,1147295983
9ea7a0d65493cb5487ed2084,526406716
7845cf57552577b059dd13ae,379274141
6e710984bbf2662a9cc7bc4c,396536378
47720fb9e2586dced75db114,468834545
cbd48f3342e63a84173a8dfd,326851209
cb83c138aefeadb184d2c7e0,570478774
397d4e490eb2db8a1b18051b,494631329
4f65732875c007d3c1102140,438248290
1f8ad363a0539a6f2455c3fc,406800369
9535ab027f9f2a9a8fdc21fd,465660423
248993a27da888a6e3ffefe4,549784053
cd07b4553b6d3863a9e444e8,983354771
f53fe605b0a2857cf3facf73,670100518
ae48e30b60ec254bf0dc89ac,728995885
2a0e902f3c07cc9696000177,666101208
d57535248bb34f65ae678a39,617145332
9949cbc958bbc0114404960a,744844622
841c57617a075690ce412083,525506617
9fc4385ea76cabf741d38789,517654356
0367da7dc5374f1957a1b7f6,907733113
7703f868650a8252e954e457,789054520
4cb9319ff5adaa62386b713b,735589662
dbb30f9d010677de2aee1b71,734985835
0b54c51a787fe58bdf677658,897916615
5234aeb6d817b8ad876e50fe,609241789
77359d0d34ba4c9d825e46ed,530656770
b84795015be5077f942f5170,509431581
75f5290d61164d42b39d9d51,464091119
b46d50c84edaa7feba938671,735589662
be8c05b72ee7867fdcb05455,1004973738
356712646865d98127b92a57,673235625
ab765acf8b87daf1673b3a97,570177808
3a2cacbd3b4f9a23514b1433,893835828
3c6d485d7b01ddd6147746c2,596171248
054cd21c3b12f165bd520313,783136731
e114160e3ffe6a703eb42440,522894263
a38b2d75349c56ce04f02a94,776348310
71fdd2b1214b9371ef149c1c,910277494
10970057efd092c98037498d,687256137
7543d0e85e6328ebc8283d75,448964364
db1cfd89dad114c11ab2d409,991010059
760f24a443eb01721c6ffea3,1125796643
a1508f30ba87423e7393b4fd,1192582050
5814dc311aa87b24e26aceb3,803270631
f26c2bb4d5787541e9c36463,1137399309
cf07a5af6ee98d735bde14bd,1007506942
8b716c3dca89b7caa7db1aad,648444143
df89e7dea6c313b0cc262249,434830536
3e2c1d2cba8755ffad9cff27,869152342
6771a8c70428fec0f21d51a1,802432978
d8171d498291341094daaa39,1054883541
3d43dd23536f843c2c5bd268,1131554867
785dea91d94ab384bbd6ce3e,819291367
6c316d2bb84fff36bb01f14c,1155903112
08ba99aa6a8ee752209de6ae,616696176
d177236e8c725d4405025916,875983077
9a6b537a7319b3446977919d,1192877768
e2e7b03feffb21bad63eca2d,766951738
f2fa898e1bcccbdb92dd91e9,775740565
2c340ee014e39ad0fd1309d8,968611188
7ee83e5d70855ed21455b6d5,1056999876
fdd4b5fcf9ebadf96545038c,901076856
512b4ad817c387bed877b7d1,1260831680
3ba644c7be754c21e3cc48ee,766072652
cb38dc837baf3e0531c6c115,709840511
5e931fda1e62fe41ff0f2ba2,676140044
0ce9a7d4b0682dbbca68e070,599771644
8d114cef336100a8d8c81ce1,765826631
ebc3a6574ebc530ef715ea7e,943062941
4c2b14bfeacd87b878cbcc92,632859651
577b17cb350bd2a646725b6d,995718801
0dbe463995c605bcdffb133b,474876537
88f3f39ea06fb882c69bbd10,485631382
e54567ced41a40938b85485b,659051467
cb6d29f005078d4d4efc2d04,854509083
1d0919344e52b315441aeafb,639118922
62c39ad30e9a26d8cf3593b4,1029001956
a02bf67aecbac445a12da958,1186956705
06baade01a74972cc4a419ec,721520855
3943b64f9550a575f15d6d29,1034202375
b62d64605362afc574ea5b0b,1306741682
0ef45eb4356e2f0331ad2457,922667329
6700ad4d4d7f70def59a5d59,676028663
19ad2fa7e170c67870ee58f7,1137288855
919c1e281329379c4d130416,1196296656
8a451ef547efb90a8fcfa6c8,944798411
5c208e5c37aad07602f7cd7f,424294747
164fb89266e40a2530400599,414953474
5fc0f0c4fa019b6f1b2a016d,513851649
3b16ff50ec7fa717efbd62ab,797230366
30e6d4e1c53e9e81ff66df43,687256137
cdae3bf05372c13649a2adc8,448964364
170a69c11cf4f855ed015bed,1079696952
e14b31f8a454e47c383cae94,496504171
14a8134a56af1b328321cad4,529584093
ea8cc21bf7d48979bcae1458,659924797
c287dbff188e95f833ab21f0,764281121
2cd0b2d7561919f0223608d5,396536378
1acc5749203f964fa8b2092a,441313511
9543c16bd5eea47111e6b266,509431581
d415dc486936995f8b3704e3,530656770
ab946dfa5b9d7214a3756978,819291367
803711fede531ad1621a6823,659051467
f83f29f28978d7dd76cf5942,632859651
4bf284e6ba81bcaa21a437fd,721520855
d8ed50fbd5ed46d36b3d2dba,513398498
b40128f5e17574a5d3da9a32,857966552
506d4cc6613a07c313a12de4,777095175
558b7d06789a1c8e488c38d2,748566278
38410183814a757520143737,766883342
560a750cb6f8683ccac4563b,990724474
48740edcbe275bed3c82efed,968520709
50b2bb276e598c9cfdb42b0b,673235625
302adfed183564312f9e3087,901076856
063e53d45e5e7945f1f10fc2,775740565
6e2c39fbeb5392e6aee9b644,1196943710
8d6c523d4100ab0c83a31fed,992066564
6d6aaf30227f16b2be29e79c,1192582050
e73e5e75cb18f52dd7239361,802432978
dd625806063f76dcf53582d5,995718801
a4b16572b8bb786561baa3c9,1155903112
9446f801f30e8b2997fbd72a,1240951476
941569c4352c3a2e32c908c3,1183746104
8b4c54125d9165554e4123a3,864449631
d50f33fe5acdaf5caf1c6ac5,501707474
46ff039321805b51870c64f2,752836456
1ac6c220eb690db798a3d4d5,721124638
faf872c4bca132b52dec368c,720347084
d92232d77f7a124e7ff13ee9,765277249
f9a136d7944cb7768b598a88,662161203
e03610db09ed7315cfcd64c9,535776665
8c51f1b43f15b70d2a294918,400291382
21d141a84af5f0e2ade9b0b8,734234037
55c7cbf5e572d2342d0d7071,768097944
54c0e5e6d368ec51f6e75c1e,1119211316
434ff40bff8fad0962ec07e4,597663163
0a199d5741b5a6213b39b793,732963035
9931470b50580f51e1a4fac7,605124400
89498fdf642e770ea75be7d8,829649638
aba39002de605f9ff34bd542,801181451
0c1c0ba7d75dc4090b7183f5,843950502
2ac425aa592565b44b25cdc3,1016487286
c0cdcb5f860e3a974c401861,666039750
4ec741bc6ab20515070cf1ee,699163994
3d4c48167a8de8cb0e4956f6,943029296
f5741fdd9f509d3bb02e35bc,1026461653
c1d0c0846ec652774ed5474b,797254488
ed2c02ddcf0e54789d9d2675,1168805267
0e05eba6eed4e55e89dc5f14,1130414140
b29e5a75740c8439aefc9321,898867502
218445f989b2da5eff4029f4,1079525870
0c7da0c2613129bc322b1da5,926853298
a41210034abe19957b317d1b,1025580616
0cb4217cde38e09571fa73ba,1169949723
9df0663317db1cf4121a222d,665192047
62be98264dbfd418ba21cfac,921273705
939ce1536f15c0e6bf203dd4,1033879069
d9028df78f9b14a720dbaa8c,1033879069
b05f4b5fae2f2faaddb377fb,533988352
65ac61968819927b8fd9b990,618492714
1e83b53963792d7445e19d27,1105670190
72eb1af691a950fbb7e8d635,451218138
94fecb92077ffe3a72aedec4,509169280
f660a48b0eb17e98dd77c0bc,532124139
27fe3fc3838695ce34c5d287,415919590
9ff4b1fc1970cd5c102cb755,1138239591
b54940561992090411749db3,457739623
d4990842f549d8139fa94c87,660311798
f6013cab49ef9188aaf87972,984076601
cc2e8713dd087d3b842d2f11,441208379
fb8aa6b6c5d2499d404f3f73,484286491
6a8b9fd89b745a52703715ab,520790752
4721d06c49413558bda1fb68,421084010
0100b3a412accebf6a3aa4b1,382789579
215e8852679b9cb6c4029ce3,391205569
0afec1b2e7060b99dbe41a10,436521532
4ff17c9b88aeeff105b8301c,514346885
6eee8548b87c9349ce90ac2b,514509868
9b264d26a196a76951308cca,479091914
945fad7539481410e8bb60e5,535776665
f727924f0f35ec9fb58d0c31,389691497
c7876dc81e250503076f43f2,533032278
e4f3e425e9f6e393999d7a08,524643614
cee1833e8964355b9aabbce2,543427514
9a1819c45b01c341647a2410,661159786
ce95aab452311a0cc27e0c7b,484632504
e6eff72b7c5b0fc2677af2ad,497144392
3b368c10d243f6bc9c027061,391593728
510c03bfb80d92d180803887,497469926
664934c8e209352d2c79c971,492954308
689ba3a92dd7c12f1965031c,579248623
93d4c413d2a1ac59f1b46830,508664563
08b09c586530266c14e611f9,572084596
7157dafd306fa99e4c2ad233,526692516
74e15493f395fdd312d50cc8,555975907
c34c94e7129f84267a5e4fd7,654285024
fc0572d7185e132770c3bad7,898552772
5c1bd88edef0a4146c871fcc,744872952
a28a31f7d0e3fc6298606078,660448226
f388112376e68ccb2290074b,808289904
05d1c33ea8c89ded7391ea92,560838337
dfd84193c81ca8430fd27ad0,898552772
8b89813a4ae5f9209f854be1,988728715
d7b9566ffb28c753bea96f0e,710511127
8062b4109c12a95dd62bd43e,606822681
6d305d6f3e3c2a53515d5f6d,1055417937
ff143fed55f12a0105f9f88d,606822681
0fd9a2a99c44c9e5565fc17b,877736955
7f85c59323701ee0e75abb92,674432820
19baa03dc4143a83920a7d2a,845431982
bc23ec33573f28442b36f60b,678237743
9957e5492f63fa295772246b,757369549
62e376b22a4cf0d84b7f6bff,1049528715
0867853879129bfb46dae700,860732868
92c5129009b7e377fa004a93,872221483
6b9d38e0b9a3e28e3e695be1,1099783966
b6da2728ee41d035da57c822,1170199050
adf5879151c7236f5e055e1f,810550788
bb31607d0bc3ee4a37fc912d,1075486263
3ef8fee6a5cf42827d8bf562,1155558583
e6016afcc032d20fc9d6f2be,1031386925
f3962b552d34eb8bf38b4763,1161928740
bce7369d51094d3a9d3495e6,1346467657
55bfd350162592f2571e3a0d,960877499
3f226452520ee8f04e306bb9,1010008226
b16fda9be5edaf4cbcf07122,1090000717
e6f5ae869a5b7a30e8f0fd0d,933492071
ab0babf6941ef43c35acb951,1078861411
3bed16373c8ae820187e3d5a,825232481
bc1335d419a1c0f6e6860470,888171349
98575cb25b358dde32ad042a,1086631515
fb50f2f13a30fccc3903577e,959964516
7a608479334951a3afdc655a,968412463
9cb40496518bb99a7a00a2ea,1300927172
a69ded1c20e05bd6b3a90028,982078730
71d422db0c0c638e448142bc,896714173
fad033a3c81708df7b6ee73d,1062729254
99fae85157be04554b236007,500597251
dcd314dabc7d162cfc29c81d,988412934
1c65d5172e53b4c7f1c4d6a9,755250481
cb6d4db44c789fcfe8236b40,962865496
ee2c509989c7155bb472c5b0,715256308
73b60c9053ff8193c2dd2823,502419611
2a487cfffeb12837a5586a41,480282282
c9d285946ffc4c4b3ee95da8,900812738
6a21be8a7a429eacb1de8c1d,968367659
2a7fc28219bee48a2368e730,827491064
5b169f28ea1dc473ddf11580,381503526
58b3ab31de2f9fdb0da0dc8d,633564959
2054c61f0162a18c6fa2291e,394104501
39940234a26e7264b464450b,639811030
550157aa4dae5fafc5d795b4,773314531
ca87bd8401c0c7bbc4b3f286,868494854
a8fdb6fb681aeae4d5c22f9a,951275841
998c864a446f06d114f42fa2,1077758232
bc57535516748048e38d4a2d,848948679
ddd55d8001b809f304883ce4,347683089
b9fecb3e6a507ba17764c303,427573172
4bd30aa3e2b4aa077ae27490,624129806
d7ee2851bb69088f851970e9,550872081
40eb0c78da8b51b53548d914,905853200
1097d9a61690cc58a4b91e62,463372047
6aebff5b1fb3a438c2c7969f,568218640
af672710affcd7e44eee9ba3,470134881
fbe3b74f9e11c829d4dc69d3,964641875
6b7219005737d8660d134ace,1079714837
042bd2cfb2d33467149ece1e,1015437528
d5999beafbdc8acc8a6ad809,723584398
4ba65b1fb8d8ab0a914b0b8c,497723617
230864c9c9c5959f9f0d36ee,523671402
8520fdd4f5fec0ba861ca9ac,424989371
447dd594fdadb1b12ab32e6c,550427587
3d405df6e5dd012419f43ba6,1066771973
e120c33346ead011ab7789ce,558873271
505740f7746e0154932dbdc0,425003163
e9a427f23e80fa59d9d517c0,400920064
97388d009acd9e5ad49e7c4f,396467569
a100f050c34e438070ff487a,479168706
96d14a1d29b7abc2cad573cd,525119896
f69e25355ce3887bb1078fef,517179438
86276ef138e0babab9863276,573863251
344f3bcc1acdba48c12f8441,606970540
f3dbdb2b69017cfa026ee18b,819638214
ba32f2964e8b68ff5555fc34,960561471
fb7154b2dfd2a48c13ef70cc,982307408
089dc5de66c6c4132734b9c0,872295769
5c2ba5028fd94a6b9859de70,592595514
e8544410d811163a13c6a326,687933854
74d8df07206df08e8f3dc232,1030868790
6fb4126e3ff41b8052fd0657,685570255
ba35cce2e715bda1684c937b,997446901
d7997b9126bef50985bab347,477155915
da3aafeb2d0105f8e09c051f,658800430
5daf1136686fc538db40afad,391946582
88f632cc304cd769e2d4be27,542886818
c5dc941305b5fb59e66479ba,541556275
ec422df56b811a0aa42d8bbc,541556275
bc8bd1feaa8fca4c52e130f6,444623372
60c116411ab3cca49f7f49f1,415982702
75ae43992df8ef41eaf9d98a,504527532
87ee5c7c49ced4ec99f44d5f,565271248
918f56ffe325f21522cc60d3,504842831
dae09210f48e5bbe0d31c728,357661136
c1ae2af40e1ea9da6380b8ee,889069660
e7b717278f7c95cbfceba80b,684424542
387f18b1f01b1aae536752e5,583452687
c036fb38fbd2d1b59ed5b7f7,680513337
76c510c0ad11fa67f0e9a4de,757637385
ff46d9f7dd86b8bff7cc305c,481325189
23d95cbbc056b4456b94c97d,507732159
fc65a77fbdd07fb490ad870e,891591634
8f0a61533b6a01badf43b6ed,745972857
c26990b034ee83450a4517b1,1004421926
53ffa19a09c447f3759f86f3,1070373255
86d80d3757377df6f2b8a0b3,815700242
c757b3960436c23dfaed4f2d,977303276
fd1431e595693fac0406151d,658951995
42b6cf2a5225dc62342d3a20,669456197
6f8a0e8f1bce0243ea50213c,867374666
02277f636716264116015dde,417358681
b72459ea34fa22d1fd012dc5,1020409065
cf4ebcab3fe4d12e1a20146a,775179805
ae2c10850b4a8ffca934cc72,1043772223
0e22a41ec27869c8f83f9be9,1060594703
22a43024821ad081e654c5be,1013922240
2054c223fcd48a48f67d02fd,370879120
9af6ac77a9aa0c6da3cdaeb0,397474240
6601706d2133f96aecfcbfbb,551309317
ce011b7462e9be36184a2984,426926411
f759f71e444c16a59187a067,633425308
84cfb0342a0bf2c6777de39d,509555694
760fd4c893a56a4586030772,465824079
fc174b19baedc11f78b647d2,1023819643
aff9e510eba008f3ba5c1847,843261192
a5a4c0f268548993b61d65c6,742681557
6cfb8a07fc1100569413b33a,670790599
94301e20cb91669986c4b34f,523399902
52c1ab7484e412ccbf5d57a5,776265635
2538cfce1c108ebfb1056c8d,688642781
d57541684e5c00bd9354cc35,595573236
123106a60208725514f3a343,631186281
7f2a2959f5ae816761be658c,1022984055
fd5758238e7ec91e415779f7,861207254
e3197263bf47b3d37f027e11,880231925
8e5661e79f4fc282abac1f37,967400516
cdfc387f8246a1bb3110d724,964529212
c53f3bdfe8159bae98ab005d,1186383424
200ea08f57fa23013d0e661a,1189874480
603c736378e07570fb985ab0,965540954
cc019e30685c91634d2fd4f4,993199436
b0d394d6c9b8967250854c66,1118743066
f7a79e1211fc72e06a3a82b6,1180024263
8a1ea9d91b3d8a66c6341243,1046513195
22903633f8c4d91158f65c58,689570837
bb67d95fc94532b1fbe80ba6,965462905
a8e696037f8747f562ec98fe,478480582
72e4fa00e8aab44cf210251f,907389030
d70948f87875325380885803,1264441085
a0e53cdd1132bd19b8ba0c54,603390048
882eb7115cd5b8b09fca0e47,654122729
529d6599d8a64c63566a11e9,378769649
e26eafffe4ca3c22b7f4a272,932645319
4e4abc111c07656e5bbdb0ee,991166410
46e7860100b0c09a6a475b9e,776308633
7bfbcfd0fb8f5b6d553c2d0d,786146869
5fedc401fc32ecc4d9ba7e89,816194114
aee8b22ecf19495fc5894a08,786146869
313e17c442fa3040065b7489,713414710
26206185deb023a344eb2e99,810965851
4a9e2358d64df916e2cfa213,576972772
2f6515defc3b21d82e0ca4dc,473665963
a9b18720f68c7002dc71c3af,416229819
af911ba38d5376a8aa53fcef,509569172
025b094e1ea7248f4aba72f0,385949536
f81aa0f575dbbacdbdc681f9,618552372
848067a69d18a171e7fa34f2,487405355
e22ca3f1c8073e246079d57f,575279624
11444a88bb3b230b4feb5b58,775152100
7a9264f3a12de839a42c1783,616118640
6d825b439d8622ab90245049,702369478
d2d317f2990465269ef58c41,728195507
2860e4435c857cc8a661ec97,1205656612
39c70622597e64c4821d0731,996206091
2d6f5bc20de99dd0bd4e34bc,733768564
37ac1ae3a7e2a3319eafbb58,713400920
fe6fb32f623a9e3d5586a8d3,840557224
501531d637608f7098ba6242,717563663
69f59487924240bac2e75bd4,936410631
358e1287e24c3c4fb353315b,976295545
55e307c88e2a943acd64a9a5,707084222
19105db21495d546e6792a25,889637953
375419559910484b17782b47,1225786550
c9d254244e315974cdf5d921,915829801
adeb9a6ac3d357bd96c019ea,1015510915
b08e0cfc5bdf5bdf5068ebdd,1033912394
8da2439f391c6db92b9260f5,1223720760
d0751cb5e704e28e03514fb7,988407190
9051c6d14018b4894b560e2f,1107290813
54c3eff286c62f05ebe2ba57,681781624
975ee5aeee84593bbeb331b1,372253702
5102f4786cc032e24781c7ab,843241126
cfcd97bfad6e013aeb57a2a8,675697258
f304bc9e9edfc24eeeb720d5,860346861
bd05a6f6ebf924adf92e5577,1054113081
a7b459470ef58ef3bed7437b,508577289
37e009a57645b845b1673b8b,646228494
b70082fdca35092802f8745f,570880170
8a69b9d7461107db6d16d1a9,642832864
adf055978a7a8e9bbd88e741,432939019
6c02bbf7f6b087a1f0c8a47a,531973359
d91017d9c530e058ace2e017,825652655
89016540f8b3fb727d863bec,865453194
506b653545eebba4c8821588,1040845938
01fe5add1e7df4b15dd73bc9,652531413
4911d01ea0a4505d5db5bb2d,567005266
68bda8b092d5a53a35dfaf07,1070700072
70bec150e1d8ac537cfd90e2,963857111
0e21abdf04b36e5f6a1fc337,1180839507
f53efb47de2bca5912ad7517,959836939
82d6244acae149ed9ed88e8e,611947210
755a4fb96ff2b2276836f49b,755272190
f15ae83fbc4e4ee3f646b4c9,404558342
eac458ffc1da75fa1a4ab384,718556522
6f7bc7fd41ed908494d8e098,641178034
12d1678bc86ccdcc8ad756be,1007341060
6e07d31b81f3fc9b9de8e1a8,1314760359
6c618bfe55cac120a4f1e08b,925651429
22958cc4622a0050d1aead77,611623534
c7c3da1f12d872a3726736f5,518088820
ce30c2c7cda56a69005300d4,451933678
7a26e5936765b409b7b73cf2,1002658719
8d5a73b1d27a66b3f72fa662,735755064
3b8302dabc47048245acc09f,717970323
909182c92bbc39b00536ce6b,485749757
963da21c3c571d7bbc36f1b6,593736474
a73504d5982fef268f5ff589,667230579
50563038c05963223b459beb,694883112
b9a0058c58cabd619e226178,1007226619
0037d98f6ac46a86e36def45,506719709
38117bca778373247df86e14,479946981
4eeb8b5347526d721092a7be,465744766
0b6cd71df4dde546e665f865,465744766
bd066d5d19d41c06b904d51c,464016304
f10e210fc04e3fb073568323,465744766
9f504cc4e6b170155d38c687,465744766
3e4c1e6435ea1a9c3150aed0,479946981
052c93502aa794e0574db9e9,465744766
343f45e7d178eb780a9a9818,479946981
c0c4fa199f0ad751930cf78d,443144483
5d86154fc1769d4dccac1269,443190876
e1fb88779e55aef2b66f2c10,506719709
c26af6fdd00a85a17b823d92,465744766
be3ee4457a26c6b6ad4237d7,512253642
9bdc79dd02cdf39f92e8c869,506719709
1d4bafec52ec7575161bcbe0,556789477
0f15a78ce3ff90b6894fe3c7,578453424
afa5698724bea14940667231,891244250
4d8e365b35a6b8ebe6d7a15f,659250783
6ff848f65f2507e58cfaa231,493361520
e13947242fe19bc3925919f8,487074881
c02caec41084656408c2696e,636092479
d6fd079beb9f759fa4c6886f,397094931
d14f7f939468e641c43abfe4,592965551
8f6076f8ed13e87862d82255,550472509
8d5e662ba25a71727f1eac77,716468637
bd2f9648ee9ebc1fdbfa53b3,540478999
da8f986b6ee6f594780f4a91,716468637
af7131ea57639ce5aa1e102f,716468637
30e10a03626eeaf8bc2c380e,717790511
6caf180e36fe18078703db02,611114228
a40861d6573e4539ee3c23e5,771107094
d5f905cebe05262cfc44bb11,771670247
809800b56b7b29399986115f,574623552
6b2d7f88f15cbf7d998986da,992871792
a0ede3a514cede68b721d994,831596416
179d467dacdf674a66c7310c,851660783
97f9cfef1e35be84ceea2a46,895977154
b7e01962fda2102f1402a444,917846036
6665e5bc4774d04321d1ba9f,623704033
6c09a3ccddc797f77d63f1bc,1031625446
97986583e1c988373765eab5,1184536629
56807890f8587cd75893aec9,805982687
0f2fb3cf22613a339c88f7e4,721584066
a967a4f0b1dd36d7264cb408,1034043098
08ead1ac0b9b30c2a72db17f,1187426420
1b989360ec91f5da55806bc4,1149601374
b289cd856f9d15493d31ef6f,968080785
88668347361a227b6dbba15e,1015666815
ec3f1679451b9c0037f89386,1005339549
9cd01a5cba1674559752f5c4,1017946225
2bd96c7fe678945fcaf9662f,1107469381
9f118569fb8b084f0615fa22,434392908
033521a46dae036839ad6c90,364214217
bc1ee1f8ffe1ac88f08e2459,611888289
c62886167530efe1f84086ba,541392401
d58f191c74d26bc1fb02cfe2,539176824
981b55d5c38361caaddaddad,587307528
ef26c0f1cd9e3203ad16558f,709725497
74cd885ec200a0c21fa9e03c,578949877
fcfa51e5eec6829b9f4f2c59,423542917
c3bbe8c09f5e58281dddd412,673988081
8f36d25584407d9e3c326e71,797469138
51f4aec91124a9a96f4c5372,975734694
b7becde9261820feb7cd926e,602917075
65070c554133f2b4143fe051,636467581
c2a2ddb94f60de25378aecee,749477712
5ec3abf721e13b0d55829bba,839971750
502aff943d74cd4cbb976dcc,805745095
11e6e5ee92c97e31d34db891,1192224490
b1589aa1f58f6dffa93a3a61,1265688765
783ecf989538582ad008fd95,1060135428
1770bd5b0a07a6aa785e0caa,885695811
53715a484e20d6152c76fdab,1022171508
ef73428a38c201019267afb1,535416727
932a93e3ee2093d7f806fef8,637241270
00e9afbd1d27062a7bd40a3c,1034441048
a11a82cec7f8a243e2f90539,721124638
e4a70600296b0bde6c28fb19,720347084
0a1b1a3d68b04cdcb2d757cb,865891710
7c06a2f06cb4226f9043578c,802704936
5e113e1e878da12e312cf875,1103847416
a72f5204153b7c92f52d871a,765277249
fc17f35d300be9680971f95b,494151744
13ab6a062601d40843de37b8,748809879
22abc78ce812c519511f8a4c,983961860
faee4c33e892029b79b63742,914406062
c8d39eef5a5422e0da4172cd,602246648
b13683c625c97c23333269eb,500280357
00e7c5894c739852052f566a,791345146
2703313a3e5a6fef2157928c,737121000
8dd453e986d05c6c1dd104d2,532309337
22b34331d7ca2ea642d29946,568577410
23187388f9d6e2bffb88b9ed,873307402
6b49a668de0edbe7f8110740,858287590
ef0e5b23069a9fe377b77ccf,769897058
c37348f8247ade33ac513855,884200837
1d19edc1e0d907e5ab0899e5,763424651
c73ee8d419b96c6e7c53f95d,707141405
6251cda3676ecbdb6555c526,794388082
d12d6ea066b67c3db9b2dfb5,919025528
8ba4e8e071e458a13efd179a,535215971
9b8d798a2c455a960ee74503,569527694
d663ca1a0d29b4cbc5cae9ce,908545189
dc3b8d97b11cc2af4cfbcc79,730519336
7d50144c4b2ead9b7b9f594c,1028248668
ff9cb7bc0b972d4515ea3837,397836397
267e46cb9eaec6c7009348b6,485285268
1769a8ec5ec94aedc397b4ae,539803375
dadd9ddd29102f529caa3bbe,616808195
251903f4b947b337e0134415,629651752
e1b753c283bb9c6d4e438bec,814690024
16fb51fd3d35db53eebbe5b8,924741660
8f543f9c31af1eb17ef1e353,719521036
20c3cb2d4fa486b23eb81bc2,623937820
6fb9e9ac6d44d3a286f317ae,605219280
15b57b0ad8794d64a2784ce6,782941248
d9ce31250d4ae25c3b850124,771244524
f90efcbfcafe544674c02586,780245386
05a98feedbd3f422bf063112,798053692
ea359d571ad0c986f826d31e,836471161
b02f1997e6e6f97dc808b8cf,1096786429
307acb7b4044cfa5680e4227,1042837052
ddce386b0ad3199ca09aac93,775044522
9e28972500d8ca3fb3b76fd9,902340410
687b1dd576eb7d06a08c3439,791560369
23b2b5b9f5bf3e1208f5f80d,1115773434
dddaba511b6a18f49b41c1af,993038217
874e3e3ec6f67c160807628d,842358244
67ade5109553a9d784886a46,1096742054
6879f05563a9f0748088cc65,1016724975
dce05cf86b42124fc93d41da,1185079785
1ea5db844a6d3a926480351b,735185549
4e9acf6e9f80f65178766740,717970323
a35450284f8dc27e0ed717f0,1060357486
069499abc4e393fe540777b4,397598173
cd10d6e28fd7ce92518ea31a,1063461050
3edc0e70e7cf6a21be2f0d53,394708133
2e2ff1e620063f416a387058,633761177
1ffdc10c53bb83d3be84c327,787718291
3c95dcc4bc3788b4cd5602d5,790343431
aa592f388454d575e0006206,623124613
f7e5bf5b0f6157ed1f604d37,381793674
513c6ea5a3c2c560c409eaa8,937063221
7cf15f80838e8edf4f9cdead,1088503527
49737c7682eff2513869b3f7,923088211
4e8cdb49a2bdf68ad8d12625,734378275
86af11931b004aad3fd27b88,668219295
90921c9fce21986dd23bc645,697579807
d79d71be963d418a4c9dec68,865891710
c27b2b735106bd5a77a15616,842989237
b6129a71f8e320aee8abd0c4,842989237
26922ebaf11e35a7a320d30b,1103847416
23f859b889afe2639ad55a21,557396899
ddf47d32045769c0596826db,1110592295
1d0c635770f2e51aed4c8664,1254171632
e6144e15d5cafcfe87c07c9a,656424728
a7c7923f9a4d004eab43413b,926779241
42b3b56289972176c20c4990,470817026
b63f49396431089dd646837f,669764662
e0b041a39e732783f98bde56,1032183390
409eb9b8f2ba87ca299a7f6d,555897008
1a46c13974f3634ca6dcb51e,1027815995
4b068c79664179605b145a15,888301213
afeba13fa3f81249549cd2eb,601089512
3a3ce11d981d0893ec732e22,668219295
ed68664efdb7377c33f4010d,737704893
93de58cb0d8fbe74b0cbb556,743117431
faa204421a94ef95b79eddf6,842989237
acdb13c4c8e2a48b0bdabd91,948470767
5271cd1cb962066407490051,926718260
933251193ded6df07c83128a,1109726562
524e00e537f841c13497cd52,564438083
a9d4f256527be98066c493fa,943550946
2207c1ed62f59d6eacb3c18d,533335062
97ea5dc81ba49ade4f8f580b,655733468
72488318dfb2181843f17c03,1075423847
76698030899efea431dbb81f,380977576
e84888d2f22e14a5016ac789,596825759
d9398ef84ae71419cb7cc82c,786985118
6d32649478d9d86d840969f6,480902787
81600c1e6b6e3ae770e40b28,981133121
68075b0ac8e779bf5e66dd3d,635134938
6d7ac64b8b9f27f61fb155ec,477861877
d3bf3146ec856cc26c607d70,827544638
d12298e0d398e9d21d2e2eed,662508328
97b69097fee8d8496a6b8c04,466394177
fa6e53a7107c0e33e3d505d1,924917414
7279c610bda9354e1c840b0e,587103657
6f3070318ab65b867b2702f0,400887293
e08aabb998103a941d24d0a9,434219282
415e1faab81016a460db7a0b,497113935
8b871cc48b99bd4190877bd3,506719709
7240bbe28e950ed75637b504,503176123
831629494c6d15d5ff6a00a1,506719709
1cccddc33bd892b44d7e4b7a,771963874
f9cc6760b1112ce5197bf399,677984289
0901e845b6c56d4761377a09,478679537
2a33fa5b25963f3dc928f668,562847167
83e9507b9ca2987a21d1b195,736504769
9381bdf491d48236e84590fa,658626033
c041a933261204155415c2d4,931063939
a1cd867286d6e82181e5d1bb,716468637
240d2474c81482baaf79b6fd,716468637
ddc1c85af165e47502447242,765949684
58f02c785ee9a506e899b967,858274850
8b353ba6823f4f800635f0cb,1051119527
68cda50b602acb4efeb275a7,1004997129
96cb3c08c80815907de81e73,712184049
f54dbd8f0aa752f79c581e5c,1017086412
52a438d024af0d5c38627ad0,918490154
1b5db6af0a1c0f7787064020,734103854
84a7286c91f1ca3ecacdaaa2,1003399309
bc6d6249873222ac7f22b73d,842085486
12501015fb631d7c10ff08fb,444229141
85b633e09a41cf22a10f28c8,1078362119
7acb92246dbaaec1cc7b423f,617194934
bfba8fe959dd2e44a4202943,935814847
5325f16558ed6d2689bcbb46,636886176
d4653d505cede3d24e258d4b,935814847
5146ecaa8b7ed507c4f30785,763756461
f5b9cbae30356fb3a1d005c6,1099423939
205ffcec56fd884ab24c5600,633770281
ae7ce478fb66882a2c952012,651844121
efc9ae02fd6c3f18db866cac,1175841123
2221052e00c236f31e6d5a06,581065834
54673ffd4971d04493a1b1c7,838383367
b0bbdcf0916b246ca95c4721,975143920
1ef15e2b882a0da85858269e,528027487
9881fb167319b34cc23da955,1025646447
9d2a195e645a9e8556683b4b,833838779
14acd96163e6b3e17177f35b,522612578
b2c5af8615b8899deb16c896,599539963
4c40683e401dae89f6537ab0,572516696
dd007a202a0a3d56ebc4868c,600715643
6d9c89a406cf2e755d4172c5,472453086
7387e7e385063c180f05a7cb,599539963
9dfd5df5a2efca3fbf2c07c8,684457169
2a9e75d221912230f98485cd,745464644
86ce27f9ca03821d13030f18,893713909
3dbf89c6e97182647bb44e69,763022761
eaa4893a313d85fcf38dbb6b,698269979
c57e1c323ddeaa7475e5189e,870685597
84856812b63dfd9630fa49e7,945653839
945202a450bea48fa7f2a95c,907992875
fd689e54d5c418dc9f2425e7,927360365
eb90d9e9eb53b44b07ef9613,970841540
79005399fa92d05558fd6f6f,855931800
5cde51bd6de3759821216d5c,1120842609
230cb38e035b85a4353220e9,816282947
a22ed42197987a8534abf76f,786467318
43a2ceffa8ed90bc1a43255f,500674720
8f2fbced5d357bcd6b1c7de9,872205212
6e895a15d402ea7fcee98156,1068894882
b6a2406025f0e1fa09690c2a,500674720
f46d46ccc7fc415433e471e4,428654674
71710d25975271eb32c0c8f4,494104824
01b7bb1556b5c32df8f618cc,627356268
56e5afaecb2cac6293cde16d,491595372
70209b9024acb3e5baa769ff,821770538
efb0b413b3f661b23d674b3d,926779241
251db9c4b7398902b38b4a4e,961929058
e3e7ffecb903d2daccbf8a53,585138209
a92ed9a378272ff174ce2688,638192352
40a53a3f3d49f7905966295f,1115206249
bcf2c303fc03897585831351,953062309
4b0ac2ce45d7ee385ca369a2,854727257
85c7e8ac008493b34e8e0176,701390685
0ff24418ecb6888dd8ec734f,895605134
3164e0ecd246b8ed6cb6d054,944981156
5f52e316136696cdb56e65a5,432599004
5ba4bb943139d7930cb91650,947048458
ba12ab0869d66e03df12b6d2,499028357
1a111211207627bb4c840442,914932556
9d2ec1ed9eac77d534ed514c,465651027
9030f17b47b3940c2e2c4093,465651027
3b224cf6107d815a2e78996c,938427678
ab0e770ac42dcc82b472c55f,577081671
75fd66abeaf040fa76eae2e7,720760493
c31d98f67673691ece007a65,510940582
60d5f19c16554cc2d8e5940f,816984910
53fd196fd0c0558ed1219329,399578866
27b06d060ecf702fc88c7956,933569262
dc014623ed69c32abce2d0f4,630361913
f1a8f09837660445961375c1,1164153076
b98a462d9782988cb54ced54,1105684902
6ae4843a827b36bf189a32ff,896392909
84e4f6c6b5dec0da7f7ca0fa,538489697
b8f2b9c2e63f0091b6038ea6,1122633712
e54c7ea1f012656f7fafa49c,517253421
f25f5df33f25576f805a95b5,1048784754
ce9474244dc2d40f357146c0,436521532
54bc553b5b8abad0ceed4d53,391205569
e75d4ce522cf587cd66adae4,533032278
b1f0b12c28c9bd2d16b3545a,508664563
412e7b9e1de3df8c3dbcf198,479091914
f52ce56f20251f018d7864e0,572084596
6641ef09c0bf5f3180952b30,414372335
ada53307260fa34f3a6411f9,560867840
51f0f76e2a8cf50ef3650901,524643614
da482df3d0fc97f9f8582e22,612755538
55d47b5f3d0d2dd7c2bf4034,611625684
1a6714ac2350ad371d8280ae,578353936
0006c9478f4e7edc53d84916,538447833
dfa7461510c6dbe5e119d106,492954308
5df95b44c73b249be0fc69e3,619665787
76bd7a0b87bfb6d2723766ec,507550265
8570a1d8156dbcc267d3b495,757369549
94116b7517a06255bf4320c2,957299737
8ba2d7afde20563e38892304,606822681
f86ab537a2f5d8c2b223574c,898552772
9d0d2774fbcb6fcc66b865b8,744872952
9086e6e757243bdda003878d,1026371235
5a3625846567d06dbe4cea0a,1055417937
f51a78ac4b03665561552b0a,872221483
561a262410ca91d69a58645f,1135012768
08d90f931e7e0a6f43c9d0e0,656754759
f47c64c8ee69e744e654d4b9,960877499
fcc4c878af8bdbda6e1fc86d,1010008226
8d9b143cd8eb71b05d32cd2f,1099783966
ce6a3868227d78852fad9f62,1346467657
d82f743ff414299f8c222db9,1155558583
9b2c7e6cfb2d6c66e1ee8a6b,1075486263
6e9009ad01cf466e8f8136e5,1090000717
a4bf0c02f139c695845c9507,933492071
16cf0d7977ed97d6ae8d2cc5,1086631515
d96855b0ec427f041e7a36c3,968412463
63613a9290bcd9e1bcf2786c,983897630
32036c1eb131e6cc4f3bad3e,415208766
ad47e82c9efcfa36ddac0a95,530678563
d5af3041d95f5e89969c9868,373068650
f2387712fa17435f56d7b102,519751110
c1c8024bb6c3635ff655843b,471290848
11e4350271e9cbb37bcb75af,431033065
d012efd4a77c5aa5e8d6e508,857432841
6240b85a47c079cd0efb077b,609473478
85e332a999931ecd0e04475d,417767161
4ec02a406caf200b700f5c62,687741170
f3270f2ccbcccf3046346809,876364567
bfc5aa443994e3f3f78c6105,825081121
aa09cc29ab2f2cfc79e5bc7e,855859162
6eec5b03718975e5137d5e92,841461599
6974d82e41437d61c627b16e,1114868350
ae3f7f428b49e6948ebe6fff,640701442
a9a710b78e776c16eec24be6,656053626
249cf6f96144f769030d1b4d,763346706
645f3c4490ce43ed68c7df10,837466030
3413f37549869d2172b76d6e,936410631
956600c9a4ed31e588f8c593,1020335266
00ba709f184e70be13e5bf9b,1039993968
275c8bfdd3fec33752493861,1030303578
3206523e850b5b5fbce567a3,863368407
9c9ffb3401ab6ab90fcb555e,1171141487
4962650cfa3decf487ccbd0c,810965851
a541b35c62878dc2c425235d,1129419037
2112e589911b979db6e05a6c,1274324746
c9cfeb97323bd6a0564e1903,677309020
30e1bd4619483b0e896b5229,632859651
48aa146a36aba8a0270a8a1d,1101952230
678a80840673787b3aa64228,795415225
392abbc83cfacfe87c401e27,624301667
51744814dd3a7e60c0791041,935379171
c6faa5d2ac8e74c26fdaad4a,799745026
1f2c22839c470363ff41551f,995718801
5438c2127072b47e3af428d8,1022408594
32e182242a654ac03a8f3ea8,503166905
0a45eb817938241ca988c2e3,773692162
e74d815ad652f7046ba33295,706233626
2887a0d34994d284759db20e,668253883
621c3051ef29e8da01e6bb2a,599683692
54de2275006e273686ae5fac,1081258985
b0a0cc38f73c9d90bff6ad92,965306997
f4df4ad4366bd794594c111f,897945991
763206de4c26e3825b69f4c6,831168963
d5ddcb0a54416bdadb4bf57b,553836560
bf17eca5afccd9cd6299b9a4,895684844
02888257efaae858fdc7938e,682136670
1f8ecf6c089ce6168b3be52f,808016152
fd7a48744bf966e417f34a51,1078835555
655d6eafd78be856479767e2,966913536
27472c6c6a801eb749b9719d,765731662
18fd9bee381e7a8c29a44c4b,792908583
da5d47596a755078a2261328,687515843
737c83218f0e486ef4feba40,428455912
2390c275fccc98eb4fa33af0,498082710
35616923c84423b44d1d1438,935504870
22fcf0650753e2b5a2fa3786,845727954
9d8e7178912841c2a1232ad2,684495392
36c2cae6de0add92f32d29f4,1002025368
699b68daa574a0f169436ccc,473530714
c3bd0b8277a37832f56be54b,427015128
6b3411cb8c50c1498572e681,493612949
fad4ecc419fb64b3f77971ad,678802390
4034cd9a70d18fe0c883a0fa,466525020
8f9417de118ef8486538955f,1097760985
33f4f9988387bfc237d114fa,558141426
40c9f947e826f89c6ff3f898,467271337
351701c5d1b821253e2c8c42,456938327
f6b405af32c398147475dc9b,715249227
45750daec6238508791d0d4c,626945196
eb85bf9ab77f59615960fbe0,688490265
0ab6e52af85ebf23432d7698,605954175
9b13a371ed4724d2e2966447,1000279953
081bbc273db70f1d2cc84ed2,707463439
e113c48e4e1b53adaca275f2,755026937
4bb0666c55d174e0280482a0,749611888
ca516516b33dc09d712b3154,900536945
631e6aee6ec1f720f3c78775,611844695
c7746198cb5871bd687c2538,900387593
58a5dacf2f664512c2b00ea2,1102687579
6d8998442d831addafbc878f,1229097534
7d4ffe0038b3ebc149d8f4cd,923701702
55ae7bc854658aa5fa49d368,862251017
042ff73057dce4d92d383cf7,379454122
807c04729620ec60ef18598d,401922945
5dead94ad2dd86dd41448994,555803366
bb90c874275456d5fe0de83d,528697228
6ea5fbf037ba7e5c74d7ca39,840109493
86dd7931177df94a649a4d62,540849976
58ac250fa52a1ac7ce39f70f,420152844
2861f1a224b4c879b845779f,422553716
8d06af8e439c45e0e125de91,756037224
bb2dedf6198be0f3ce2c4ffb,563804199
57d8cac189a13c180f08cd2d,531339105
db575f8a4e10a29fe81b335e,990365621
e8c79fd41b001fb1da0d4fe1,671101845
b81679b32ea288e9665dee49,1180922287
841482deb90d19ecb1ec8a06,686848741
214df9371aa59f68e5740212,462317858
bc52abbda9027e10b879ed50,578177266
ce8ce41a36b610be164a25de,984182973
a67412a01feb64ca6e772858,1062539686
d87896f889ddfe1ba210d74d,420820447
556a39ca66e10ba3545f2234,500281270
50cb893af4ad0e21a69f05d5,644367457
3b5a5d6536a9fd24f02e8ba0,434636867
121cc20fd81d6322f56d5c53,642429430
b9c893f3c3ac4dce40d0ea19,640193448
47bf8d322af3c13e8868ed0a,644367457
a4325969a50a14c948446f9e,708688672
4583a6b01449530079415768,984757191
920e2bd03c9d34e36fc38ad5,984757191
0a59b506798fb96edd7681c7,848249819
e8d2cdda77c1d885e21c7bbc,1182213730
8abe99f2b71b13dfe7d71616,1185079785
c07e98122103d1546d995f9b,1160637301
29fdab43da21ed0d22c9c71d,409199998
f2ba7982bed03cac394ef87a,742282570
eac89e705cfd337a99417320,417654998
40713332e88c6d3a393c8b2a,540619762
a9aad230d22f7dede73acc8c,1118226933
3b7fd4008e14e394dd09a0e9,1268594649
098327587a877bd50df27551,539010673
0379b6a001e4018c34e944da,646220527
45f24dd99d362f49c0adb875,496525878
dce1dd028695bfc5a47aa6a1,450566810
cfeb702df06baadf29f12eda,476341948
9ff5828e084070628ef2ad96,517602017
6920e6d7fff656d66844949a,718178009
31ed69311bfbbe000f4483d4,642256032
d300473e3d2ced1177c9fbd3,903906482
2cb64650b876ccbc7337a0e4,516097457
3ab2ed6d140698cfa41f2e3f,472035353
9f8697b55cb665ebb054f9fd,466776993
7e844f8a24422ec3b833b4a8,407572406
55a615a3b3919798d54e885f,758090986
fd26da8e62b5d1155962f0c5,484632504
ee9171c496fa78b1461acf88,1241981625
d5182c47a954c964445f25d1,940940746
e064b4dd7b4e64a3e0016f0b,860732868
36753a5e31b0edb1eecb8bcc,543427514
c2ee475efec76c46efbf1b08,699333897
3baeb28cb33d048bcd6e42cf,371005231
6a6d990b9b1bea0f844d3065,526963581
e93dbc804920c0bf7bcf8cb3,456382396
b9ea1b9fc0e46ba0724cbc0c,410434355
95e98113e39820523e95adf4,531163399
942ed340950f02adf9749a36,413461880
8538a41c0e0fdcb3829364e8,505085658
804289a128775f7d1652cb43,491151249
3dec1da01706b06f5d6a9266,433741451
fe004acdfad6ac6b00911ef0,703089099
6c679d5b6a1c1b74bf483478,916556169
ba54b5ebc5d4f554bc56dec3,700978017
5b9469c3ff6b197bfe3513cd,519475963
2ca6ce8266afc6721d179335,1066337415
94160aa4e5c54bb479b1d0db,397973872
eea6a2137473c3ba6708b576,373177534
9969f6f4bfb29e3a97c2fccc,529217521
68006626a3321fb0de032307,594726624
2149d04442f73cfc78f93bab,601264441
01cac7d033166094ab9f87b0,673159597
15515ecdd35e9f175842a738,737121000
86f1d6fc54152004e69027a0,811216725
0bcf7987c4b0ba485c44caf9,733597274
107fffd601a2bb7a3e4a69e8,798845148
5a44636153b1d4a74d58513a,764267863
5ae08e5999ca2ba0a1e2d8a7,765497504
369e9e64898ea16b7ffefb7c,723344600
192b505186d0bcadb46b7032,854828038
6dde6686bfdff12620f198d3,749819162
503a04e079773a04f2abe075,879551239
42b5ebbca90572b9cea79177,542957858
0b6f2534f862a7ef551a116c,878236900
05e06a93e9f01dd3984a85ab,528582998
c6706db3eb4f0bbb0510578a,967381911
2babb357d1d828c49bb89be0,740788261
3951171501fc51e2d830cc82,737323405
fb72b8e0457c0199e158e599,1126609907
df865201353bc7b915b56ac6,682562811
8d1b3071f5396359c0b6cc62,1207819226
c451b61851c8ae1e6222109e,1095322577
e1c33552eeab60683f2f89d5,919025528
1d8d51cfdf78f1361710708c,751357022
bdc8e1a1e06d387f9c7b026b,751357022
2b36d797d32013a126e15709,465651027
13b3a55d79b79ea89a73d21a,443618245
e57ad52764215c3d54740ac5,465651027
19e11b2d60326895b5e6ba01,465651027
f6e1752b9f4a0a3c8573910a,443139253
062efee92601be294d7346a1,463922912
e2c3acee51cdd03b1f211278,578397768
9390ae5c166e1a976e53e16b,450544213
db3aeb3a96304f3c255e8a22,480048484
d353be29e7ed2c35b920f7c3,756202728
893c1b081e383de73b9f2e16,1086765211
8302e2afc48d6eda16784da6,784719785
f1e9676bc91a76740f4e9b0e,760509268
ce86066ad78dea43089d25c1,1196891778
c89ac55660cee4608bff27d5,527767405
b183776d007d85bef0f6671a,713782987
e8872302ba40e4ea413689da,561673480
0afc6cbb60f34f1cf00fdfb0,812551971
a811af7cf12afb1dd9b8eb86,638534627
7947f71467036449efb99972,1071291364
2ead9549bab6f1386b7a2c77,797251213
b54e8d557263624947f979cf,1070006710
fabd2201750747891eb6af77,1284541098
7c3f7b513bb20c918a51dec6,874117391
0dcc222d83e1bf05f2c2c090,986029017
3ee3ee47bfa21462a1fd455d,687235221
1dc3b6ea53413ece15bea33b,983568490
f44362b932a8b70ad4b99a29,481695185
5372f93d988c3c917629f9f3,483565826
5c25ccfc7ae77f1d85981a79,550540466
4df222356df121a41adadda7,387956634
bf38bb7a2a7ea663cc8f3d57,484683163
ad0025f5b240d00936c82f9b,582125910
2afa66b726ed0b1492b9e01b,702320417
a528312b77b7f84741c2bf29,646609436
1cbeccacfa11843a256b2e2e,964856652
d11eadc78d95c96f50b41a10,864299393
c918e02b3e6d80125a2db1cc,390143110
b2af005e93b0242e0f62f298,567678639
ed9703ed896c6118a3458e78,459820714
8ed11c1d4e7aa1ccf0ea0508,425334092
9717b066e135a82feb422181,585138209
294985765f4d12e51a68a451,821770538
edbeef6a08dd17a941634d49,1083160275
26cc292628ce4aa87cd287d6,756585492
47f7065118bcd4c3878e50fc,673840561
e369c63f83c44329ddad488d,671473974
383c0948aac71636973507f4,763828640
6bd1a412c01387af8810ce57,1060918199
4b92ca1cee4739104e620871,1186497721
0123237414f757b9c3809f88,774789307
6e36550a6ff6fdb2711a88c1,1138860388
1b5de74aea685b506a952f4e,389434247
d85fafb4d5ec056e6db9a79b,537271032
cd097f6cd92275ec8ace1f20,745901833
ced1f52def08143f0b2b6849,975754563
89a03e25c43a555b47c53864,639819158
f8d64df401009704c152bcb6,570521773
2a5aedaaad2d908122f28f22,736026773
edd0b57b90629fb00d036e34,855631994
f8731413b0d976c03b7e05ca,914391564
01abe3cfc94be46c1153c82d,882719615
aa7f5d0d2fd5474cc67cc70e,862073375
4912c91afa6e4aff6ffdc6a8,1005206973
9d805330fb0df9ae73003ceb,842381500
7daa9115f755a6c70411b9cc,952817760
f5896513d1cb044108d23785,1171692370
3ff2a2fd905d81f0422c54b2,372494625
02ed31afcba033953c79d95d,556812579
c2164829374d5e880c1a1f31,916560209
3f6eba5c365508ac192f2b82,534443450
3289958459cd87f24089cd14,415415131
ecc3362a649cf08afef96fc0,420479043
264e00a64cecb861d2c05b1d,919121801
d5b5bbf927f763a43190fabd,933038362
2691d7125e9046e597437f2b,1009444335
7cf183ed411cf82df26640e9,892644175
f81107599bc083fec4a13ca3,593616216
3c2a535f1df831771b859a86,599832706
9e871ee8a61b183aa9051b72,787413168
e066ee04cd3a597dac8ced59,524348438
2f4ed160fe2a21722e6299f8,684287822
e0ae53aa3cc9e9ba7ce65f74,832226763
78d727d0e61a7c8b1cf6fb1a,816027366
b42f936db049a74c7d24b0ef,1112923899
62e9330888566f1f826e1ee7,1226043038
3fcc5ff04edf753621d6cbb6,932376863
d4ae25b207949fbf0df3b404,825433723
14bc234ffb3ff7f974afc8e7,496341198
64fbc9cac3f15c0f1a16f4d7,487405355
5fa1c8237da8fc7683bc10e0,550171748
7bf4beee26ba81ad0b884f9f,551309317
72a47f70aa99d42320e54787,436756640
07641db461323a5cfcda4f98,541699932
3af2a1ec9efa6884a8254d28,698861897
3adca5eeda4939a5ea11444b,807330445
37d39cb7d3849a784497ed0d,802400945
b9baaab70cb83475ac3bbab4,593670880
74e178e2398895d2288e6fcb,631186281
ec15e2a131d9724b012d68ea,670790599
ee042a4b4a0bf9a1dcdf1eab,628871187
35381d7a5b25317d7588ce77,716259308
18ac3368b1f6d8f7171b07b3,989695602
3dbb09358256bae5199e1318,762897847
4662aa1c44351dfe271e3a9d,904376345
034a30994bb2e0e446e35957,766902559
4cdbcefc434b48ba3d51a498,934782182
3d3317303679a6a5a381d0ea,992889034
68f4e3d4355bb71db0f35a65,662406678
b3c77f4a398b61d9c204f8a1,970685104
3865974fbc1b412f24c47eaf,1160407722
84ab3ece52fe00ee50f057aa,850944741
dcdb8d97ae65daf55570c88c,821088223
7ea01fd99b389d08ca50c0a6,801464310
51df325f026f4cc5ed2e9a65,1150763466
1f11cd977996d909ffacadef,1186383424
5ae03c0e33dc7d3e0e0d54a5,813414630
da88bf5bc2a7310ff382be4c,993199436
035de58d60807ee2c272ce82,1180024263
0cf82b1128ebb8d1087b640d,1127960366
bd8b005383020611b8922147,732185401
f5c79a564600bcad99c74f03,620891232
b11672f22fafd555f940a8dc,493617061
2bc88a5c4bea2bd00fd8f13c,529142230
b2b99019a929584b4904b98d,1227910580
678d0e011f710cefa49f6465,574993100
f7de22825945329521642f49,538978802
79b5a037bea858706838a62d,638736538
9f339d547d83b4ef956a3690,681724167
127e197a2f70e7ddb5dc92aa,523008077
65b8c48546af394a924decbc,613463277
cdc0c282ee62c51e3a20459a,735755064
ec824ecd0319e05d1ca6a9c7,566342692
95f27bf0d25bbcd0d1eb9cdb,986736212
ac0ee54bdc08632efc0d771d,616105213
904ad71e7d108930d69a7332,632199157
7f4e6f790de012946197e0df,735185549
473cb30713e88ecf782651fd,712870610
59a309a6af425b2028a2ad69,1042751863
8a1b0f59f86e33a7aa7c2c23,846609514
1e884932e57cfcab75ebbacd,973764665
8e273f1dde4801825fb19742,846598611
1f9c0f9c3c6460a323171d72,1151907123
5dba98aa20e371c3947c19b9,840020558
51516e102f8d43a07037ed29,942914072
6eabd14e55ff090e8a93c727,652688038
e224f9ffc7bd70369a5e8b68,1193468376
35cb50346289f0590dd24d83,1354927780
2aecb598de8c74d9d5108d8c,972808282
69c7e97037c747b93c33251b,952576292
b9b95c89c988f68429822e81,976545022
fa2c5c19c86087f207c379ab,622870481
9bcd34e7a974c977f65925f3,1153413054
3611c89dc71078cd0aefd2cd,640040391
9ab273eca8cd5dd4b6339ca4,443648174
4347966ceb1770f758cb6e37,870219442
2a68f627f4dc8060484cdb18,916314439
55ff644abd72eaff17d533f0,1129145383
db563e5a1cd9eb1be832bf5f,1099681435
a0e9310061ff0084d63dd242,881467542
7ff62b2f8a28d60f6c4237c6,1144611977
c42c59e8a08e8657ab4201f1,548891408
de28370454624724128a0688,673769028
514aefd8a44ca048a8088c51,871135325
3d3a318662cbe218db0878e7,735478192
2714bcd5c0c503c3bee0e0b2,847735767
5461aeb15c7f826f0ce157e8,677379115
db352cbc2aa3066ea9b34184,986123556
22b066e6dbd0f2562a0554f1,1166265215
daf8d6d3f4ba21513341eb3e,990186347
523605d1fbb75b0c5acec5f7,562067631
c59c2a19b93ca666b7c389d4,928763749
61e57e5539c40e5ffeb77997,562067631
c1fc25faadb151c73ff254ec,761602172
63e73f1b8b385d89de1329c2,476382929
80ded3bf4f2973a5ceb1ffb7,440807284
e1f5f0e96e5865370423c142,831002004
3bc1d407f7e7c8e67f7dd27c,899624605
d87c489d3572187e3280965b,1079339063
110d49e1d79a3534e146b300,1100225679
7baf3723bac87b0b393ba52c,1042050845
8e9e35321545774dc1f85776,802686579
e0d6155cb3cdac98f81d44e8,743381612
bcf775187c0f5ae1cc0e8ca6,934976282
a792122a1b292f482caf25d1,865832883
09fe153b0027697e58bd08b5,363531601
a7283f1587ffd80f4723475f,362813559
67a10f161cf7215302b6ca1b,362813559
f403b20cb52d4ad3f9469ee7,555259037
643e13f00dfe7787a19b1254,513466407
0eb7c68fb7ea1e58f3e76345,937158128
cabf47337c2cd619f12fe69f,712325497
55c5eeb4861e8cd71731274d,1200927617
363c96b85cf07dacbb10b92e,449873552
49b59d19432dbeb8921e57b8,921540956
818ee3b0c3862d4aae6e7776,368096120
b15c662c56b19d3843737dd4,547182983
03243195c467c67e67a7823e,535115899
5db50c50b523f3d454e94dc9,672872305
0798af235e9926b1e7e4642d,561759152
83852e78afcc4127481adccc,529595258
7fe25ebd70b89f4602bee6a2,743959506
175590951b6f8c6b8b4af9ff,465607987
d4dd48521efc020762ea141e,506492207
a681d6e9ccc7bc60eeaf7e3c,1177068932
e137b5003b8c8f18892ee9d3,662100224
90dfa0d7be06e7a1dc15770e,704121476
7fb856eba0ae98a40eac3efd,943082468
9f52855eab4ca5161f1fb492,810143344
494580f4974c33d7ce0cdb28,1020839667
d972dc3dfccf2a48a6384e54,826926876
7cc8772ebde8902f55e14b44,599601087
deda3ad684384ed67711ae71,578674113
b288c52e4d0fab9f579122a0,850870335
0bc16b384acd3f8263e386de,990416275
b40d1d2b7c1db9cc57c65fce,1015754357
c2580329ee6d7a03925725aa,814986726
7e73516d57a251061b3916e0,1128485224
7749f3bcfa8339444b0a8b7e,393058758
557e40fdc93c1824b0bed769,393058758
edbb5db63dbd0452c51047a0,492572238
383af3a5794a0ec3efe78b2f,518878327
90ae7af091c23957b88de5e9,533686663
b1d9704dd39c6cef28ae3d17,538037158
44916ca9b874075f55949f87,837008440
0515734883eea12cdacb7aab,642243411
faf9f8aa50d936c1465e880c,1069329941
f37c9693e058492ec3715de9,546739071
562c7846b05072561d96698d,750507459
4a629aaf60a113402834c042,1039554344
ccc4e48073c3da10a2e2d08a,854047550
8532c64eaed74b64b4d4707c,578843569
528a96aa31409c32bc9f1f63,1158763244
36fd9fc1f1d9b2e10c1c6463,477307000
91561030d87ff5bc0a497f1d,552288246
eb09010915ee68091d6675d4,636363501
56c41a58ed5b9864b68fc910,460331662
bf6005f6f71da582a6fab8c7,504115763
86ee80cbe81724e6919bdb73,479224449
0caa7856aca178f826fe90c4,801498686
9e41f25cf2e77f3fbe903368,937383630
019f4a25794ef01294845b51,786064559
d6fc6059bba177ab56d85ec6,857448106
436089e2bf605d00849691e8,823759733
02a9c37b3d92a6da473c6fbc,580948188
bde81ef5ff9edabfc7e30d10,846384951
379fcab709c66fa146d3491f,721400835
28ac1562ebb5050f1492f576,824377961
e68f5a98070efada9b5538ee,474049234
80aef024b0ecebb01913504d,393802989
f45161bb79292e974dc88b5c,397474240
6de3c3d53d6aee18ccdee958,503171610
5f2f7596a284915ebdb81a35,528398783
291fc50c4ffe7935b01e5d9c,468087947
42ac33321bb1920fe2a78036,670925498
c8e00b4dcfa2d05d6a7fde26,815185154
5c0e328a04f881674ae1046e,742681557
c28cb417dd28fe4d4d41d114,713277302
8e160f094a0425aca23f04ac,804163609
a8944be7383b5689b5039c87,984212619
cb7ed5960f325114bd3489c3,1008660288
275d73c7dc0fda7cbecfea89,1051597450
85c24df2d836cc8addd9b7b0,852439950
0fa87864632b7bbbd161f879,837232400
c7f422224808e043753683f8,1081073875
c51d1eff1b6d29b4164df520,1101507456
b50e8c13de383e64711193f5,401983245
1308dad458274c698b2fec72,401983245
6a1024c5da689de67bdfa274,740260303
6e426f60d25aa8a4c6f8c9e9,630827349
b80f3a46440daae51308d459,680311396
f59ed9b8ef1726f1a55a4dc3,488917009
368eddd8b6d39bcc7124a41e,539010673
391cfff759030283411dfe1a,557318110
4f140229175de685a0999773,528345205
cd365053914fcde97b7ee9a8,798904381
16a05fee8dfbe78d26664c3a,673496411
c462f0736fdefd319cee232e,917643187
b419d977b283e33c0b3da86b,1080884334
6eb27e2a66d08a8a60567272,790584549
7486ef139d41d91423317e0e,832890623
e663064dd77e3c63ab9222af,1090510176
9a6849637f1b8332ab289e27,1268594649
498de85ba30cb01e9c686081,474150054
3507f260c3c6e195fc444533,535118308
e538d52c9b2dc994491be3db,365694210
f016ba59a64f287099fc4af4,917754911
380ae516dd46442f97acfe14,664965179
c97e4d7e08db3171290e939c,739211234
f7847aaf1491103fd931aa5b,893772884
08f6bf438980d55b35ce7537,893772884
a6a06973b5a4c990d5873b7c,593308158
6e26918c69487a735a639c1c,1013194905
cfbc690c55e5c2bd8dd9d89d,835730002
56fe5c13f11813b82dfb04f8,742477154
296f0158b5cc1541cfc8419e,1100970915
6ed2970ed02a3e50ac984aa1,859679188
4c9f3af11fa91e729384580c,949665540
2ce779caef0637db97954912,1000390465
d743892816160218a63dcd35,679860479
758efd6f99db309c67cefb12,406682377
a4146ec09d782b08e8198e11,904751547
f415c2bc1bc0fdca091285cf,1164597098
39ef4fb2a43fa3bba15a0b16,875381986
874ee4f1b9c6dfd3d2358834,1145351434
e9d514f90ebff0de1936d09c,837941490
9f15c77d67021f349714806c,527678160
a600ed86cff36e636d204f39,677041396
58f55e9bf743e2e3ad43c274,877248083
af1aeb2ba89d29973f73511c,763424429
bee721e93b8d8e7cb37dc992,684001456
bd52dc8dc5398e5ca2952473,428778171
b71095bf5e80bcefafb12d52,613152101
a7f48fbdf807da68594e9ae0,506038043
50de04936770f874e1eb86c2,407762867
2ea47ef8f02712c32613fbd1,420718397
27eaac0ebf8a5ee99d143218,891550778
ee594b6bb0751dab39055b3e,630336464
eba0410242fa1e8dea90b194,767523175
a619d30d6f2e2aa3b9613c04,396467569
df58a4244134d3493f3c9f30,890130496
32dd96f4f07f67806146ec46,526565331
a77ef77ffa731e8980d36b27,690494569
a2a1665a693852185673f6c1,895966019
8267eeb41ed1e68144301a3f,730638222
887ba6b287a8b3ccdd5691b5,696776196
1fc94e9dec93d52e0062e07e,732012530
ffd3d51ecc85abff64258e1c,778877263
3eb79541c2ce9413d2c54736,715192690
fcefb2186b13c8bc39b17915,993865394
d4a43654382201db5d318dca,840123009
15fbd295328ad698d3c76aec,1163812376
7f5e87fbb4952caa0cb658e2,918970945
9d348aa70957592dbc56ef32,770705447
2ac1105447a71f68a50105d1,1074734026
d8ba9eb448ce35ed404e68e3,942527654
21d42e80f6f818eed990bfc7,1068861536
81c890b0d7cf787a091d4081,965611155
518858c561af5c13c8aef9f9,1080416732
01cda25ee8545b9fe19717ed,1061166447
2c34c1e1655e87ada03f411a,951513386
48f9e9a87e7fc0a678460e05,1162379214
76ae7be5da1785c37736fdb8,1184391122
3918fa99179953461fe07f2a,1115618811
305080502cba05a1c165560b,626945856
5c3aaf3f75d6d3ae9b55cee6,451430902
2ab263b5d1ba72fa562d64e6,824383358
6d13129db564ad15e69fd534,993865394
7de7a2a651273df62aa6a21c,895966019
59f9cc9b23cdea5bd4cc3ae9,668403277
d4436ad417941fde0aed2818,993865394
80ab8d9f157c25b40f102854,770705447
06ca01d3ff86406e896b6fa6,718919038
88f36882dae9a0487383b769,451430902
da474e23f34cb63de4ef28a4,770705447
04f968f1873a655fde8702f6,517440491
1dc1a51628b8eb1bba214498,427821248
e7cb4cf600b9d931eb295c71,470500539
9052c644813d546987a72305,467111111
1e32a8825a7ea79c28e27a8d,506378305
82f34c2a6644c4cb0649c44b,935022966
95815bf7c79e4bff3f41b233,865176118
f64f642775ed2c9f45aff215,489015234
4cac81eebdeb45eb0e8aa5fe,545742653
c6da2874d2dfbb2ebab542bf,816556744
e7c08555cb8f5c7d0f32fdda,551605499
10b7c99bee9a4a21e1f32d50,630777533
f21625fb82740d6f4cf1c325,489613233
1c3236613cf95c84c5791bdb,1049543715
b11c3a4642f7eee2e443eb32,1018000859
cd08976dc2d69110375f8541,410853243
a44c7ace8ab50de7ed8e5a66,387998237
fa8f13da6d8be3bc1f05fcee,614509204
77bd7837b02bd8f2c290c9f8,394680279
11a79681fb0a3f6eedf11d1f,644367457
70c3b086af66b0c9db4b0b96,644367457
64ea18085495f759116f62c9,642474428
ebf4bda17341de806444ba83,727323520
54228579fd8812c3ea160341,846992182
dae0265a0f2f79d3dc010ac8,984757191
7340afa659775cc18d83aa4a,1083193221
5ba05f67a77cebe5cda31e74,1023160226
33dfb510aae260ccefa4d349,996447861
82af190e32398942775056d5,984757191
a9b9263f6aafe8531f3dadca,1007718856
9a38e7293e9ad7d8462eeaf7,887877492
5852773a80f7f1b929c7dabc,1225656278
52fbef3effd854b0ad0f62b1,919640522
0016e35cfd881ee2e37b49b3,736552219
380759598c614cbe10ae4bfc,947937967
fb63e870ceb7ff355299f3da,645924246
285b8cb5e9c887794ed2fd1b,841701523
f003a46a1c8e04da0052d72f,488990172
a731b326a61043070c3c853b,772886180
d2644b46136fd95c0fc2353d,597643318
8248697f70c21fa361840755,1146954526
075b5c16441d9d67cf638386,452711733
6bb2ac0cf2369cd8fd85bc12,625077046
2c0b3d69fca6677ba9e95327,1018059413
c73ffac843c155f24985e6f6,727305627
78b57a58368ab056c11bb0dc,942389401
90b25b6b913c1bf0396c149a,506224439
fa29c89363ac9cb59667a43d,942389401
eba756e88209c420d288c4be,750631448
e7081fb59ffa298320321633,961527643
db1c3ece26da7b342eb7c8a5,942389401
f9ef8fcf24d28ce11e71d758,940739620
2f854c9df6212c39091bcf28,532370772
ccc66d77e5f68779b1c016db,504164928
47d288f8f9227013424d6976,390120040
3e891afdcb568befebd66fe4,534707412
2d1f036c96e92d9c557605cb,426675089
dd9d63c612aaddbd86676c34,869434757
13cf784fb3553f75acf25a4b,426675089
57dd353ac00d0e99abdb3733,1073393814
ed0051ae106fd0df60a14586,843381288
0997324f14c5823413463546,1145222904
e2cdca1756b1635dd1ac2b2c,843545250
7700df9486a1684157527739,568958371
e790b21630ab963a65c53df0,417441008
2bbbd9878a1e7c55bdacb330,515592545
decb25b7fdc0eb259831cc71,624972405
fdbc74fb5882051327b3caf8,479671928
39dee9b1661292cdda6c4823,835165632
354e2de1e3a81a63e7fae4bf,786934869
f80b9e8c51cd71c5be281652,379630746
a96b19e82d9811d5de1ed0e6,406891114
5e5ca2753a908aa1b7fe80a2,812580678
495b6e61d1b887f8b4c1bcbf,509019461
ad8ac9edabcf2d4b06ba9fc1,984006476
359f6a66a407e30b40979d2c,818009358
ad351bb6437583ec871b1739,915045917
262b1c8ce7db2b4aca2400a1,1009331175
6808b10f5876ca36f569a4b8,1114296002
54c74b36962edcc922573792,505933734
e7fc4e6b1fdb38ffe68fb680,658099799
1c9325df5599379a73e18053,910258700
8c9bf9031bd378c1105e3f3e,718810881
be70989d473cd731f6d8e580,768655993
46136f5f078dd31170c58e64,825202666
7055f85f7749c4646577a51a,468424379
861aa922b483f9bf7884dac5,404103912
45f18e0bb676d2495a227dfb,474976832
9cca7c1e9ff65766c8dd2e29,407385303
b2b7020e66872c8d83468cec,613088417
7634d7acd4197594271c84d5,405510794
11ffdf367d817b582d590db7,623992702
103687e73b0528ec29725f1e,520917933
8b5369b126b75c497b1a7b73,655680102
b33c9b03cc12a253e4936cc3,689170673
ab177c5d60492f2ff087708a,541449371
05bbd028f30492fc0a9f35d0,663090728
2b9fd26383758104d567d474,655582927
4addcabbe23020d3d0d46ac6,643562847
d93ba0c32244c455e0f7baf4,655582927
92b772a38d5e38bb51a3f621,853173886
135ca1dc80ae4d9993ec46f5,643562847
ed5192bd8038c77ed2e46f0c,522912062
3a878d44356885ea61bd882b,663090728
c29c69bc6758d5976024e455,465785766
dc486a3d7e9e2e608ab2a7b0,663090728
1a34acf8e509659534a56b63,675999569
5716ed7d678cc2575397174d,445768061
444c68a7a6cd0b794768d5af,638062423
8a724286cf661794084aa87a,1115638126
ff9c4796bc3ef18ae7bb724e,943082468
35984f749eeb84eaf938bb08,977467676
0998999f12dfdd50c597c6c1,811415551
58bc65fd2e0e4430fb353d83,919167606
fe483817d899e0044abc3787,890250505
183a8459fa248605b8b5bc1c,730504823
a1f0d61cef676fbf798b5473,563864136
d7d3cd587d291f389ba2e8d1,734915130
ff8e7294270343a00978dbc2,688631578
0996cb112fc3919564e87c37,952329807
f183e3651c485e0001e64880,1100041560
e28474959994ea9c0c2eeac6,1024603460
682c0a5f5f3130a61b5214d8,991201281
245663c600727f7c214063c9,958333119
dea79d1b25bb9c78d331e3e6,752263707
ba212b5f12959e34b4887315,701697295
dd4eb14b56cb00130955d021,1115476968
4c94103d4366bcaaee4b550f,1153052362
7bd9cefba3f5dab498ef926c,1308536285
1d7a2572b466070f08c6e564,751344048
a38e7af984a471331b2d758c,1065518728
b6775aefafa4dcc161eaf6d5,663756636
8654295684292e74d0245238,464245369
f0ae62ce6eebc4d07415c48d,1055568548
969219d7b193ac92e7a008ec,702460716
651d6af0968fc05584cb3d25,651352790
4f992c2a0526c0074bbcd875,474408242
9536c686b6ec514d92493f9b,815302065
5384587ecbf956275d86e60a,441677763
bab5690da7c42909464cb9a2,588780557
bc91072d808fe7b43e972f42,391616964
37cf2c5c1c6fb6e601d2f76e,369467531
4cdaece5d1dd4e089a99f47b,502655964
b37af80bba5adc197cb51649,539369183
552152b60bdc1ca16d2dbb71,828471489
32354bff9df0267a5e139156,749407803
fe4a6d7d7ed28b85c5816fa2,1106540120
afbc7773755043a40a7f9d6f,536933946
daf2efda70c6f3cd9257d0dc,368433581
66fa7c9e82a2876216b14b1e,583388499
e34517b1563d829104e230b4,364286491
222a35842b0bc09f48e1d0cf,513152950
c5a64fe5ed5901734d98a22b,488755747
05db9fc492801eac98f69c7e,387839248
6e4ce81e713a571601d861a2,549255411
79fe5105ed7a7861d3c0187c,382782394
70ea911907d320da1f7f9c41,516743594
e60024d6e0b5aa52e27a3b5a,388831126
bb63f086543cde77832bd4ed,388831126
b3c2187fa96006fecc6b8ba0,399313460
9499edd83df77bd6a90560c8,399313460
a947158782fe2832cea53040,548835661
2e1608b8c646a102e27df16b,611364922
77fbf1f0c35c1025ea4803e3,574575329
f9e6a759b069e04b0cbf0182,743959506
1e158f436f2a4caedd1563a2,672872305
67af004f80b08fae38f472eb,578744785
386ee01c3f7bd8bdb91181ad,997560718
36ffb5566bc35fbce9e42679,465607987
b58533a6850620b0960db713,464888133
41353584f956b9e316c6c67d,532321069
b1d1bc7ea83d5c584988b95c,559708332
6b1c0866e6f12f7fa8de94b2,753301213
fa4fd8380dd2620c672facc5,778348258
44394e66504a4d77587ee105,761353309
d841d6a82425710e36460f64,726019618
33501f96ba3b02da073d586d,591064833
831693b6fb81df1359e45db7,606489243
7192b9d32e4ad55f6af9e241,981260612
4f99b97100d003ba3a2ecd46,518495498
83d969bfc020aea27d2b829b,721397635
39be6f994f2cd3d68b51126c,807204179
712f16cf2506710d7f2a2e8d,630514380
7ba618fdb1fe8694eaecb64f,563804199
d8735967c942d1a7b0cff7c6,867934594
b4ef40e00d089a35d750888a,1177068932
7d73a548c2a29ef2d9655e1d,506492207
63131b8d125073c7dfec72f2,994541976
a65655a4f42564ac48bdffa4,639120141
033d3f8ff56907db4c453700,662100224
05e8878bcb68d03e3b656eb3,974073097
2ff0775d2c131d19804f2a2e,714254195
9957ccd807718945178bb847,1054204057
7bcfd82ced5d6f1ae390d388,531339105
adcc03f332b427be46f118a5,820481830
b5dd038cf35169bfd0e62eb7,708566138
35b789e1d63f8f25980d21a1,1069857406
c9a215f284e095850c809425,981770498
d26efb0e1213e19c378edfbd,963775368
9990217fa4eae1d1c4ed051a,887382791
2e9390c4423db604e1c7c4ec,786734305
6faf9b6c30b176e36f2f1d32,790370826
5b83d91f4d6364d3e4be1428,937498393
0d9616f0ac8b0c2e9e0a97a3,473927251
9c9fd309cfb505b628f84fab,1192613756
98b77fc0888335702d082f8b,1028076507
051d68945b95562009d4029c,1028076507
eb8021804e63016fd934c9b2,812538291
ed6c8c45bc8c1d160cf0d0eb,923603795
9fc8c3523883947769b2fe6c,1238279853
3e9cdf767389ee551b5349a3,529595258
512effa47a1c7a5420bdcd6e,482509581
0768e70fbda0e09b88c1548a,470782888
acfa7a1cb136e4474b7efe32,1049690312
a343e6ec6eadb287711d3834,781719936
a698d80ede6cf6243fd9ed99,1196278841
fa5c81237a94f2f78f05977d,1202049196
999c8da7dbed7412dcbafb70,1037976771
c33613eff66948d1bb8ea3bc,832473859
a642351076b7706a733dc52f,866728139
c69e08214cb1fbc09ced0971,418871996
48a20e676a060954308c9ecf,496497800
304ce5835e685778b1c2b6a1,584613607
c859144477dcaacbc1654a8c,762965377
98865eb2f40b8a30893cd351,485831156
68dd15c8e9b71171348ea24b,1041272877
3c660885ddd7e98ba5ea26a1,1056528480
c670315562766401f92913d0,550903548
777a8d05edda0a335d89e90d,658112093
81f5c32a2c2d3b32329a645b,461815450
40525fc425906c9485f1ddfc,422016915
8b6efcdb553f6e936bd90f3e,828362170
94dc108f1d146641b221cb81,445467850
1034ee7a5160fecdb5e8c27c,505696981
48b34600046c903f0ae4e6d1,965569037
edca31377b4f7299f8b45187,1149633852
b1586cdf68f36926c3bf72a2,428285355
70b15c2a38c404e62ad05171,454426119
ce18358366157fa869bf3833,493519143
6883fb90099426e6f3922909,378744416
1b7151cf29b565b2f1caa559,595580569
f2ec3a3598c99bb8c38cd680,391009407
38026eb43ff9876cd5767ac3,517367542
9f68ff98e302ab06df4fc672,523898600
2d2ee255ed2144b9fa1fcc39,829341698
029224b78e8f358aa9c38e94,523161203
88da5851280dbe750968c565,530763083
1c67456195075a051513b28c,487988486
9741ff1b895a038c32205784,939573913
75fdbee42ec89d428143066c,508868760
9f27627b9e439fce085cb01c,649857278
a4a4a57cf20ad739291aafcb,674735836
84a074517742e09a7eb6f320,698776575
28fd0437736c1b17c7ea1f33,687205170
beadf1de0732143f0699895d,980401289
b027f75411dce9c742c5d0f1,811802123
182077fd9c5142d503309490,617526965
b1df92683a593edc3f2b45ad,709264120
38cbcd7f88c1520fa083af9a,988714027
8ab5eda5b66a6c2becffad29,883900729
e68ceeb098f60054c19fda0e,893927014
e6ac4d158437142c15bbd4d9,1083220117
a448d8246781ae78dae61619,930441306
4e878e99ad2fc34400381c3d,874958641
beaa09cb49a98e8025fd7e8a,642558536
3df855d8893dbc62eabd95c6,553070726
cbfc3ca911ca23517da8c2d0,1003543140
a020e479dc5db78794a5fa77,1167360364
6247fb0e5261d4225f6c9f1e,665984410
93822a34ec8dcf104e7f49c4,950207221
17d311554f40ae8b40234c31,906996234
762e044ce9371d7b8c7acb6f,912383355
2fad468e1c248f40ee3586ad,787247920
fc25df25f4151a16cf0c90f8,1231320511
39c1613acc0ba4fe622c1f31,1059176877
2c15a0733cdb932ba8f2225f,936503639
1db68ed64501f35c51d74c5c,1099129053
1d968cecf268a7f14def1af7,1157574965
77c886207faa6965238b152c,329115862
86242b25bcb2dd775d25191a,489560961
a8b457cf82926e25cd862af1,733048602
fec1212eae4e6369d5555d8c,851364757
8f59ec48e38092ab01c23e33,890726153
490b89e972abd7e64b5ba6c2,756607571
f8f217756d32f31faa784c2f,841786411
1c2ec62e8ebba12c6146a04c,866321710
2afa1699af46ad8124f76e4e,982500509
8c1695c9a31de0f956e4ccdc,598751371
d88bba495701ae7a44eecc64,946157077
00571815d5a7f208eb3e7737,913892101
d626a635ee75c23aee2fb327,1146406590
7e3937cfe43dc906983fd321,1048815481
ddd8906ea4a22b782c7888bd,760302393
258abe0fc321f6b24d37ad86,399116796
f637a4885488bbd499199148,985573177
97f5e6ee143998e0b3fc97c0,734985835
be4b96920e3aa5c57baa13b3,365082875
6e7f3a0cb6246f13656fc95c,1091395766
0cdcd8cd52bd1967dab88a5f,571797461
83da19e7fbbca11083090574,501814707
f0cb484eb3f6e04b5b1806ab,590791181
fbf8b0f1159e89428778c847,472372203
7c316b981173919b6cae5516,542055474
d6496a3215daad9089fcd5c6,922667329
e104567c1cc70000692f502c,891399421
c4476befe0002dcd0c315993,552341033
3008e821640b33a8d70beec9,573602957
9eaaf577807d86ab64fb14ae,409331726
9db120a76af04028d2f0ce68,370232508
81e1f8b1c0e3b15f2ebfd84a,469628506
9943a2530009f62cab6b466f,548711957
a8052c48a500926214eb2e1e,521876237
3335313b9060ff29782906b6,564832044
cb93bf58a01eb262cb003061,890372682
0e04f84529d92f2832ef986f,672174241
807d7f5155bd299afbb6491f,551632576
76558d67def95bc708039f05,943062941
bb19983466b1a1184ee7ea1c,868409368
34067d9b2b4e45be1e5cfa32,740448570
1c4fab7d9cf798617fa90a19,554261282
b4d610e0ecfe007c133a5ea4,505223886
ffbedc0873b99654d10188a3,379951758
ac413fd87de33153899a1d04,497775810
83349bba5fbddbfa2db5078a,673059882
0a759932f763df64a463ac18,668353036
fd9ebf37acdbb0e4bffd2fb3,540527052
f725f6ebcc3fdeed22bee385,524492670
ceee9fd6e692196b960443d8,534195439
bc10eea54e4a1767881a2391,501662385
4ed5718470ffa3e5b5f40bae,546180367
debd031585e9527fe00f116d,820079322
23b5f2af5d39edd25db6a522,775721201
f51000446ab65417942e535d,782125318
e6ed64435c659f236cf213a8,524174748
b160d30961ddd3dac16184b8,682059189
0cad79296edb4b18582dd77c,866687808
7bbf8e16cc32dec423afa6b3,687177315
acf98212eb702c79f16bb058,710739811
1747dd033c2c2769974a06af,609368428
d54e80ee72354c70cb84323a,609368428
de901d3433ade456e9edcd79,609368428
3fea10126c0c651f02de7167,609368428
f823f6d95b4340e8e4dd0d57,609368428
ff6fa86afbf9da2aa8eb7991,609368428
a966f298e8d4d3d580a72d99,609368428
5b0918cab84af6fa6c464037,806162683
bb1ece5366ebb2ef9d52708d,442479471
fa926bec03068764c8545d41,518894142
3bb987adb4ff573ef09b8c12,572521228
d7fb188814d4c118ccd83989,467383089
ba511b37b4bda08d191c68da,465257409
3c2f62f464aa5c48c470bff2,762961050
3256c6c6f30aea9cc79b7283,835473283
9844c3773f7a50c71f218e99,943842435
23229e392dbd8fd9d80637da,921429173
e0f47a028df2dbe9129cde7d,1085768339
a12f0f00148e564ef78838c5,955249064
d3ace27450b980262ba9bf76,1090498536
0668a4a4521c783a2d817413,736865493
768f69f0241fe339b6f52fa2,731398175
e78ef4d2b165a8e8781c258d,517476374
631ecfa47fe167bfaaa967e5,419419315
954e3065b1e8b31a68f6d4be,654343900
e81c5c1b820636f691e5c5cc,768516757
b4c779732e827ab2fec8e8eb,926882583
b58208759ce1402501f68906,829008238
59805e5f4080246ac1d92b34,871813351
a3fd38336516b98117e328b7,1112284924
c0bf06891690188e17ceeb8a,602663292
efc8ccaeb09a5e1bb0bfe011,843438327
8e604d41e0cfe9c93ad536d8,1155838665
f770b66579bf2b55a714c43a,879480561
4e01f07ee4b1241360de460e,1229779040
dba1be42bef913f35a95735b,741922097
d839ca90c5df85e5cab54ea1,731102678
ffaca67ff9f0d7cbd5bbd295,1112976438
6f17875bd3ecf00566dd5c1b,853588295
10d01825744060a7b777ee4e,642300947
185b333862e7420f25622efa,814633621
7f7141f5e1a7964ac6dc688e,1030944786
adae78b82caeb073d84f02ee,951231174
4c0f9275581b5572635613a1,462039002
9d6810aa1035e91b72de6a26,540763564
069798704327652a899a189d,499958452
2f34de2546f13e8a9dee1edf,742701225
8147da5e5f53a163443e8506,576590637
6834b61ee23cf04daf4fb83e,1081121764
59cbc0e7dc6e6922feffab8f,866406453
7cfe5c3f5cb1bf095eb2c503,536508865
d916219daa90cd2d99edc609,775152100
e78ad3483c5aa5a7a4310720,580176006
d048fdc255a5a7f474d48c0a,1003764917
b76a3fe6a49dcae6e6bf5815,786085711
75fa60dfb737ad50073848f2,603712755
83c1d0e2b8826844416abd9b,806660888
8c02948b66db263420c20d3d,1162361336
33ab442cf58cfaa33eefb6dd,381149765
d379dc03d78685ad14c647c0,477359505
5e36efb290bb265d81706bd4,682441307
db534a5f57e92d29b9e150cf,977753927
5354a816a7da90e205448832,421680171
f0862f57dd6be5e7659c65ba,719547355
7d58eba13f418d890ef563da,646220527
c2fc3f04c3870e14b89d5fbb,794238787
15537000b6806ee84d4615bf,1003760440
e82508e88e3f62fc8e67dc16,947686988
86ee57ce617b2be312a9efd6,928613912
6bcc29a0afc735bcf3621595,1064444171
d79e2addf7c11180be222103,1224798421
adeadac88e573824f08efa21,754504358
922c37e46fe9e75e73fc1f35,685742448
5d09f2d1cc5fec761ac4372d,936312149
8c5aa3c826f325a9a6c6f524,936312149
fd0c010fa0c4b84dc75ede86,933569262
c23150d0aaaf932579561998,816984910
163405cd6248bc3e832dc93a,645944818
eed12d0c3e65e9989fc4f4bd,571410995
e6fd53315e92a55c6b67405f,450125049
7a3ec914a15b47726567af96,570724020
7f02f056d5eb4aff92b44659,572869717
2d5d9119602c228b333402a4,533402843
43fefda5a3b0781578d9f2d3,720178562
513211d9f07fd6645711ae31,428010848
c3e1e0d2618556de7df13403,541026514
b4a4d705930d9afe896dff17,545368081
e44b023e39910ed29f4dde2d,578453424
4e78d095988a92642a1bd18c,483192669
92507b623f039b4ef5be8870,812239286
e216fba4bffe753a527ecd4c,705230043
24a4199c17f9c56f0b3ed12f,723584398
6bbf09c3bbc3e3a000cd2afb,576590637
b3d45812baa819caa1400255,648480098
2688e4cd1fd441d1da455504,670084038
5dc1fd6ec7ec8c8af71e3b6b,1024030988
f7b7e298ca8fb75e11e92999,707720752
05b71daf88eff5ae8cf5789d,597625875
e8a7ddb4e5d43d156692326c,1049114797
632820af2a0477aea5ccfa1e,990602352
43a3fbb8218e73b956ca50fe,961563691
398c195aa41ace34a16b0d7b,1001435129
ef3887783a12f591198d6c27,762298667
e6653cc1c94306d4e56ba216,625150951
166c21ff83e97c6e74169d92,948355420
d0fccd2708fc7def00c72317,946154913
d66bd7e4bc7b51d23af57de2,1180978856
8b47b76193159a21c3580a3f,992171728
448d159391c38e4ffcc405b4,453495551
9ce7fb3190866e6a02e01e26,466589109
c25f892c01420855f61c3dd9,485631382
2d5ccb12ebb6fc7d4ba462b0,543573015
9eb4041ed9e159ec0d890de6,505532128
c342f6492f90ccf623e8e8cf,611924434
c3a78d9bb10165d9be188394,659373255
1978d8fc2031af21e98a4e9e,717245082
d6d581e852a025b61cffd6cc,857284721
ea28f68a1d1d81d29b88531d,709290115
a3cc0422a37512ae124013d8,824104273
073a3ae443f3333f0f526f7e,700398995
57238dca767ebf3a842c5f10,1209468654
113887ac25fbff9d30fe8d35,750658138
fed1a50c562ffd7f30451adf,532815689
b1e9075645f4b374c7301346,809018838
6517c1efabdea4c1f93078b7,464329925
b966fa606a3b50d3ac7249f6,1144773012
e0ad3e9588636f454e9e484d,852902235
d7ad46cde8eca723de6510d7,1028580739
447f51e37fda773ab748814b,758422346
a6b992c9bf4eb32ab3d1df4e,468834545
3a9c7ec02f3e7e419669fee2,396536378
c908280d0461c3585af94d53,991010059
b3616a055e722e3720cca48c,993396441
45a8f6d942533794501d775d,797230366
b6da1db3aa02debd11e26edc,617145332
6d12669907d7d80d0b458a93,722642298
5122b2e9638d3438434fc56b,1186956705
6367a127b452cfa27043f74f,765826631
fb3d29813052141c015669c2,456329112
5fb76f2095eb1a5cacc2524d,524217641
95632ec6578a204881694dc2,463988615
846b75324c0f3cbb027387c3,923463691
940dd8311f2b49d4ec212fde,582890365
bd0261ab68cf56950ccdced9,615665859
f79f0c23b5cb96b5d022582c,537499440
795cd68f9a5ef45902712524,680886892
d908973d90db91f772890c9e,396270487
d670be6c848b1e92abbf415d,397836397
87b940bd3dae37b9fdac5d4f,429022813
8a7ddcd0c452e7993bc5087b,520325872
8925e22f8511be30d50545cd,889041125
1342c307971094041c9c240b,756607571
385488342bff3d3587250c84,897219735
f8e25b7d7e93c45df1b3a4c5,1098376535
fa4f331f05b1488990a69ec8,887877492
a71d187784b309d65cea0b14,1110604182
0f44b84024412099f27439a7,781342869
0ea1a5d32324d270cde1993a,510029592
b13cdf9314a34852e8db4221,624156331
75e0815e2ba7269a10d9786f,421109729
f42b6680baf774d27fdf1e48,683390142
5cde1a59393643d7ed4e909b,837357677
8736dfe0f1c6e2181b0ee31e,871062163
5859ec20de4a5036292ee947,844781753
1eee0ff52c53f04307cc3216,690769987
b455979bc938acd34a580eac,649629831
6921133528bd6fa3675ce8de,759367435
3d266736d0307404a5804073,501578401
f4f6e48b618064ced466c302,462025869
dcf606270a4612aafc5f9f29,597219695
5e455623c380290e0a8e4e48,551309317
ac3c9d9357fbe72959817602,631186281
f48fb9d9c42b0ebee72cfcaa,465824079
dc99f2871bc05ea7e8a97d72,652148844
b5cfd5eba0b6297cefd6d3d5,871552600
0dd30227247f145bae82f96c,1111586063
9f347bf53e4ca4d264a45241,670790599
81406ce289219cdab015549d,984674255
a085fab6d9b9d8c24472cfb0,1187431554
1fce0e993a57a3e3873b8d7c,1186383424
af67d51867f382dcd9cf34b0,864990722
432f082ac51bb0d39ce45b0c,993199436
b6281efabdbff697d70925e6,1022596063
9215d29512b14aab6178da01,1256947550
6218a5d7267f02c576e5bf16,583627404
d66cca2c8e08c89af26e7622,989695602
ad3b4ae81c322a9f91381bea,743413611
3a40bebb521445fcd32cf033,817334988
c1ca38f941200a9d666aaedc,476609594
a1da74ec074df16a1e8690b9,1138079075
502154647e351af240615b98,598705279
b57cd3eb0290984f061e1053,590341220
4db632fdebc000c9e64a589b,630969932
e380184391898aaa2d3dc540,783997615
dca45f1c1a79ea5ebe639920,1005805232
961de1cc8601447b03682e1d,545368799
60a4f09c268e61fbbe423ff1,399390667
c3191b6b40191009ae9f4b7f,1203192013
478ac408d2a5c603aa23cbd5,877985946
ecdb747ee4a3ebf958252309,825433723
6c36e346957e336a33a7708d,633508065
09b18e3f3cabb7d5469a8d51,830243223
f1a5856ba56e7b12cbb9459b,379944878
c378ef33f40f8be9263e517b,789836545
b45911f1875da543199e97b6,959840555
678c70903bcb6c90e3578d6f,883622238
be22ce55ba31cbf7cd285e5b,611742565
2dc58e6aab9399e9677265a6,1115810821
dae55582e86b1f514a4ec3bc,954345094
c119f62348e418d9ada13362,938169505
33510511ff07dc7354cca7e8,564147262
16b79a8af9d6376c73c2478e,903198540
714f90489426e80933ef31b3,576465044
6c8e1cda487c9841c8d297d4,618027306
6d9c4bf994147d8892d27f27,871705263
1b300634b71b898299c54671,815317448
181caecd269e115cb5cfd75e,541159151
059516a91f938d2e8fbcca0b,797073752
c42ce8f9f62f7a315e028e3b,593084177
bc23e25cc246ced4731ce5f5,781175205
de44f54fd6b1b62f30956f5c,715632343
2ef897a38b95d7b769856e78,627518495
2280b5f7c47c3b36924b84a9,600540156
16ef7eaf29eab571e229e537,1014939258
48b1f800656bcae6a9e70802,695914704
b4aa025f8813a3f0b132b7e0,485928883
3c6092e8458ee81aed0db0a3,742873985
d919dc64995903c9120eb61a,761027131
ef53741b01120666a08db213,780511547
c3dc5ad23dc8cfce0671adde,776081955
a270fe47ba30ef0056ec6c4c,405506814
f550bc7ab5992a6fb48eb60a,1214027300
28f980b3c741866e0db5b761,856572229
c2ebd39857dbbacb99e6cc96,951958907
bb9fa21902daecf876c0467f,782057976
fea142787b18327108ee8929,640433779
a1647603f732f97a99f5ec6e,938451568
775f25d8144580541bf2746b,688286700
527a8fb085995119f846a5d1,1027584487
8b69bb9fd7f0f19a248f5cf3,523509829
3b14b48188fdbb0917414039,516799807
02259637b8ef1311c69d3d90,913373321
50eeed30ba674cb079689afb,531586133
5fc3634e1fcc96b9215a6cd9,961903235
23cc24e23a1d74159ff78464,835730427
44551251fe345b31ed71aa5b,589765530
82ad984f02ccda30bd60da8c,834139309
5734cd4805f5c055d36ec645,725148661
fc7ecefb27bbb5c3e25e899f,419337459
5ecbd5b92092264f4e9101bd,578835075
83a8d9df3a535fd273b27c15,944141404
d76fadda8063e44483aa024e,892268896
a15bf12a6b8749ac8f9de19c,395393360
a3f32d81f4cd99dc85a16bcb,522258254
4029115038a899d98dc93d3a,1102446646
2326bb628b4a571921eb7345,805033747
471d6fb8037049e1e4d120a7,948526347
b73945103f07da807f7a30dc,960274269
d6f4479f9226e52c93d70eca,654058021
420b03095062d9571144a276,894961372
ac0185c8f724ddd40bc0d235,674275004
228280554ba149e60f81d639,806709057
8a44e15417d8e520a99454b2,478155961
8978ec4c5b2f02fbc1f57820,1087176619
2ab88dcecdb565b6412f5bfa,504899605
1dd6f560c804c4548561cae6,1059373798
90e94b7e392f84e01a5f1551,994321235
84aa7d1c2590f37f0fd6dca1,511868145
0821fde7debf7cc445434024,413099748
b9973b07c84b99dd1018050d,485823894
169013bdcc2ef214e0163ccb,554510061
3c8eaefb3f5dd8d4c9f5386c,728195507
42d91ed3f3615247f57ebecc,869217876
a7f1397df30d6521c216e331,1089363631
f6c6ee12e338b1f9730b6e2c,511851364
8f4687b666256e136148c3d0,1089363631
925f83e20a153a1e094bc606,1017347014
cd270a11dd8257648d1f0444,797216977
ab11db71265771ed4d9de64b,386096704
ec199e33b7557dd669fe1aa4,362949039
b47fe4670c6b065a9e1db429,508647006
918947d51e52e0caf692f22f,522129185
070543b03770991d65cc337f,987740484
f45dfcffe189327cb0d303f2,917023853
d2e7484c81358d4c79f040b7,991772889
73ff3a6b0cf4f7ffb244507b,984212619
b0cdf05097df437354564bc8,406638039
33ea5de5e8f5c639a213414d,955487527
c94056bc09a4bea0e853cc41,600373281
6d5a91ae44cad7849dc4e969,851504559
b52e0738dec9d2f119c75a9c,584154912
0e35349077490a01f25e2ddb,929214237
9a5fdeb5f389590eb46e7aac,1140245242
337c81be4cb14d494ca69db4,863692331
ff28f1a1ea72e21acb157f08,968464538
e83ef75473fefbf8d7e52302,472504688
6d3e508ff42615eb78862723,792593826
3b7ddf527979726fb8aa1683,484703201
7b08cade91e2be20656ee856,611668571
59cb7abb39785d5263a156c3,849205354
bc48ec7245297b4cb85dca1c,966054665
0f366a36001c0766521b9dce,579668939
6ea022e53741adac484c1798,880896359
aebd6304298f84e7d440c379,1065764255
c5b333e454ed6e93ad32d96d,839670807
bcd31d201096351079cf7ce4,595972785
46cf5b18fd7bac0d3332d70a,727719415
1dcff645d389e7b687a498f2,778077950
cadbfbea1d03e6538af648e5,486895462
9dc0c6ef8389978be58daa59,1076427209
fdc00f6ebd155e84a387878c,485823894
99c1b39476ee8e2ebfff6ffc,707338305
8930f231a5b9d8db14e9c656,772993055
2dee15f1b082bb986f8d9513,589621126
346c734ce163296a07526a35,653293074
6079fb3769f843e99b47988a,624685224
f5802200af1d28eb48466c1d,559189761
1f8068ab65469ba56a1f0c4a,558808454
1ee45a731b6f0242b6d2936d,627257217
56b7a6da82134b135fb7de2d,769706870
340c4d762f830197fdaf0977,921419228
1bdc0d441e63089737ac4c27,694681797
b3d82ceeac64b64142286375,504200662
947421747f33db213e6b1326,654636480
bfdbb7aef98d4855d459ac94,680464380
80e88d50c151d5534a57f61c,971396189
d0f6e19e92c03b40a5aae3fa,1192195211
6e2a3e49dd6434ed01eb5e71,761693130
89e2d612654b3c792311faf7,766571029
29425249fed4a74ada083dc5,482541398
fe0182e1795e2b87eef4bf41,672527100
dc9cd30b760a1280e0318512,822801436
d22313a06e43b8ab8f6672fa,520174805
f91cc2e5edcbb704c293084a,1253061696
dae776f643e809387148900f,1079378254
e55634fce84f78466095e730,625322180
a507a938532411f06c57ed8f,912403581
30f3b383f2d5e4709c9304b1,1101804716
aaa43db51d1ddea564d1bd2e,574657937
b3e76a0a1fcacd0218c17908,484957912
e548ef7a5650696c0e968cf3,837620696
939afc1f6250d528b0be8e3a,783463756
405baee61afa4b08dc25e586,807114526
0c4781c598c06d538c5fcdf7,836088065
fc321e2d9b4e954e80805be2,924378339
dce18d258c352b7edc60c304,609523088
7b0a2bd964c04d01387d78de,894484355
43fd6b5cb01d05c9b1db0e65,959554746
cf0152b0a5e886e8291ef4a8,695737582
d05030b0eb8931161855450b,980406723
281ea3a3fab48c028721ee1d,871206856
4fcba82455866a6931590dec,1031701884
ecc5e3781d5e004ceef8cf76,560894015
409cb370961c60bacbdf7416,363200302
54445913b2dc2d6ba35abc66,566425850
51a8c190ffb673d4fc27f4e1,921355479
80e7c6b194b3229e3e2b9aae,708416706
bbfc9b05caa647bd95b3c88f,714036789
128cb9247755abf5f2801431,626818536
ac180e846fda5cd7f1123f6d,990008133
1e7173670334937dc61243a1,1043275259
c2555955d5175b31e5f783ac,699492697
d87bbd60fdb8b84a9fe23ba7,609119557
825012911321d636425cd0bb,1040195700
54561e6ed5570577ea97eeeb,978087760
3a2a2df4f07902b04b809125,828840608
ea7e3ba584cc5ee45ff8ba7b,1067009238
25093735f186b70beb018317,928408393
7fe1adc0a5873cbba4b021d1,1041745915
461749398bbd48d69b444d7b,532033535
eb8f668912b70fd554c8c723,687020285
e2f00293305c464b361b6178,676024112
02a0a38b45e1b196165b0098,524747233
0e6dc789744b678028e74d56,659603930
58954e79191c62ceb1ead100,1207360680
23aa0804aabdc61650b8562a,770029480
ef64565957b5278185b2429e,615038490
253725ec3d7939088faf71b7,487394696
a9683df184aa8b4ad5d0cc5a,815183066
3c38153bc36b364b92548965,648191877
286cdf6dfcd95ee9edf73a93,384698616
df93a6e36d9f19e252fa9de3,589325667
586fde402c82c1eb5a74d634,522151683
5fd3b0299c0d52e48195fbdc,483442930
06d33fff99a62c330ef2d585,578158336
df98fd10dd8ae59956994521,395290559
361715cb422c5fcd9125d5e6,529316112
af68665ae8711d009e8810ff,537084819
63f3295df28c02953241e2a0,711646768
62d338c26b44153bb075b234,1089314889
41a269c661f20e443a7a25f6,829973519
c5a8695b7aeba06e46266959,692679770
17e5796a30da5eaf310d02b4,641921286
69acab4a6f82ae943850b9ae,680340768
5fc3ffb33090bf75a81aad8b,761969028
02d89daa77bb313328fe0c4e,526807769
6ad1fb94accb91bbc30449c4,525443515
a1cd215fa99b8776818d0b0b,489897526
0553a3aa7d961ada6dfcd52d,657615041
c6ecbe7b57db2db74b0d788f,803417657
a4b23fbdbc7bbd45c5ebf80e,961650482
3bb15c6313ee70bf4d88f4e0,624070822
e05c52c9c8fcb792ace06b61,528777771
5fc77edb0e5bec0ed8e72a60,933860888
85e15a0a63ffe482c68ec474,1281717387
859025f2f41efa521a74a00c,540880922
1672a21e6b2d8d0525df1759,498835550
7d4097722aad95158c51d24a,552485340
174fa597347f2b1d3e9016e3,732761586
3f081fb77ad08f8370569bf9,625845409
74cea4c9dc0e00dbbcff8b1d,998368153
4f5de1bc90694fedd216ef40,1258612667
8fa4be9ac1ef719dda1f96bf,501722076
3db3b80a902c10004cd3a3d5,1118857316
bf02fad806fde4e3575e75c7,726622245
edd2afd07fa1305fc3126078,469463662
bd5d2030639ef16370cca032,754478099
87e74ed42a2c8c97f7bdd239,853261662
d1c6037d0750bcfe47d425a5,400466132
763c9a528d0f99f34e5b0031,477641700
8b674605311d296990ec72e7,491589268
d7cc3d199e538258fcc83f75,491029350
ec6ffe86e9ece6fc03556ea5,505325807
9762ecd72557ad6728274e1d,652905416
49a2d111903c77053d44573f,609509976
d06ab7503c6deaf9cd405f66,968519745
23e7dd821ec2601ee2c6e353,1179699846
81519727c7ad9f60d2c5f224,1055619974
a4a5b6a844c14b4eca92dc49,1174274316
7e647c5e0a7d95ce87cfc8fd,1051028183
7a1bca1ed03e7cd0e277fb95,483520264
03eb8da7205428e61bfb2845,548644381
82780776619be0eade3d72ef,485690109
4c03afca943c3f2484b8db6f,483520264
85d731901b48348f57932240,831595453
739de8928aab4ec77a1ecb0b,592665995
7f45d3809b08bb32a45139f8,519141670
cd14f8aa1613d754221c4735,679872781
537a9a2dd0ace0d0131722a1,826168402
2d4a781f969a4fa2a4f04a7a,852277216
e3676f99542f27c9037fca29,843657166
bb33aa4f1a7732fc8ef19039,436936945
9f11661702873852a3d65ed6,433094249
d7f22a4e6daa572583e02640,386584014
f6ce37c42fad91fce47758aa,401343236
f57cab248d2d832725d78135,519916001
9d73758bf7569cab4837e49c,768034342
322bad590ae06fb48f80c533,469865776
5a7b67d4c79ecd83b7ab66e9,927442880
8dfd846e6df9a040ae1188b7,519977413
44a587fc89d6b6489157ff49,1132655546
f9ce5b7edb104d4e8407a344,612803189
73786d11f1fa714aaa9f1f90,765194572
cc72295ef156cb2d60d6b10f,1010380914
c9851396352bfeb05fbd7580,950720514
b3561144c745ae3d329dfe1e,533838496
7ccaf332cf87e07b38b340d9,956145094
d63fe229354bef8b02b4a934,746350232
2e0a8235637e98dfea862909,853742733
0a1b14f320e330b405b27a6b,985058283
db41266d7b500a6daead96cc,419027849
364b8b8759e3c408c4005021,599089065
73bcd7efb7a25587bb1c31ff,568638212
17060f24d81fe2661c7628c9,857971803
98318f22c00ab335d8aa23c0,833366475
c926feb307c493aea729001d,403708783
58d92e8a26589e37b7123716,577150418
54d11dce9374378326f7ac62,563239275
8e79eebcff019c3362a76a26,856745737
02cb957c3db9ded3691a9004,629448408
561689dc0f267cc5011ede3a,753117158
1533da89d388196f19e2c5a3,830928007
069ddc5d1f3c855e6498ac50,373448130
d3aee2a35856634eb710efa9,531734215
4bad966abb5e8c4121ec69fc,828568793
f059e39d22124eb9e7e8e20c,1048696082
3360f48c1ec30dd1c3175101,523200534
2218c6bddc994984cdc6e567,456739120
c2a9b4b389ae6f20140e21eb,897343842
d135cfa351ed6abe4ec2033b,560337220
668e5bdda1f4011578534f54,953660632
d2aa3386ae240d7387424e07,523255543
e4f2ec7e2f4389c1efa52c0f,550376244
d4f90a6b73b1e179d3f8eb70,471648953
5738bc8873b341bf92ece0db,558067346
2906d21b1d96a1ec43bab50b,856330725
4e1bfbbd8689a95fc97fabdd,537446163
78410b0193dc989de2d24da3,852539531
fd7f194d9929a6f28ea57cf4,540905872
5e7ac1ffc0886c27471d1a54,510788365
879d9e3b4ef9063de41ddaed,501728752
4bf620c6c6d4c916bea70e81,841759305
573bf87f57db6e037aeb94b1,1060291315
3ff7b739ce65f0b3066806ba,1100374721
a456f85bbae3f189ff424e8f,573233108
6683685692e955a8ff172c89,774733469
82e1ae440b386c7da3a580be,955475886
efd178c4aaf3fc9d05b8dbdb,535562008
55ea155410b001104518e992,530147759
32a10e550bf7095627d17da3,540583952
823124264778e5ed64d8664d,743039166
fb01d990afd25ef96ed048da,1041784369
df22426db407f4c660681c7f,852837296
44fab96fa2ea501e0b94548d,1045038916
871204bd1b3505acfa632954,1102700223
3d63320260d150d134fe8648,909182556
b8b9b90d5721a9ed5e72b328,422160658
926d12cfe05643554837664c,370046245
cfba6db03f0e38d1aa0802a7,641698683
97b12012ece8a740944aa547,914793503
8de317591cefdbc375a41483,644083251
46d34fc9a8edcc199a537b30,998311620
262e3b4091dfa6b71af020ea,1045177672
396761edaa353e0828949bbb,428879129
8c18d3417886c150136a03ba,418135360
f053d3918234bad409410755,530781125
8f5444b81998e52ad76b3ddc,739850617
0daf89cf494e0f40a94d3e5c,771228454
dd8c289ec872be3fe3352313,639059497
f02f6c5b97b8e3cc5d5a74dd,713001364
5f39cf56c4e1bd43f61ecde4,735582641
5e187b07578d582ff3d8e189,790923703
bd018b302f732baecd085ff0,1033211852
674cccf4c7772d6091166aae,957555407
38e84c560b0455548ce186e4,982139983
d14173913bf5ed21e3ab50fb,558916925
cb8844cf2070d8697bcccf27,500155148
6b44648a905e7f4c0de6c855,619023138
148aedc984c7f6831c7f9601,528260251
ff9d1cf7bd90c5e47a0bba3f,429794361
9353136b0c791bec58f93ad2,504705176
de2137c70bacfd5087bc5c68,662991018
12bf6b9badebc2902cc11c62,477448158
c0706c78d5d98202dc24e46b,1098456986
4394a27b21889bf78927ddf8,483275147
0ebbe9d3831727f90d677ed0,1065696958
caec584b5b6998684bbc6a70,492949820
0c302f1c924f8efe0b6bb58e,776104128
e056ada7a37336bbe878f38b,915141705
905cea21c0ce1cae97fe86ab,1033029353
e286b12e5aa7929334322842,859498865
6cd4e68300a8bafb9d22700d,830716442
39124b1ec419566a371af8d4,1082540302
6110b5bf07cf38c437c7ca8a,1092145559
6f8a22e4dd21f44bc6d383af,820003329
71eebcb108c4828b8bd5b84a,844371085
5d61946d53efdd9bd0af140b,821940660
c0620585c12f3d9f1298696f,521462226
d27283e3c941f8fc256c3f4f,621106933
2acc857ede19953734600dcd,529753933
32474481a0f8af34a4edfec9,459368662
6720db016112cd2a4a5e0358,689119575
959d0cba47f650933b9a5168,973619543
32d2c5f1707b00c93407a19a,447859349
0ffdec8eb5272d9fe4775251,547773232
c77d7a08d5b9abd4d3082fb5,550079242
a3021c7c465dfdd38cda9f9c,808943705
aa24974831a0c608635bbcea,716321416
eeca3f5c399785a1cf15b1c6,675301734
0b51fb3a65a86d7799f27264,356676809
1af16b7f14dc04f05edf71ea,508421410
e0d7e4dffa0f3dbc40c7da53,634630683
cfeb42023e2737491b3e4283,1097998953
dd4e23681e00fa1cb9a679a1,549018225
153c89081fd85dcc66a02421,769888998
f25b2ce0d988bf5490fd780a,375606129
8700c9b62ff5a5c3394b0bd8,750556291
a53b105919c7b46c0cc1b003,649938379
1c835128915211131bc561ab,560634956
a0c6e0c6fe41e32b3bcb2b26,796254428
4eff2f2297ce85a0a3964d2c,809451567
57062f248424c47282d3da30,638588592
99e860bbf3033ee4654d393b,752806218
db8912c5c5e5e49431b2c85c,704686969
3151daf55106dd159f27a8b6,460931605
3e8a4318d93b1fed4c48f48d,1029988270
4c8ca73cb51a58933de61f0b,629175078
925754da6fea9c9cdc06e18e,730138841
05119815bd72ced29391ba87,951275802
aae7cca10bd7f041c8e02d23,591245482
4890edc33a555cbbac71795c,754386188
902fbbf9f5037be8759775a7,947328910
d013a0e910b1fe2e3913af7a,827826366
9c38b9798313a3091d13b340,800669525
f04d3ee8b175c8f2f30f4f39,1089030842
f0f883c45e8470e74280e8ca,770913214
af820361d5f20198bacf839c,682213625
01636da0aa2bc223af023a13,629544651
cdef6e87c007bcd9b4efa9fa,1015658369
1d45332e2f04df18cdac590c,565556644
db3dae76fed5fdbed29862fe,615785252
f36a379e0149d4800e793001,760123485
30d2ac3ecb8150e4d4339d1a,1042570657
7f78955c480d050f2c8ae3c9,787000196
cb1dcee1f4ede0877be1ad15,859582327
a32d2c51f2bd5f23bb519d12,945800534
bcac2a4cacf13a91805557c1,562351447
a21afcc258e50a538dfd43ed,452873793
7202b83b651382e2630359c3,548437353
77d6855eb6a30d268e49eb1a,518190236
204ddf6ba4822d55ba80f713,406165272
e0587d29cb717f725e991ef3,770848260
c606665f3a3f70ef61fa5cf0,1021244365
44412a9e16b2824c4a520a72,502891527
313abf19d78b719cce4b3188,766627808
99ad7b36c3c916393e951507,597986077
c34c2aabac06323fa180b24b,512399242
37f39916813a58b844e17833,872976756
6ab7f97fb9880e48fab16a1a,604306089
0e6c74a0056ee94b10bfa86a,791752793
7fdbc3fed9c9607e6d01e958,631736714
01018b9796a105be650ec802,800728292
16ede6f8833a93677d05a131,591567439
0a53b0b7c365879a6d2cce39,818032125
a293de027279019418c070b5,411473817
973ab56a202e039f5ef37353,609090611
3e18c851788fa8724ca8b7cb,507392065
0a4b0a004c894654663bdcdb,1026318316
55d4b530b881abfce2d03e56,865251375
405bc08707001684d19f6edd,880284982
dffa1057472b06bfc0fa7a66,1169539760
d061615fcc6355d79665f9a6,738612100
6cd96d73fc58b1502bc6ead8,934912520
db78a3ce9c6f6a7f4ecc6853,629921835
1498ce1c1bbe2e89b84a4a45,815263592
3035d7ea4b71d204b588dccf,638068787
2b8e9560dd58d880dbe77c61,773529072
e8948741a987cbb3759b7a44,907641562
20718780218eac9668776956,691758680
c0a9e3f5c57cfbb4aa9b2357,815228590
5e9e9339fe1c3a06470cf7c6,832408982
f852e0f3fb8563ea6918164f,1083027753
e38b4072ff8b856487864f31,1101570984
8cfa1121fc87d9483ec63611,1013751600
1a805101f78cbb783e6f919d,626762003
98502628de3c4fd3905000a7,551453551
ff7ebaf86962fd0ab6ff41f3,558725512
69442123283ab024a911506e,985376938
ce6e91b53465250effacca98,949137164
5d42f42059617a5ca7ff3a32,570145744
01edceb6c5afc2af1e129e86,371100728
fdad0c86eb89fe93633c8571,439553394
831725656d9df81b63c0ae38,649526720
d1f8eacef9bb4d300d086837,1166124694
3b6d88f864f6c1759f957c73,1413410135
5a38f908d8d75c5810280e12,501266126
c7c835349181bd3f0d964eca,1095577503
edd4d560363f7575aee42d39,962975333
8f3924eb214f5194d21499b2,874895279
466c542d7825d36d18a86486,596044998
0b71d334a6db66cf6f1a8eb1,789581777
7a91cfb02df63e4396b15aeb,483503963
6140125d2a94efe499a6941d,499600449
080df3efe1fe81f97e74c4c9,411810031
e148c2b109eecef0175b3c5d,535041655
40aaf6665b489033ba0e55b5,1150111511
05498e49d0b875ae6aaddd83,490152140
397d0f6319465fd7fea6f710,1037684559
7e6d8c4742b38854d819696b,1071150746
9a8d13d56d677379ebf9a347,1085671293
06bbc353bf62fda3b3786fd0,648568607
09fd7896d5445f422892b196,880674624
57c63e412f3fceedd3a7e698,614066770
32cb6246cd94f962f780a1fa,379959383
b0f9bfd521802b0d2586300b,895112284
2a99204f0a53c4a4d0a2393f,765747615
7651626df0e2e3119b801466,687140948
59e48259a076518d929f5db8,429288493
e7b721ed96269bb195906bae,393770462
61c3c304eb8a06b5a483efd9,923321962
3c26b2954be250bfe239db68,378835195
0df87025a6351b435958ce95,979426663
df82719238ea0e102c282c09,796383849
57c74f7b9bc5e33cc823439f,942527780
4195a9d13c0a526d7cc959f8,770625187
0d00fdc440d7612434a6b91f,668235316
0c91369119a06c40623afbb4,589384748
5a6b30b4d33e068d421bc2a1,854104741
f4beded3c5ed9fd6cd5177c0,632772343
95e561c7292d64305a2cf4f9,1053277326
67138978493b84ff42daad45,502491139
7da10de45c866c7d066d2586,504515845
3c3cc027fb179e91a46f11f4,386234704
df3ada98307fc85428022d00,503682050
e029c89d59f2caf4af4bd908,621574827
105d05ab3d5334b976e448e5,690147127
253fe7aef58ea97fefef922a,766070651
43e11f10650837933261fa7e,640808388
b111b17ae1fc17e3491b7a5b,686011570
63e1ff737ea11ec607ecee08,983374735
ae703276c49b6a6a9c39770f,1166520823
799bc0f95ef9a23fc16bb1d4,1138052058
bb9fe73a8742dec9b2e79135,1067957674
a9b3d963a14c2c7435f30fbf,969941095
7a48bc2c3f4aad08dc7fd5a8,399234815
7621f476bc8040270958de6e,725154269
c49644baf8dc51d3f76d7e7c,937408367
8c107da7487ed0cd409f4daa,771566629
1bc8874a13914055c2759a35,442968485
fcfd6f08490be39064aae41c,521698020
23178c72b063ecbaaa04b37a,590224580
10bf1c2d1124f6d8f8b9497b,900416571
c29b30cc5db2ffc273e4cb14,713956705
f7d11c2601959921f536f804,1027610906
acbb07a2c7a0e39c0102b3a1,767502106
844e127aa7802cdf75db074c,477570287
e2d88f49873bbcc5476f4ff5,649657195
42aa1e6f6b8220a63fe165b2,1168023924
ab1c43d6fc4f08e315e322d7,975101363
9299c976b1afe4d2c0bf351e,938606384
cd62ad28163c8df131a8f2fb,530474042
e5e06913ec3c851340d7c91a,768230726
d9b46a34e48e04b5a3e026cc,588953430
782a6028457ec55d4fd5189e,597346376
11a905e4e01e7d15d35cbb82,519463161
3b3e423e248b23090a2897ee,513799926
5915093d458d4b6589e86f59,592493095
3d162a854aa05447e2cae0c0,859925619
662a3e343a7e207ecc09d6b7,630826761
289db1292d4ee40a1ed6e518,871816420
d43d2bda7b6e4d5177c0d032,777527946
b57ebf09cc691bcf009ef115,1101708786
21f5bac85d5eec57acf501ef,758521844
2fa288389b3031d595973793,855086877
c900d19cade1443983274ac4,1108657255
67bd5b20df7f2a9cf4e04358,563681871
e111bda6d24089dac82907ad,375830487
7910ac9782a1a315f68799c4,614255699
ee786b818284cb382c755e9d,1015947833
f9b0a27bd3619ae88ffe5455,570269444
ad1c32cf75ffbcfc842e3959,364518958
5648633b1f92de1ddaa7e7ab,591122398
1ba481abe0d3890c42884d97,563681871
ce60e2ce2a420052e67564d2,776744027
87e1b1170c163689d60bcd09,686089845
bb4c7900162be66534d17541,806767976
68340674853f0ea101e32b46,568812537
d10f89691119d4a4a2c1e650,1306518489
d414907e75a1c105ad2b74d1,420007235
c9b6d3bce20b7f528fff8123,571296826
be1695a7b8d3dc68c9887abc,819783000
debd60afab03fd1552719270,922770694
de060e07dfb0a5494c5550a3,479557367
3d6815fb68ce959cb95e225e,987811212
d93f6d8fe212ee3c0f7cca95,963189293
1ac702e7c265717b34419fe7,631200428
a157596804522e03efabce48,990800389
069c529aaef7d7e0774c4a66,794439676
0669fb98aed75d79f8decb7f,922534222
7057326ac489bcc17d580883,706558740
e3d6fe5d97bf4fe851aee9d3,520378275
f80b20e0649dcf1c16003255,446452131
364256d0881131148655e006,981305312
0f9c26956bfe983c8c7fc227,1120328613
9756b47e9dd47f99dbb23115,662847978
27d413eab7b562b984c5a682,1028269446
ad17072ff24e0fc0e61963b4,908162305
473a59415b6214218a15e363,835692285
ef72df5586ad0cbe59e36e07,940808299
9129b78a741bf5e24df5379d,680611418
964734d3430de94d22c927cc,565563034
530b25326f39c347a35a8caa,436423449
482f57e65a3f4c6792775a05,480483498
738e86beb569a7bf51fbe199,451537302
c5788cd5507c577b7b585ffa,322257286
be164f9025f346390b986668,409979868
ea2efa1a857332559120b823,680305035
f3dd24a17ea51b7a2b0f037e,704556919
7aa8d04246d3e84e5ac470bc,892306953
6361330195fa7cdc6d5c603b,789069641
6820ee22d6fafc9c030cb286,1045005879
472601b5b5719855ae3528af,981586340
3ce2c7f1ee7569e1b916cddc,651650181
afb03f7cea99023ecea7610a,766209986
404364fe956884368e2f8300,987395436
c658639b590415bc6ea44119,571360670
42f1a529f5ff3a6371dccea5,744520421
e2e4641b20d81a90033a536a,597498486
253b34c2c5ce15cbd8b5826d,744011478
86ff8f274b698e7757ced1af,765095881
c4aef1d92cf264c548ef1f2f,470899820
e8603da6012c2116a70176b7,1016146441
52b52aced4853a3e3d7fa058,514420998
7d9a9c3b4442efdb53c24448,513522265
a7bacd6f783756c9e7cdc068,570706130
68a00651ead62911f850cacd,510624442
1e7e26077db3bca2821a9b45,615038490
8aa21f48a83be25f924f85c7,593410698
48107a1dd2a3b027637f250a,648191877
6bbb24fd1b9df3df4e939fc3,483894418
aa45f8fda8801c3b4923f4b6,770029480
ce164af02f76ab3a68b0f980,837261463
c32249c7c0819b1a29fd611b,697335012
f8d4ec209ad5fa5ba4a68e56,592811386
cc03087e0f18d59c521b6ce2,815183066
fa631a714774fc22ca15ec10,724877198
c310efec13e312442f7e1a01,731547027
534466a857d28dcc598e3a49,841208437
4a81bdc14b5bcc4c84f5ce4b,514544017
79ac12d8436c07b620190b9c,615399259
f69962045e9aea6b8200888c,550600011
9752758072e096fce6f7f4cf,520697852
56fc1855dc6375dee0506133,676305819
2fc19f73fb877ed8b88a5250,514590603
63a25d279fc5a9e8fc1dfae3,365215011
71978c139faf2a251db6ff5e,364327171
f4dc67569fd340be3dc592d5,561227053
0b829c23806ff01a0c84e9a9,866880763
a23ff4d1b2e24f537a75242e,1004510487
3a103803cf9cf0451582d89f,431932281
eff8b3fe996b6d7db10b0263,605499482
9d53330b44c300e396cdb402,743045257
301b5da33d32c0632b16e8a8,918961692
357e653c4bea02df1b08c62a,910255603
9af17837ac2bbe7c8ba16e0f,507993685
246576e24f66d495fe0d509b,679034575
cb70f4993947b640317a07b9,965997050
949292b23ece12b655122038,496480180
4bdff22689954e5b1e575d30,755757015
7c69d43fe2488db51e6c8da3,524200536
6f543782174a964402b64de4,757316914
a59e7f0e0596ea6633781335,744619914
767ae7de1818d645a33749e2,877077050
e667133c29f90c8fbf30ede7,503401606
3fcacd1cf9770a2724a5fb01,783126509
601193433c99337fe806b158,679158114
42c282041583e6e2090b50f2,919947792
3bc80c56871193dd782696d3,576890063
bee9de3e2817bdd591c02897,763075148
0f761aab549e7f6bc025ab0f,1049183662
3b9971f91bbe4b8dcc704ba0,1222931805
8f428b58a5189effe993ca4b,395715482
0af466463f2cf50d61315da4,660747323
1a486877c62f2aced41a2ca0,1082636047
c9fdc3f80534b32f1a75f530,846034613
97419310c7e696dc8ca61f7e,901110844
49d9cb2bcc98d69222b03165,934363958
99fa9611d644cf325e20e603,1152337580
976d317efade1dd77ef3687c,507736815
b9bd63208716e4e0f2dedceb,511324079
834263730047f308d71d4d8c,629412346
d6bf8bfc752bf4580e99794f,870721575
58bc2b0acdb0702732894fa9,483107906
c3b8b774037044a2524913a6,535832519
eb339d562b72b3bf51073cc1,560933931
c8244d916b0110b1acbd38ac,828271143
65bb6acd9be0f8d95fbc722f,1006992414
5644b84ee2edcf7267b2189c,751594010
22eb737351bd0958d3e60efe,1025252247
0e2a5d040f6361adb9927388,1024630428
be9f5ade682aa1fced79b068,614302822
8445e5cf42307960535a3b11,1030384008
1b002164d34a71bd06e0445b,796633371
c80f897787541816ad63bc17,820632268
673c72783eb4f9a02c511b83,1118018420
3b29177e99201cf4eaae612a,1062862934
91c5967cc1acb3f108d6e0f1,528292306
334b5b9fc68a18387ae59ebf,538383576
c9d096d4353b8eb843e793d1,775271285
92cade7b5347d1c00a48a1fc,1012399637
1d4bbb5b756033b4be28643a,812627704
e1eb183eb261b6de96e20a56,1041956942
7ea8da3b1481993b14bed9d4,534741482
78bb43910ad6ed105610d9dd,737183079
32c1f617f2b1f537ef703712,900851249
a7e6d3c76bb5507e00ccb501,674482674
6c75d7867807d942c975079f,867857385
e9182661e36239f091259232,412174148
c926ee21c2bd9da7da193514,477185725
27bcae7ffb9f79b8f59fe1c3,463814936
6cda1a7622d5577c0056ba40,888952300
67c945ee31cf1fa0a874e4a6,567624676
5a8638c17d14ec4f6d447b8c,485665015
82bef17c2a4db1f6dc6eaf01,836395024
09dcdf0b8b37c1d537b9fcf8,804667552
2cc9f2411f98d0fd41511211,529066131
aa1eaa63043c5c29ab6a1323,840886383
35b03ab66c19ba2049ddb9a4,647966421
90470cdcdd2b813b39f28ab3,476059896
ba187eee3858263fa664812a,408840532
c06a1d212fed896b6ee4e1c5,596407996
8a8c8f5aa68c4e530d62776d,735623507
662a221bbbd961c285069c49,1008799669
ee796b35e39c7beb6aee2b49,1089928590
53de17a986d62a44d7897200,657036508
68925fb9f8f0c84fa0ffa9fb,1081902186
6a6d4f8251ff961609019ddf,405531219
3477646f548971044f8f0494,405204403
c82434222f4129168fa82e5b,550460670
4c00508300f40d74c79f2596,568346047
27bebaf73dff207d7f6829e2,819578377
d0ba7b90f6ba3392a165b46a,1146296415
61974f593c799e5d5090c067,389324590
c08b016afc6a07105d7703a2,772015968
011c2017b63235bf0ed3f241,578932688
7f73a8e83d41ea252ad61197,523739451
0c25a552c34e114a1780739a,376568026
21e96ca8dbe2f12b55723335,539471302
30f6404e8034dbd513aa8a30,497952238
f2fce80439462bb9231d7fba,522040241
40d5384e2e8f8fef2032928a,479393445
95f17e64d2222c904a7d42cc,562473305
59374f70d5e7da97e3b8b35f,1096291576
ba30cf03fbfb0e36e5d415bf,1087600038
c2424b4861f2ef50f8876c0c,590865363
e7def7d0999433ad6d3ea412,1016743473
7f1a4e79fa92196101baa7eb,1263264998
37e0fe114a3c7406daa57443,765678254
897c0578bdc8d59843bcbe38,344285112
7e554b821e6955ab259a25f3,527193720
23b0d67dc2a0ae6e5ebc9eee,522150514
d43f045d046fbc8f5ecf465e,516909650
498d632cf0868a8e641cecb2,365737634
6b9bba3c6afa1f999a9429bd,350844447
12db154d9d29cafa574ad387,448646214
61779f1bec05260cf10a0d2b,516909650
986defbe9082519824ebc882,1077197986
f72992cff50931d2e19b3ccd,956544515
0e2d6e5882fd3b4eeb9ef286,752130981
9702737c9e4ecb12d0f9ea5c,854500939
c36cf907ee28017eb1b40674,504350579
a7ad9c8b5bae531abf68f8d0,956544515
6f3dd53b0935c9593a301bdc,650786056
11f8f836e5626605ee4b41c6,866679292
16fe92ffdb7e1aeefcde80f4,721820876
c1eace64bd2c9f6bea289c4b,815741845
fc2ac43013ba8ab17da28041,922245343
5e6b54654c98c2517c2e31d7,1112988059
f0e8b39d2e4644dade9d8954,832053954
22796587bee45b8f64ee6e44,757513881
dc8c76f5b3977f90839918b0,862055498
27663c0e271e26dfdbf4d289,948485031
2fc96ec5fb2c8dec0a5b09ab,1112988059
49d42ab711abd95fb5947c0d,908178503
b8984fe54819f5fcc43860fd,973956225
8d3f4ec0c37443eb3f953584,781693557
001dbdd202e9908ee42713a8,860660876
fc5f41aad1b4bdcbd8298037,613272992
34926bd7f9880e277e75a447,932620621
00eb120ba4410ed8efa24a8e,509692552
eb0c6a8231b38b2a1e1f789a,887566420
0f059b39ca45bbbcb996fa45,765856346
06a5364639452a9d663a2dbc,521879172
cd19dcd4aff76caaa1cffe54,536694049
7272c3521b7083038ff0a690,797480581
a480b654e1b8b7134091e613,1129051286
ba24834c9fb0e87c4ea7d1a0,776363550
ac46e3eb688cb1cb17da2545,1108491132
3053732169b2260529f90133,580010075
ab0c047373b5d1810fe42bd9,590421620
698383c101fb784f8e1b1ee6,549853866
1b09c89b546d0058cb09c1a9,829454563
64edef308b6a9805f0846cbc,1055792890
995a5799d9a1a7e4dfe4fe34,1054314299
d4f1fcd4c20dec55e977720a,1212142024
21264b5a73fd27b85a4e2654,466550141
d464858ed94a1a74948f479a,616863732
dc420bf2dd1759b7f281cfa6,1160662163
0a268e25a5f3a0bfd8898a40,376199310
a3460f00d48816ef66e3acc3,494996463
9559637fc2bdf96defd2438d,895260236
421db6a58670e53f563eb9ad,798680472
7b6322fd5810990820167a23,472112524
17fbebdfe6bc0618ecdd247c,1002826839
00f2621035b1969d53f03fca,909740803
e97c998a6a0709605432ccb1,455156869
39e306be57a992bcc75e089a,404418785
55d0225b44a81e82eea3efcf,875342565
c7c5ee499c712082931032a4,1315429682
f15f48d4cf4f85a3cd68dfa3,444758184
01db5867a69f8ea7849d69e8,1171898638
7c29fc3861c9f074e3a89449,1058662810
5ae2fec22f535ec2490174c5,362122384
a6731fb85da65ce14468341e,529507156
4e327acca2e033c3fb305c5d,599745095
37b8e8a194e4f2fed7ddcd96,434484666
a8dc954142c54e570bccdca5,589769316
b427d767b071c3e5ac2a078c,410099814
a9407f510e67bdb27ad59b46,622152657
ba7120c89c8de0e57e30646d,580779486
4f5bc448658287ffb3d49b75,761737648
758d9f47824eb74d1b486024,1066312239
84fb7e582456d7409f27cd2a,1034005441
0a6ade3bea1768aab76680ed,1159105593
f6e74a4b1e026352e5759b2e,774157663
639b98d0798b5670e7bb2569,982470123
32ecec7d5c47d02969368779,504504807
cac82fdc4d960947bbc590c8,472082941
c2b880a6bc90cdef9dac52ca,804563001
dd8eff6162c32ecbc6972509,533447152
6e2f79cf68ac0ba2b1a6b0c4,1075117315
a904fab9fa4f41a11f673fd9,891786755
bf11c5dfcb321e020601e9ba,1042450135
488cdcddd0938ad0205ab8f0,1047740458
b92929668e884453d3a0d633,606910806
09eeb116cb0944a28742d282,918774389
c16e9d9444f85bdfade710a0,727345577
c15cecbbe717e72f09a84271,736988968
0bbd23df46a4ea4e4734b680,704625056
de28e62bd01870dfceb5d78b,529151448
92c4faf0ba1fbac44db6d1c8,571352533
91892eac5e9565b12b2a99f7,420027871
ba72421716765ef6aad9b4cd,993343554
a99df3a2cd4f2346c6e903dc,362692353
59a3b1a44c35ed4936cf7843,591163807
cd74b689350ef612ddf1b96a,516845115
5664cfe452394ff9376bcc8b,464225859
d4c6dda51fa949743a46e835,517631183
b7f47484bbd8113c62cc8c1f,492099063
d4dfddb6564c9f46b26e7aab,475712504
aab240140aa4b6602234d88e,640328917
29671ce02e285f69afeb3fc2,1158094688
5cd742ea274b4a8832114080,797102005
c876ed979c9127674000b740,686818626
45269f56121b796d0392e2da,1222071675
e981d4fb3a33f372ac26901d,1252093521
2f13a428281ffc425f2c2e38,501345177
407e4196114b64578beac143,678929391
342027b17940a0cc5cdbf8d9,993987020
dad2bbb0fe138e426000a33e,731746403
e77da26aa7ecdab5505fab60,896816584
8fddeb4ca696706f6cbe573b,812881040
fe368a7d2e09fe88b1b972e4,436936752
6fcea2c6b9e39576e10581ea,679150031
91d35b9421c4982b54dd520a,645299344
eecc82010ce9803ebea6dc75,657672829
b957548768ef014088a61b5a,450699940
5790e4cf8102dba35e184ca1,688598671
cbab68c32d78424452249d9d,967795229
4e0b293ec3d5eda7d9fcf8b6,685632675
1f8742e662666147955c9872,550896145
aad38b9f22ccf36b0fba4e7c,716080431
44e9224b9735235fc7271672,511372997
b61e9e4f3a2e894932b58ed6,691502819
2b36d2ed79caaccd687f2ab0,480803980
7bdd64032a4f011bd4fe7df6,572526545
0890a0d20f33b9af2bfe488b,501538630
ea7c9e327eab66ca286f6726,607395226
98510008e150296ca9d27d0f,760983073
41abd8a2cbca609cf868f227,813372398
83196bef0e5dc6c981bc57a9,960203525
20289e986c1959f0c83a6a4b,708366176
fb39ca089d05381b3a7ba847,461465519
d2da963bf6c2f6fe724be23c,868293279
670f7dfbe2eba87e55176257,761118549
469b33a6f153ec334b6123d7,511960345
c38ce4f3763795c61efee6f3,542354619
8553a05c2b30be81c64a6295,955716309
d8b3a1d0cffc913ebd05b931,955878267
f0fb8232343d235741a20586,982746513
887d749eeaaae288b2818b86,730548895
126f4d890004b8035a7de091,1179384535
7d157359b413e107f5f9cfd6,625092319
65010e340fa495d060e32f7d,557038170
8164023f628f550f322aad61,641676020
8c2423c14aefa13d255fa77b,626927931
e9772a54bc6638c723dcebdc,651684216
171149ef76fe0a2074c5bf69,650720747
96448fa0eb077563a2d168ca,559243980
3bf1bea2a835d7fd11e47ce8,503920703
2f4b0b1b81c792f43f4ccd5c,505516145
086540702ba0876c0c05c5d5,868418613
57d17db2cc5ce1aa889f1f50,1004367001
3b6cedd9966332f0722208cf,562605043
351a3e1b62cd51d46913a8eb,1041975025
33b702ced6de5f7ab8b29e7a,546712044
e0e6852c6d6393d6d3719131,934333176
bf5e687721e030639ec81416,537084819
314479aa7b73ef6ef44e1c89,762746022
822896f609e7761b58e7f6e7,519141670
5b6f21752f3744ec6e529d74,826168402
5d91dd63b6aef851e0c78389,592665995
0a369278a1ef6f5e9d79e2e3,603057799
7523e95fc2afaf31bcf30979,1040355255
cb9de5719b978a78c71db699,852277216
af8c90983a23ee15c72b8e22,1343379241
e35d8f589e6b1909f5e4132b,913679737
ecaa5e38ff6cddc14942eb7a,873850533
d2eeec3fb1ee4d686758534e,1072434098
e97d03ef9638c8e1d270ed2a,446720756
cbd78f55af1db4d89b53b496,422251003
1b2fa2ee5927660313569617,658829942
f7f00e13da4910d724aba4f6,489771746
9a6b77dc2c414f0baa11effc,540666759
bd4d0b8799fa5999c5d2ee3c,1015104559
bd6b68abb113370c35786557,1006230121
4da8ef54252a92d9cc62c174,813428083
38d6c2a9beac610279bc110f,493801128
32e6518755191bef743b28f6,931670227
4fd8d01a5c3abb90ad70cbe6,1222300541
5d9f8f380a6434096a0cd906,411877091
724c854b1a991f060701d005,393592727
1bd78ecec17b584e827dd0f9,382361124
7e6f68184d84e09cc9ebc09f,516981625
c0174ef555bfdd648acf4346,524168828
6463505a740324c7aa869d79,709283022
f239b7fe0de40d208c01c45d,739466274
bd98add659faedc1820f96a0,436540554
ad662354d28a9b2d65f537f7,1210692811
8e8852450fd5556f748c98cf,580191680
8fd5b95f5808b4676043de35,638123587
73a23c9d154fec88d396d2a8,945237408
374ca1a16b8eba42b35374ac,618351217
ff058f978e97c389e7a31f6b,909721858
9d7f2c004fd359136a662c9c,627739122
2cc0129b386acf9cdfa4eeb3,658937860
c139bf6b72a93a73155e1f5b,496386645
0c017cf9740cb67d530267d0,528359118
44ff213b9cfb3604b7e4b66f,570238125
a09c957598e6cde56cdba03c,630417388
c846d5698bb295697186555d,1003443142
a84cafc064a35cc0ad698009,705493555
ecda0d714f52da919223a520,857013744
b9398d6bec5cc44fa39b8bdc,759746608
79d230806fbfe96368b83dbf,1037385385
a28b1d82d3f7dbf8746d5742,1184194238
a6555836840c7dd496ba9094,919986066
83ce7c2d2823f888f2e06ea8,1046295003
631f4c509de8dd64f1c400db,1091086387
2afd31619c21dc537e4797ca,826584197
0be57099d9c3ad8a16984861,773223004
ff29f12bbd7ac4b860909966,1150090442
d955edf16ddb9d3f59501a9f,1149030747
96298da2f44ca873f345867b,678224879
e6396355c1249c6290906b78,1032407583
39f9f736d802b166ed688224,976555390
38a0fcb41f0dbe8b0ef7af8f,759945874
79b955adf84fb2c52381921a,771928303
e335b8464a61ea0781f7928d,1022297253
71a929d79a6cccbce6ac5d79,1094389340
41454361857cf70c44e1f5ac,566651382
a16ca6293e2ee2969f3334c5,1210427488
4083248d3d2f2bbf9589b971,1084131070
de630da5e1c9e27bfd94efcb,1028832131
f2a4f5010f3da37e27505ece,527927494
53647abd1d1b10c9226eac73,557372125
e51873d6421addab3b539dd4,456368575
be8fbefb8e06fe169237d4bd,421435437
257c889187ad5de900a430c9,508596942
3198c4acc62c1a2276bf15de,645055666
b22350d505b87dffaae3a5e2,687837662
49ad389014995f0187edf726,659775820
025d96090a8e5bd6f786e9b6,558303922
4a7156189e1f06b0fe87a7fc,459736177
e91425bd357561183b935d27,460333587
c9d996f458794961d9957c1d,463541809
084de965e32a2a65bd3aff5f,463541809
880bd21afee7038459b5847e,708104435
2dba091723891d8907905a74,1020004589
a39f9fd2f143b8ce1f7e1277,464555955
37050aba3553f3869d59f809,1044314759
35a39cf33d16f8f5ff75fd6c,578012840
7c463a59e7d2f2b4bbd07e12,444627667
035d955df5a765531d1d0d07,908485765
be706475abdfd64aabfe45fb,460294921
bf41b26c090dbf0a19252e43,1068653461
21aa860fd839233ed8b82653,615567198
b870c8bd8f95426a7e1f9c88,460294921
c5a5676bdb1698f8c38cdcd5,430685039
3487768de3a13b7ee3df0254,752069436
dda7a886135a1fd8106d04b8,1004183844
ee102e9d0791ee82ee4da2e8,584367928
1d4891dc27e0050efcc6c403,700277668
dc1fa8fcd0ffb8872d434dbf,637109415
2a5f727304ad67d1cd269361,803469965
2b10af4fcbef695b327b7d0b,1090623177
516881e914708f6ea6062ad1,807575505
5a428139d5ce6bbd9505945c,981548823
38dbf1b9c5963e9c3d008340,1092000546
02c6e8c7f36a2c68851600c6,781489423
d2684e676cae87d75dea5ea0,803980416
027947dd01dc991ffefc5082,485116018
0af13e27cfe9b8f237a9949c,652989607
32421841f7eeda76160d7959,542491051
96ad0e75433cc18f20ed83f5,761918669
b387b5eebf501a620f352504,978110345
8ed95f9bf057114664ea441c,413242834
114318a8e5822ece53ad897c,446175362
3bdd7be0b5e18d266189d991,620442138
0d2c4bbd8a4dbeb6337b5c14,605676776
a98637742a212e332cb5d1f0,600113167
acbec9114912932b9cbaf0a3,897794974
fd81506b0a00fab1ff680b64,615038490
49e531941384af389b0aff59,511219393
8f221efe392ba42b519e5f57,815183066
1f33395df1e4f6a185c507cb,487394696
fa823373d2e7fc9443ebb6ff,785268907
0a6966f19bc2c303886ca82c,648191877
15d9a0353ad54798ef95e0d3,1027510288
0d95d756b838d3a319277424,698079317
d644b23e4bce0e6e50ab9356,1155820099
6dbc77ad8c5c1e39f72cd2f6,827872009
2fb5206d246ee7ab22fb8143,770029480
f1582fc47e7b8c0eb0cc9949,929932804
8d7dd9de4e919fec5916862e,832434871
0b67da6d74bb3998c80893f4,506800384
736d25efc9e570379d32c089,849478428
4615a8a7af9d7cefc7fe4c4a,1025358464
8b753628bd37b9759dad06ea,503701814
5c7c83526b72ced12a08e573,662915330
9baa578a930a94f761119fdb,503209877
8fe1a07cbe9b8f3498cf74b0,440812058
67a7cfe6e95aa5200c064717,650823088
b7e3b0c90c0d3bfe5befec54,582286288
e6a547b2c0d126c9b6800515,886190426
b08f88ef973c9d1c3a86695d,849007326
5933c18b8cb17cc6e4ae91cf,1065227231
64a24372d58a2cf535c3aac0,984064507
e6f9288cdadc5851d29fabff,1254780777
71ba2f992908a5f91f832406,808486937
3af4b54bb5ee5fcff80f1e53,484979241
40d3f1f00de86e74e0304bd1,600932023
3b758c26283c2f11251bfb89,977689449
70cb6337c8c3f5225fa80026,956390906
0dd510aaba8036e8fd9d667a,1090447619
ef6ac2a5102d7be910a3e4c8,541919833
24c32572ca6161a603a7d0d0,413649765
c7be09a810b9e54d2dfba4b2,578805267
01a5a230e8a808d844e64397,1056546800
5ade8e9c79288d511ce1fd79,744777988
7cf50019422bc9569a985736,827453407
d4716e228067a7bb0f30aa30,734443926
cb79e02041eddcfa9225346a,855886258
b059afb753452ba358fb432e,1121418084
fd9f78fb2d2f4d01e462bcea,805497824
6337f924f515625e7fa638a4,769078131
3adcc2c662c8c7c9db5f0982,776312470
6b7aff233052b9bcb6b9448a,1146146993
cc51811e23409f4d77995768,546843634
e3cd7b6dc0495d5109086407,793821572
e63f468e1d9f86530d47ba4c,411708903
8bad8a7faae115ac9007b13a,805730195
d563312854016e9115d034aa,1079136002
57c7684f8cd8d78909711b53,418491942
76b8190137ba3daa55db33a6,551347802
2bcc6a15181273b2fad05e3b,852789018
b998aeafe2cc93bbd96dd9fd,463900309
eb77734d12df7528af57c674,463900309
e8df85384a1f51c31015ba08,742933664
b0a03d567e287bf4cbd7bec3,435492886
dc8bc7cb687a3a42b7e7d5fb,997224051
147de03212e554abbf3fc3b7,623862992
c09b8c236316b87a92a620b2,694262746
f5006b435fc92111d55c0603,498634677
ed70b749e030cc8715c0eba5,978577306
2a9bbd878f3f45745d76f059,651328477
503f33d11f75b6b5102ba4ad,450491495
41479709513815cf5fc1eac9,673506465
0181972aeb6bf451012a47c6,962579165
0b35c4a3f20cc0eb751acbac,389366646
e5de98822287c2caf8b209da,610620240
f3d82ce1c6fac06e4997f7ba,575347841
8e17d7d78e7acffdcb04d982,626886896
f1e7a0c7804083963b5b6de6,526857722
918dbe66979d16b147bd3322,784535643
35dedbaace193598c9c438a7,427032232
e67fa931031bed13c711ad00,580278461
eb2bbf82cb615e3227305b55,541685603
e8d83f7dcb876d5d05ae3e98,537627692
2be93bf5132bb788bf045c28,487198232
ac2b1b560e8bc4fa1deb6f87,833943774
674ea6932fa9e6b7581479dc,789381506
4893b21db2d6aa4417e1cd1d,885401578
2dbef742d0c59d21ad7392e3,1071141577
fc16776abc877decb82a5954,1099512983
6f84d405f419590075610c5e,670355992
52cec2691ff635031fce9507,374567781
830b1a2d33f7754b9acfdd82,759710636
fa908c8dd43fcbe9f721c0d5,1170620094
90c3b93badfe7231410e95bf,965726327
60a495b86d6eff1e345ecb06,469456497
0468cf58f40372acb9d5fefa,975551345
c523380518164e1e317cf1b8,952597746
142cf530f13cbccc3cc9d0a6,764969595
e0432ecc0c1fb2b00b5435af,482753584
3af3a702988bfa0599727982,710102004
99fad8a7877c57c0af05b318,593683455
b57250de388b7172a39dae8f,1206840150
42fa0158217c9cb820f2a06b,655397831
8fd452d3f5f1dbb3b65f5274,1003789012
27881ecd655786b093349ab0,951193714
38029a1aa22c0a5beb065edb,1061200103
6750be41e08a725705256b0c,1026891752
90bf218565cd67ed83240033,1094305984
c6a089a9bb326c22e3f3aaa7,855783647
ede08c77d6090e0900654eff,1158309266
2f7784465c1c69c8f786a0a9,1351684187
5943151d9a76010179f6c297,474553766
82a3742862a06803242b703d,538927377
b815204eed4398e600b366ad,794983195
11c4dba68fb47eb9c49df169,407597636
4ae7dd50c6b743bd47340f20,623130951
d81a040e22d541a74122f3c3,380475350
34c84d0a410920c303ba69f8,590962809
6b0828221f9cdf5cf39e7c15,390974956
c50d5b4e75f165eeeb2eba97,640711406
572488a9a75f64434dca5dc5,505010226
0e67ae9abf1e2b2f66a91a28,684555813
cb00154afcad81df60ee58f6,730456133
75801c34fb510d824a7d8366,387586006
98f2d7810641693c44096ada,624606352
1fb4c88bbf995f77f2f29b7e,671219656
0abc98f7ea1e477c6fe3425c,839581753
b3401023d3097815687d1160,959803463
f1ef14babbc4123c5157eb9e,629401282
ecf47573fe1ff641f6914d0a,1121103275
0ddd21dcfe89f72e2246ed79,566835248
402f18888d480f5af146daab,500314576
61b3bd442f6fc8838e2f45af,612817899
c4eccc400db2dc9627c9879f,669253005
ab38b4fae64ab90a55b5a403,691912138
7f4cdc01f9086bcee46d1d6c,755249453
1be9d865ac8d01f0378bc148,1009807464
f2f43244cda8e2f5219f3db8,664805899
89ca905d858c7731313c82e1,953921489
5bbd0476c27c53e2bcaf9462,761625401
7e177acdec9c0fe684d8fe44,600414763
b764bb8ae8ba0d736bf54f5a,485062033
75f6d6beb64d846d965fa9ef,853184774
b5293710d0cd75f95de001f6,369781337
8b8ec04a78d3826b2c8a5754,763997195
e35579e8b9b24dcccf93abba,531177278
db5e320f51680100f1ec06f9,368846883
59be3c447844f31267366cbe,535706327
0f3b424c398a8e8b53162c37,804519813
57f4a3f6fe2e41ad97116002,635576062
1c6038b67a40f0749a72e6cd,642988620
e5da0e3919341762d5beed25,589761864
40efc0dc313284d3b57492f9,759829128
601da8fc375ba0b3df3b38bc,1088191387
61a12496ac1e6f39c5ac5d3b,1140662212
8635edb61b1dda6f4742cac7,1039649514
ce12b48120daa5704a4c81e2,396699464
acf4d60dad7953065b59ced3,857938346
56e3e7d822e13838ab9f85b0,609314624
7ea2c18341f69f21b523906c,796779242
dd2396a42097b2e8bce52a72,843411526
41f99600339a7afc8e386e6e,691008877
b2d160f54ce5f98f46818e4d,920521133
00dd36caffef00fcde85b235,1026640756
471bd64a0576aa67f494eb98,984545381
79e307acac5f42f2696b0436,1068951901
e65a4eec62e2a5bbfaad5565,680660162
4845ca0d30483b36bfa55061,639064510
6784e116d96e03911e2a07f7,516645097
4184fd9a546823ff1fea0b74,697160260
616a5485bc7721ecfcc21c70,388198802
6ff3186df9d15b65dae5bd17,402792096
886706f32695891af743f986,756041147
daeb02020f23715e663b4a38,592953348
93fa1c8ebb75b77dea76ab99,823632595
ab25a6737b3ee0c4e9cf4ae6,609539235
c5641447732d3d1269965ffb,1203548136
86b290218a62d0c51b099a08,912398106
d7b82133acf54bd3eac338c1,1131468331
10fbecd8de540f1fe4c57b7d,407303687
137baf1609138c6ca2715c7c,414768481
f5534949a53bef05de31b07e,549427907
466d4240af2cfd09a31cf3ff,501333339
7478693f3e7e8963e95be8bb,380372071
6e537e91af0de67558bc1ee2,643892575
f5b0b51ed49be034c290efd2,899132069
a4885ce6808ffdb878c41f97,636267391
a14506a4800c27223fc34728,858766489
e8e97b7919856f9cbb9ad02f,948098575
e16685dae2bd3b0a4803ec9a,780220663
044b8431b186eb022cf6fc24,484887811
60de8c37c9eb96efc432451e,773811929
59b88e154c07bb7c0ddb4e8f,888865446
71590ac868415f3a185dc15c,905547881
6388b4cfd09e2b1219268cb2,621168546
f865cd15368fefd8c9d6aabf,961279315
ffd916080b1019827491de0b,853170259
6b8ce573bc2ee68ace26a67f,592953348
7ce704ef5752dd496a61d857,823632595
6b1a1afa055c15908a855e9e,740908891
2a9338f62c99dbad25aec5d3,783057439
c2282da3ece2dca6e8a3bca5,843881551
5e6324cfe41c3676c7d0a5da,777187300
f1a4afc2e543ce4260f1d781,1164386123
5d17daf3e98cf433267d978f,1328232470
d5f41dd3258aa346367d7725,487056940
da35c757f211ecaab20aeb3d,595411578
8d9cd237c737f6e62092a08e,1006145991
9dd98816533e4ca8516a5474,1142992866
27d14f352b2983177e836e3c,796743489
3dd4fa53bc59e5852f9fee98,1228502278
3ca74495aa9adbd533ccfb96,1010180770
dc93d8ca60d60a118f61390b,587011137
dd7b4c374bbbcc60bb090fe8,650006794
f925a05397ca6163230f7ad1,590481240
66a59937c54eff29ab14b474,869497993
077db8e0877b924d1b57ab1e,639918942
aebc3c6079c1a80f8b2f1c7d,656402623
ae41a566826a10d5a6768d36,864696871
489fca3e6dc044412d00cca1,712588791
fc2f58cc289d29fffe8a5fe0,672668949
59519bb6d5d299ee0b767224,794203259
19921a97a52bed6c6b8f4135,974224872
ae08b7f31e69fd930ef4c832,884127573
1b67fbd144a4a3ef40bd9824,555369197
9e142165bbde850d4379a49d,785021015
d3e971e2e224a20530ee295c,855411754
a672cd6c8c284e14913222d8,727561388
93086ab3e32aa9599708382a,982430182
63773145b1a896df26504b0d,476127749
17707d66753c1eb0aca28926,516824057
6a2d4d9a257fdfb2ead837a1,478873524
f9158cf51f5e9f644349a774,450756457
c09c39339b5bbd48f349a430,608375596
d470d84f5d8299c52fa24499,546769745
9d028997ff036c154c3fda0b,825783127
40ce7321869b706210eda9da,552751634
3fc826461ec4648e4f7877da,585724684
0e7dbec40eab1b3e5c6bc665,928414816
81b3256980dd7d7f49030c78,928204018
fed2e1459e9ccc06943a05d1,1092017974
c535169307e21e5df7ec88e6,530238662
d78d84e4e42f145e02e423c9,758896500
3e523ee3a6c2d89436539792,758896500
5f2df52db15d2e0ebd327a36,420450433
1c1ff56435675288e78c4735,525404793
ec4226205a38a45d97f35828,903411198
3214488a8fa9cf8b3dae877a,591407920
4a4fe76c58f5735ce6b018aa,979598214
ff3696c808d4835d6c7cc9e3,1018137643
1aee9081ac4a04490eb3f0e9,941281599
8dd954e7312e6e6a07d6d4db,624388389
daa52a91f1fee77f75550246,614638433
a4ad34eb244e48afe23a780d,520737695
0b4b741487c001323f508d5d,758896500
cb383b7a746ed55b21a8b245,857615807
4b092d4d5885cc224f6775e9,398518398
ba12305002d24055c159ed34,380568595
bd74d43d99a240ef4190ecfd,552988114
4957e0b129c5caf47b026c58,623294167
eb270972f0f69f1671a0a740,943202269
d51d3ef396efd4760c979de4,546532757
ac65d147ee69785195ef7da1,833758912
53ab42a93b6deb152951f82f,995373766
5826567e12ee3192785e36f3,924657315
ab64918f2b2b4646e87297c2,1012788448
88b0d688281db2ef0a782921,901673235
dcceb6a2073faf9f89f3431d,848074462
73bf75d5762e3dd30fca7b3a,936775099
a45ba5d63cd1971de19c25db,845910411
8467eedcf9a48fee0d72d95f,1023370026
6184f12f3a903658f3319290,583267160
92ab018394a5398b832d0b97,747363743
e8e215437d023387c4a55515,555248868
7b8a6949d55b5bb27c3c6839,704673799
33f1a7739cb556a78af083de,688513900
39c6bd862f908b7e8088f0dd,910557775
ae556ff5f318b73d3b29142d,500120449
e2fed68e0b614e65c05200b7,616748985
c62a4288a4a0336b1436132e,560251526
f23b32fa4894b6d59f73c151,924924912
4ac4fbcacef08524ccbf3623,363338129
5b5bb8156b98eb51a58e73bd,590081298
53fbed4f9680917f0615ae7e,512896863
730b528617c2841eea5addaf,707521669
13d08f7e14471fcf517c204a,480471748
da273cee807e254fc9aabb9d,738374904
b8f7bd85b61951ce83d7f57b,1179901965
4954ce465ba712543bdf34fb,533134184
b7483c951d2c19de665f07b6,366288512
913cdfdd62e35472522d0a6a,622434127
be28b90a71e2922437f25110,632804155
b71857f1cc385219f114035c,557655361
a72041a40ca87928c695b2f8,622272033
65a626faaed9d9e3b172415d,622434127
229bcf400e309619268dda31,622272033
367bc4fef78a9800f8616d02,622272033
dc0ac888f1e87924e3994b4e,622434127
6996e88c10a94d9ee7d05357,560745516
cb8fbae1b4141461127c97da,1129624408
d2de34876a7a6914c2dc479e,949299973
c666974c4303d43b87714c62,731058874
e8491a7994738d098a7aede1,919914441
9a6440e5318b2de28b180a2a,808668355
9ebe11eba1a88fcb24fcd141,557522480
78b0f0bd0494fba0293eb0c3,635025728
047b0ded64dcae203a3015eb,739612975
7b95396ef4d0e97de8fb4986,813716777
08f1c136d5a456c0215ebea4,802326095
0880b703bf2064f59f2bf20f,868176879
cfc069bd55e152e40b3a1391,883652724
0a00771ee714a2f3f96c31a3,583896407
06acca3d0ef4685dc055ffa5,393456695
f802b026db4bf9d68cf00b16,399478585
4aebacb9ecd0a117307c7841,981715721
81ccb7e0255eee6274f5d930,1029130514
cd17bb739ac79f80d6f651a8,991420290
917829a0aba571cbe794838d,550293284
5b83b73ec31031582aabc527,400764668
5e18ac352e3f3119f5f9197a,1254136119
b7eb15346797508f47ae094f,730812603
5ac98c971b9293bc6a8a6aae,1079387797
e196b7cdeab1468d5d4e07c5,1411205671
0ea201bfd515584bbf72f902,874081089
d2e6ab3b3106f36f2c3fc119,437450378
59db28ba77489750903261d5,762164490
b348c76e55613f53c8bbc94b,927442880
a1e38854d6725e9c48c128b1,364823458
b86c526fed01211fdbb62815,926862117
1d2b83d973547da8c168f743,592623605
0fe3dbfdf25d4b013b842b51,574484972
71a20a4daea6d31de942b2ce,1165542861
35352b370a31d01748616b01,1009897153
27942219389ecffbce2e1d9e,1009502520
62fbacd4e172983a2a998daf,754444112
00c1165df93a4cfe679f54e2,943688682
207f669778ed0db0e619ed40,481541992
5ca0586ab7d20dce5e9ca8a0,633052433
cc27435df779f16e6a62b0c2,899041274
7a94d3d31471ae313659aeae,895413543
efebd19fc5a2ab30f2ccedcf,499711067
8037e40c0c8b20ab6e0d4b78,411885521
5ae3359bfe2a704de00e8801,555577391
a5587c93c012375dee920f71,693089424
ee7f7d547af56773a4b0afaa,816111041
9ed988dd6739eb7ad7aa5a06,866358334
26c08d7331ae19e1934a22da,830104466
767024c66d3a88bb18407b6d,776239985
6afa85ee6594d1c8296f04b2,719970198
551ca6ad1ecfc7ac21f8ef0d,857345231
1f79204a8f62c29b0a1b29d5,504726135
3dc0fa238745fbc31ba88853,383136492
4bc3f597867c6844e9b47fc9,453081082
53973c17ea7e89fbee5e6cf4,374372359
05397b2087e5cf381809f169,589826710
584990ea9718bb5598495061,390193578
2e7c6a89d2cf2d835839f5f1,648876949
5c02d79c59fb636ca4cbe86e,461382075
114436e00c03b44096823522,846601628
60caee98c3cc8526d16d7f44,627209138
8207612808b5947f2802d2a6,877791891
31a73382ae20331521bf2e6f,880244614
c58947cd4f238cfdc0007bf7,1263756335
a7ee02ad2a4fa122799a2dfa,1142426575
c77a63e92b9f727034913d8f,576414520
56c6bf831d3c6737e3844969,672873053
73ec6f4da3c277958cd2c228,1168990228
7dcd1916c0485e0b80f9eeb4,861311008
cafa94c4a56c23ec73ee9071,1003448192
d5ccfaaaa739b2bb2b3d46f7,564009164
e6d2e862f58445084b2980bb,1274953399
62f96ed5c1e5f28117949a23,431578374
20d8980a4fa8e094b7a5f00c,431578374
0172678cb0737e21a317eda4,461581519
6254ee88812e303bdedb8767,1091922565
a812ed43db71868625b351bb,826391387
2bd1c70db60a44d4400847ca,1027309475
b057dd8a9c2082d1a78cba88,396066437
2fb149a70fa14ac05582ae69,642495796
47e282cb12ae01243d713178,527799685
ae47cf27964393fd56a52d7e,762111551
21642991a20d6b0d17dea2bb,691368614
43b10ad2660d7552ab6c3b10,704591811
64e5093d6bae57e8b4298123,822722801
9d8d3e6fb432174770c74e71,639563616
9f2498c12d7b41c213bec0ff,413668768
6461c0a03ad3ecf2f8112759,670345203
09b15382686c42fd89b24285,1040167368
da846b08fe2205d2e2a3dc71,534152973
2a89ac6511416d0920f1b9a2,883690862
3e9083411c44213130b2ece8,652346738
0f0df5694eb388d843e1f17c,487821794
ee6a288e644183bb191a6526,375738982
8f570610ef199a3ecc49a0a5,712312643
3115e2391cc3a078b5e6066f,1068823619
c7e45098251c687efe670815,468442524
8a3b7f5a8da339fe19e8f138,541247282
2f801cf48edb712627196b2c,621503328
a147a8c29757c5d0c592d347,684550129
86b0aa633bb16582bab5640f,717493352
c9620e3e2dce92bf95c57c6d,745850633
b746e4a5c9d04cf4dbf887da,688939604
915842a8a03914c08a6607c3,457015072
e9e6e054c1d09a22b7efa20a,638898912
4b6fb9b705d80ff350bd620e,453467762
9a51784f33b0cdfce8312163,741109616
176c9a90fcbceb91569fa3e2,1117438782
c97e70a767a3661c4869bf86,748826976
a6bdb6221b88a24c9f8381b0,589204114
0a1e6a95a0f9598150c121ce,1169030513
37d12acc69d0e3e92420e62d,868934436
d433ad6c3cdbd707e6839082,909745951
36bec92975612d091a3c78b1,956603705
3eb97ecf8069775b9104af85,1137673592
9aeed339b2d916cc89f38bc3,813295875
f404deec9ec16a8460397815,549094722
8a0114372706f30bf6867a2e,967367171
681e772045fbee930fcc9ff3,1177011946
0816f29a68aa35abd5978e7c,796909076
670fe8f7b8ebe006885b2777,966416470
d36dd340e5875df6cba999ad,863317511
8ae869c5033c248f881ac313,1087867802
294b04da3eaabadd55da9c20,1175774350
17b360d57782208f5afdfe4b,1202865719
88ed5ebb575d026f8d440c60,534054902
e611a37562f88ebe07bb28d3,564443445
e685650979374c571dea2ec1,508749868
10d47d2c73f0ccbc97979bcd,587174781
fe96a7d758a874b1f0c42145,487252068
a7634531887e969c9c5469d8,435366302
42f38b1b2dc077c88a746c1e,626458010
25e832098d9e6e7c2f9afe2c,731844317
b7dc47c641b46ca99fb83a0e,967970669
0391d158ab104c5cdba31872,807061779
a3c4d0ba7b85b9a6370e131a,1109212437
27721beb237824844adbc289,1003921883
6e807e25b64bf0de81f51c12,1081708947
d2637d64e4022075c8f539e1,954187806
faedbe92e3296977872a4aeb,1242214695
5bbc190cdc5ff3296801ac0a,575123536
9b0abbbbfe0bc85686304ad6,429412137
f8263893418eb0752dae48f3,394952633
1e73d6064abab2cccdb6610c,394930433
c0155096575af5fc8db843cf,373112694
9c7f7b0ebe440f60d3bd478e,394952633
25187d9f4cfe89a525ef2493,393194580
85815a09bde2a30e296f65bf,394350588
fd45b984efcdb0b434033fd9,495386260
5dac2d2027b6c81c1b7ee3a4,395320492
7df538c0c831520e6d36e39f,380292789
14b81320fc31c7a513242171,394137080
8026e480ba395cfe1e09cec6,395136342
80bbc51dd90d131d091521a0,452571571
ae6ac510d3e46a50ef24896e,395136342
06b90d41ad3ce1d0d389fea9,850836289
8d911c1a195567dae3cad99e,554847255
2876aa9ef0b44e43084393fa,463761342
76556774906f9e12b319c232,462407531
9662cce3c4b92d1c99849899,882412869
de3d078e5d524d8a7b65841c,499960171
547c8638128424b89d602f50,1084215716
c8a3dc3654c53cf66953de0e,982574051
21c8b93e50ac884e63514f10,942500116
49a0715897795017ee0de843,567871088
5d646ababb10f51c141e0d8a,635597365
da598f8a82b1ad1b02961cd1,844550036
84d8f7109615519f2ab0a48c,989590782
0d027b81f8391d73fe0046aa,922620894
079bc331430e94ee76f8097e,859896120
61055e6eb1910507640ce6b4,709446882
3f6effb8881ea683838437be,770296114
92c8d6ee8496b91821d7ba3e,760582620
78a08f21f7d7c51ff4d5b8ac,1013952640
f7ee7282cb9edc77740f392b,897854478
694b0a500f1619c4ac4c85fb,813950718
13d43933e04c3c7a9e5071cd,1298343503
5abb555cb9d65db8e6c28201,509206034
ee8103b958673c589b9cb27b,878193828
5b3a467a3b0feb8ed81be1b7,1330897431
e570a5157e02d440a78ca008,995972284
70298b5e8fbd66aee975ff14,526746623
2b552d7b1a1488dfd618b120,431097923
f4ea9c80fe71a1bd0b692475,960982953
e6a9d5c9a82ba73e76817a81,648189256
9b58b5c993540ec3ab1e4a0c,443271163
00858277a3cf4f31b8e3f738,634912124
d937ac866f671e4a0c090879,868322922
7d02b3479cb2d89d55bd4fe7,560451495
bf79649b531e876c5f03883b,613899210
66a2ec5aac8969b2be538c1c,560451495
7637c251618135e082a9e2b8,950823321
e8c9070ca596f88bc2e0868a,702527040
64adcb2941e9553ee394caee,470403790
0bc8475715e42b752649b4e6,480641640
956ad3b1dcbe8f236efe2d2b,627009154
dc81900a751b64dedcb4ac39,599583185
02e52d3895522d9be85c4544,505319433
49d6752dd196e7dd583baf44,514913971
8364aa431b2e267e41efabc2,575358063
1b59d33f9000d2e1aad46239,395306493
74a791baebeffcb7e7b917d0,726360524
0a3911a1a9284f2ff81689e6,554136050
6276bb8ceb13d174b8e405f0,518693923
d573d2caf8c67aa32bbe592b,425454104
57cafce17dc4de3bf8a9ba90,994322306
1dc9e5c684c831b204d21585,1054672399
48df432642971a97d3d4bd45,712348151
4902ccbe8456d3f0a29e5059,670081791
3a810dc80d3a63f8cf106717,728129524
c9859204696f3440cdb541c3,787710777
349fa9cfa15d8f8bdcbe863a,1177338633
d0bdb51c8020a37fe8344650,957962258
7b037e6e5d110999e51b79c9,909393863
f677c51266f5ada9e23f20eb,384828281
1b85d69a0f8ce1d6ac4d4475,497809556
4570a3ca0571c70657b4a1c6,663722592
de32ca7785b71dbcc76a50a1,1040929367
4e3cce6b581e74879c2dbc4f,534648361
09c4d4b5d1c0118d877d5734,859498865
b9809baae395914981a9296f,748031829
fa56058283c975be76d7c990,687704172
7b32938ebf0b1b167a3d2d20,939505293
bb38c1c17612ce593e5ae7bd,465955057
bf0485c2e267d06b9b1d90c6,933775099
0357d0ee6e0646113ea543cf,1048593324
ddf5182c482fca7d881fcba4,860351401
47e6a61fd652a3dd37556ddf,789548021
a9054883a22542257c7e778f,381562461
d7c70d831e88d552da09ff29,883675953
d4d138bbc80a0b29ed28a4d6,602361773
dc9119767bf4f21fcccdcc69,758108619
e8caed8cd754b0e3d43e6954,778060155
033307467830cb865a785e3e,603631488
5498b3e3ca091bb81be87166,519428187
bcaded180edb36336c2f5b96,1088754702
ee4377ff95580b93e80ae08c,1078898529
c25e1e289cac1bbbee489122,1083129049
7e41d90a838048eda035fb27,882356012
f418efb887a15127cf2563b1,663786801
93b27fa67eae8cdfcb846772,899131129
6a42271a0b03bf9a856d1acf,698940504
2af9e271765438a47fa7e7a9,406457520
11429e0923f804d7dc5d27b6,1068604135
c218434cb0b05ebcef935e5b,531984315
a98e4f4db7afb8a6c9f69400,586574544
3c35c8993bb937164ae4a880,837728077
c23a1372c81ba03e6dabb0df,580026344
cb332695a296899d1c798426,807653672
2ace3da2fc4e0c022f7a8755,861385385
14f1bf9aa68aee1ac094097c,941748530
649a2784beb9b821d36179af,543675162
6bbb8f89bae38eff88c89c46,532467487
1905b860a8d463c3048b4e46,563598048
3ec50faceb434f716d73613c,1212503573
99543a17b33ab955d03adfef,820844010
edbafba81b92efa9b1400987,907126901
9b3846c7abf642e0a6220e7a,423892876
691c35e98d0d5780aa82aa06,835429701
395fbdeb9f0c0586a2b20edc,466311350
4803a3aedb6c20eb194469c1,563979572
bf95acc88b60a3d531fbd42e,529719881
b936e36ecacd7cbc3498cee4,532779195
293c8a0a4a358fe7554a4ae1,769055878
5a72e2a62121158efe59069d,618158220
605276b332b5e5984b83ea8d,502423404
d3de7e975a9215d04567e467,592030856
44b623f7fca1a306560172ac,612890234
9a6a8802cbf3549870c55031,454858574
f43c684b789900c58c8b5fd4,592030856
dd7ec9d7dfad5364dd303f49,601705198
506f2b1ff3e4e7e43a5596f2,593041095
090d371309090bf83b6fe0f1,730929843
886be9a1881866ab1f300533,715134695
ef34f331871e8ca6573981e1,666874617
53bbf1d3345eabc2a8b7f5ff,782955821
5bb87c8d49ba8ae67a659b52,763405570
21dd47ac3c4e1d6bd0ed2485,613858826
f59686ef2740247394547078,1024558646
8fac177c5a8b4faa21b33138,393624698
b2bc172a3ab25b8caef50189,1081523121
a10055de743532d7b7bd29a0,647733024
c344e3be381326a1b6cb5989,787272223
3fa4ef366575bc72ca5a0582,775245691
e9205b722e624eba0fd36145,1080410285
e75699a7693c678786ced75c,802731730
23208132621583ce4a46de77,934932348
558d9e4b57fbe6c7e0a09a95,1026589765
1a6ecf722b2eed8cdc19ba20,943612247
11734add51785f1ddb999c5e,785959826
82c9ce0d018c1d620b7a6689,688207684
80d95b058cb11ec829b5ec96,674509461
cd89201cfe3fa19a4eb14bf1,613858826
d0a5f33f0689445e22db6626,464372095
c7c99ae9259b34bf9b8ba799,416676891
73806685dec82cf637f19384,402343499
83007c444fa52b34482ed55e,638514478
e08561df5747246d74136dc4,564609078
5b0219cdbb8ed527aec91659,965945480
119805b72aeb50f05d3a5bd9,1076102404
fd20cc372715855081e24eae,893136021
e4a021b625f4ffbed391c6e7,964288712
902d4fc2c44ae5ca2703426e,669998839
71aacbd62d72d3eb29a744dc,615001315
7290697f96d8e2101089984a,743003103
314153750510e92ddcecf33c,912581658
9d576cf721ad30ab1a4fd554,519565654
50160783a9a0503df5a38dee,613500012
0f4abd70b68453d3500eebb5,433995593
42cde300d741cb134a529031,513502047
1e9cb258a0b7e08244d7fcb1,596592466
febc9a1b054671445d756cec,795794478
39351adf139f820864dfe8f4,896744228
b4fac45659e67d4e91fe65ff,380952292
fbe555f6bd0edc1bc950d9ea,945573119
67308f6bb80d2a203e306104,406678813
799cb909791d43a1eb305eaf,473345528
4354c1b6b27a87c451ddaf36,523409336
0b937a3ea4864896b744108e,402305266
b96d8b77fb5ba71ebce2fb26,431802283
f4b1645da3f4286e39f2fe4a,684445160
a2d1de4211aff373009809ec,502760285
50b619ba3e0b2a4c6512bc97,597346376
3d57abd322b0077efa1091df,870737454
652793275729ff3b69e86072,636456259
1e2270f9f49aaf3be01dab49,1007440331
99970db787f55a4d1963942e,397523877
801d821fd6ab7ee01b62a800,519634854
2abd46909a251b8ebbd37133,793685431
20a783884d6bcf1aa5697772,526914553
2fc38ab2689eb24f63e32efc,1009994838
1f592cc4ed728909040f953d,542422212
d1dca15e36fcc5ec14dfd870,542422212
54f7aab6b91b48272a81fb47,536767013
b6d84e7d569d8d0f0d0c9066,628639077
54d10cb2a44179fd4d726f1b,751876241
341c307eedfce3f735f4a63f,779441300
1e057cf20757627d1b006141,516023696
798bf22408ef6814759da1f5,738372596
9ef3691cdc2bcece41b47e78,1084559764
fd5793113661540ee34b8cb8,745822545
9c4ce4e9f12764544cc8bded,938153214
542b5322e59a3273e10dcda9,1116281428
af578bfec5d84cc2f4ffb8bd,853176403
a310528e34207b5dd813df8f,682088846
ecf5c9bd618e3976ceb5697f,1192138633
d342a1ae299065045a957767,1163034933
f5dcdfdcc8f414cb7a38309f,736143550
4090c1b86074c8e769cc72fd,631735995
7ef2d4777310765d0c8121af,902926956
39222ab30001b3cf45b7de65,689062409
91a73bedc30e0c2acd95d6eb,719668253
d1e6d6900eebd9ace65d6c36,676177761
592c9c45c07388359f663219,538619935
738111512f5e5052927468d9,969763580
0db51d4771623f5fc1026d74,456719396
82c9556e19072558cbe3a7ff,439451021
c1e51ab95336a51885b4c672,574423936
0eda675541a035b1f620ccc8,1005303015
cf379b41b70374ac4cf82dc4,841321231
d90c961aa01e51d63e50a2de,739442581
990379c9f9f210206c6f1916,1101683969
f8189811dc639d760937df95,844323865
3d1deb639d94b292552a123c,413171239
43041a793a13a4171f22e492,1021646485
052d00805b2602cac76fed4d,593316675
c76207e622cf8a208910707a,428912080
ebe33bde2abbecd6d1fb0cfc,610203870
2e23ee2beaf5293f57a5c504,476017264
abbd422c412c2d57f5df62ba,480931726
648217f4d8b5e0e65dea066c,722888889
52e7657a539be5f36f48bed8,1039626257
3a276f0df8c12422e14107c5,1087521544
dc537b5973d2b94acf6f23df,909265668
0a41279a5ea9b92bf8cb79c0,975136366
80ed77aff62d4c57ede6ba94,601062532
1fbc660f780245bd72015f07,703155294
df1f513009808ebd46ec0847,591286496
58708fd9e83147daf1a80c48,410492820
52b699f9900d81ae85ddc7d6,588953430
98c5b154ec80083bf6f51835,853170259
588400f7829874f9de919e39,519463161
46a2a88ef09b2aab932ea02a,700010954
31474c62a8f39e250fb2882b,1086586179
b40873d316de1c295f2a97ec,532218285
bf4b8b23cd87377169684e98,926164966
a34b3b037805f2ec489a95fc,749753348
963985c57392ed0423d74caf,623228340
a93a37e4cc75c069e14ffa00,586911272
071f284d07719a3517c55567,819131612
5d030db414b00948ec10d18f,359760926
6e57de8c4ec2e42832cd4b09,719273560
d9ee40ccf461ce3e9ebb815c,727665060
ee13d186a24af238d06e0c2b,741935747
f27397321c007765244e56e3,885861446
959397711c3f452486ae591c,1094360633
a41222195e5c7d7987dc3c7e,489511133
ad14cc63c36789bfc1bac0ef,371887719
79ea72e7b03cfd4fdb5219b3,480307390
cf68e05962a41395844e9c80,601857930
4a20d03d09fb9d0ee5565ec9,470217702
734c9446d0674b8d6545bfef,870927002
d9706de7190ae64c83e65769,801700198
b778282fc4b9c43055629e44,902397067
a4d4d6480b56d6198c0120d4,811694674
7557a9bc12cf0f2901c00264,1054513056
41376f69b086937257387f1d,843200287
2910f3631d1db77e4b61f8b5,533223819
3a8a506c99ede47ae2257e87,835820332
25d89911e830697217d460f5,517120788
365a227184022e99f1d2a816,731729861
c6e34cb4e79a729a5df4183a,802074417
c5c3f06bbf812593d1b95a40,1041776275
acd6ad0081960c0f17b144dc,822804981
344a104d2210954497a5a388,797891415
c0109086d0f49aac6c3f3f18,787967937
c42c99f5da3248e7bcc73fa7,927318259
8e1e9ae57400052cbbaed9dc,891326627
8cdd55d191f206b0841e56eb,679254828
c1e0b47866cf4a0120e4b3d6,522554350
45a033d121ca5afef24161ba,546442784
bc834280fb45fb308d957640,582267691
9ddc14c8e7fe7ffb078e0019,1048144084
7d66238672def6f73c25247a,681178991
2c12cbaa1f14553c1d41b958,366192046
196969a98960a68088266261,588953430
a5a3cab55661982b7d30bc78,659425094
6464d5cc161ac659dd963897,485163102
e9f44786cf982100af0984e4,988045032
6302e608d8f37e63f4e5cc27,482442316
ab614a5008d68aebe34aa201,721743325
06bfbccfb3ec0b1f65f4b351,941451056
f7f46ac9158f0a1edd01709e,880109919
6e233ae6294318baaeebb59b,938837157
bf6e713a689f574b532edd4c,1057199897
a7e97bdf2d4f2f62f9889c3b,601714883
784822ba0060eac9358cce22,453676109
13c51ea93d19df6c273a1502,601418751
176e00102fb65cba56279287,484262139
52e5904902e4d75ad87afde7,646363084
728ce22c8db9bd0abe3f20a8,1016906938
e8bf121ec117e383c843bc51,1320618431
878ff8ef3c862929bbb19ebc,737188260
ed80ba018de35d5d76d50db4,1061618457
9267fcc93ae3b6df8c12d9fb,583331494
babe27dc477f5e1b7e438422,648752994
a4173461aa676e09227559fc,519070515
f0b2a0602bb5a83f0827ac75,809673449
2da346c00d6fc39268f12b82,776639995
9ec5fbf8767dd0d2744a79b4,677863657
c85e9bd6e20ee2a883d0a7d9,372473625
191cb509fd44e580ee32486f,720359505
053d37bf1d988505b5e91809,753235848
4d3a66e028dc8f3e9ad9e9cf,800982214
c75b265c0eb946ce77e32ce7,790506339
d233eb8af3ef7e325f6c8f9f,396398512
7f7f5313341b3ca499968716,648403747
4fa51848638f4437a3e31682,831384491
9090236db3ef719edf72a330,1231992783
4dacc190eae91b059dacbb00,1087147640
ccd2f6ec8e9841f1068b7c76,741338121
a354cdbaff42acd1a0b5d82d,732833303
da8d3092ed0e085a83a7d67a,810328010
1181e18553eafcf5edf6fa05,699354439
5b146f1914acf2ae78360fec,920687883
a0fa0aca2f6c2ae65a98ccbc,525741914
038bb35043651579f443c481,1023153076
430c46358b85ad4a741c7187,360658126
4becfb041b0439429f2cffb4,546041112
feb87029d5a2e8125e165bef,456406201
61ffbbc24b30698ab8f735c0,534367852
0e3067f71dfb9dc2e03bba59,524990933
b8ec643c66478da376153333,511758563
c8bccdccc9186136a332e995,902313263
0f4765c8929a87746217e957,883967621
68c145df0ef91fb4d14d001b,378086200
e5b92a0c67c506ca6e92315a,561017897
a482103965890c922a66eedf,840308119
1d917f9f5a3cd44cc4dc8d2e,590876451
4cc968db25c2cf03991c0041,700043625
91ba0c5b21b52734d1e244f0,590044226
d6a8f4abcb02142c6dd15b30,530707308
0587e7e1f03af8ea6c46290e,670830461
61e1e0c49f3aafee6ec9179d,994293849
797da4e993a993ef80277108,1025197073
b8acc8e72f2c498fede3fefb,798316396
ef2ae24039bf2cff1caa4340,530308161
cfb8d15c6b0c0e6ee4b92109,993962933
05aecff6fd8d866c6c157a9a,810553897
b2e37eb7cde5cf4290649ad3,849577629
b7ecbd35179a7658f3c11b41,1063240928
699095150a7f3f32c40454fe,1056287630
989a4fc1590097414d7c3fa3,546509428
b6853999c45e21646a0d1b20,381239332
6ddb6863958ded0d72fcc6a9,541676400
f6fc3807b54d8c69459c4f64,591001670
6528ca87df8bb477f4b6b8c7,531151527
7bba885503ea7716ffea503c,609914997
846e6f1ba1c94966314345d8,677429496
04e6a79dd3e4d8d17c8b5387,1087450081
4d60db10157fd0b5eab9a23f,803022504
0d7d434afcc5e93050e0b86d,953245913
bb9ffa04d913d06846d082a7,968316849
80abc4c356813c1e4ead1e1e,521318438
df8979b26c9971dd7c3500d8,1074811954
6ea18874ea84b5b4840f9b85,790030007
aa75ed5781e6e8584143daa4,1029689265
c8c8d083c9b9600059a8b8d1,614696117
5c8f3b7ccb4340263c255d00,524950542
79b943894c4dd68bfd8cde7f,648293129
64f36d32a3a64853227fa69b,1223821027
d7080c3742cd9d72e9d0ae48,533614247
8333d32b98625a2742cfabd6,839669218
bddcc7fb72bb973f84b864dd,901917202
5a80dd0f68dc2cf9fb1b0c03,509521068
5d82060575bdb7be33e63ecb,1035656831
de416f239b27327e0f78b862,692457169
816f93a2e035e4fcf61ee4c9,1070635112
aca1776ef24acabe172d573f,1025031594
af32aa018cdfd081a81bbc80,701719365
7d133cde943d189c9abbb6e4,773094698
80035ad5b3b4a948469800bb,700545951
95bdebef7fdc2ac0e9541c51,918157540
d038e5695b32bdc6fff1f72d,922988148
2979f2d91d649a8c14f5453c,579496693
a0be286778d94153d3b22ccb,972395340
57e8ea351ecd1ff0825b1324,925806511
c84f96cf4570158c3832c3f3,840781026
93ab279de0b7b414ce758153,637988408
2018131ad3f6e5aa8f4be704,1038120183
eb055771816b45213df3ff3b,492633803
8e3700ec731701361d7bb7c9,461420260
422e994aaca85628ff759004,627281062
569e2cad5c18a5f393f80a8d,786400478
7b4ca3a8d09968e48c185260,868828466
12785f791e04b3a49547fbc6,913383727
02ea72128a99862e9537718e,967988191
fd77ee8ca0551b5b614b40e1,1155820099
ffbf6a54fb00029ba24dd3ad,491700493
a295b12b773127f15e83e174,555118431
90f0cf22cf9c8fcc290e495d,502291733
220d466e3737f1f2a8ed06ae,395085401
235c56f4afd6d87f1b3e199b,506010038
eb0f3b14782c9a484408c606,995751546
4188712d431ba996cd59fbe5,521285158
3dfd7e954d6f7f40af60bc9d,452908719
00e80be4feb1e8593b7713fe,475081756
eabdd1bad2bc4351ba4a2635,866909181
850342685ececa472945f7ed,769078131
ecc4d05489c5ffc8164d5469,383076316
2406d47133763272a965ef51,376625224
b9430e8c145c2a0d7efab2a4,761094112
4f8dfb8de411b8a05c55dbbb,695198801
574b6bef16abb21fd67db401,627744506
e7ef0d61e27de15f10b0d643,862175201
647ec3f486cedf045cdd3b68,549829708
69d83d8492db7ade6c37c3de,456462023
6c07175274fba6a0dc467cbe,783307276
a5a71962df1b8bc45bf5547e,803442113
ff61abc1e7843e20b1bf8656,406963839
540c4d7a79864885d73cca95,567278637
17d0f69ae2c4f1aaa1aca9c7,605055473
80de6a9303eedbfd1c69601f,852274838
7cf573f273b14a6cfafa3ec8,524643488
eb9ab213defc2de5d878653f,612716266
69f7ab8608b5328f106b42e5,846702934
9daaca90887e5144c35daeff,531220879
2bd08c0964ef4a95295db843,694255604
34f0542a538cee9f3624d897,542770846
847a7fbd4425fd2fbc4b3edf,1216116657
22428154baf95870f1d83fdc,822891375
18e89f083fdbce3da0a82a4a,764383984
63674e7ddf6f2b4d7c6d5c1b,368701416
0e97f66cf4208c1a57d1fb17,409522352
a90f7cd68b662c87d9fc2d5e,739277050
2086639384041f3a9b519140,795218549
d38353aaffa4af168518c6c5,698216035
d994f3919c3c8fe0ebd538ad,755621188
ea9d6dc517c77ff8bffd596b,1036927627
ff83788b9f8db0297f6c0148,957812360
9d9564415e52518c2817f66f,613265791
9362189c5d784741c9b0f8e7,854943326
ffb510bd3f847f4ede255fbb,439498539
7d3e4ead63a869bae978027e,976070577
5dc404d1c214abd2d45b2a0a,958343225
64335f6d4c1a7514377be77d,676915102
b81801f02a73feb1db7f5e83,1085353276
b5d6fe84ee7c6a703891112d,1143554727
af0502ae1fe341c2ce1b5325,534561528
ec43b2789c9cc266a8e0d1f6,536268830
7ff8b0b5ab4fd12f3be399ce,842745831
d5c8073e3ceefbfbb547eee3,979020864
66379c5752189c150954b4f0,491822832
6a3f9046cfdbf4eefca3ca69,577792482
b549a72c938d767ed504bd83,694029758
f48e503ebd3908838c1f2ae6,591439138
e58ba64bfa5280630bfcfa97,809727328
07edd16680605925192efcf1,632381048
70b821bc1c7dd846a8be343c,521795578
d84d7edc4a4896c4a8722328,555813319
6d592a69209ef3356e656c44,612752856
ca9b2ef10b512905af6be620,809676514
bbf16146922556095f53b5ea,907482436
86e80098f5a3e7dbd635838d,571628805
dad46c20f9f7d834e522fdd1,1073546511
e2dcb036931bf4b2aa030036,913023508
aa7a25411bc0f9f93dcc40df,439027654
e192181121fe58a8bf94aecf,579453561
5aa715bbe2b178ad0c9e4b08,782984337
43b5b5a9a1615eba48ab8b66,452498918
dc91e3fe1b190fd8cf2584c9,631232589
1014341bbcd2fd5775631f78,541055001
7f2e9d302a6ed1770db9f7cf,877287210
73f4074e5e09e52e0e03598f,722454509
0460eacc73398bb95f0518e2,995949188
5a44be6fad8878eb2c394ca9,935877243
936cdcce007bce08a72112b7,691760196
8334a4cc7db8ed5c0071fe95,467934967
e3e9d1d073b129c697c1e9e9,591226338
dd9a60c3d502ca3cc98d9b73,1026217005
949184accb5878f82fd5c10f,604341360
bbc675f7edfa0425c78c15ea,823275998
7436750d73f2e56b4f29e98f,938747114
cf81103f31f74edfe0453de8,883164907
620e467297aed5c47e22735a,409697395
41037a3f8625082544979179,627009154
6a2db40e5f210a31b2f7119e,529279351
0083ef74db679d22463a1afe,598508085
b19be1ad7f60717a943ff0f7,471367493
0906b6a88fb1eb0d7bfb6bb5,570707369
f82adf71d17c261b41a5231a,808233283
bdda694c42c52ba4803d482f,564913115
80f633154b6f94b8fa24f213,609826923
f69aa18a64d8b8494fd9fe3f,394220011
3146f3ec9b237fa0944cec7b,597424278
5db3d671b5aa03dc33f258dc,395527600
d5239537894ce7f2a9cb5a49,571102571
bc28e66374356a4fcf9b62d7,545090470
3697e556be961a16a621f3e5,484336849
bb6f66493fbafa76d70b0a34,881264695
e78a4111d943044a9a32ed80,1096545929
044e2daf937c0d8373f2e914,1157963928
77668d4325802de9d63609a9,786040148
a85ba83751915d8d5d1a0e09,756590318
429460d5f5c5381e945cf449,947023003
a53dc5c58f7384729ba37a21,780659699
a4dba76865fbd14aa19c0286,851077163
7573c18a79e5e3ee0610d7cc,857444765
f13f72c1cb469db92b25c2fb,1133334195
45dd7eee4488e88d71d46783,1040938378
dd4fd04b9fd80818bd543f9d,916008948
500a3c5953f89b431184fead,918912407
d2e737461b916ba78030c76f,948303569
e1e69b5a90431b8a44265487,561836215
49cc8164d94a2afe8b750af4,649291753
e9b054016b281140d2566d88,972306789
32161228e9c502d2c21beaa3,480815708
9017accdd4fe3229fc45280b,389155069
17fed4a312a9b773f64861d3,386324308
8632f5681d04d9c934675409,1103831060
8356123e4d10a479a12e98bb,520834083
70463649ffbda5fdf3c10ec8,731527849
1414ec3cdd3f6ab772fc7584,598390181
937708417ef2642b7d05abad,960375762
afbe90d764c1821cdb26e38a,611061989
14331a3db021936067b15890,658372234
793efc460dd25b67c644e92f,731563673
0a9e4dd0eec86037a36fe769,748693008
e5168779de76d99010e37c7c,975790637
016dd08801ad1a1e7f6e695b,1026568776
ce509ce153f452ff8a997538,922953014
66d8ce8e6aad18a4963275fc,636782249
8398e3b96d1311c7264f6603,1085203301
e9081115ab418ef1031326c3,637337062
5c8240a1ebf6138f81dac715,970997545
18cb1adb2078fef29a613a96,1052834809
4167fdc804227ed43224a32c,1093902231
b5d0ae257748ea92c47d8fc2,497015469
1d17f0ff708e6f0b93a990ec,813817142
764f506bb2aa1ac4de918a71,788256818
7a861f1e3af4dbbf55b2c301,495627103
1562a23a312478d7a05a33dd,615329642
0a040fd24e23a77f0c58495c,971513486
7f0f5931fe148f6187ebf512,498504487
9fcdcb2be94744d00e734a3a,981332465
f181f74e96a93820a23bc0a0,602228290
5193b43c32a2bfb3aac6b2af,1082636047
6cc7718e834ba47a429d6874,708036193
b8d06f4ce0d6e71ba0fddc26,673482439
30a30e4ab286fd822c68ab5a,856295796
f99bdff027d28ceca0caacd1,968937864
f46f5e911c6c595efb5b7ab5,861494338
a7f0c831d82505044f370b1a,409564592
17069e9f4ba45c93738b109a,504148285
dd5c910c2a3d63b8fa92096f,438943012
a33329c9ed11ee8b87aad6b4,417563935
925b457b5df270a68b84753b,364297271
d206aafc71e8aec2afc3f8ee,407850553
f8232717e74332384075dde8,365411694
f60d9f0751a14efe41be383b,474428013
13adc7946bd4e6e3e4416e52,376639451
230cdc90e6c825d391d5025d,489970728
e98cb170e4383546988c6829,438943012
5bc46671989de2534553ae49,560091097
3b98c8e46cf8477a1968244f,471326658
f9f5fa4ad495197a5c9b492c,363461067
0bd42f8ee9d36dae4cf35886,362796327
567ca46ac91cc53e3b479547,472313766
f0ebddf2bd5aac661e4945ce,825664790
eee841bc785b1824b6419a73,566900382
004776514ad269b380581066,482782767
bd3edc7854cffd6b6debfb98,517818043
0b42bbe66e438fa81a2ff77a,748880083
a33bfa6cf99e26bd9c49f8d8,552066346
8b45db8a4f2c0f772c8d44cf,385978397
262b5b0bb408d7cf53073832,474028077
5844c83fecdf7e09b188c2f0,715223697
9cc3c05f0e81b8f6454b80ea,528690310
07c46b493733d74c4f384b79,647143063
932ce2fe93b8e1ec0e7bbc8f,433037113
559fabe06aaee537322d0af8,369184515
f4da2c8dd901cca9cdd51025,716432319
84eb4861db0816bc8722f379,553716572
d0dc69570223bce949a4c17e,882337463
abc2ff9d0e7848169fca170f,487535351
3e3880088f0df7c447e27840,490830124
3580dcbd0a6d7d6d3546dad6,503169003
f123231ff18912a3dfd7cae7,379772341
78a7eac41dd672cd1863e3b4,551496071
97def72de478566ad58020a3,635463219
e3e2e3080cc309d34014e8fd,552206050
71be583d473084bc0608d066,494281347
ac6a4c672dfbe20f5bafbd89,552929803
f4fc081a112f5ee1b3a09e70,677507248
d8add8f5e0aa562a63c894d7,504731658
88ab887e18e38d0b8315286e,700806978
07c8af84608e6c9206ad6961,550987174
2b352d996677e67156391e25,626855646
ced624c6debaa01c732e9f60,820193440
ef92f63b46f27ccd2151a21c,493843317
f4022026c279a9b77a894ee2,552385284
e2e2218086e6ef5377c01b68,597005098
4af83eb7718f5823ae69fe47,611363817
ee98e745afca6de4550fe570,553263754
bd1fda425d792fb0de7b4499,543210050
86b2d3ad1dacb372734f810e,490830124
98abd5139cc3ea136faf7c8c,575094370
4582ec985de48290c5f1f5e1,480202840
312a6b2a57dc6947f95213a5,464785757
86a47522586da2884181f128,769369947
b41edc115f6b439caf392941,410080203
fac682b61b813044a3e3ad01,579282243
63f4e57fb2cc22659e80d6fc,481052755
4310c7a552b20afd46f930d9,552917319
4f18341de355d2cf57a03983,409747038
a418dbb6d04e505c133c6c1c,957521667
afce1d7c5576dc49c80bdabf,961218009
5ec12159380f4d1a85e8b0ef,595177244
78d10967c36cbf346bd58f63,572387973
f995364cc33c431b3c93db45,601471451
99b31d0b5d5ab75a2653b1a1,391533840
42d42ad031a2c62be9b5cdca,552890417
73d09646de4e0ab46feaceba,518450352
bef4759bfc25c7d44a8112af,715223697
c038742e427830aef3ac1c17,400030785
e96a7f5424558193663ef6f4,825771059
1af243eb63d893b1251f44dd,493843317
a083fd17c5e7c9d33540b922,591082291
549024cda1c093c9f8bc2ea3,384725933
164cf5fb9a759f2e4be67b6e,655041024
65ff6cef76efb4c83ac0611e,609602087
784b1db005d39c2f57666efb,640806298
a2f06081983f748fcd74652d,614926732
66e4f010db2febff23b4a4f5,622434127
9702cf3039b86f97c003e20c,724978396
48de5d43e88caea594ccd27c,590116173
6732c28a236aa1ccc0cb2c86,821358240
8a1d1f70adbdeb233ed3ec3a,754870181
c775d4f60fea55d5511da4d4,839335094
1f4109e1a4b47a9b11c2c019,785669947
31ef69bed8e54b5e1fb245aa,760085743
882907ccf178b23a02ce262e,699361615
2868ac4225657a13f6149e6e,793690912
cf6f0a3cc030024f4e9ad06d,731823813
0a1cdd0d5c3c8b973ab1a98c,1003362461
0d099b1e1a314dfd9aee5293,691901659
898d1eb301c92ab6603e0b81,814067083
9fdf7d85fc65849cda3afda7,720427685
f5ee97750fd4e04eafa9d1d7,764124446
ef9cf29f71434be184a4ebd9,637434202
e4559824c3390efd6282960a,762985684
f8dc73052c66ab334cb7be14,847709216
2e992370de3eed4ec1271589,710683169
e2bbe9221780d01a265e2ef4,776057259
b65a2a140ad5fc6e3e26b6e3,698991959
3dea0748459a295fcbd2f0b6,630531984
7a1cb1f751cd36bdb6412ba2,712636735
1381c0399ebbf19db3a11820,698991959
479b2c9c12602551bbd0212a,625584822
d463fae95232d30e0f78f93f,698991959
d0df2748d371d98d76408d66,674110087
9551dc6098b721dd495e5c57,944042443
fa736ec3f2f066cba4328908,711219861
37fc4ce5dfff7faba6bebf8c,758295590
f336d60e41c8bfee91d58728,759633185
65e1a61d984712e76829c821,870335678
65eaf65f8dccb8e49a93b753,872672079
36eb8139a5ca1b8459eb52c1,824953266
c357cc3d2f4b45ca3e1250d2,666215638
4b75f2b374e8674e8b55eceb,960838570
9c20784acde0823e9479be2f,895600110
0f2aa0d9fdcfe894caa8fddc,898136781
23374ef76774d4f95f022473,1203374721
4224e69acf9fb071d4cab498,1096413234
a41d05f2ae3e022c16088bd0,1201310955
9b30c679d7da9169580773a1,1115763046
2795cdb2f4d568a782dcfc3f,1230966124
5399af7ea98c97b5906efe1d,663000806
5e93ed2a9b36625c4450b5bd,866351763
d04d42ff91707e3957b4a29c,784182300
f32ea78bc5ea15d700d3c118,752416597
8ce2d6e505ad1da079f34a8d,1209793804
014799b9ef7d5244fb6640ff,1212504464
f50a72cfa82f3742189b7fc0,900299596
8876b38f90f5571639b7d879,1081901386
239a2dd25f604c730136c720,1078389647
db297b6ab332cbbba338e7a0,1000227333
5aaed76349fc95f6c12ced7b,1307796327
10c94f25ce3f7532bf4f3152,887594359
d0ac1f63c75987c92038bd30,866107316
db5ea791b33be91840a6d045,904398045
8627562772d9d63bac507fcd,764456887
b1ecdceb6ac00b6b047c241b,1110154369
f499c1513abf0b05aa1f460e,1162097696
0d8b0ca08838d1dac052d51c,752277680
c54a573c9aef013dfa2abeff,1105454836
f02865ea64b156bf4cf4cfa4,805311708
087b564ba475edbea431d4e4,1010831471
2d3236cf646f19a25932676a,1105454836
68b547621c25c7418cfdf5dc,893407877
097a1a08a389439cc2c760f8,389061158
e9c905ff64c7e2f8c21b0a9c,367693122
464039bbcabc650d659f6683,562141945
93c24fa31fa780d28ecbc318,599533377
a73206cd21136b209f25c7cc,455771222
852a11f12646f0a1121824c2,418650279
61953f4c9bac7cac5ddda5d9,1025647507
5a5377f2d087b7bb183783bb,582002701
0a85c354c48921e0ca202d15,1099803470
12f9d50fad58e4e40a187d98,997428259
45ac018012e7dd91d41a5876,580233130
28f905e91295a47d106a3214,1097944210
395e3718423aeac3d40494a7,650169625
1fd7e9b1e717578f751c21c7,845110170
e8bdc4a088a6b99a538a6f0a,386612254
45b894a8b028be29ed137f1e,1351907365
f5c866d489889ab2f124799c,1099320571
3d0de71d822da8a999bb6222,641130574
ecd0b4bfd66fe04c278dd4ae,555209799
9a61bfe6ba2b8364a92e5a97,1073490716
e8b8d0c4cb87efc13344bcd2,998154193
1f39ea319382fb0e41ead713,1101413798
d61700c4ecc128290bc42d3f,364822291
d87cbdc4896e0e0160999520,440554862
d1281c9f037ea5c4fa683b84,442374653
310e768d2e8836432f8b3e97,492716117
c5498cdddd7856e99d21f52b,496958348
d3169d4a467cb7eac41849ff,643812130
2eeb4b0d7afa57b63778b69f,1052872233
7b3621124731bcd2e543562c,739724604
5703b4ab6e77d88f751bc6e7,706646845
2c567face144ca714454abf2,1054253385
7169b5a3b9a796162de685cf,1115427580
fd19e1b2e61f5efde879f6dd,980955531
55f0e95dc857256aec65ec1a,1044243067
ab03c034e2a420f395ca094a,541454868
ee3c0c7fe3fe73ad0449870c,1103122585
e59afca092e0ddaf60c9419c,730194509
99e48a46a1a599471d3260e0,492448370
419398139a3aa2ca2be3f941,546611035
54c33befb89cc873771c3be6,1208262695
cb29bd3ae3d5da88c99d3db5,940098869
24258361a4ba8f772a83ba7c,948945774
539c12d2fe8cbf950b75a0fd,400565956
7b81996f3abd287b50adf8da,1209739863
0d9e73c14529fa3f1ec8a56f,484174557
dd178fd542fc716e32b4136a,504108796
9aad22f3d25e46538e1558fb,850162541
93df4118ec3536b312822d90,939465677
7c6319c04025c4ed6aa3f051,484174557
98e04fd660ca1276d1510a72,440724593
4a8eaccbde5a4a6747818d29,772732347
9f6ae3eaafbdfd8d5c0e64c8,1172691045
5929c81cfde8ae068a8b822c,1017090754
b94ea2b8b847a47140d04008,966667973
ac1b644a8d2ec042ca91f89c,772409035
8df9256029f526ca313202b7,612303728
e029511780468f4cfbd10d3e,641551358
0878fd8b66aeb22f6af2d7af,404545493
76258b7b7e8778cd60d3435a,657136822
d64a2ad3297e2fad8ce66197,566600597
8af6bb75c85a2789156b3696,394330534
40db880aba8951909e6e4ef6,674434279
c9e20cadac540faa59d9aa3f,394894561
7d5459e48101349c75d43aec,731898749
fb0664d59b6333ae1861f343,902554129
bc6b57600fa9edfe13fb3118,796946448
d309cdb5688ff7bdbb682d17,654027173
d17ba799e68d7775f2104b3a,523338664
2baa6afba131b74487c94d74,679857583
0b7c8732558fc04f4fc51ec1,842144552
0d8cda2859d9903f6202af54,485338252
0f2913c5aa681a2bd45a5484,828457985
de6010c57fe78d975be38c2b,752500390
54b474bc7cb126bfe8e6c144,848941071
b1dea7d384760535b770311a,926828453
9e90e02c8ed3ad137e4c3abc,533905320
b59711a5971a3b482db4d9f7,967988191
2c37a1280b18e095b43e19f5,944530255
fcd7c10d81aff25d9233214d,581279390
c3b8bbc492a7d7bdd63da22f,907418767
42aaf6521fdf1dc9bc50f88e,542974626
3c268e9119b8027f78f91954,665710305
c8d5a0e9614dcf96a500206f,525700325
6c778557da9b5d99f90b1238,764030352
4514844d15690b7331fdb6cb,744383772
d8e981acf77bb46a9dbd3109,781343270
b940ba03ea60d4cdc5d2d429,1063001032
4fab4e66ead1948498d2a4dd,516625401
a5620899d410af623a3ff4a9,895729356
f45e3be8500d7bd91cc8855a,412714121
4b82eef445edeae7a55fd019,575105456
29881785ae39aec014c4982c,889998288
0d9f91cbcc9339146bf75bba,495245039
b839e76df5d73e7d53691707,978314232
7ac96f16bdc50ee7619f3548,928677344
a102a0a268840439c2c8f4c6,504063078
e1132006785632e4ec5deb02,636357178
a041ed3fc0b60fc4ce3cf847,733364452
84b758716f47bb0f4e4a2bed,554534977
84394774ab45e0c8b733bed2,512403137
2c1c91f2bb4d9dae38a44360,407193657
8ba9304ea7b8d2b071bb0699,504631785
9a76cc7c650230c670e703e7,951112585
9b0833992397c6e50b54715f,671264099
6f192e6a537c1509521e1e8a,957949183
d1668e2d35a939ed126a3f8e,963043153
a17807447696896bb61ef8ab,936039877
d043d368d2584ae95ad3672c,1077097363
7f2e3f2eb5abf86b56897250,818295051
fdb1cffa6b7346fde667d72c,396918591
58a3a9f44bc7846ae26413e5,646123960
af230af0c73a5f2b72787c1b,974135300
3cd5562115870363ed5d7558,849086764
cb9d8fe7c18dba6827836403,797871595
742fd57dd463c1b5cb79f63e,797520423
0d30768d188b6bb53d599ea1,1098393452
c455b8a15dbfff94c2909f37,541676537
8541eec88f0dd8229b4fb041,484951631
54aad3aa4a166d2d50df48cb,1178260498
eb9a59d4e85a3f124e866f47,1032456272
d65946f9c27e417e6bc60057,478491602
dfbb0ed74ed85bd186f40ccc,463594606
84b05da6a859ff5384f37ee7,503753348
e2da7c1bb33be76b86b9a07a,662443930
456243bb3fab3e74df21b5a0,664890380
a947c2ea296f1da3d10b0a06,416780946
3929df6d73b3ba01bc018476,454615736
ce44699aeddaeb77f23c9b9c,1148068766
3cd3537b5f9475657060cae8,1193635548
4520ceed2e5fe3458850a805,1158454997
00dea98fbfbfeae74c513bb6,1162847408
16da41b1128c039ff8f83919,711198349
111d509185303ed970d710c7,1155084723
83ad1ce7ef6d70842ec986f2,681614568
74f8ffe35e8d3bc9be725d7a,436977169
f5e7ab7c2edf566fa22501b9,953966272
2e1f3fb2323fa16150f8bc88,541356160
f8bf37a8f81a310e299385a5,556557082
7b71229680a50bc26677a427,779787317
1f7daef9ba898c4d8ac1c81b,539198728
415b68c7a5cfb073676c443b,496201099
856559e93205dd1561d8ada3,727127458
6d534e4baa1740d7839664eb,529080811
9ea78159ad117bd9c0b04291,657120074
38faca2d6e338d328428f986,484992030
fcc6c3c10bb52776accaf06f,702869499
9120f0e5a6f505a2553bfd58,706391696
583a8d8c5d7fa63125f62155,833600438
3d04304c8644c81114c36f98,530232381
21fcb5c7e497f0580b820379,991413414
6542b39cc8d2d13dc828772d,1055302591
091f6342ad934f4e7f84045d,1197489971
fe8305e287f6a8e7899c9459,697331090
d4492ffc4aaa4ca9c4dd2357,903282983
319b9accf9980ef2ef81099b,938201342
fa84c07cc90e2a2058b57c9e,519843705
c4749eb8f59cca469236df01,546228286
b8a5928cf1f7e704e9933bed,731436448
c2ffdd10fe424afa1b09f31d,630830911
f221dd5d745def063eeb7258,816741808
319ba1ec06c9b6ca6990f4c1,1129721286
29e7796eabea247af4e8a0f7,574298375
ddbca69ad74877086c4110e6,972743983
c858f0f3f5594e7bb0f3b6a4,1122858719
88ae3f4a8ef76675c66e925f,1119095856
27e0810a702796d97878c34c,750060666
7450139ad1b39b2a380472fa,1162036786
35ae7661d8191507cf9e7cdf,655689041
93b8ea95ca1c1ff3881d91d2,505042681
8e4709859d50a75dd08b03e5,775327019
7026113e0cd7b2d17f8a3459,748253718
9af956dd8d83bc715592b97a,380417985
df10ecb67d79e645f77a90a6,1028871853
14feeb619f409386e6eaeda5,422816362
1a6b9a6d92ec5e905ac97cce,699335873
057585ba19d6144408d4e2da,525304335
72699647b590d11ed9b2f2e8,399403950
cbc99d6202cd3a31e1c14a16,566183067
ce1d63bc4411a615b816a76c,825639841
04f0fd25e2456759753bd2bc,564719070
8c0154eb5be437746213aec8,853261662
e23017438478050a655f6d67,685554469
8f0b6d6dd914911c7e90d302,1045108562
4b38595746dcb78fbb459781,612638844
95aebb36dc0b4ea86db49492,1090586645
f900f7a9c5e2ea51689e8992,953509478
3fa0d9e247f28968a5bf8476,462349669
1240f50cf2d8ef1d8713e671,477448158
14a55e5887af840860b41ddf,366401428
3ffefb3f453c54585fa6ef22,760613499
c3b357d17afd631df02dc39a,883869349
a15aced0fffc97e219f99545,463094354
cf707785919dbb92cfc7b5f6,970706361
70ebbf6a402f0f707b893979,608747282
aefb3cb6ad2de9ffa90b9534,616722164
b2809471a0164e3d41b8fa60,1064797768
6d11001f164d81734a82ec1d,441347797
ad71acd782a4fce4d9af04be,573429173
ca86f53a857c23b15eef428a,812359979
580452a616b4f5170eb628d0,770849844
7dc609a3c7a3ab1f9a3146e6,621767347
e8fc9a1fd4b39f946b914398,455228682
0d3bc6532812ea618d154bdc,850879303
1ee436f045a0662037f9d2cf,791187678
8697b1d337145af0ef8e4619,1113567847
9a08127164a0bb61cefb3680,466061096
e08e1f260e5c3231c49e5a96,488498672
b96502e30fecdfae7796f1d6,567624676
a0b178016cd26a1d2072e7fc,527260823
5e3d7da3cfe55ad1fe609579,815754673
30f77637dd52e728efaddd6d,1009597887
2202c5c9a16b771d1e242c18,885003217
3dc8277f29d0a2406fa25ce1,918344764
a0f86ac00934b57d85b44dde,767687150
9168a08b1fac4c5448626ff0,770398244
cec8daf847f52cb2845a9f58,994200458
ab7559b75b340275587e50b7,1196478415
a392f7f9ace844d712ab2b4a,904363857
dd21c6799a32ce6ef27f5281,580119698
275ec6bd936600c7eceac599,1089703907
978195f1745ab7e3d69e1f50,1253050419
0e3f82238c54e85ca4229977,714973158
bc168cfefe964762cdf8755b,783648544
d22d5776b6305308c9e774d7,668603212
94d3fe901550dd4ba77ffbaf,956490456
63717ed97f95e32b2ca321f3,827525637
a7df0496d6ce217fadfad10d,1011066635
51a696388218fc2e412f8806,705974875
a918c218ff761315988c6335,924750851
d3609eabe59175fcb4441ac2,1412733782
8af2e264b801b3e155e52be8,1218622781
76e4ebad138d50c690f0aec1,378721243
9a9553eb431458a3e30fc672,723064390
117f37774a78d65f9e68f906,549907576
0c8b133effcdbcd49d52add5,1020094658
5e8b2528c1c0a5c12a476919,778010072
38d6842c2807d54f386bdb5c,888511810
55f747145222c070fdd50175,822313149
ca7d715827b39c417e5b75ad,669078058
b219848e66fb065d4d2441bc,945778496
a04d3f4eb8810a346fd29ab5,1101489199
0b06da0ceff947975cf8951e,1102878813
3f35c44229ba13940d8a705d,1090559242
8bdebb8914fbcaad625b1764,432471457
f4635193372f669612744011,1122393529
611a369172eb6e3e2e4bdbfb,962208834
6689af92cae5d7c9c3e2f215,906398226
e382002b0685aabb01891743,720210816
edbb6dd10f8c9e7596368225,773584702
89b0592a715c9e135967f947,1101690522
a67c6f6400a176e0a07d6772,915318731
5c6e6dae74e39d33621c7119,1184122165
0e1c100d8e57de8296363d6f,487054193
e2e639b53456889ab5350ba0,552845719
93acd9176ff299221e0d2152,758243663
cb482d76b3b4904c595f2dc1,517165392
a0e15809e0a284fde27b16ee,1050684114
9a958690c3947f5a8f05cc80,1088569389
889bd77c8271961a6e4925ea,663853669
dc082fe46a714afd43b9dc19,678264219
99f8eedcdc31cc0ff6fda7a6,447610283
dfa744f733abef97d82dbb32,827736635
d50b80d68eb3b928e4bb4317,565886707
a58acad50184e66794d8d704,849088402
52871480f7bdf5ac3d785630,764866950
8b083d7ac086f52fd2942a82,796194489
301ce25214ddb4b5144373ef,1097672772
6d76a22793aa9b571da64572,1060269522
d7c48db0385bdbf7ecb7088f,1251064837
874e2c6f3e9f90db80d243d0,497794330
249667af8d0835c9830e2b37,487713240
75d3c9e0da9a24f4849f2078,529676034
9e45b127ea0303f973bac9d1,384921184
daa0be53e7a1d7ff76f32955,1094822023
bf7463534babd284da6ca671,322257286
0283890ab76b10547b27e634,668903543
5fd213a5236154ae5206c372,1301234188
317e95fad7d399673719537e,705926444
fb14ddcaa459b49a3b30eb3a,1304483478
4cb5e4aa83c476a5b71d77ce,963649301
f54d358d26af89636906f686,1186249367
f002603a6990ec405d82cc47,1208262695
e3b7dc4e8990f3cd436bf738,620219489
97c799300453ab511bd06361,1098171563
3c1ee7e502c6bfb20873b47c,599171769
cf7741583fc5315ba70b70f1,820378871
36a0a1f0432c954604825b6e,583200372
9836bf9b64f27104c7863b79,602570033
68a3f9ac977f56cd39a6a1b9,1136080194
b676ed2d0af6807cc2b28ac8,1151235208
430112bf4fa9324f0149a879,575282565
fa00e05d83ee890a38c3a686,919838082
7d503f126b5863fa0626d4bb,681023011
ec03a01c961659f2cfd9c973,568631280
6a112af84d5a81f3d16dfc32,1024935628
4c5d3dd8802acb9ee22ab912,794245040
d029158b36963961fdcc3974,779598311
c2071e85fbffa3d2c2168319,661297652
60a04215bee81d26f20cf0c3,732745544
6d4a961e099de1939adc6496,1119969387
2383b8bc2cd3d307caba34ba,478892886
d9357452fcd193b6c5284bc8,1028837077
863f8f2aeda01a9fea1cb3e0,965676710
d1a6132098a4bd640321c7d3,822791146
6edd2530070918074c8e7d07,675946340
1cfe7df5431f3dc6a9289551,1295043864
c617d1f15d294f0b0aea8ed8,568680144
bbdd78a7ed332e679c8e526b,397174574
45969f25857aa7263927b400,774592086
cdacddfdb6ce41a3eb752496,519676572
3f87d08afecc4aba03587848,1367785796
f21d2c0802e3858d493c1984,805185411
660f3f9ed9a72d8875a9efcd,693944815
04e29dbe2175919265c82463,915213826
e4082fa99f92fc7a89092fff,794864175
05402dd344c77623fa053ffa,774055541
c5f7f0323f554a7419f78359,944292476
501193fb57014ffbd7bf218f,772940662
0922cc27581d9058e55a2239,458782291
4dcaaac494053749f30875fa,1010527323
506763d35b04358fb0e967ff,581694257
8c40078231bf7af2f3a06457,526800442
53e14e867f8b02c6043ae02a,460401871
2364014bfd851a68a824d1da,993718931
f788ac4a8b2a6dc11c458c90,928774439
093c849ad2bea8292c4d15f9,943034889
71a8b68f38fccf71a229df76,588650376
ebacfa0a8e569ab603cccd11,478299316
c963faee3ac527dfab08f61c,588705544
ce3deac5963eeb96826c14f1,803945624
5607cef08511dbbf3288a5bd,647772139
8a9e6d0839f9fabad2fc3214,700987296
ff03a8cc833d067d439b9903,1046190591
d3e119e8fa4d96abaa8c43c2,953742731
25b893f6073bd66258a9cf03,835159878
0d70ceba3aea278cb4a2082a,1032049713
07f9017eb4b8c169eb9de536,1017526142
7cad62cfb4fc3ad9acb09f1f,546743033
41d174db6f695472063ceef3,758069397
4ecf579a5d5e70d3b4314ef7,880296680
41df29e27c0bbb52aa8ffe49,681997736
cd77cb445eb0f72df89b9fb7,772447039
65766c8572b629744f00b45c,518215132
946eb4523f76bb23d0348309,810423549
453202a234f5b370ae9e586f,520361005
4e1b5798dcbed1842f260b17,780010117
f1cb3c0b97ae1c6819fb86e0,1275739864
24a89527a6744456750baf54,466707816
a281d59b685eda4978e0c84c,820935346
6cc9d912370da36c38ac2cbc,1122423282
10563c278e7ce8eb2066d398,847038388
a1b0b8d18cd78b7cd555dd55,1025844638
3cf9282136fad24af0f7ebb1,741965968
077659c14c3cebbe192f8247,1123204629
c372834e8e7a4279f861aa4c,503713131
29daf0d5008fa9e3f0f30132,439510927
08e1ad8d1f0be0287a395ef6,527496903
19c07fc2b01a0edec4784e64,862272159
c2b5216a8050ea0fe4008f59,1027509658
29cc054742b256e6fbc6da1c,696498631
755a3e09dba04bb6ba6c9851,713892504
c98157c582392cb895071f28,759481482
84f47e531a916b7f7dc1f1b3,764241893
231688922448e4d64622120e,625774443
9c7c68df14c238ce0b497dd2,755394190
d5e29042106130114cf3694c,452006606
08d4fa42a34c74c94db5080b,961592829
e89fbcbd4d3414e30c30fc29,663345565
22af7bb676cb4c9ffe014506,408133262
b20d6ca58e91ae70b6e0a1a5,881821144
5c372bd1e01f3243256e27ca,408133262
1242d7e61857ba8ad285b6f4,1100808414
196ac46f656726bcb8087ba9,711656604
ae513b65e06b69e1ff2ad8ec,380887785
bb26b45df6a70b6414958912,380887785
9425283b41165156aacfd43b,479047285
689b510fa99bda54284cfe7e,809787507
c57d333e383039db0fcd2620,1030558204
86e98ed0bd2565b661b81ef4,768014381
0e694269bbff1e45395190d6,1116283216
6511180e3128e083bbbb6940,1097291840
59b271bf9e2d29ed35352f5e,380887785
a4c324b1353d2f7ea3ae9727,380887785
193ff8d291a9f163a4f3301b,662302554
8ee4a7cef562d388b8444c29,380887785
53bdf5c3cd800459acca551c,472500614
35ef99962cd5984ca87bd326,707772400
dc33d5ffcd2aa2b7d56d2ad3,874630585
05c47739fa4c4f00285a2c48,916030175
a51d415712d8d6c8add7009b,751743192
71493c81121558b8ba18c1c8,380887785
853a14b680761098d4bf6136,874157574
c9d5c08973c493f3acdef892,558277841
7dcbeb0aef2e2cac0d73315a,378724811
ae5a4da0000f79f12142e2a7,842900961
1f6050fd5261a2d21d5a178e,381239332
e3f39c6e4a41fbdc4bc30e0f,706441459
9d157878dbb41c14b52a956f,523257302
e1fdbdecc84b991f582a2e00,551222114
3a26efe201689493724ba464,569876677
6670cde3fbc11c263c6c3163,631767985
780ae52ac9eae675f6fdb312,596573461
24f22d76b86498d5c3563288,688804714
fda25a0b6b9f62f92e3ea6b8,584439606
678ba0c80536dd27e385b31f,410967451
ba0d0663943a118228fd12bf,413867290
81ba4b47e9222c15c4102992,609914997
d9ec26c1c3e1811e38f070b2,548574746
aa850af0c6203104e6ed02fa,485420721
c697ec00214cad882d5e9812,746066364
4b193d78ea6e3740bf37b36a,517692607
08c61259a756e617d976e8b8,882619979
c1c1dc8df6996a94ef3c7d33,491191752
3fdfa23ac43d1df0503ccf1e,706020676
bd4526ea5b404df442892788,466148843
1062419f9cf94418ba88b6b8,549246679
1102f91444b8e1abb636f1bc,769081608
b96b4bf38bdbd61d4dd0bde5,885869992
45ee2db87e9ca0a1a9faf050,637926282
556cb23459a9007127b3ad46,812996186
a613b18945052b4576595c4c,869061472
fce385656705a8f4389cbb6a,819947099
bdac560af3e155db33d13d57,684365197
fedc2418db2353b7c97a260d,942332642
4565bcc95c54bf0c8d376eb0,961150574
5fc559104e0ba1112ce00f5d,933629378
74fdeb4c56b29662f13aa8ca,870458347
fbaf74ce4c2c6e88950d3fdb,903499285
5de0f045039122af0052c544,885197476
e18337bbdfb106a3f1739960,791237294
e1b9ae3e0ce3da16f18e1079,854374596
a57435d71ccc5f032baee302,977440256
fc5e8e45dd0a338ab5835428,680100214
918bec54bd7587daafff66e9,713682587
86137b9624049333f7e0315a,748182836
0fca6767d8f442da1f8bc6d2,658981648
3ea5478270517f299b20bd06,745750985
dfff73eccd591bb26453eec5,729448768
e2dad5c148ecc797018439b3,724609609
b5a62d480bc544f891fd8521,746556563
cb09a84a1d7b929607d01ee5,781471634
af067a8546e1177eefe24916,558984730
d6f9abcb58befa3d05373a72,830762186
ec2f16aabd36fd9ee2203276,1184335375
dcafab7adc7b763bb934496b,993654236
ede43dcb1715b959ba34a37d,964629556
40dd67aeb6e9979211c9345d,747695908
31f630c44db4be5360a57640,837308422
ee8651631861c1b94283a953,1108958493
b7d245742eef110adc91b5fa,967316267
ffc49242bb0edf3e22076501,1152465355
5c5963c17bafef1a1bfd5e03,959804779
6c589b7e6a3cfad34e98bd87,831354229
71ab3644da08b8cb0a0b34b3,1038811953
aa668782ae5d0c16e57193fe,856520246
46673c69814a0b3f25818dee,1006304190
b2a417a8d2440f9124fd2ee8,1072488831
3e0ccd899ad73579898fe73c,1129232043
e6f2c7d7317fd433e26878e4,1132663235
2d91b3a8c62b890fd246183c,1219610371
fa653848d69ce620a41a73ac,1056595501
3b6c94e3e3684eac73b3e7f6,1359944232
a6a07d35b3834bc6f81beb6d,911646269
a39617b7adfeb6ae7d5ee5f0,1063100652
95e5e774dac6f0159e8afc0d,691103036
995362e3fea8e54538ac135c,515793496
42525c57e13abbfafe9bb395,1279075625
1ae6fd60628e7d186a5e0174,498694807
082293a465231208059c5d53,482819801
732615f6d1526ec9bd519eda,498175535
99e9c4f8fd7fb7929da10a20,377489024
1a75e436fc23e7f48e639b9c,504839769
54cdeb67ca9ea56205e4e533,1026670513
c412ab869616d6576cbb8309,716004645
b17840ce59c9d9619b46534d,816273915
a14f071d8e5c338d9ebed23c,430393821
84d8504f0e860b0760c3592d,805161000
a3d03a25f84f4d50d2a308b0,588785244
bcdcce01d86d648c4502d42f,528020291
33379968a83c8a90c23e77dc,479078998
ecc36a3a4610829ee3f88993,380842542
f4eca80958b7a22922b0efa1,380842542
3b4ce006ef95420847da20b9,380842542
4fb644a95cc04f7bc6cda786,380842542
f8fad48343ee5134dbae918f,380842542
6e8e08e09da8dc598b8a8b2b,380842542
56ff1f7e81fda0c8491c354d,380842542
444f102b4d54503044154ff5,380842542
e0eae2174807cc7ada38c726,574508202
afde90f91b01b0282bb94335,478364400
1d35c364daa0f021ef263c60,396934445
8c47395a28f8177923d7b75b,451413084
98c98982020ba42198aeb45d,703527788
ff424474d2d10a2c2a1c1892,518032899
971a322e9087b67650689ea0,806399582
45a7517c4d29f5bc7787dedf,735909557
74a51274abc8358d628ecfe4,794494004
11dc32d92ac579720303c019,727287064
4c25d939eb3ec218403dc4ce,919256977
55597a7b8637f24198415ed8,766741208
eb7173223a27076d16b87f33,773229154
709d17b62bc95253601f243c,778051319
fdcf0e439ae8b2ff5730680d,777432653
2524e62e917e8a1aec5c9c26,680478432
ba601c13d20602c988d57246,664641089
397a7d1cfb809e34797f2bb4,928041683
b54d3ce25f3f03cf3fa0127f,460143632
d51bcf03d649839ca803c357,489734040
e9fac47a0f02f27abc96d568,924656954
a52bd93aa6b0d965914f1101,677570150
16601a92574531c1fd57a359,874128301
0e64230b70f4a227b444115e,914660327
ba2118c330e19baf4f3ecf94,964620817
055e29f236bb61603d4ce9eb,1027825248
7c5c0f2d9a0e355069fe1c64,954897581
e781547cf6f8cb4ec0742b5c,739453379
8caab74ced535ec5e75acdfd,472631767
9d64345229b60ad1853d94ce,707473456
d128186867f91603af4fa481,1044944495
f8fb6d1b0dafc28920393dab,1044944495
33b92225cef255b0e4b4edf9,635371532
7eb78d4dea434674a230caa6,848579648
833bd3c8ef9d4da2f304a94a,1027481844
331f0957d55d7f03df7fdc4b,1098215912
cee124f4b9031f59c4fbef47,1009795185
8a9663cb622a55f2a1a8e3b4,756963268
25d4a0ec9301ba5d53deb780,568710171
38d4b1837c595b6d9a23e994,1011888897
a21923caba05da05449d60f6,694633769
63cff4b5ebb2b6528ad34cd6,705044152
948c392520e1cb3a030ce86c,991534124
b2e7fd7bcd93309664cd225e,751482808
9d6be7123f2c6e610971374e,1026976985
3676e34e4824101f3fd9aa2c,581900722
f849ad486e84a82190675b89,808100977
2fb8b2990751692b8ef1ab6e,945386784
5155f70c7f8978e487e71479,774749196
4f076c220dad47bd9bf248a6,1028284200
480041bbef3a540df2a36ea2,724396609
4ca66e564ed478d06c471357,660438339
454e4126257189bcce9b681b,1093739837
10ce9c7a0a58aad19778e5f2,1025000620
dfe8e2542755d41d920e28b8,410123607
5115b0da9c95559dcee9e58d,1069065236
8a0053376ffdc75d0bdde77a,971414321
5688288ee38f1a69894ac77a,812555987
1fe514ada76363511cc79105,997845724
885a312d9a5bfa8a8db5279a,489477221
c716d4dfb5a3c2e1120bd84f,648752492
689aafdc12fd1610c2393a6c,815840626
c0c4ecc8d3aefc53c4c06a38,710306728
30091c32a5046d563597bbf4,556152556
2e58c9b6fbe9c57c83bc0aed,799646742
3f7c5d8304fc650bf97247ee,803200132
56334a9db3ccc24faf138edf,748612437
6d0680692396c07afc1a260c,734310149
9e07dd563b6ff4572f5d9031,967556039
1278c9fd86258bcb435e7127,795924065
acf0f98cd8f8c8ce06f30ab9,1193659086
5e3785bd517f4faa2bcf43d6,1026287998
cfc61dd41ee5f5dcb76bacfc,564528836
2f171883b97d9c02b90f93a9,366985508
46aa67b5e0abe39dae442d76,366985508
50cb49d65d04a5d166f96e3c,464225488
06c1673c4a7444e7aa80abb7,480139082
53881f29c7a6bef0ab537466,700130519
2b028932adc74c961170a4ce,525385918
f3a1bbe01d265470a2d7332a,456461278
b42d5b5b38686929eadd56d9,431637301
bafc63f23f097c24d36c76fd,671861788
f164514211012e3a1686b148,551873371
82b90288bffe8c1c0b5a1259,639201616
2fe64bad1bc8a43fedfe0700,508999606
da5b958667b31f4f9a1d84a9,696938846
b3bc9a04a3ebc1b911326735,1068078047
9ff3acb07666d53f00d1f1db,943510379
13a44ce5066ce00846b59ae3,862728609
bb45c98dbab56e5abe20ac0d,880766075
f88bade1cb7ee0fa643f31ad,664174577
e9ab6916a79b4d5182d33bf5,838597525
144162ecfcba71bf09048dae,637970946
19466034c2ce19c24a179fe6,608801366
3787f6da3e961c0e10d30e6d,684183553
908330b0d2651093c0bb6719,723832906
66b7baef9c6c3c7ad24636e1,1007911081
69cb0f3d422c2c78373c2e0c,923052454
1e866483995b30ec7f79d9e8,791324896
866f2a55f42cf30c4105631b,791324896
fede7e1a7a6f23338af6f40e,651427954
7447156f2967391975d335f0,608801366
08451af5a81fd6a63c4012cd,728181419
f63608198bfcc858abe1ab0a,805647217
e9a0dff7ae48bd3fa2ecfcfc,578077246
cc97f62e2fb9d3e31ef1c00f,1042776752
ed40f198ace8a4405cce7a1a,874126947
bf17b59bf2ac2d06894bd786,849583471
e118b149654cca1c0b3a58a2,1090188293
7f9bdd2157f6c3d488c77ddf,967020165
9350225547486ad75c0b5ab3,1163289450
d1166776fca47427c77fa8e1,1131024220
f719b387fac4f688b57dc646,1170604125
6ce8991a39ec7b9883f85000,1142591825
353743db4334fee80ac08d0b,1038901081
372a3934e8179422b5cf5729,925336467
81516aa72c98ded9223db098,935005585
9e80db4c35139bbb18775644,1130219754
12ed2c22a923c840ef616a3c,1092359630
7bc57b136bcec053cbd073f3,974902983
77a06084509952c6cfe8f501,603345289
73578b4214e2eca83b1e70ac,711812744
527e571030a7d8fbbf1a41c4,912981888
961baf163a07179bceba67a2,1086879058
76b41682fa6953a3b20d3f27,1025330959
cceb25e83ecf22252aa92d2e,934045725
210ff5d4404ee8578a5ecf9f,834101098
398274b1c46fd88151420c6e,476224199
5b328b80dd844db2e946302b,406489630
4195fdfe50e42e9981fa2f4f,645568913
2d4031f171f965d7dbce0ef6,703414142
fc1b713d5605b0030421d5a2,854171029
cf6092df1f22a7c4b8ff9d50,668000673
8dbdd7c8971a514eb7cb4d3f,1005207994
c197faa8bdbd51c075a6d3bc,867218700
1985a2a5c3b2b0c7eca22afe,829546868
92a1a8b617b6d2c3669167a6,615194292
2a330fdcebb247d6a6fdea23,801633570
c3dd975d0aed59a65a784e47,752215736
608a2339d558a6cea9478756,910309791
c0ccf6d535d1316e37e1024e,976475812
229a7640d41a8b8d6d2f8f83,1197974060
e3950ce025371da2b4ad9db6,1067650476
a7e41393473834db30f2c1da,765670203
7dcd1597e11f83093cbfd7a5,950461025
71235a69058912dec1d355a0,1059719207
349602317da0e456d88fe24f,990085463
ddccad3e5a4eaf791ce3a7c9,960684774
776d7d1326576f07762ab3c7,852277216
1b88c06bb3c1bc2bb39d1b86,985513700
1c5c4f4c731545aa3388c554,965957540
aaa67089a753d255215c15be,710735330
d6d5717a4b7e2edaef162b6a,584249660
0ba20e953e8e76add161cd6c,395863771
13c39860029403ea94b5439a,1109905361
d5436eeef04e1a8e51a38912,385461340
21f00ad1214253dd5bb97817,1067469440
5a3119efc021fd0f102ab958,629528440
331c515e7f0dbb4460810999,670218989
9e360588b18cb15aec3b6609,766018196
a7cc7d2ceedf4d69664dc734,451706494
4e78cffaea2008f3919ba0ae,492748643
452e0518f7164287e47e6354,672328440
74286242739391c4eaecefbe,606230452
df06b65985649c7107b794a4,475446938
b6a21387674a509514fa5518,878293073
6752fcf8f1af18d61124e32c,636598448
a7e40088cf53acfc65f4b3f5,821225050
61b9307a25be3119effbd0d2,506916733
3061729865dd2d68858600b1,624311877
ad38d5660b6f1eef23b76039,480249796
1d493f3954b15e84c41afc82,470982114
57744cb947a923584fc6bcc4,377130345
16f60cac352cc0d668d226d0,365261623
accf7bdeeff29ec7a209c509,389071873
a694b9ab05641a6325764e63,532894722
bdeddd3f84cb0ffdd1fc27bd,560874411
de9ab30042562789601833f6,392326508
1a95522f43288e32addff2ba,482228637
3cc722d5c764ac261611c2b0,470921572
aba85a8a7ea2def1fdd18587,503080339
b272c1025cf5c1e1df47042c,671280054
5c449356b8b2d7e0928cce59,767119999
a56d3b5bc13c9849cf676750,756726999
942c934c0d41ab822d60c795,490980196
b0fe09d086490092f1690fc2,671546856
7abc8a11d3d6c905de3f567e,471667624
16716773b2a43df0332622bb,580199146
98fdd3fc6c9447d0f05eb1c0,570634464
a59f39373ee368259b441de6,596414020
cb778195c5d61a7c4185424c,941804690
c0277899d5f185cc78fc4a79,806928331
44effc9574c74ea4ad98ede4,619754658
e2d00e4fd93a02ea81895355,835515790
ab405cd390c0681c3c67836e,778973007
86db204f7ef6e0e0e6687246,941080732
97b791fd94b2339ba115a75a,652885512
3897d9b5fe3a0cfaed7c18a6,635063665
ce206b82f2de3793156baadd,731333282
2c924b9d45667f7168bae6ee,767522540
358eb586d9649d20dca9bfcd,735556939
71b1fe15c5bffb750c99f648,705021061
eca500b92ff96f10ccd45e54,722263776
7b63445c5e1ce95bd12c31ee,978503516
97d64459dfb368b1f6067ab2,978974327
1b09874d5a3e4c9e0d544198,793767005
54fb79bb019bfd10e5481ec9,871998257
b3b63d292523ce0a925b871c,638382450
09759befd8899fc1e359935f,973159578
62e0110b1c8dda16cc7da89c,827657120
d98ba43504fb49a4f0bd9c05,1028472615
48815b454dfb64fe60e2cde4,525198847
40a65310ce666e80a9611d4c,831497185
a8c5674b5d110d99a1e097af,723708143
ee9e7dcede0ffc20442b4407,1072473784
9e858250fcb7320b65bed9c7,1012742391
bc76b078832a3a81b6d637f8,1031971076
b06d3ee14ccf3d46fe2431fb,828693094
87332a7e03cb851342667b98,1072399033
faa37a79a1d72e4b8b0c80a6,1072399033
0821109831351eb2501e362b,1165245397
8d01d6561223272181235c69,888870563
a0f1c94cd34fcba92f59a59a,983793259
f6a5c88d1bca87c1e89d8084,1206897899
55118881731616058c929b1a,1130583149
bed1fbafde11c156b655e04f,1020925413
819d2a7c3330480b7217577d,1036066941
e1967b56ab8ecd035bf39534,828693094
08d0615cff29645ee70e20e9,1162981556
2e8af16a155fe18c8c6730a2,1198256646
882e8e77fa1a71288f6b61cf,1099638991
7930bb0822caea5f6451bfa6,1051150842
993a18ae04d78d374f854262,1171149672
e5527bb25c85988e00da339d,1293473851
07bd45129563bd2fd974deeb,394713048
83727953ecffc17bed632d94,401074553
2e2d3f42f4f8369733b3bcb9,741125572
3b23a71bf40e800a66bdeab2,413925122
894f346e0ad39c57fc0f369f,1114242132
d1fcd31555048d043cf084be,694435386
8d48f73816b248d1166a09db,814270864
32d5a20c542a8194a6aae965,598390181
53870de54350a8cd7c13f014,798903430
31cdb68dc6476128c4bb2f5c,1032410035
4be6d93d8ae1375156444f05,606275138
33a7f6aebc3e2d480d287199,823531517
e1e188d3f9940f9dad98488c,802677583
76167f6ca3d2c404104b77fd,808664531
9297c340db8a74e10dbba148,878372193
0e001ee8f27e1a2fffaa0225,1167215845
ae3868ac8c44128b8a955829,756834667
bcbd20cfc50e2f032b174b56,452879060
253560c855216bd9eb102595,633075573
c9c769e7ccc99016f61269d0,535201608
7c07ba1982289ca3abcbece3,673842077
c5c024d11b3ebb2cd088bf6a,1015272686
f0a8fb06fcdf8997bcdcb03d,996244002
806f9ab2a016e774689ce2b9,364360602
4491bda913188aad3c66ef20,764445267
0c37c0d27631960f9e0fda1d,821982327
b50b45bda0905a116f238c1d,516838724
f0f8e755058d48542b9cc4e3,766016314
b3005057f48c1794b7974f4f,832678430
e1e5b0bd721a67318a3848ed,455631474
d96155b72c02bfa04f7ea98f,578967824
3825ce5030d951ef0fc2f7c5,377772962
99587dcb4237fe90acb15b5e,483001918
452ae373210337b8008ea2a3,884426040
09ae7df5577582ce7e7b0aa7,770104355
b98967876009fab4290736f1,992754768
24a4a43ae4c687bda1066227,1089097692
c509f2036a11b7132c633d2a,773381176
bda914dbacd42b2b7c6c5179,826139997
5a681060eeb2fc8f1b3261da,590436762
016bb199b12846ccb0b03191,862545888
ba94676bc0385678ce3780a3,575933419
b2183e5bca67574df7d5985b,544276329
baae43ea29f7e419bbecf998,647166591
ff1a7adf260e637bf316812f,385365767
8e56b5dbc4cf628ac12e5bef,1112722184
c8941b8d7626f7b33628158f,999343254
d504ed869ece1b1d6e724452,378062069
1acb5576ccae1f0534f614df,686392671
ff228869121d053ca7bbe431,1111139298
ee4dea05e93581750d613c59,578317103
5d507cdfb7c233cf96dc6a83,712764312
faae4324336f1211ce4c7809,677240347
9a8e471c8f4488c3799483ba,499061699
d040e15e50d655f4d19bff54,463460495
efc7e89ddf3de559154d8e0c,1025390163
e91598736dbb7319952f0dfc,812011359
4046ebeeb7ab85affcfe337c,1065078477
d12059af22bc7d6ff170430f,1148077372
99d39d72083d7485e8944a3e,517939367
b9ab2dcd8d1855e4bdd540c4,1053275637
97106114a8d353ffebbd07b7,775811147
d5c950db90c92be5fe753189,793936748
119833a13f3f7df22d2b270a,579241012
b2078743e33e1acc49c2d2ca,754755734
fb9371f86ca6f4e62ae374c3,584011945
6a39a747417143f0cd24f3bd,1074694318
7bc0c9e2760e4b1488522768,1052753748
3898683e5d24bab9eea24d30,837179718
be0e466ca7d6942282c8626d,736006174
2d65980024ded46854c25260,932974253
87aa28825a5b8ffbac5f2e2f,731368789
918b0d900ead8267aab4cdf7,605911794
0c85506b301862fb58b467cb,566901333
4bd031478b15017efd41b2bf,948962179
48bee96c1f65b8e283d67483,600413241
7618cb8d215425c931f47886,559991516
a7a219e7cd18f3c4b83649e0,485560905
9d3f5b59b9735da05588b3d5,507322432
6ac5f5f52cfeed2f0ac9d018,730984872
d885902c923752eab7b619e5,452596484
b183e2562cc4816244ce0e1e,615485199
88622b66e6c47cc62c3824c1,743133111
01230eede2a4a74ec4ee5105,766658862
060451a9e3e0416ff41d253d,786800682
3ca0e7723afebbf53e390297,1003169979
e2ecbfaacf11ed16fd71abcd,503357124
1f0d83013ea5e4c3f4beb583,681889336
450c4eff7e37a271fc24ce3b,841045153
a70d331be751cdc3bd0aab29,363057027
41ac76d4fa450fe0c377a0e5,363057027
2ef8a530db816223dcf474a1,585700976
d09c1af87ddad4ad11b82626,496257323
35b1cd8020e7efbb9ba5adde,880082424
6714f846f2fa3527641ad96c,740003789
4cd5338bcf246ebf263baa35,451010432
0878a639ab8e6b6e69a3df41,831750878
f4c118396d781c140d8c9b08,490509607
27151512d4b592014137ac1f,698866205
8e5123f5ef1da66571ccb600,1196910042
c491a13a87fa1ef595b35826,917302664
52d6c4bcb442eebdab338116,1115057749
e23d93ade25e73614d7bcd77,1053704634
43059ceabe98412315566838,957806693
93b7fc7c4f07a7f117e687a4,856900333
09caddf25db3ac8e1a98565b,931295887
e3034ebf243b024cbef83cc9,876407765
63cc884a9c5c888de176461a,903660807
069fb1f8d0f06ac2fee87314,838980638
059aaea3859c4b9662ab4df8,417475225
148b157ece514d99be0a7f93,389167545
9c4f397c093dde7de5d485cb,932428559
e28d8dac5c1c75d295a9eb3f,417475225
a804849802cc0820d25f955b,417475225
fc43df7f26644fa464ecb090,423974310
608b26adceba64d9ebc5486d,417475225
be8bbf40db0dde8ed4cf338c,417475225
d255f73d4066fe559065266f,395862134
c552cfa8e6b8c8be2c963ae8,507778508
5ee020d4adc767b3b16fffdb,482329932
2a01945c2ce528c02b391c61,415790074
dd7ee555ce0b2d58dbd8a9ea,366640996
a732aefa7ea4715325e9e80e,520829421
c6faa40acaccc1603c29df96,423974310
fd8caba10cd4d1df27605358,413623179
788c49c17df556bce0abf6ce,816431272
2d0d803cdbeaec6e2626eebb,545075491
0872074f7bd512dbd4609c85,399819068
3f97341f90b11e6a7a7f7c2c,933245302
2bfa301ea435f929e6c0d1ba,488082867
1d029020622a600aad4c2991,928665384
8a100bd7f5da66664a2680e8,510692038
1441a28c376a20c90d72cfac,490828373
495eeef459e80680720a0ec8,566120601
df81d07cc6e8fb0a01c0f404,566368227
e23ae41983b9f112f05bb703,666834526
a2ba273b099221390bee92a9,500614347
63dfd58a5c43cc7c0a468209,466190043
27aa789e29e52ef8d78b9bf5,900575014
fbd613ac06b6bf20d76822db,538057854
2a805135d8030b614d9df9aa,749053892
22c9b57a67cbef0920d09174,403000736
fb76da6072bea5801e407990,395044413
9050b1061469970ce28742a7,522242684
96f5db1dd0f36d1087172fcf,694370382
38cccc333e2c38bd608e1880,642824611
efede59a47d17737f90f4bcb,968503503
bca5301e6460eb859b7ef34a,569674163
a23a13e43f3e08ab82c6ef82,433355850
8437a42a8e7ebca46eb088cd,485230796
6e3cbc252c449fd4b758b97b,505375500
6cc6b0672aaccb8909f3a751,570609656
c60c2efec3c12959d86fe3c8,564424563
d0e45d520227ef8a1f53ba28,643702878
e45293f1e6ceb2fe79f6e0d5,853494490
4202dc3f8255586e1ccfff46,472220108
1d04d5450762d664fcfab674,931217819
a3f969063f78dbd95e6ee795,560683771
2e3fc1d628f6727880d3d4e6,505375500
22ea31eadbd3a54216443137,466190043
6490a1eff73727bf62458b0c,580441440
49721aafec7123f6ff4d8010,881390421
bce608b4629b6c8512ea2fde,860976655
a7ba3ccc4831ae7e539f0cfa,471073154
959b2293af0ee4f7c9fea7c0,739709468
bbbf74a3abf9cd8718384a65,752899889
680a71ef7ec15bd919c06320,720197828
0bcdef6d56052acd2afad93d,542282864
1bb885a07f57936b919629b9,573727067
8a222af682e2d7796643ccf7,644090209
3370a48ec22302456c41ded9,518591030
46fb04e7578da5741f6da4b8,519765299
e9da7f2549d914aab6a30e10,510769032
10d0506d84d778da572ec635,596755214
966e8fc9af08e76f8b276245,476899765
0da2a849e0f83b17b006e50b,588156632
f7101a05db93cbefd6a3b31f,391374802
b74fd7f7db38ec233c6ad71f,439789432
0d63e52a47fa884e36f10810,581287769
77fa49bcb52539888d481ab1,597743612
6f412fbb33519fdd31e741c4,516509432
6615da422a3864d415b28fe9,507394803
f258fdece395f0c4f4da6a96,590916311
c54c645c340f59dd5f47bea4,485462680
bdd287e9de82903f210878d6,735787286
e110abe74ba0ad062c9b575f,625025529
47e5ea8cb7f5ab6703803690,652893264
e71c6f7437c633e2d9da643e,565029861
783161faf2e3501c38c0aaaa,402063565
5fc3de15eb0cd87be5ed2e6f,616535360
4066155e224520530ce985eb,516219676
7745863791b5cc6d49f84c8b,535422345
aa7551be1b8d6278d38fbb00,644662052
d654c9bbda61c4c0ee1ae2cc,507218968
d224080523a2bf2e81698d15,564989237
5f8d0a2ab1f9136de446528a,778166150
405fec98d5a3c8981173311c,528471023
2a9e77fd00aaaf773d130914,394149888
279b76adc4bc9f8dd86759b1,732060700
f815ec1a63e980717c9c3290,574580498
a8fc825e34bd9bd56ec5331f,724528153
248ed6abe6e528dedde951a3,680614976
2bce6544d58b6970192a1838,486607601
352a76b301243d22d1b31f79,495848785
bb9991da696d6e1f13a32d0f,564615902
8e88e6cc55ca769e472aadfe,529742698
339ca7bc687766f517ab3274,490229489
93375efb2e74f4913d21d94f,502646897
17d7e6d321bb7394546e6b7b,526195419
0f601f5ee798174ea9d52caf,577537106
8ec8cac469f2448654312aaf,887721427
affb62139f02e524692ebc5b,608697685
c01199a4b2fbf0f6cbdf2a65,1082485121
4d1f49443787c874ba19f968,802542738
035c61042b7dbc7ef888d1a7,1170492255
0fc7d98f75bc1c0b782a328e,832828355
b1924a5697dfe829b5b8ad76,646574322
d0100c18dba3c334327b29e1,704719983
add1a20e8bba47aad2edec69,989161714
fe8a78de9ba7b59a112e0046,661184016
b319d049a3a8e4a095940106,742278561
303dc73dc1130de9aa2f70f3,706185676
e471b2ef30c388893119a010,1010911472
9309d812688d0d2bdd33d830,965932070
fdb192e57e3e48f70a492b87,972656580
c514c9a35632e5a9c0476a31,754477547
3bee8a9981a1e9e13a05cafd,728305621
9c942287410db3d0739e182e,921228576
f59b9c03bcd4e0e06d23fb47,781772706
4c11f4ebc622483532c24a06,697285987
1f53612f7029a21e2e9f74e1,807772874
1f4b6eaf52fb940e666c1c93,717120759
dc65f0bafddf39c6c4b2c9f2,726651704
344823ba2777540ffa2a8fbc,793979367
8cef9b18f20e9c5a32e7ccc9,1007424988
413d6e4fb772beff60f73e2b,821959835
15d3ae51558bfeef80b9e97b,781393120
b81c26f2ea6b66c8315d1146,995918365
c3786f81345d39fd8b353da3,835615925
6c568d2287dcf12b2aacd388,838521703
e6482f3b6184515453d16bf2,843848999
32c7b848ef60432d98f415c5,751536500
1689c3e3982382e27a4ae074,791019558
3d0cc51b7a2392f3be3b1666,758087418
1dbec7879e793ba9685741b4,794376915
82ff2a63a863c089ea90bb5d,793201067
3d9856c3ee0a4b5a833c69ab,696638489
6f293451319bae38c71b8266,739877198
dfc817b569fd71d2dd47e980,1142505869
c34d46d83e76f54d53cadcb2,723573456
e08ed8c82d05dc3cad8cd2c1,735107107
e21f2a8d9c641e45d442686a,995279474
f1793973b462cdbffb1ad648,960891034
b15bcd6248958d98867ea585,815532833
e640424f3b7d1db403c36ba0,809299726
658c0b009a09339a3f312145,889727509
f01fa45466e2730f935a4128,768264089
b4d69c7bc93efb3790eb1422,967131582
c2242a77d30c0abbed667ce4,998197174
39542105a7c46ded0cc373a7,1087900260
13f42390057bd294cd787822,726684853
183d99d88d1e7d995180918c,789195289
60dd7dc49139e7816dd8b143,746784355
6d2ec752890a2f1c4094044d,873825521
0e776964ba3733f3ac18a7a0,877782805
92369f73435d1ac3fa95f185,694250524
8db285eda04ca37b86dc9724,936454081
a7b14faa46e7b73ee4e95ee6,756558317
010e676743f6afc01fd0838b,962587775
987199d3a23c08ca887b301d,749481889
4fd8643e1c43ce9a0c18a19e,770468243
4d0985935e1432b3916d45be,737032216
4623317e8c9044e314ccc4e8,783048307
ef8430c4d15e5887b8103bc3,958856931
cd6ecb0f77acd93cc1c9038e,1028778018
b0962bfdb6a2c79a0ca84e48,958960591
7bf592c5c34bfe6a5df3dd40,1029382352
9337becb0628955b47e45b98,960510110
9ed0bcdb62b2223d716d40d3,914919223
4255eae670033d9c9e9a6e3c,736070763
c5346c37454ac2b13b92240e,1021957897
94fd4bb5f41087921ca12b58,572905674
ded674ba9c7b76cda404bac6,737293743
ce25e9fd3bce9b75050aef5d,958800745
4e7d3cbe3c62123fa7e2d969,859491305
dcf5b42ecb23800a458562e9,826017040
0d53bfcecf0397ca27e5f78c,965532610
f4ecb15ef992a677e8b4fee7,495901602
46eeb8f186f86f7859274d4d,1078334972
b5a7d4288dc7a7868678b9e4,868235682
34f99327fe595ba6e32d89a1,798147625
9a53016fdce3d3b5c2baf3fa,878369619
26be10d0ce8b763e9b457e76,789701955
2e111ff939191cc6df2c59bd,833087249
ddcce0b9776593e3ef3ce21b,772638519
937c0b6350beb0f51e53ff8c,673990894
f50941445773dd62e87e0416,1010911472
93a1aefcc4ccafe4866bfc76,726575252
70c0a72b31dbc1b97c102c13,962485669
8aa9e1e89993aa49c5c3eced,789036950
2a5ecebe40fc09b45d6ee5fc,519016566
5f798656baebb094a3c83793,1127904848
596b6f435f76058493a16cd6,1197978203
1c510a71734e955f75187106,1072564508
07de14db9dcc2d4f9eac0dd2,1219896612
29503210dfd57bfef8f16802,1006253358
89575a90c7b9b960c8f4e052,1159306253
bb5a6045d18e19613325dffd,1370031271
f984d34c8f27e3cdb7c2a44a,1113736010
90822d4e3a369948cdc4d998,789082162
5b9a21a42d5f50ed4b10581c,948560675
1be01d052c6a65c5ed286bf4,1178324140
b73d317e1e8ddc3d5d0743ef,953100495
bcd302e3b5342ecd8cc056bd,1051271146
eb8956f0c4a885619bf1ff79,921134655
d5b950c5510c19ccb926e7c8,1241888931
1e37ea0918a00bcfaded3453,801539520
1d55f4694f3e000ee3ce47b3,851044588
cdc3e114698984145df842c7,1119745154
9c611e246a612ac6906abe8e,1119718285
c0c820463dfec602a6118ed6,975172890
6302d4fff078a118c3211794,884151773
c98807fc596bb2f505b4da9b,1184245135
cdde8657b5a215915a04126d,933466836
3b2fa7905fd8fcb3e11ebcf2,975172890
59764968800501c68631aea3,1115964101
9eab02171cb5f15963670172,1205960912
61f84e5a07f37865c31d4a07,1101156289
1494f223c9d3ffba26e42738,1057679083
ba137cbd10757ad20e5991c4,1022847986
d2fb81a477ef3690cb11c93f,1192733592
ec4f7794cb756b995d5d207f,860314999
ea4add08aa912717cd42f9f7,1208901040
f11d7627e2f18c9a75595501,1208399290
8095589d5e1a55a76281e13b,1170546552
f5add08cb615eb18b3153bf2,1056556380
1894346a27970572aa703cd2,1110131496
805a491334f865f06ff42329,701274876
062d5544f5c96db90fa3a526,1098551058
332201e2583141f3a02dcca4,979628051
4baf1bfced8e85013eca94b9,975172890
8bc002e1f02beb4d83a6f6ae,998961915
adebafcf3eb0d34ae31718ef,1110922660
60b5b0aa0c1319557cd0cc85,1235917337
3393fece8a6ed311ad865e66,1058293300
df4a1968046eed5326119599,1075116583
b044b9a587b2c6ca00447177,846072037
005ab848b35907e42aa0f4f2,1215188007
140a0002732574ecc516e9a8,1135552272
bd850d1ccfc4b21a72f3ec44,932720466
c6dc8c201ce38ff2ea49cd68,1288038869
572ae40f693551547e13a196,1264710779
b39d1b2637dd8e307c8ba13f,1135530015
2ad02d6d56b95ff3382b53b6,891160283
5201393754f4a5f2a476ef0e,1053576701
72a66bc6d15390eb05a5c688,778451664
1f1f3e47f3593e4b2824e628,624183458
bb7e14611ea6b5e4abb5b89c,647829778
b82f8abc8001cd6731c4ef45,698515488
6228854021e72af611d2e59a,705319860
6d21e1de9c880bfbb17350cd,758843041
7cfa0c98191ef9b7c45f0520,461738467
a739d80c3fb6b166a2c2182b,529908717
36f85981124e858c157f83df,548936914
3d6d51ca99f2747d6b92dd19,709849281
092b7b5bafe25bf485de37a4,603154518
f2e0163fa07f89820739dfcf,945800534
ba47346e7a53412e78363ac4,750617316
f86e80b2a831572b85b04e55,766778666
199a6f7df516a685f086dfa2,420458200
81f6d6790aca5e9270c3d1a1,380947164
74f099ca0d949c8042569d51,467865486
4df3717406f9852284576caa,645514748
5246f7d8023a4c178af6d10c,661614822
69d9908e13bf7c8ac4c30531,395392092
e336d9d892441c7ad886a98d,595481193
f82e1c70884ee1285e1bc491,447120076
0ffbcf7d58378c85b4103c7a,534905368
3679e1844a35c0c87fffefeb,455082541
955a15a734e56eb287555307,448082796
722f262a44b2bb6fc05ec35a,398614271
48c346042d9cb826a3714466,467865486
bc4b7bbf5df92f476b6be103,653795886
667685f89a61aa2ad5c9ac7d,548682145
8be5fca8f4339712c6f3e29e,693919711
09a5fd22f920267b464e2a00,941622106
f6d2d31af94a6a73912dd9f5,1012146162
0e9a5ea81f6d91038d8711d9,738324844
8b2d8edfa6788ddc0c7b3eba,763041553
2f48a73bfcc91272161afd39,832284322
a78417c74b8c99279912e427,935879228
4d69f7c7e0e837879abbdf78,529694062
926a7b18e48cdbf6ac3b396b,568582671
a06733f7b3ba964c20ae2698,785661746
02d598a32d864c289e3ba6b0,763041553
3977cf1326ff502251f78f66,677255029
c3cdfd0733404ec885eb3edd,831383743
a28bb09e30bca82627e595c2,913454335
0a2f8c8ca6094e6626d4e8b1,862319431
ac9baabfd96d58e376149a7e,809783160
700a052900adbfa149dd5b6c,1164757953
4b30968cdae59b4ef3298f19,1115353555
c673d94552bc3e451672939f,1009244782
75392e8381e1c891377fcb29,1007198409
a55d7074220aa6a750297c08,1051477008
81eea19e7c12d65d21e23648,1134958906
69df7bc1d82d9723c70eca70,999406397
815cfcc4d26738f74cbb67ae,908646385
5ea150753f8d07c71af45cd9,882637152
f851b02d18e74610a900bf14,1053811316
76b9af8036e38d5d30ac4c7a,1094766170
4ec5ab39cae4afc3b0e69438,1118700881
c74020c85c9fcb2a2cb3ac74,634937996
6d6ad5e3ebaba1c11dec0f16,825200844
acbe4eb98668ff4967a8cb86,873212473
16a40e3dbfbb9c703e04028e,956708323
ee5fa0932e098cba28d950b1,1056561212
5f9fa56b99677a489a9966bf,647829778
4045e30cced205e8c5b2373c,649651771
eb2c7a973d4d6ce8e6ae87a0,1047181341
99c69eeb96e1016a7e53b33f,798415397
aa7f56d05ed29183b825d61d,552429224
4630a9af58fb79c0008e5fa1,619641378
ac003932eba3a174c5b998ee,561363639
56a7470ed14454665aaef75a,1359944232
a4e4f56336e07304cb946b1c,812996186
00ce045307538da1b0bb7972,631767985
cad720be1395e2ab5869807c,422109769
344be03236aed65e74b14a2f,380397463
58a86bf535b4c16b50dfca06,385383132
d52c3915fd7d2ef8c92a22fe,380397463
8a4b7e86a90a296e10a49ea3,454921700
e1717a317481b0765a7a6a0d,534725952
97fc10f5ce4a6fd7357381a6,380397463
428f4bc76d4cd315ba8f89e9,382022444
4d882ac2b82569f74aa08824,492770575
948ba87dfd7993460c967cb4,380397463
1bee6a5aed5417181a3db77f,479180597
63cdd73026431f5566fe246e,507364150
013e2a07f94a99323b64d370,885370645
ff56b24cf15289dc6d14800f,806172724
7bdb94165857bcd37206cf18,533386011
1d1e29d9601aa0eddb4d6c2c,596874544
a8c9489973c54b93737dfe20,589896444
254892c6b84c59ff5ac4f354,540343232
c6e9772058edb2268434d7cf,821468539
916a413537580440c4ac6028,647924078
bab8e472424cd57faab87ff2,553768100
eae5eecfa2fe828afbc94b0a,561527513
da26059a2cf36e02b8702320,463239057
e18fecb7e40bbcaf26c863cb,765526800
a55906464634558b94d9298e,465274727
3032ae39e739fe46e9e198e5,593051927
663e062b85f16c2419f8456b,643214721
aad0e527c4bf6283f76b5bed,870010543
32fbc0f1934f7325a404a2eb,768582610
07d1137c1f0aaecbbad32f7b,729284541
3058b792e3f6781e438a2e9b,790688679
33d6b1bbab4524c3aa03756c,484906339
c75d43b8089321e359e14264,668493966
29ea1796aede16cab8a50497,414090012
bed21c41b31a3bf2095aa273,761686578
ec232a7ee3aeac713516614b,808923504
bb7c68c2652c7e124d88631c,547140690
697b6c6f7666391fc689cfb9,801293701
d912e45dda1a3a628fdf50d6,864917026
96fa88a07329d3988b6b41b3,819804537
66019487c37339e9354ca999,518513546
fd2dcbcb8a31e97f31d22a53,821294362
1a309175498997e1b8f0aae7,1108481254
e83119808dd08ca090f5ed85,700137004
1a26960e24de046588ca7837,535651842
379c4fce87557848548b0944,406592216
b2d7355eb2aa975900776275,829798751
3b05e06aa0bc40b9db16416e,406592216
4a5405b1e181f5b10fec35a6,752782308
aff22625564f00844ea2610b,669125554
b40addfc0da42b0e530503f0,493676042
9200d647b6ce9aea67ff8ac7,811501244
3057660e38fb757dbc8bd898,762830593
799be2171dae4763df530e4d,1046762285
819265a930d32a97533d132d,1072646068
9ba689b29d0696fb7ebc44d5,1223296652
0f7e28b6efb9d550ba28a1e0,1006079578
57551742fefae23bb32571f4,847748783
9569a50febeb4163e28c192c,1030597198
1d03efada56f8a70bdae6aea,787487774
bfa56d6230b858591743473e,1023385990
ca54914a1cf1028b9c8b681f,721147574
54304b6117b797791d266cc0,778094966
166ae8e3d0704209d6715240,941572102
b56659e70367566a4ddb81b2,959035513
2641f220611056a1f5616dae,987870197
08a82bb9fbe4b7abb50cece1,806247463
b40a9888ec0379fbf85516a3,1205328929
d35462df6c686296a3c7bb23,727573803
db244703ce223e6acacbe85d,697218553
a90df94f959030227fa015b0,528989950
d97d462ac4f5d9cbbf04e9ca,790611715
7fe6ac57e87b8126ac4f8530,1083849720
69c28dce8eeaa86605143419,1123091137
2bd6682ad8343b69fae1a59e,861896831
2e6fb29cbc1ccc3d97c92c72,935938539
9eabba4531191127ee91621b,1038100608
d0c411218ffa7c3ebc10783e,1025868705
0c61a011d7fe0227be2b3575,712368628
2c47c3ef9e139d8c4513a090,673569608
f6503aab62a68ca16eba3fec,1267466580
e7dc05756684b070b36d681f,949327431
17484950b143d0395907ae6d,628816864
3d997123b33373024bd2cbe1,1024366636
ddba305c2a3ad29db24a0658,851912218
b65efc402cfddc0aed4e1d76,733569805
4a7ecb05c9886bc35f6b9160,679702177
b4e14604b888c994b64f94ba,796425397
ab37764e5f4e00097eac947a,966597801
764da64c41700da5ee80b8c7,825766814
8a84a073b855e37a12327357,888875952
5a6878f8a47f1fa2fc1d600d,1086923170
505f3d545ce83d0c848f828d,1057266601
6687a2299f38c15598d11eef,1116651201
533134592237b2748915eed8,1063169995
daae80933675e767b50bdd17,1064583072
945f85a061dc4e95e779e27e,1085417622
62dc69d80cd6ea9fb7fe52db,614052399
153436858070f7e724f0cbc1,929482339
7f9875a5336a32d73df2402c,952178209
ac11141115d391be44e6426c,684633500
f8243b7b679dfe8303180d73,1093712100
1376106ebc19c929df27bb62,822204302
f591597c9a1ddd9852eb3cfd,884887690
a748841236a7a7fb33138845,609073250
6ef43ab43841696400d91859,671087666
601310d800d88f0d387235e4,1059746471
db81ec58863dcc5d12839883,640398987
68d35dadc6d0dea61bf4b513,459856873
ba9be0b67571b1e9242664e1,632381048
1690af2e30b05da545f1576f,1081095278
fc72ebf9381496067101da61,462725408
3a2e95f5eddda4df84b2e2b3,581240967
a660d5809085b4823e287a5e,512987351
799301c01a3e7fc2af5a14a9,850063441
824cad597aae34d7d59ac939,533840220
23cfc154896b93bce4356ae6,568461671
a9b96d2a23ed155043085e87,803656642
f5d529ff6a35fa78ab14de21,510075326
9b337cb1451a8fb078dc9a07,719214938
cd1fc7362660bce494b5117a,424760069
26454cbe44a07cd0df12ca07,982190026
cc5563550bebb29c83ae3054,898176553
109bb36f29b223a81dbfa340,890323914
31081c78ce92e1d8dbb315b9,1031316048
502aca1a1097438b32eb362e,882983942
4c90ce573f1d61d11294d05c,999197321
87f1e9ca16a7ea48de04fa73,1045246043
224f6e839dcbd91491f3f1ac,529936743
8ee7d2e0692e49bf9d308b4b,955270692
a3ff6a1fe37a1bb736b1100d,1045696870
97d49e61c1ef55451e52c8e7,1045696870
b6514cdb1e2cf37e3ff8090e,1220185323
